Location,Server,Check #,Table,Station,Expediter Level,Fired Date,Fulfilled Date,Fulfillment Time,Fulfilled By
IT Italian Trattoria Collins,agostina lerner,2,,Pasta - Collins,,9/1/26 7:57 AM,9/1/26 8:01 AM,3 minutes and 11 seconds,*Device Login *Do NOT Remove
IT Italian Trattoria Collins,Charles Hernandez,6,,Pasta - Collins,,9/1/26 8:06 AM,9/1/26 8:06 AM,15 seconds,*Device Login *Do NOT Remove
IT Italian Trattoria Collins,Charles Hernandez,7,,Pasta - Collins,,9/1/26 8:07 AM,9/1/26 8:07 AM,14 seconds,*Device Login *Do NOT Remove
IT Italian Trattoria Collins,Charles Hernandez,11,,Pasta - Collins,,9/1/26 8:22 AM,9/1/26 8:26 AM,4 minutes and 12 seconds,*Device Login *Do NOT Remove
IT Italian Trattoria Collins,agostina lerner,9,,Pasta - Collins,,9/1/26 8:22 AM,9/1/26 8:27 AM,4 minutes and 57 seconds,*Device Login *Do NOT Remove
IT Italian Trattoria Collins,Charles Hernandez,16,,Pasta - Collins,,9/1/26 8:47 AM,9/1/26 8:49 AM,2 minutes and 22 seconds,*Device Login *Do NOT Remove
IT Italian Trattoria Collins,Charles Hernandez,17,,Pasta - Collins,,9/1/26 9:02 AM,9/1/26 9:03 AM,1 minute and 2 seconds,*Device Login *Do NOT Remove
IT Italian Trattoria Collins,Charles Hernandez,18,,Pasta - Collins,,9/1/26 9:05 AM,9/1/26 9:07 AM,2 minutes and 18 seconds,*Device Login *Do NOT Remove
IT Italian Trattoria Collins,Charles Hernandez,19,,Pasta - Collins,,9/1/26 9:14 AM,9/1/26 9:16 AM,2 minutes and 26 seconds,*Device Login *Do NOT Remove
IT Italian Trattoria Collins,Charles Hernandez,21,,Pasta - Collins,,9/1/26 9:26 AM,9/1/26 9:26 AM,11 seconds,*Device Login *Do NOT Remove
IT Italian Trattoria Collins,Charles Hernandez,22,,Pasta - Collins,,9/1/26 9:27 AM,9/1/26 9:27 AM,5 seconds,*Device Login *Do NOT Remove
IT Italian Trattoria Collins,Charles Hernandez,23,,Pasta - Collins,,9/1/26 9:29 AM,9/1/26 9:31 AM,1 minute and 17 seconds,*Device Login *Do NOT Remove
IT Italian Trattoria Collins,agostina lerner,25,,Pasta - Collins,,9/1/26 9:47 AM,9/1/26 9:51 AM,3 minutes and 19 seconds,*Device Login *Do NOT Remove
IT Italian Trattoria Collins,Charles Hernandez,28,,Drinks - Collins,,9/1/26 9:56 AM,9/1/26 9:57 AM,1 minute and 31 seconds,*Device Login *Do NOT Remove
IT Italian Trattoria Collins,Charles Hernandez,28,,No print / Expo - Collins,,9/1/26 9:56 AM,9/1/26 9:57 AM,1 minute and 31 seconds,*Device Login *Do NOT Remove
IT Italian Trattoria Collins,Charles Hernandez,28,,Pasta - Collins,,9/1/26 9:56 AM,9/1/26 9:57 AM,1 minute and 31 seconds,*Device Login *Do NOT Remove
IT Italian Trattoria Collins,Charles Hernandez,28,,Pizza - Collins,,9/1/26 9:56 AM,9/1/26 9:57 AM,1 minute and 31 seconds,*Device Login *Do NOT Remove
IT Italian Trattoria Collins,Charles Hernandez,28,,No Print - Collins,,9/1/26 9:56 AM,9/1/26 9:57 AM,1 minute and 31 seconds,*Device Login *Do NOT Remove
IT Italian Trattoria Collins,Charles Hernandez,28,,Pizza Pala - Collins,,9/1/26 9:56 AM,9/1/26 9:57 AM,1 minute and 31 seconds,*Device Login *Do NOT Remove
IT Italian Trattoria Collins,Charles Hernandez,28,,Pasta - Collins,,9/1/26 9:56 AM,9/1/26 9:58 AM,2 minutes and 15 seconds,*Device Login *Do NOT Remove
IT Italian Trattoria Collins,agostina lerner,31,,Pasta - Collins,,9/1/26 10:35 AM,9/1/26 10:35 AM,28 seconds,*Device Login *Do NOT Remove
IT Italian Trattoria Collins,agostina lerner,30,,Pasta - Collins,,9/1/26 10:32 AM,9/1/26 10:35 AM,3 minutes and 2 seconds,*Device Login *Do NOT Remove
IT Italian Trattoria Collins,agostina lerner,34,,Pasta - Collins,,9/1/26 10:43 AM,9/1/26 10:45 AM,1 minute and 56 seconds,*Device Login *Do NOT Remove
IT Italian Trattoria Collins,Charles Hernandez,44,,Pizza - Collins,,9/1/26 12:01 PM,9/1/26 12:07 PM,6 minutes and 7 seconds,*Device Login *Do NOT Remove
IT Italian Trattoria Collins,Charles Hernandez,45,,Pasta - Collins,,9/1/26 12:06 PM,9/1/26 12:10 PM,4 minutes and 31 seconds,*Device Login *Do NOT Remove
IT Italian Trattoria Collins,Charles Hernandez,46,,Drinks - Collins,,9/1/26 12:13 PM,9/1/26 12:13 PM,23 seconds,*Device Login *Do NOT Remove
IT Italian Trattoria Collins,Charles Hernandez,46,,No print / Expo - Collins,,9/1/26 12:13 PM,9/1/26 12:13 PM,23 seconds,*Device Login *Do NOT Remove
IT Italian Trattoria Collins,Charles Hernandez,46,,Pasta - Collins,,9/1/26 12:13 PM,9/1/26 12:13 PM,23 seconds,*Device Login *Do NOT Remove
IT Italian Trattoria Collins,Charles Hernandez,46,,Pizza - Collins,,9/1/26 12:13 PM,9/1/26 12:13 PM,23 seconds,*Device Login *Do NOT Remove
IT Italian Trattoria Collins,Charles Hernandez,46,,No Print - Collins,,9/1/26 12:13 PM,9/1/26 12:13 PM,23 seconds,*Device Login *Do NOT Remove
IT Italian Trattoria Collins,Charles Hernandez,46,,Pizza Pala - Collins,,9/1/26 12:13 PM,9/1/26 12:13 PM,23 seconds,*Device Login *Do NOT Remove
IT Italian Trattoria Collins,Charles Hernandez,48,,Pizza - Collins,,9/1/26 12:53 PM,9/1/26 12:58 PM,5 minutes and 3 seconds,*Device Login *Do NOT Remove
IT Italian Trattoria Collins,Charles Hernandez,51,,No print / Expo - Collins,,9/1/26 1:08 PM,9/1/26 1:08 PM,21 seconds,*Device Login *Do NOT Remove
IT Italian Trattoria Collins,Charles Hernandez,51,,No Print - Collins,,9/1/26 1:08 PM,9/1/26 1:08 PM,21 seconds,*Device Login *Do NOT Remove
IT Italian Trattoria Collins,Charles Hernandez,51,,Pizza - Collins,,9/1/26 1:08 PM,9/1/26 1:08 PM,21 seconds,*Device Login *Do NOT Remove
IT Italian Trattoria Collins,Charles Hernandez,51,,Pizza Pala - Collins,,9/1/26 1:08 PM,9/1/26 1:08 PM,21 seconds,*Device Login *Do NOT Remove
IT Italian Trattoria Collins,Charles Hernandez,51,,Drinks - Collins,,9/1/26 1:08 PM,9/1/26 1:08 PM,21 seconds,*Device Login *Do NOT Remove
IT Italian Trattoria Collins,Charles Hernandez,51,,Pasta - Collins,,9/1/26 1:08 PM,9/1/26 1:08 PM,21 seconds,*Device Login *Do NOT Remove
IT Italian Trattoria Collins,Charles Hernandez,50,,Pizza - Collins,,9/1/26 1:04 PM,9/1/26 1:10 PM,6 minutes and 33 seconds,*Device Login *Do NOT Remove
IT Italian Trattoria Collins,Charles Hernandez,52,,Pasta - Collins,,9/1/26 1:11 PM,9/1/26 1:15 PM,3 minutes and 40 seconds,*Device Login *Do NOT Remove
IT Italian Trattoria Collins,Charles Hernandez,53,,No print / Expo - Collins,,9/1/26 1:34 PM,9/1/26 1:37 PM,3 minutes and 16 seconds,*Device Login *Do NOT Remove
IT Italian Trattoria Collins,Charles Hernandez,53,,Pizza - Collins,,9/1/26 1:34 PM,9/1/26 1:37 PM,3 minutes and 16 seconds,*Device Login *Do NOT Remove
IT Italian Trattoria Collins,Charles Hernandez,53,,Pasta - Collins,,9/1/26 1:34 PM,9/1/26 1:37 PM,3 minutes and 16 seconds,*Device Login *Do NOT Remove
IT Italian Trattoria Collins,Charles Hernandez,55,,Pasta - Collins,,9/1/26 1:43 PM,9/1/26 1:43 PM,18 seconds,*Device Login *Do NOT Remove
IT Italian Trattoria Collins,Charles Hernandez,55,,No print / Expo - Collins,,9/1/26 1:43 PM,9/1/26 1:43 PM,18 seconds,*Device Login *Do NOT Remove
IT Italian Trattoria Collins,Charles Hernandez,55,,Pizza - Collins,,9/1/26 1:43 PM,9/1/26 1:43 PM,18 seconds,*Device Login *Do NOT Remove
IT Italian Trattoria Collins,Charles Hernandez,56,,Pasta - Collins,,9/1/26 2:23 PM,9/1/26 2:30 PM,7 minutes and 9 seconds,*Device Login *Do NOT Remove
IT Italian Trattoria Collins,Charles Hernandez,58,,Pasta - Collins,,9/1/26 2:34 PM,9/1/26 2:34 PM,47 seconds,*Device Login *Do NOT Remove
IT Italian Trattoria Collins,Charles Hernandez,58,,No print / Expo - Collins,,9/1/26 2:34 PM,9/1/26 2:34 PM,47 seconds,*Device Login *Do NOT Remove
IT Italian Trattoria Collins,Charles Hernandez,58,,Pizza - Collins,,9/1/26 2:34 PM,9/1/26 2:34 PM,47 seconds,*Device Login *Do NOT Remove
IT Italian Trattoria Collins,Charles Hernandez,57,,Pasta - Collins,,9/1/26 2:31 PM,9/1/26 2:34 PM,3 minutes,*Device Login *Do NOT Remove
IT Italian Trattoria Collins,Charles Hernandez,57,,Drinks - Collins,,9/1/26 2:31 PM,9/1/26 2:34 PM,3 minutes,*Device Login *Do NOT Remove
IT Italian Trattoria Collins,Charles Hernandez,57,,No print / Expo - Collins,,9/1/26 2:31 PM,9/1/26 2:34 PM,3 minutes,*Device Login *Do NOT Remove
IT Italian Trattoria Collins,Charles Hernandez,57,,No Print - Collins,,9/1/26 2:31 PM,9/1/26 2:34 PM,3 minutes,*Device Login *Do NOT Remove
IT Italian Trattoria Collins,Charles Hernandez,57,,Pizza - Collins,,9/1/26 2:31 PM,9/1/26 2:34 PM,3 minutes,*Device Login *Do NOT Remove
IT Italian Trattoria Collins,Charles Hernandez,57,,Pizza Pala - Collins,,9/1/26 2:31 PM,9/1/26 2:34 PM,3 minutes,*Device Login *Do NOT Remove
IT Italian Trattoria Collins,Charles Hernandez,59,,Pasta - Collins,,9/1/26 2:40 PM,9/1/26 2:41 PM,1 minute and 52 seconds,*Device Login *Do NOT Remove
IT Italian Trattoria Collins,Charles Hernandez,59,,Drinks - Collins,,9/1/26 2:40 PM,9/1/26 2:41 PM,1 minute and 52 seconds,*Device Login *Do NOT Remove
IT Italian Trattoria Collins,Charles Hernandez,59,,No print / Expo - Collins,,9/1/26 2:40 PM,9/1/26 2:41 PM,1 minute and 52 seconds,*Device Login *Do NOT Remove
IT Italian Trattoria Collins,Charles Hernandez,59,,No Print - Collins,,9/1/26 2:40 PM,9/1/26 2:41 PM,1 minute and 52 seconds,*Device Login *Do NOT Remove
IT Italian Trattoria Collins,Charles Hernandez,59,,Pizza - Collins,,9/1/26 2:40 PM,9/1/26 2:41 PM,1 minute and 52 seconds,*Device Login *Do NOT Remove
IT Italian Trattoria Collins,Charles Hernandez,59,,Pizza Pala - Collins,,9/1/26 2:40 PM,9/1/26 2:41 PM,1 minute and 52 seconds,*Device Login *Do NOT Remove
IT Italian Trattoria Collins,Charles Hernandez,61,,Pasta - Collins,,9/1/26 3:28 PM,9/1/26 3:34 PM,5 minutes and 27 seconds,*Device Login *Do NOT Remove
IT Italian Trattoria Collins,Charles Hernandez,61,,Pizza - Collins,,9/1/26 3:28 PM,9/1/26 3:36 PM,7 minutes and 28 seconds,*Device Login *Do NOT Remove
IT Italian Trattoria Collins,Charles Hernandez,62,,No print / Expo - Collins,,9/1/26 3:39 PM,9/1/26 3:40 PM,23 seconds,*Device Login *Do NOT Remove
IT Italian Trattoria Collins,Charles Hernandez,62,,Pizza - Collins,,9/1/26 3:39 PM,9/1/26 3:40 PM,23 seconds,*Device Login *Do NOT Remove
IT Italian Trattoria Collins,Charles Hernandez,62,,Pasta - Collins,,9/1/26 3:39 PM,9/1/26 3:40 PM,23 seconds,*Device Login *Do NOT Remove
IT Italian Trattoria Collins,Jonathan Lucero,64,,Pizza - Collins,,9/1/26 4:31 PM,9/1/26 4:37 PM,5 minutes and 40 seconds,*Device Login *Do NOT Remove
IT Italian Trattoria Collins,Jonathan Lucero,71,,Pizza - Collins,,9/1/26 5:31 PM,9/1/26 5:37 PM,6 minutes and 11 seconds,*Device Login *Do NOT Remove
IT Italian Trattoria Collins,Jonathan Lucero,72,,Pasta - Collins,,9/1/26 5:50 PM,9/1/26 5:59 PM,9 minutes and 11 seconds,*Device Login *Do NOT Remove
IT Italian Trattoria Collins,Jonathan Lucero,73,,Pasta - Collins,,9/1/26 6:00 PM,9/1/26 6:07 PM,7 minutes and 14 seconds,*Device Login *Do NOT Remove
IT Italian Trattoria Collins,Jonathan Lucero,73,,Pizza - Collins,,9/1/26 6:00 PM,9/1/26 6:08 PM,7 minutes and 54 seconds,*Device Login *Do NOT Remove
IT Italian Trattoria Collins,Jonathan Lucero,80,,Pasta - Collins,,9/1/26 6:39 PM,9/1/26 6:46 PM,7 minutes and 30 seconds,*Device Login *Do NOT Remove
IT Italian Trattoria Collins,Jonathan Lucero,82,,Pasta - Collins,,9/1/26 6:40 PM,9/1/26 6:46 PM,6 minutes and 24 seconds,*Device Login *Do NOT Remove
IT Italian Trattoria Collins,Camila Soldo,79,,Pizza - Collins,,9/1/26 6:36 PM,9/1/26 6:47 PM,11 minutes and 14 seconds,*Device Login *Do NOT Remove
IT Italian Trattoria Collins,Jonathan Lucero,84,,Pizza - Collins,,9/1/26 6:52 PM,9/1/26 6:58 PM,6 minutes and 55 seconds,*Device Login *Do NOT Remove
IT Italian Trattoria Collins,Jonathan Lucero,83,,Pizza - Collins,,9/1/26 6:48 PM,9/1/26 6:58 PM,10 minutes and 51 seconds,*Device Login *Do NOT Remove
IT Italian Trattoria Collins,Jonathan Lucero,84,,Pasta - Collins,,9/1/26 6:52 PM,9/1/26 6:59 PM,7 minutes and 2 seconds,*Device Login *Do NOT Remove
IT Italian Trattoria Collins,Camila Soldo,81,,Pasta - Collins,,9/1/26 7:04 PM,9/1/26 7:10 PM,5 minutes and 10 seconds,*Device Login *Do NOT Remove
IT Italian Trattoria Collins,Camila Soldo,86,,Pasta - Collins,,9/1/26 7:06 PM,9/1/26 7:10 PM,3 minutes and 55 seconds,*Device Login *Do NOT Remove
IT Italian Trattoria Collins,Jonathan Lucero,90,,Pasta - Collins,,9/1/26 7:17 PM,9/1/26 7:23 PM,5 minutes and 55 seconds,*Device Login *Do NOT Remove
IT Italian Trattoria Collins,Jonathan Lucero,88,,Pasta - Collins,,9/1/26 7:15 PM,9/1/26 7:23 PM,8 minutes and 53 seconds,*Device Login *Do NOT Remove
IT Italian Trattoria Collins,Camila Soldo,87,,Pizza - Collins,,9/1/26 7:13 PM,9/1/26 7:23 PM,10 minutes,*Device Login *Do NOT Remove
IT Italian Trattoria Collins,Camila Soldo,89,,Drinks - Collins,,9/1/26 7:27 PM,9/1/26 7:31 PM,4 minutes and 3 seconds,*Device Login *Do NOT Remove
IT Italian Trattoria Collins,Camila Soldo,89,,No print / Expo - Collins,,9/1/26 7:27 PM,9/1/26 7:31 PM,4 minutes and 3 seconds,*Device Login *Do NOT Remove
IT Italian Trattoria Collins,Camila Soldo,89,,Pasta - Collins,,9/1/26 7:27 PM,9/1/26 7:31 PM,4 minutes and 3 seconds,*Device Login *Do NOT Remove
IT Italian Trattoria Collins,Camila Soldo,89,,Pizza - Collins,,9/1/26 7:27 PM,9/1/26 7:31 PM,4 minutes and 3 seconds,*Device Login *Do NOT Remove
IT Italian Trattoria Collins,Camila Soldo,89,,No Print - Collins,,9/1/26 7:27 PM,9/1/26 7:31 PM,4 minutes and 3 seconds,*Device Login *Do NOT Remove
IT Italian Trattoria Collins,Camila Soldo,89,,Pizza Pala - Collins,,9/1/26 7:27 PM,9/1/26 7:31 PM,4 minutes and 3 seconds,*Device Login *Do NOT Remove
IT Italian Trattoria Collins,Camila Soldo,92,,Drinks - Collins,,9/1/26 7:31 PM,9/1/26 7:32 PM,55 seconds,*Device Login *Do NOT Remove
IT Italian Trattoria Collins,Camila Soldo,92,,No print / Expo - Collins,,9/1/26 7:31 PM,9/1/26 7:32 PM,55 seconds,*Device Login *Do NOT Remove
IT Italian Trattoria Collins,Camila Soldo,92,,Pasta - Collins,,9/1/26 7:31 PM,9/1/26 7:32 PM,55 seconds,*Device Login *Do NOT Remove
IT Italian Trattoria Collins,Camila Soldo,92,,Pizza - Collins,,9/1/26 7:31 PM,9/1/26 7:32 PM,55 seconds,*Device Login *Do NOT Remove
IT Italian Trattoria Collins,Camila Soldo,92,,No Print - Collins,,9/1/26 7:31 PM,9/1/26 7:32 PM,55 seconds,*Device Login *Do NOT Remove
IT Italian Trattoria Collins,Camila Soldo,92,,Pizza Pala - Collins,,9/1/26 7:31 PM,9/1/26 7:32 PM,55 seconds,*Device Login *Do NOT Remove
IT Italian Trattoria Collins,Jonathan Lucero,91,,Pizza - Collins,,9/1/26 7:27 PM,9/1/26 7:33 PM,6 minutes and 39 seconds,*Device Login *Do NOT Remove
IT Italian Trattoria Collins,Camila Soldo,89,,Pizza - Collins,,9/1/26 7:27 PM,9/1/26 7:36 PM,9 minutes and 15 seconds,*Device Login *Do NOT Remove
IT Italian Trattoria Collins,Jonathan Lucero,96,,Pizza - Collins,,9/1/26 7:35 PM,9/1/26 7:40 PM,4 minutes and 51 seconds,*Device Login *Do NOT Remove
IT Italian Trattoria Collins,Camila Soldo,94,,Pasta - Collins,,9/1/26 7:32 PM,9/1/26 7:43 PM,10 minutes and 48 seconds,*Device Login *Do NOT Remove
IT Italian Trattoria Collins,Camila Soldo,92,,Pasta - Collins,,9/1/26 7:31 PM,9/1/26 7:43 PM,11 minutes and 31 seconds,*Device Login *Do NOT Remove
IT Italian Trattoria Collins,Jonathan Lucero,96,,Pasta - Collins,,9/1/26 7:35 PM,9/1/26 7:43 PM,8 minutes and 9 seconds,*Device Login *Do NOT Remove
IT Italian Trattoria Collins,Jonathan Lucero,98,,Pasta - Collins,,9/1/26 7:37 PM,9/1/26 7:45 PM,8 minutes and 54 seconds,*Device Login *Do NOT Remove
IT Italian Trattoria Collins,Jonathan Lucero,97,,Pasta - Collins,,9/1/26 7:36 PM,9/1/26 7:46 PM,9 minutes and 49 seconds,*Device Login *Do NOT Remove
IT Italian Trattoria Collins,Jonathan Lucero,93,,Pizza - Collins,,9/1/26 7:34 PM,9/1/26 7:46 PM,12 minutes and 21 seconds,*Device Login *Do NOT Remove
IT Italian Trattoria Collins,Jonathan Lucero,101,,Pizza - Collins,,9/1/26 7:45 PM,9/1/26 7:53 PM,7 minutes and 54 seconds,*Device Login *Do NOT Remove
IT Italian Trattoria Collins,Jonathan Lucero,100,,Pizza - Collins,,9/1/26 7:43 PM,9/1/26 7:53 PM,10 minutes and 20 seconds,*Device Login *Do NOT Remove
IT Italian Trattoria Collins,Jonathan Lucero,103,,Pizza - Collins,,9/1/26 7:47 PM,9/1/26 7:53 PM,6 minutes and 11 seconds,*Device Login *Do NOT Remove
IT Italian Trattoria Collins,Jonathan Lucero,104,,Pasta - Collins,,9/1/26 8:07 PM,9/1/26 8:14 PM,6 minutes and 51 seconds,*Device Login *Do NOT Remove
IT Italian Trattoria Collins,Jonathan Lucero,106,,Pizza - Collins,,9/1/26 8:08 PM,9/1/26 8:15 PM,7 minutes and 20 seconds,*Device Login *Do NOT Remove
IT Italian Trattoria Collins,Jonathan Lucero,107,,Pasta - Collins,,9/1/26 8:17 PM,9/1/26 8:19 PM,1 minute and 9 seconds,*Device Login *Do NOT Remove
IT Italian Trattoria Collins,Jonathan Lucero,107,,Drinks - Collins,,9/1/26 8:17 PM,9/1/26 8:19 PM,1 minute and 9 seconds,*Device Login *Do NOT Remove
IT Italian Trattoria Collins,Jonathan Lucero,107,,No print / Expo - Collins,,9/1/26 8:17 PM,9/1/26 8:19 PM,1 minute and 9 seconds,*Device Login *Do NOT Remove
IT Italian Trattoria Collins,Jonathan Lucero,107,,No Print - Collins,,9/1/26 8:17 PM,9/1/26 8:19 PM,1 minute and 9 seconds,*Device Login *Do NOT Remove
IT Italian Trattoria Collins,Jonathan Lucero,107,,Pizza - Collins,,9/1/26 8:17 PM,9/1/26 8:19 PM,1 minute and 9 seconds,*Device Login *Do NOT Remove
IT Italian Trattoria Collins,Jonathan Lucero,107,,Pizza Pala - Collins,,9/1/26 8:17 PM,9/1/26 8:19 PM,1 minute and 9 seconds,*Device Login *Do NOT Remove
IT Italian Trattoria Collins,Jonathan Lucero,114,,Pasta - Collins,,9/1/26 8:23 PM,9/1/26 8:27 PM,3 minutes and 43 seconds,*Device Login *Do NOT Remove
IT Italian Trattoria Collins,Jonathan Lucero,113,,Pizza - Collins,,9/1/26 8:21 PM,9/1/26 8:28 PM,6 minutes and 25 seconds,*Device Login *Do NOT Remove
IT Italian Trattoria Collins,Jonathan Lucero,109,,Pizza - Collins,,9/1/26 8:16 PM,9/1/26 8:28 PM,11 minutes and 47 seconds,*Device Login *Do NOT Remove
IT Italian Trattoria Collins,Jonathan Lucero,115,,Pasta - Collins,,9/1/26 8:25 PM,9/1/26 8:31 PM,6 minutes and 39 seconds,*Device Login *Do NOT Remove
IT Italian Trattoria Collins,Jonathan Lucero,115,,Pizza - Collins,,9/1/26 8:25 PM,9/1/26 8:35 PM,9 minutes and 58 seconds,*Device Login *Do NOT Remove
IT Italian Trattoria Collins,Jonathan Lucero,118,,Pasta - Collins,,9/1/26 8:37 PM,9/1/26 8:49 PM,12 minutes and 19 seconds,*Device Login *Do NOT Remove
IT Italian Trattoria Collins,Camila Soldo,119,,Pizza - Collins,,9/1/26 8:37 PM,9/1/26 8:51 PM,14 minutes and 13 seconds,*Device Login *Do NOT Remove
IT Italian Trattoria Collins,Jonathan Lucero,118,,Pizza - Collins,,9/1/26 8:37 PM,9/1/26 8:51 PM,14 minutes and 12 seconds,*Device Login *Do NOT Remove
IT Italian Trattoria Collins,Jonathan Lucero,129,,Drinks - Collins,,9/1/26 9:01 PM,9/1/26 9:08 PM,7 minutes and 40 seconds,*Device Login *Do NOT Remove
IT Italian Trattoria Collins,Jonathan Lucero,129,,No print / Expo - Collins,,9/1/26 9:01 PM,9/1/26 9:08 PM,7 minutes and 40 seconds,*Device Login *Do NOT Remove
IT Italian Trattoria Collins,Jonathan Lucero,129,,Pasta - Collins,,9/1/26 9:01 PM,9/1/26 9:08 PM,7 minutes and 40 seconds,*Device Login *Do NOT Remove
IT Italian Trattoria Collins,Jonathan Lucero,129,,Pizza - Collins,,9/1/26 9:01 PM,9/1/26 9:08 PM,7 minutes and 40 seconds,*Device Login *Do NOT Remove
IT Italian Trattoria Collins,Jonathan Lucero,129,,No Print - Collins,,9/1/26 9:01 PM,9/1/26 9:08 PM,7 minutes and 40 seconds,*Device Login *Do NOT Remove
IT Italian Trattoria Collins,Jonathan Lucero,129,,Pizza Pala - Collins,,9/1/26 9:01 PM,9/1/26 9:08 PM,7 minutes and 40 seconds,*Device Login *Do NOT Remove
IT Italian Trattoria Collins,Camila Soldo,130,,Pasta - Collins,,9/1/26 9:01 PM,9/1/26 9:08 PM,6 minutes and 58 seconds,*Device Login *Do NOT Remove
IT Italian Trattoria Collins,Jonathan Lucero,131,,Pizza - Collins,,9/1/26 9:04 PM,9/1/26 9:25 PM,20 minutes and 56 seconds,*Device Login *Do NOT Remove
IT Italian Trattoria Collins,Jonathan Lucero,136,,Pizza - Collins,,9/1/26 9:10 PM,9/1/26 9:25 PM,14 minutes and 30 seconds,*Device Login *Do NOT Remove
IT Italian Trattoria Collins,Jonathan Lucero,138,,Pizza - Collins,,9/1/26 9:28 PM,9/1/26 9:36 PM,7 minutes and 31 seconds,*Device Login *Do NOT Remove
IT Italian Trattoria Collins,Jonathan Lucero,138,,No print / Expo - Collins,,9/1/26 9:28 PM,9/1/26 9:36 PM,7 minutes and 31 seconds,*Device Login *Do NOT Remove
IT Italian Trattoria Collins,Jonathan Lucero,138,,No Print - Collins,,9/1/26 9:28 PM,9/1/26 9:36 PM,7 minutes and 31 seconds,*Device Login *Do NOT Remove
IT Italian Trattoria Collins,Jonathan Lucero,138,,Pizza Pala - Collins,,9/1/26 9:28 PM,9/1/26 9:36 PM,7 minutes and 31 seconds,*Device Login *Do NOT Remove
IT Italian Trattoria Collins,Jonathan Lucero,138,,Drinks - Collins,,9/1/26 9:28 PM,9/1/26 9:36 PM,7 minutes and 31 seconds,*Device Login *Do NOT Remove
IT Italian Trattoria Collins,Jonathan Lucero,138,,Pasta - Collins,,9/1/26 9:28 PM,9/1/26 9:36 PM,7 minutes and 31 seconds,*Device Login *Do NOT Remove
IT Italian Trattoria Collins,Camila Soldo,137,,Pizza - Collins,,9/1/26 9:23 PM,9/1/26 9:36 PM,12 minutes and 34 seconds,*Device Login *Do NOT Remove
IT Italian Trattoria Collins,Jonathan Lucero,143,,Pizza - Collins,,9/1/26 9:55 PM,9/1/26 10:05 PM,10 minutes and 1 second,*Device Login *Do NOT Remove
IT Italian Trattoria Collins,Jonathan Lucero,149,,No print / Expo - Collins,,9/1/26 10:04 PM,9/1/26 10:05 PM,33 seconds,*Device Login *Do NOT Remove
IT Italian Trattoria Collins,Jonathan Lucero,149,,No Print - Collins,,9/1/26 10:04 PM,9/1/26 10:05 PM,33 seconds,*Device Login *Do NOT Remove
IT Italian Trattoria Collins,Jonathan Lucero,149,,Pizza - Collins,,9/1/26 10:04 PM,9/1/26 10:05 PM,33 seconds,*Device Login *Do NOT Remove
IT Italian Trattoria Collins,Jonathan Lucero,149,,Pizza Pala - Collins,,9/1/26 10:04 PM,9/1/26 10:05 PM,33 seconds,*Device Login *Do NOT Remove
IT Italian Trattoria Collins,Jonathan Lucero,149,,Drinks - Collins,,9/1/26 10:04 PM,9/1/26 10:05 PM,33 seconds,*Device Login *Do NOT Remove
IT Italian Trattoria Collins,Jonathan Lucero,149,,Pasta - Collins,,9/1/26 10:04 PM,9/1/26 10:05 PM,33 seconds,*Device Login *Do NOT Remove
IT Italian Trattoria Collins,Jonathan Lucero,149,,Pasta - Collins,,9/1/26 10:04 PM,9/1/26 10:10 PM,5 minutes and 10 seconds,*Device Login *Do NOT Remove
IT Italian Trattoria Collins,Jonathan Lucero,150,,Pasta - Collins,,9/1/26 10:08 PM,9/1/26 10:12 PM,3 minutes and 28 seconds,*Device Login *Do NOT Remove
IT Italian Trattoria Collins,Camila Soldo,154,,Pasta - Collins,,9/1/26 10:23 PM,9/1/26 10:29 PM,5 minutes and 45 seconds,*Device Login *Do NOT Remove
IT Italian Trattoria Collins,Camila Soldo,155,,Pizza - Collins,,9/1/26 10:40 PM,9/1/26 10:48 PM,8 minutes and 9 seconds,*Device Login *Do NOT Remove
IT Italian Trattoria Collins,Jonathan Lucero,156,,Pasta - Collins,,9/1/26 10:57 PM,9/1/26 11:06 PM,8 minutes and 24 seconds,*Device Login *Do NOT Remove
IT Italian Trattoria Collins,Jonathan Lucero,156,,Pizza - Collins,,9/1/26 10:57 PM,9/1/26 11:15 PM,17 minutes and 40 seconds,*Device Login *Do NOT Remove
IT Italian Trattoria Collins,Charles Hernandez,13,,Pasta - Collins,,9/2/26 8:30 AM,9/2/26 8:32 AM,1 minute and 25 seconds,*Device Login *Do NOT Remove
IT Italian Trattoria Collins,Charles Hernandez,14,,Pasta - Collins,,9/2/26 8:41 AM,9/2/26 8:50 AM,9 minutes and 35 seconds,*Device Login *Do NOT Remove
IT Italian Trattoria Collins,Charles Hernandez,15,,Pasta - Collins,,9/2/26 8:48 AM,9/2/26 8:56 AM,7 minutes and 59 seconds,*Device Login *Do NOT Remove
IT Italian Trattoria Collins,Charles Hernandez,17,,Pasta - Collins,,9/2/26 8:51 AM,9/2/26 8:58 AM,7 minutes and 24 seconds,*Device Login *Do NOT Remove
IT Italian Trattoria Collins,Charles Hernandez,16,,Pasta - Collins,,9/2/26 8:49 AM,9/2/26 8:58 AM,9 minutes and 6 seconds,*Device Login *Do NOT Remove
IT Italian Trattoria Collins,Charles Hernandez,18,,Pasta - Collins,,9/2/26 8:58 AM,9/2/26 9:01 AM,3 minutes and 25 seconds,*Device Login *Do NOT Remove
IT Italian Trattoria Collins,Charles Hernandez,20,,Pasta - Collins,,9/2/26 9:02 AM,9/2/26 9:03 AM,1 minute and 9 seconds,*Device Login *Do NOT Remove
IT Italian Trattoria Collins,Charles Hernandez,27,,Pasta - Collins,,9/2/26 10:06 AM,9/2/26 10:18 AM,11 minutes and 37 seconds,*Device Login *Do NOT Remove
IT Italian Trattoria Collins,Charles Hernandez,28,,Pasta - Collins,,9/2/26 10:20 AM,9/2/26 10:28 AM,8 minutes and 30 seconds,*Device Login *Do NOT Remove
IT Italian Trattoria Collins,Charles Hernandez,30,,Pasta - Collins,,9/2/26 10:59 AM,9/2/26 11:00 AM,51 seconds,*Device Login *Do NOT Remove
IT Italian Trattoria Collins,Charles Hernandez,33,,Pasta - Collins,,9/2/26 12:16 PM,9/2/26 12:25 PM,9 minutes and 8 seconds,*Device Login *Do NOT Remove
IT Italian Trattoria Collins,Davide Christopher Paredi,38,,Pasta - Collins,,9/2/26 12:42 PM,9/2/26 12:48 PM,5 minutes and 42 seconds,*Device Login *Do NOT Remove
IT Italian Trattoria Collins,Davide Christopher Paredi,38,,Drinks - Collins,,9/2/26 12:42 PM,9/2/26 12:48 PM,5 minutes and 42 seconds,*Device Login *Do NOT Remove
IT Italian Trattoria Collins,Davide Christopher Paredi,38,,No print / Expo - Collins,,9/2/26 12:42 PM,9/2/26 12:48 PM,5 minutes and 42 seconds,*Device Login *Do NOT Remove
IT Italian Trattoria Collins,Davide Christopher Paredi,38,,No Print - Collins,,9/2/26 12:42 PM,9/2/26 12:48 PM,5 minutes and 42 seconds,*Device Login *Do NOT Remove
IT Italian Trattoria Collins,Davide Christopher Paredi,38,,Pizza - Collins,,9/2/26 12:42 PM,9/2/26 12:48 PM,5 minutes and 42 seconds,*Device Login *Do NOT Remove
IT Italian Trattoria Collins,Davide Christopher Paredi,38,,Pizza Pala - Collins,,9/2/26 12:42 PM,9/2/26 12:48 PM,5 minutes and 42 seconds,*Device Login *Do NOT Remove
IT Italian Trattoria Collins,Davide Christopher Paredi,39,,Pizza - Collins,,9/2/26 12:58 PM,9/2/26 1:08 PM,10 minutes and 35 seconds,*Device Login *Do NOT Remove
IT Italian Trattoria Collins,Davide Christopher Paredi,40,,Pasta - Collins,,9/2/26 1:09 PM,9/2/26 1:14 PM,5 minutes and 14 seconds,*Device Login *Do NOT Remove
IT Italian Trattoria Collins,Davide Christopher Paredi,40,,Drinks - Collins,,9/2/26 1:09 PM,9/2/26 1:14 PM,5 minutes and 14 seconds,*Device Login *Do NOT Remove
IT Italian Trattoria Collins,Davide Christopher Paredi,40,,No print / Expo - Collins,,9/2/26 1:09 PM,9/2/26 1:14 PM,5 minutes and 14 seconds,*Device Login *Do NOT Remove
IT Italian Trattoria Collins,Davide Christopher Paredi,40,,No Print - Collins,,9/2/26 1:09 PM,9/2/26 1:14 PM,5 minutes and 14 seconds,*Device Login *Do NOT Remove
IT Italian Trattoria Collins,Davide Christopher Paredi,40,,Pizza - Collins,,9/2/26 1:09 PM,9/2/26 1:14 PM,5 minutes and 14 seconds,*Device Login *Do NOT Remove
IT Italian Trattoria Collins,Davide Christopher Paredi,40,,Pizza Pala - Collins,,9/2/26 1:09 PM,9/2/26 1:14 PM,5 minutes and 14 seconds,*Device Login *Do NOT Remove
IT Italian Trattoria Collins,Davide Christopher Paredi,41,,Pasta - Collins,,9/2/26 1:12 PM,9/2/26 1:16 PM,3 minutes and 28 seconds,*Device Login *Do NOT Remove
IT Italian Trattoria Collins,Davide Christopher Paredi,41,,Drinks - Collins,,9/2/26 1:12 PM,9/2/26 1:16 PM,3 minutes and 28 seconds,*Device Login *Do NOT Remove
IT Italian Trattoria Collins,Davide Christopher Paredi,41,,No print / Expo - Collins,,9/2/26 1:12 PM,9/2/26 1:16 PM,3 minutes and 28 seconds,*Device Login *Do NOT Remove
IT Italian Trattoria Collins,Davide Christopher Paredi,41,,No Print - Collins,,9/2/26 1:12 PM,9/2/26 1:16 PM,3 minutes and 28 seconds,*Device Login *Do NOT Remove
IT Italian Trattoria Collins,Davide Christopher Paredi,41,,Pizza - Collins,,9/2/26 1:12 PM,9/2/26 1:16 PM,3 minutes and 28 seconds,*Device Login *Do NOT Remove
IT Italian Trattoria Collins,Davide Christopher Paredi,41,,Pizza Pala - Collins,,9/2/26 1:12 PM,9/2/26 1:16 PM,3 minutes and 28 seconds,*Device Login *Do NOT Remove
IT Italian Trattoria Collins,Davide Christopher Paredi,42,,No print / Expo - Collins,,9/2/26 1:25 PM,9/2/26 1:25 PM,13 seconds,*Device Login *Do NOT Remove
IT Italian Trattoria Collins,Davide Christopher Paredi,42,,No Print - Collins,,9/2/26 1:25 PM,9/2/26 1:25 PM,13 seconds,*Device Login *Do NOT Remove
IT Italian Trattoria Collins,Davide Christopher Paredi,42,,Pizza - Collins,,9/2/26 1:25 PM,9/2/26 1:25 PM,13 seconds,*Device Login *Do NOT Remove
IT Italian Trattoria Collins,Davide Christopher Paredi,42,,Pizza Pala - Collins,,9/2/26 1:25 PM,9/2/26 1:25 PM,13 seconds,*Device Login *Do NOT Remove
IT Italian Trattoria Collins,Davide Christopher Paredi,42,,Drinks - Collins,,9/2/26 1:25 PM,9/2/26 1:25 PM,13 seconds,*Device Login *Do NOT Remove
IT Italian Trattoria Collins,Davide Christopher Paredi,42,,Pasta - Collins,,9/2/26 1:25 PM,9/2/26 1:25 PM,13 seconds,*Device Login *Do NOT Remove
IT Italian Trattoria Collins,Davide Christopher Paredi,43,,No print / Expo - Collins,,9/2/26 1:35 PM,9/2/26 1:37 PM,1 minute and 48 seconds,*Device Login *Do NOT Remove
IT Italian Trattoria Collins,Davide Christopher Paredi,43,,No Print - Collins,,9/2/26 1:35 PM,9/2/26 1:37 PM,1 minute and 48 seconds,*Device Login *Do NOT Remove
IT Italian Trattoria Collins,Davide Christopher Paredi,43,,Pizza - Collins,,9/2/26 1:35 PM,9/2/26 1:37 PM,1 minute and 48 seconds,*Device Login *Do NOT Remove
IT Italian Trattoria Collins,Davide Christopher Paredi,43,,Pizza Pala - Collins,,9/2/26 1:35 PM,9/2/26 1:37 PM,1 minute and 48 seconds,*Device Login *Do NOT Remove
IT Italian Trattoria Collins,Davide Christopher Paredi,43,,Drinks - Collins,,9/2/26 1:35 PM,9/2/26 1:37 PM,1 minute and 48 seconds,*Device Login *Do NOT Remove
IT Italian Trattoria Collins,Davide Christopher Paredi,43,,Pasta - Collins,,9/2/26 1:35 PM,9/2/26 1:37 PM,1 minute and 48 seconds,*Device Login *Do NOT Remove
IT Italian Trattoria Collins,Davide Christopher Paredi,44,,Pizza - Collins,,9/2/26 1:41 PM,9/2/26 1:45 PM,4 minutes and 42 seconds,*Device Login *Do NOT Remove
IT Italian Trattoria Collins,Davide Christopher Paredi,44,,Drinks - Collins,,9/2/26 1:41 PM,9/2/26 1:45 PM,4 minutes and 42 seconds,*Device Login *Do NOT Remove
IT Italian Trattoria Collins,Davide Christopher Paredi,44,,No print / Expo - Collins,,9/2/26 1:41 PM,9/2/26 1:45 PM,4 minutes and 42 seconds,*Device Login *Do NOT Remove
IT Italian Trattoria Collins,Davide Christopher Paredi,44,,Pasta - Collins,,9/2/26 1:41 PM,9/2/26 1:45 PM,4 minutes and 42 seconds,*Device Login *Do NOT Remove
IT Italian Trattoria Collins,Davide Christopher Paredi,44,,No Print - Collins,,9/2/26 1:41 PM,9/2/26 1:45 PM,4 minutes and 42 seconds,*Device Login *Do NOT Remove
IT Italian Trattoria Collins,Davide Christopher Paredi,44,,Pizza Pala - Collins,,9/2/26 1:41 PM,9/2/26 1:45 PM,4 minutes and 42 seconds,*Device Login *Do NOT Remove
IT Italian Trattoria Collins,Davide Christopher Paredi,45,,Drinks - Collins,,9/2/26 1:46 PM,9/2/26 1:47 PM,12 seconds,*Device Login *Do NOT Remove
IT Italian Trattoria Collins,Davide Christopher Paredi,45,,No print / Expo - Collins,,9/2/26 1:46 PM,9/2/26 1:47 PM,12 seconds,*Device Login *Do NOT Remove
IT Italian Trattoria Collins,Davide Christopher Paredi,45,,Pasta - Collins,,9/2/26 1:46 PM,9/2/26 1:47 PM,12 seconds,*Device Login *Do NOT Remove
IT Italian Trattoria Collins,Davide Christopher Paredi,45,,Pizza - Collins,,9/2/26 1:46 PM,9/2/26 1:47 PM,12 seconds,*Device Login *Do NOT Remove
IT Italian Trattoria Collins,Davide Christopher Paredi,45,,No Print - Collins,,9/2/26 1:46 PM,9/2/26 1:47 PM,12 seconds,*Device Login *Do NOT Remove
IT Italian Trattoria Collins,Davide Christopher Paredi,45,,Pizza Pala - Collins,,9/2/26 1:46 PM,9/2/26 1:47 PM,12 seconds,*Device Login *Do NOT Remove
IT Italian Trattoria Collins,Davide Christopher Paredi,46,,Pasta - Collins,,9/2/26 1:49 PM,9/2/26 1:53 PM,4 minutes and 27 seconds,*Device Login *Do NOT Remove
IT Italian Trattoria Collins,Davide Christopher Paredi,46,,Drinks - Collins,,9/2/26 1:49 PM,9/2/26 1:53 PM,4 minutes and 27 seconds,*Device Login *Do NOT Remove
IT Italian Trattoria Collins,Davide Christopher Paredi,46,,No print / Expo - Collins,,9/2/26 1:49 PM,9/2/26 1:53 PM,4 minutes and 27 seconds,*Device Login *Do NOT Remove
IT Italian Trattoria Collins,Davide Christopher Paredi,46,,No Print - Collins,,9/2/26 1:49 PM,9/2/26 1:53 PM,4 minutes and 27 seconds,*Device Login *Do NOT Remove
IT Italian Trattoria Collins,Davide Christopher Paredi,46,,Pizza - Collins,,9/2/26 1:49 PM,9/2/26 1:53 PM,4 minutes and 27 seconds,*Device Login *Do NOT Remove
IT Italian Trattoria Collins,Davide Christopher Paredi,46,,Pizza Pala - Collins,,9/2/26 1:49 PM,9/2/26 1:53 PM,4 minutes and 27 seconds,*Device Login *Do NOT Remove
IT Italian Trattoria Collins,Davide Christopher Paredi,49,,Pasta - Collins,,9/2/26 2:09 PM,9/2/26 2:15 PM,5 minutes and 29 seconds,*Device Login *Do NOT Remove
IT Italian Trattoria Collins,Davide Christopher Paredi,49,,Drinks - Collins,,9/2/26 2:09 PM,9/2/26 2:15 PM,5 minutes and 29 seconds,*Device Login *Do NOT Remove
IT Italian Trattoria Collins,Davide Christopher Paredi,49,,No print / Expo - Collins,,9/2/26 2:09 PM,9/2/26 2:15 PM,5 minutes and 29 seconds,*Device Login *Do NOT Remove
IT Italian Trattoria Collins,Davide Christopher Paredi,49,,No Print - Collins,,9/2/26 2:09 PM,9/2/26 2:15 PM,5 minutes and 29 seconds,*Device Login *Do NOT Remove
IT Italian Trattoria Collins,Davide Christopher Paredi,49,,Pizza - Collins,,9/2/26 2:09 PM,9/2/26 2:15 PM,5 minutes and 29 seconds,*Device Login *Do NOT Remove
IT Italian Trattoria Collins,Davide Christopher Paredi,49,,Pizza Pala - Collins,,9/2/26 2:09 PM,9/2/26 2:15 PM,5 minutes and 29 seconds,*Device Login *Do NOT Remove
IT Italian Trattoria Collins,Davide Christopher Paredi,50,,No print / Expo - Collins,,9/2/26 2:16 PM,9/2/26 2:19 PM,2 minutes and 57 seconds,*Device Login *Do NOT Remove
IT Italian Trattoria Collins,Davide Christopher Paredi,50,,No Print - Collins,,9/2/26 2:16 PM,9/2/26 2:19 PM,2 minutes and 57 seconds,*Device Login *Do NOT Remove
IT Italian Trattoria Collins,Davide Christopher Paredi,50,,Pizza - Collins,,9/2/26 2:16 PM,9/2/26 2:19 PM,2 minutes and 57 seconds,*Device Login *Do NOT Remove
IT Italian Trattoria Collins,Davide Christopher Paredi,50,,Pizza Pala - Collins,,9/2/26 2:16 PM,9/2/26 2:19 PM,2 minutes and 57 seconds,*Device Login *Do NOT Remove
IT Italian Trattoria Collins,Davide Christopher Paredi,50,,Drinks - Collins,,9/2/26 2:16 PM,9/2/26 2:19 PM,2 minutes and 57 seconds,*Device Login *Do NOT Remove
IT Italian Trattoria Collins,Davide Christopher Paredi,50,,Pasta - Collins,,9/2/26 2:16 PM,9/2/26 2:19 PM,2 minutes and 57 seconds,*Device Login *Do NOT Remove
IT Italian Trattoria Collins,Davide Christopher Paredi,51,,Drinks - Collins,,9/2/26 2:17 PM,9/2/26 2:21 PM,4 minutes,*Device Login *Do NOT Remove
IT Italian Trattoria Collins,Davide Christopher Paredi,51,,No print / Expo - Collins,,9/2/26 2:17 PM,9/2/26 2:21 PM,4 minutes,*Device Login *Do NOT Remove
IT Italian Trattoria Collins,Davide Christopher Paredi,51,,Pasta - Collins,,9/2/26 2:17 PM,9/2/26 2:21 PM,4 minutes,*Device Login *Do NOT Remove
IT Italian Trattoria Collins,Davide Christopher Paredi,51,,Pizza - Collins,,9/2/26 2:17 PM,9/2/26 2:21 PM,4 minutes,*Device Login *Do NOT Remove
IT Italian Trattoria Collins,Davide Christopher Paredi,51,,No Print - Collins,,9/2/26 2:17 PM,9/2/26 2:21 PM,4 minutes,*Device Login *Do NOT Remove
IT Italian Trattoria Collins,Davide Christopher Paredi,51,,Pizza Pala - Collins,,9/2/26 2:17 PM,9/2/26 2:21 PM,4 minutes,*Device Login *Do NOT Remove
IT Italian Trattoria Collins,Davide Christopher Paredi,50,,Pasta - Collins,,9/2/26 2:16 PM,9/2/26 2:21 PM,4 minutes and 28 seconds,*Device Login *Do NOT Remove
IT Italian Trattoria Collins,Davide Christopher Paredi,51,,Pizza - Collins,,9/2/26 2:17 PM,9/2/26 2:31 PM,14 minutes and 40 seconds,*Device Login *Do NOT Remove
IT Italian Trattoria Collins,Davide Christopher Paredi,52,,No print / Expo - Collins,,9/2/26 2:29 PM,9/2/26 2:31 PM,2 minutes and 2 seconds,*Device Login *Do NOT Remove
IT Italian Trattoria Collins,Davide Christopher Paredi,52,,No Print - Collins,,9/2/26 2:29 PM,9/2/26 2:31 PM,2 minutes and 2 seconds,*Device Login *Do NOT Remove
IT Italian Trattoria Collins,Davide Christopher Paredi,52,,Pizza - Collins,,9/2/26 2:29 PM,9/2/26 2:31 PM,2 minutes and 2 seconds,*Device Login *Do NOT Remove
IT Italian Trattoria Collins,Davide Christopher Paredi,52,,Pizza Pala - Collins,,9/2/26 2:29 PM,9/2/26 2:31 PM,2 minutes and 2 seconds,*Device Login *Do NOT Remove
IT Italian Trattoria Collins,Davide Christopher Paredi,52,,Drinks - Collins,,9/2/26 2:29 PM,9/2/26 2:31 PM,2 minutes and 2 seconds,*Device Login *Do NOT Remove
IT Italian Trattoria Collins,Davide Christopher Paredi,52,,Pasta - Collins,,9/2/26 2:29 PM,9/2/26 2:31 PM,2 minutes and 2 seconds,*Device Login *Do NOT Remove
IT Italian Trattoria Collins,Davide Christopher Paredi,54,,Pizza - Collins,,9/2/26 2:33 PM,9/2/26 2:39 PM,6 minutes and 21 seconds,*Device Login *Do NOT Remove
IT Italian Trattoria Collins,Davide Christopher Paredi,56,,No print / Expo - Collins,,9/2/26 2:41 PM,9/2/26 2:45 PM,4 minutes and 14 seconds,*Device Login *Do NOT Remove
IT Italian Trattoria Collins,Davide Christopher Paredi,56,,No Print - Collins,,9/2/26 2:41 PM,9/2/26 2:45 PM,4 minutes and 14 seconds,*Device Login *Do NOT Remove
IT Italian Trattoria Collins,Davide Christopher Paredi,56,,Pizza - Collins,,9/2/26 2:41 PM,9/2/26 2:45 PM,4 minutes and 14 seconds,*Device Login *Do NOT Remove
IT Italian Trattoria Collins,Davide Christopher Paredi,56,,Pizza Pala - Collins,,9/2/26 2:41 PM,9/2/26 2:45 PM,4 minutes and 14 seconds,*Device Login *Do NOT Remove
IT Italian Trattoria Collins,Davide Christopher Paredi,56,,Drinks - Collins,,9/2/26 2:41 PM,9/2/26 2:45 PM,4 minutes and 14 seconds,*Device Login *Do NOT Remove
IT Italian Trattoria Collins,Davide Christopher Paredi,56,,Pasta - Collins,,9/2/26 2:41 PM,9/2/26 2:45 PM,4 minutes and 14 seconds,*Device Login *Do NOT Remove
IT Italian Trattoria Collins,Davide Christopher Paredi,58,,No print / Expo - Collins,,9/2/26 2:46 PM,9/2/26 2:46 PM,16 seconds,*Device Login *Do NOT Remove
IT Italian Trattoria Collins,Davide Christopher Paredi,58,,No Print - Collins,,9/2/26 2:46 PM,9/2/26 2:46 PM,16 seconds,*Device Login *Do NOT Remove
IT Italian Trattoria Collins,Davide Christopher Paredi,58,,Pizza - Collins,,9/2/26 2:46 PM,9/2/26 2:46 PM,16 seconds,*Device Login *Do NOT Remove
IT Italian Trattoria Collins,Davide Christopher Paredi,58,,Pizza Pala - Collins,,9/2/26 2:46 PM,9/2/26 2:46 PM,16 seconds,*Device Login *Do NOT Remove
IT Italian Trattoria Collins,Davide Christopher Paredi,58,,Drinks - Collins,,9/2/26 2:46 PM,9/2/26 2:46 PM,16 seconds,*Device Login *Do NOT Remove
IT Italian Trattoria Collins,Davide Christopher Paredi,58,,Pasta - Collins,,9/2/26 2:46 PM,9/2/26 2:46 PM,16 seconds,*Device Login *Do NOT Remove
IT Italian Trattoria Collins,Davide Christopher Paredi,57,,Pizza - Collins,,9/2/26 2:43 PM,9/2/26 2:52 PM,8 minutes and 45 seconds,*Device Login *Do NOT Remove
IT Italian Trattoria Collins,Davide Christopher Paredi,61,,Pasta - Collins,,9/2/26 3:01 PM,9/2/26 3:05 PM,4 minutes and 23 seconds,*Device Login *Do NOT Remove
IT Italian Trattoria Collins,Davide Christopher Paredi,64,,Pasta - Collins,,9/2/26 3:57 PM,9/2/26 4:04 PM,6 minutes and 53 seconds,*Device Login *Do NOT Remove
IT Italian Trattoria Collins,Davide Christopher Paredi,64,,Pizza - Collins,,9/2/26 3:57 PM,9/2/26 4:05 PM,7 minutes and 19 seconds,*Device Login *Do NOT Remove
IT Italian Trattoria Collins,Andrea Rizzi,67,,Drinks - Collins,,9/2/26 4:13 PM,9/2/26 4:14 PM,9 seconds,*Device Login *Do NOT Remove
IT Italian Trattoria Collins,Andrea Rizzi,67,,No print / Expo - Collins,,9/2/26 4:13 PM,9/2/26 4:14 PM,9 seconds,*Device Login *Do NOT Remove
IT Italian Trattoria Collins,Andrea Rizzi,67,,Pasta - Collins,,9/2/26 4:13 PM,9/2/26 4:14 PM,9 seconds,*Device Login *Do NOT Remove
IT Italian Trattoria Collins,Andrea Rizzi,67,,Pizza - Collins,,9/2/26 4:13 PM,9/2/26 4:14 PM,9 seconds,*Device Login *Do NOT Remove
IT Italian Trattoria Collins,Andrea Rizzi,67,,No Print - Collins,,9/2/26 4:13 PM,9/2/26 4:14 PM,9 seconds,*Device Login *Do NOT Remove
IT Italian Trattoria Collins,Andrea Rizzi,67,,Pizza Pala - Collins,,9/2/26 4:13 PM,9/2/26 4:14 PM,9 seconds,*Device Login *Do NOT Remove
IT Italian Trattoria Collins,Andrea Rizzi,67,,Pasta - Collins,,9/2/26 4:13 PM,9/2/26 4:18 PM,4 minutes and 18 seconds,*Device Login *Do NOT Remove
IT Italian Trattoria Collins,Andrea Rizzi,69,,Pasta - Collins,,9/2/26 4:17 PM,9/2/26 4:29 PM,11 minutes and 59 seconds,*Device Login *Do NOT Remove
IT Italian Trattoria Collins,Andrea Rizzi,79,,Drinks - Collins,,9/2/26 5:13 PM,9/2/26 5:21 PM,7 minutes and 35 seconds,*Device Login *Do NOT Remove
IT Italian Trattoria Collins,Andrea Rizzi,79,,No print / Expo - Collins,,9/2/26 5:13 PM,9/2/26 5:21 PM,7 minutes and 35 seconds,*Device Login *Do NOT Remove
IT Italian Trattoria Collins,Andrea Rizzi,79,,Pasta - Collins,,9/2/26 5:13 PM,9/2/26 5:21 PM,7 minutes and 35 seconds,*Device Login *Do NOT Remove
IT Italian Trattoria Collins,Andrea Rizzi,79,,Pizza - Collins,,9/2/26 5:13 PM,9/2/26 5:21 PM,7 minutes and 35 seconds,*Device Login *Do NOT Remove
IT Italian Trattoria Collins,Andrea Rizzi,79,,No Print - Collins,,9/2/26 5:13 PM,9/2/26 5:21 PM,7 minutes and 35 seconds,*Device Login *Do NOT Remove
IT Italian Trattoria Collins,Andrea Rizzi,79,,Pizza Pala - Collins,,9/2/26 5:13 PM,9/2/26 5:21 PM,7 minutes and 35 seconds,*Device Login *Do NOT Remove
IT Italian Trattoria Collins,Andrea Rizzi,79,,Pasta - Collins,,9/2/26 5:13 PM,9/2/26 5:22 PM,8 minutes and 21 seconds,*Device Login *Do NOT Remove
IT Italian Trattoria Collins,Yamila Hidalgo,85,,Pizza - Collins,,9/2/26 5:56 PM,9/2/26 6:04 PM,8 minutes and 4 seconds,*Device Login *Do NOT Remove
IT Italian Trattoria Collins,Default Online Ordering,84,,Pasta - Collins,,9/2/26 5:54 PM,9/2/26 6:05 PM,11 minutes and 23 seconds,*Device Login *Do NOT Remove
IT Italian Trattoria Collins,Yamila Hidalgo,86,,Pasta - Collins,,9/2/26 6:02 PM,9/2/26 6:09 PM,6 minutes and 55 seconds,*Device Login *Do NOT Remove
IT Italian Trattoria Collins,Default Online Ordering,91,,Pasta - Collins,,9/2/26 6:42 PM,9/2/26 6:50 PM,7 minutes and 26 seconds,*Device Login *Do NOT Remove
IT Italian Trattoria Collins,Yamila Hidalgo,92,,Pizza - Collins,,9/2/26 6:57 PM,9/2/26 7:02 PM,5 minutes and 14 seconds,*Device Login *Do NOT Remove
IT Italian Trattoria Collins,Yamila Hidalgo,92,,Pasta - Collins,,9/2/26 6:57 PM,9/2/26 7:03 PM,5 minutes and 40 seconds,*Device Login *Do NOT Remove
IT Italian Trattoria Collins,Yamila Hidalgo,94,,Drinks - Collins,,9/2/26 7:05 PM,9/2/26 7:06 PM,19 seconds,*Device Login *Do NOT Remove
IT Italian Trattoria Collins,Yamila Hidalgo,94,,No print / Expo - Collins,,9/2/26 7:05 PM,9/2/26 7:06 PM,19 seconds,*Device Login *Do NOT Remove
IT Italian Trattoria Collins,Yamila Hidalgo,94,,Pasta - Collins,,9/2/26 7:05 PM,9/2/26 7:06 PM,19 seconds,*Device Login *Do NOT Remove
IT Italian Trattoria Collins,Yamila Hidalgo,94,,Pizza - Collins,,9/2/26 7:05 PM,9/2/26 7:06 PM,19 seconds,*Device Login *Do NOT Remove
IT Italian Trattoria Collins,Yamila Hidalgo,94,,No Print - Collins,,9/2/26 7:05 PM,9/2/26 7:06 PM,19 seconds,*Device Login *Do NOT Remove
IT Italian Trattoria Collins,Yamila Hidalgo,94,,Pizza Pala - Collins,,9/2/26 7:05 PM,9/2/26 7:06 PM,19 seconds,*Device Login *Do NOT Remove
IT Italian Trattoria Collins,Yamila Hidalgo,94,,Pizza - Collins,,9/2/26 7:05 PM,9/2/26 7:09 PM,3 minutes and 44 seconds,*Device Login *Do NOT Remove
IT Italian Trattoria Collins,Default Online Ordering,95,,Pasta - Collins,,9/2/26 7:05 PM,9/2/26 7:10 PM,5 minutes and 16 seconds,*Device Login *Do NOT Remove
IT Italian Trattoria Collins,Andrea Rizzi,100,,Pasta - Collins,,9/2/26 7:38 PM,9/2/26 7:45 PM,7 minutes and 4 seconds,*Device Login *Do NOT Remove
IT Italian Trattoria Collins,Andrea Rizzi,101,,Pizza - Collins,,9/2/26 8:11 PM,9/2/26 8:16 PM,4 minutes and 42 seconds,*Device Login *Do NOT Remove
IT Italian Trattoria Collins,Andrea Rizzi,103,,Pizza - Collins,,9/2/26 8:12 PM,9/2/26 8:19 PM,6 minutes and 21 seconds,*Device Login *Do NOT Remove
IT Italian Trattoria Collins,Andrea Rizzi,102,,Pasta - Collins,,9/2/26 8:12 PM,9/2/26 8:20 PM,7 minutes and 30 seconds,*Device Login *Do NOT Remove
IT Italian Trattoria Collins,Andrea Rizzi,105,,Pizza - Collins,,9/2/26 8:19 PM,9/2/26 8:25 PM,6 minutes and 24 seconds,*Device Login *Do NOT Remove
IT Italian Trattoria Collins,Andrea Rizzi,105,,Pasta - Collins,,9/2/26 8:19 PM,9/2/26 8:28 PM,9 minutes and 33 seconds,*Device Login *Do NOT Remove
IT Italian Trattoria Collins,Andrea Rizzi,107,,Pizza - Collins,,9/2/26 8:30 PM,9/2/26 8:38 PM,7 minutes and 14 seconds,*Device Login *Do NOT Remove
IT Italian Trattoria Collins,Andrea Rizzi,112,,Pasta - Collins,,9/2/26 8:35 PM,9/2/26 8:41 PM,5 minutes and 17 seconds,*Device Login *Do NOT Remove
IT Italian Trattoria Collins,Andrea Rizzi,111,,Pasta - Collins,,9/2/26 8:35 PM,9/2/26 8:41 PM,5 minutes and 37 seconds,*Device Login *Do NOT Remove
IT Italian Trattoria Collins,Andrea Rizzi,110,,Pizza - Collins,,9/2/26 8:34 PM,9/2/26 8:41 PM,6 minutes and 52 seconds,*Device Login *Do NOT Remove
IT Italian Trattoria Collins,Davide Christopher Paredi,109,,Pasta - Collins,,9/2/26 8:37 PM,9/2/26 8:41 PM,4 minutes and 50 seconds,*Device Login *Do NOT Remove
IT Italian Trattoria Collins,Davide Christopher Paredi,109,,Pizza - Collins,,9/2/26 8:37 PM,9/2/26 8:44 PM,7 minutes and 52 seconds,*Device Login *Do NOT Remove
IT Italian Trattoria Collins,Andrea Rizzi,115,,Pasta - Collins,,9/2/26 8:38 PM,9/2/26 8:47 PM,8 minutes and 27 seconds,*Device Login *Do NOT Remove
IT Italian Trattoria Collins,Andrea Rizzi,113,,Pasta - Collins,,9/2/26 8:37 PM,9/2/26 8:48 PM,11 minutes and 16 seconds,*Device Login *Do NOT Remove
IT Italian Trattoria Collins,Andrea Rizzi,117,,Pizza - Collins,,9/2/26 8:50 PM,9/2/26 8:55 PM,5 minutes and 1 second,*Device Login *Do NOT Remove
IT Italian Trattoria Collins,Yamila Hidalgo,118,,Pasta - Collins,,9/2/26 8:51 PM,9/2/26 8:57 PM,6 minutes and 39 seconds,*Device Login *Do NOT Remove
IT Italian Trattoria Collins,Andrea Rizzi,119,,Pizza - Collins,,9/2/26 8:56 PM,9/2/26 9:02 PM,6 minutes and 29 seconds,*Device Login *Do NOT Remove
IT Italian Trattoria Collins,Andrea Rizzi,121,,Pizza - Collins,,9/2/26 9:02 PM,9/2/26 9:09 PM,6 minutes and 23 seconds,*Device Login *Do NOT Remove
IT Italian Trattoria Collins,Yamila Hidalgo,122,,Pasta - Collins,,9/2/26 9:16 PM,9/2/26 9:21 PM,4 minutes and 59 seconds,*Device Login *Do NOT Remove
IT Italian Trattoria Collins,Andrea Rizzi,125,,Pasta - Collins,,9/2/26 10:07 PM,9/2/26 10:17 PM,9 minutes and 59 seconds,*Device Login *Do NOT Remove
IT Italian Trattoria Collins,Andrea Rizzi,127,,Pasta - Collins,,9/2/26 10:12 PM,9/2/26 10:20 PM,7 minutes and 50 seconds,*Device Login *Do NOT Remove
IT Italian Trattoria Collins,Andrea Rizzi,130,,Pasta - Collins,,9/2/26 10:23 PM,9/2/26 10:26 PM,2 minutes and 54 seconds,*Device Login *Do NOT Remove
IT Italian Trattoria Collins,Andrea Rizzi,131,,Pizza - Collins,,9/2/26 10:27 PM,9/2/26 10:35 PM,7 minutes and 33 seconds,*Device Login *Do NOT Remove
IT Italian Trattoria Collins,Andrea Rizzi,137,,Pasta - Collins,,9/2/26 11:02 PM,9/2/26 11:02 PM,20 seconds,*Device Login *Do NOT Remove
IT Italian Trattoria Collins,Andrea Rizzi,137,,Drinks - Collins,,9/2/26 11:02 PM,9/2/26 11:02 PM,20 seconds,*Device Login *Do NOT Remove
IT Italian Trattoria Collins,Andrea Rizzi,137,,No print / Expo - Collins,,9/2/26 11:02 PM,9/2/26 11:02 PM,20 seconds,*Device Login *Do NOT Remove
IT Italian Trattoria Collins,Andrea Rizzi,137,,No Print - Collins,,9/2/26 11:02 PM,9/2/26 11:02 PM,20 seconds,*Device Login *Do NOT Remove
IT Italian Trattoria Collins,Andrea Rizzi,137,,Pizza - Collins,,9/2/26 11:02 PM,9/2/26 11:02 PM,20 seconds,*Device Login *Do NOT Remove
IT Italian Trattoria Collins,Andrea Rizzi,137,,Pizza Pala - Collins,,9/2/26 11:02 PM,9/2/26 11:02 PM,20 seconds,*Device Login *Do NOT Remove
IT Italian Trattoria Collins,Andrea Rizzi,135,,Pizza - Collins,,9/2/26 10:57 PM,9/2/26 11:04 PM,6 minutes and 38 seconds,*Device Login *Do NOT Remove
IT Italian Trattoria Collins,Andrea Rizzi,136,,Pasta - Collins,,9/2/26 11:01 PM,9/2/26 11:05 PM,4 minutes and 10 seconds,*Device Login *Do NOT Remove
IT Italian Trattoria Collins,Andrea Rizzi,138,,Pasta - Collins,,9/2/26 11:05 PM,9/2/26 11:10 PM,4 minutes and 26 seconds,*Device Login *Do NOT Remove
IT Italian Trattoria Collins,Andrea Rizzi,140,,Pizza - Collins,,9/2/26 11:14 PM,9/2/26 11:23 PM,9 minutes and 1 second,*Device Login *Do NOT Remove
IT Italian Trattoria Collins,Charles Hernandez,14,,Pasta - Collins,,9/3/26 8:17 AM,9/3/26 8:32 AM,14 minutes and 21 seconds,*Device Login *Do NOT Remove
IT Italian Trattoria Collins,Charles Hernandez,16,,Pasta - Collins,,9/3/26 8:32 AM,9/3/26 8:33 AM,1 minute and 29 seconds,*Device Login *Do NOT Remove
IT Italian Trattoria Collins,Charles Hernandez,17,,Pasta - Collins,,9/3/26 8:42 AM,9/3/26 8:49 AM,7 minutes and 11 seconds,*Device Login *Do NOT Remove
IT Italian Trattoria Collins,Charles Hernandez,21,,Pasta - Collins,,9/3/26 8:54 AM,9/3/26 8:55 AM,1 minute and 6 seconds,*Device Login *Do NOT Remove
IT Italian Trattoria Collins,Charles Hernandez,26,,Pasta - Collins,,9/3/26 8:59 AM,9/3/26 9:11 AM,12 minutes and 1 second,*Device Login *Do NOT Remove
IT Italian Trattoria Collins,Charles Hernandez,31,,Pasta - Collins,,9/3/26 9:07 AM,9/3/26 9:17 AM,10 minutes and 28 seconds,*Device Login *Do NOT Remove
IT Italian Trattoria Collins,Charles Hernandez,32,,Pasta - Collins,,9/3/26 9:09 AM,9/3/26 9:17 AM,8 minutes and 46 seconds,*Device Login *Do NOT Remove
IT Italian Trattoria Collins,Charles Hernandez,33,,Pasta - Collins,,9/3/26 9:10 AM,9/3/26 9:17 AM,7 minutes and 30 seconds,*Device Login *Do NOT Remove
IT Italian Trattoria Collins,Charles Hernandez,35,,Pasta - Collins,,9/3/26 9:27 AM,9/3/26 9:30 AM,2 minutes and 9 seconds,*Device Login *Do NOT Remove
IT Italian Trattoria Collins,Charles Hernandez,42,,Pasta - Collins,,9/3/26 9:49 AM,9/3/26 9:56 AM,6 minutes and 22 seconds,*Device Login *Do NOT Remove
IT Italian Trattoria Collins,Charles Hernandez,37,,Pasta - Collins,,9/3/26 9:35 AM,9/3/26 9:56 AM,21 minutes and 14 seconds,*Device Login *Do NOT Remove
IT Italian Trattoria Collins,Charles Hernandez,45,,Pasta - Collins,,9/3/26 9:56 AM,9/3/26 10:06 AM,9 minutes and 47 seconds,*Device Login *Do NOT Remove
IT Italian Trattoria Collins,Charles Hernandez,46,,Pasta - Collins,,9/3/26 10:15 AM,9/3/26 10:16 AM,25 seconds,*Device Login *Do NOT Remove
IT Italian Trattoria Collins,Default Online Ordering,53,,Pasta - Collins,,9/3/26 11:50 AM,9/3/26 12:04 PM,14 minutes and 35 seconds,*Device Login *Do NOT Remove
IT Italian Trattoria Collins,Charles Hernandez,52,,Pasta - Collins,,9/3/26 12:21 PM,9/3/26 12:27 PM,6 minutes and 29 seconds,*Device Login *Do NOT Remove
IT Italian Trattoria Collins,Charles Hernandez,52,,Pizza - Collins,,9/3/26 12:21 PM,9/3/26 12:29 PM,8 minutes and 32 seconds,*Device Login *Do NOT Remove
IT Italian Trattoria Collins,Charles Hernandez,54,,Pizza - Collins,,9/3/26 12:30 PM,9/3/26 12:46 PM,15 minutes and 53 seconds,*Device Login *Do NOT Remove
IT Italian Trattoria Collins,Charles Hernandez,59,,Pasta - Collins,,9/3/26 12:59 PM,9/3/26 1:04 PM,5 minutes and 15 seconds,*Device Login *Do NOT Remove
IT Italian Trattoria Collins,Charles Hernandez,60,,Pasta - Collins,,9/3/26 1:02 PM,9/3/26 1:07 PM,4 minutes and 39 seconds,*Device Login *Do NOT Remove
IT Italian Trattoria Collins,Charles Hernandez,60,,Drinks - Collins,,9/3/26 1:02 PM,9/3/26 1:07 PM,4 minutes and 39 seconds,*Device Login *Do NOT Remove
IT Italian Trattoria Collins,Charles Hernandez,60,,No print / Expo - Collins,,9/3/26 1:02 PM,9/3/26 1:07 PM,4 minutes and 39 seconds,*Device Login *Do NOT Remove
IT Italian Trattoria Collins,Charles Hernandez,60,,Pizza - Collins,,9/3/26 1:02 PM,9/3/26 1:07 PM,4 minutes and 39 seconds,*Device Login *Do NOT Remove
IT Italian Trattoria Collins,Charles Hernandez,60,,No Print - Collins,,9/3/26 1:02 PM,9/3/26 1:07 PM,4 minutes and 39 seconds,*Device Login *Do NOT Remove
IT Italian Trattoria Collins,Charles Hernandez,60,,Pizza Pala - Collins,,9/3/26 1:02 PM,9/3/26 1:07 PM,4 minutes and 39 seconds,*Device Login *Do NOT Remove
IT Italian Trattoria Collins,Charles Hernandez,59,,Pizza - Collins,,9/3/26 12:59 PM,9/3/26 1:15 PM,15 minutes and 40 seconds,*Device Login *Do NOT Remove
IT Italian Trattoria Collins,Charles Hernandez,61,,Pizza - Collins,,9/3/26 1:04 PM,9/3/26 1:15 PM,10 minutes and 22 seconds,*Device Login *Do NOT Remove
IT Italian Trattoria Collins,Charles Hernandez,62,,Pizza - Collins,,9/3/26 1:14 PM,9/3/26 1:20 PM,6 minutes and 10 seconds,*Device Login *Do NOT Remove
IT Italian Trattoria Collins,Charles Hernandez,63,,Pizza - Collins,,9/3/26 1:16 PM,9/3/26 1:21 PM,5 minutes and 39 seconds,*Device Login *Do NOT Remove
IT Italian Trattoria Collins,Charles Hernandez,65,,Pizza - Collins,,9/3/26 1:26 PM,9/3/26 1:31 PM,5 minutes and 14 seconds,*Device Login *Do NOT Remove
IT Italian Trattoria Collins,Charles Hernandez,69,,Pasta - Collins,,9/3/26 3:18 PM,9/3/26 3:18 PM,16 seconds,*Device Login *Do NOT Remove
IT Italian Trattoria Collins,Charles Hernandez,68,,Pasta - Collins,,9/3/26 3:15 PM,9/3/26 3:21 PM,5 minutes and 59 seconds,*Device Login *Do NOT Remove
IT Italian Trattoria Collins,Charles Hernandez,68,,Pizza - Collins,,9/3/26 3:15 PM,9/3/26 3:21 PM,6 minutes and 37 seconds,*Device Login *Do NOT Remove
IT Italian Trattoria Collins,Default Online Ordering,71,,Pizza - Collins,,9/3/26 3:19 PM,9/3/26 3:27 PM,7 minutes and 44 seconds,*Device Login *Do NOT Remove
IT Italian Trattoria Collins,Charles Hernandez,70,,Pasta - Collins,,9/3/26 3:31 PM,9/3/26 3:37 PM,5 minutes and 40 seconds,*Device Login *Do NOT Remove
IT Italian Trattoria Collins,Charles Hernandez,70,,Pizza - Collins,,9/3/26 3:31 PM,9/3/26 3:38 PM,6 minutes and 29 seconds,*Device Login *Do NOT Remove
IT Italian Trattoria Collins,Charles Hernandez,74,,Pasta - Collins,,9/3/26 3:38 PM,9/3/26 3:39 PM,30 seconds,*Device Login *Do NOT Remove
IT Italian Trattoria Collins,Charles Hernandez,74,,Drinks - Collins,,9/3/26 3:38 PM,9/3/26 3:39 PM,30 seconds,*Device Login *Do NOT Remove
IT Italian Trattoria Collins,Charles Hernandez,74,,No print / Expo - Collins,,9/3/26 3:38 PM,9/3/26 3:39 PM,30 seconds,*Device Login *Do NOT Remove
IT Italian Trattoria Collins,Charles Hernandez,74,,No Print - Collins,,9/3/26 3:38 PM,9/3/26 3:39 PM,30 seconds,*Device Login *Do NOT Remove
IT Italian Trattoria Collins,Charles Hernandez,74,,Pizza - Collins,,9/3/26 3:38 PM,9/3/26 3:39 PM,30 seconds,*Device Login *Do NOT Remove
IT Italian Trattoria Collins,Charles Hernandez,74,,Pizza Pala - Collins,,9/3/26 3:38 PM,9/3/26 3:39 PM,30 seconds,*Device Login *Do NOT Remove
IT Italian Trattoria Collins,Charles Hernandez,72,,Pasta - Collins,,9/3/26 3:34 PM,9/3/26 3:39 PM,5 minutes and 24 seconds,*Device Login *Do NOT Remove
IT Italian Trattoria Collins,Andrea Rizzi,77,,Pasta - Collins,,9/3/26 4:29 PM,9/3/26 4:35 PM,5 minutes and 28 seconds,*Device Login *Do NOT Remove
IT Italian Trattoria Collins,Andrea Rizzi,78,,Pasta - Collins,,9/3/26 4:38 PM,9/3/26 4:43 PM,4 minutes and 46 seconds,*Device Login *Do NOT Remove
IT Italian Trattoria Collins,Andrea Rizzi,78,,Pizza - Collins,,9/3/26 4:38 PM,9/3/26 4:45 PM,6 minutes and 11 seconds,*Device Login *Do NOT Remove
IT Italian Trattoria Collins,Andrea Rizzi,79,,Pasta - Collins,,9/3/26 4:55 PM,9/3/26 4:59 PM,3 minutes and 50 seconds,*Device Login *Do NOT Remove
IT Italian Trattoria Collins,Andrea Rizzi,79,,Pizza - Collins,,9/3/26 4:55 PM,9/3/26 5:04 PM,9 minutes and 43 seconds,*Device Login *Do NOT Remove
IT Italian Trattoria Collins,Andrea Rizzi,81,,Pizza - Collins,,9/3/26 5:10 PM,9/3/26 5:16 PM,5 minutes and 47 seconds,*Device Login *Do NOT Remove
IT Italian Trattoria Collins,Andrea Rizzi,88,,Pizza - Collins,,9/3/26 5:48 PM,9/3/26 5:59 PM,10 minutes and 59 seconds,*Device Login *Do NOT Remove
IT Italian Trattoria Collins,Andrea Rizzi,91,,Pasta - Collins,,9/3/26 6:01 PM,9/3/26 6:05 PM,4 minutes and 14 seconds,*Device Login *Do NOT Remove
IT Italian Trattoria Collins,Andrea Rizzi,92,,Pizza - Collins,,9/3/26 6:04 PM,9/3/26 6:09 PM,5 minutes and 17 seconds,*Device Login *Do NOT Remove
IT Italian Trattoria Collins,Default Online Ordering,94,,Pasta - Collins,,9/3/26 6:26 PM,9/3/26 6:32 PM,5 minutes and 35 seconds,*Device Login *Do NOT Remove
IT Italian Trattoria Collins,Camila Soldo,96,,Pasta - Collins,,9/3/26 6:31 PM,9/3/26 6:38 PM,6 minutes and 33 seconds,*Device Login *Do NOT Remove
IT Italian Trattoria Collins,Andrea Rizzi,97,,Pasta - Collins,,9/3/26 6:31 PM,9/3/26 6:38 PM,6 minutes and 36 seconds,*Device Login *Do NOT Remove
IT Italian Trattoria Collins,Andrea Rizzi,97,,Pizza - Collins,,9/3/26 6:31 PM,9/3/26 6:40 PM,8 minutes and 59 seconds,*Device Login *Do NOT Remove
IT Italian Trattoria Collins,Camila Soldo,95,,Pasta - Collins,,9/3/26 6:29 PM,9/3/26 6:41 PM,11 minutes and 48 seconds,*Device Login *Do NOT Remove
IT Italian Trattoria Collins,Camila Soldo,100,,Pasta - Collins,,9/3/26 6:59 PM,9/3/26 7:03 PM,4 minutes and 22 seconds,*Device Login *Do NOT Remove
IT Italian Trattoria Collins,Camila Soldo,106,,Pasta - Collins,,9/3/26 7:05 PM,9/3/26 7:10 PM,4 minutes and 26 seconds,*Device Login *Do NOT Remove
IT Italian Trattoria Collins,Camila Soldo,104,,Pasta - Collins,,9/3/26 7:04 PM,9/3/26 7:12 PM,7 minutes and 17 seconds,*Device Login *Do NOT Remove
IT Italian Trattoria Collins,Camila Soldo,102,,Pasta - Collins,,9/3/26 7:02 PM,9/3/26 7:12 PM,10 minutes and 5 seconds,*Device Login *Do NOT Remove
IT Italian Trattoria Collins,Camila Soldo,105,,Pasta - Collins,,9/3/26 7:05 PM,9/3/26 7:12 PM,7 minutes and 22 seconds,*Device Login *Do NOT Remove
IT Italian Trattoria Collins,Camila Soldo,108,,Pasta - Collins,,9/3/26 7:11 PM,9/3/26 7:14 PM,3 minutes and 13 seconds,*Device Login *Do NOT Remove
IT Italian Trattoria Collins,Andrea Rizzi,109,,Pasta - Collins,,9/3/26 7:16 PM,9/3/26 7:18 PM,1 minute and 25 seconds,*Device Login *Do NOT Remove
IT Italian Trattoria Collins,Andrea Rizzi,109,,Drinks - Collins,,9/3/26 7:16 PM,9/3/26 7:18 PM,1 minute and 25 seconds,*Device Login *Do NOT Remove
IT Italian Trattoria Collins,Andrea Rizzi,109,,No print / Expo - Collins,,9/3/26 7:16 PM,9/3/26 7:18 PM,1 minute and 25 seconds,*Device Login *Do NOT Remove
IT Italian Trattoria Collins,Andrea Rizzi,109,,Pizza - Collins,,9/3/26 7:16 PM,9/3/26 7:18 PM,1 minute and 25 seconds,*Device Login *Do NOT Remove
IT Italian Trattoria Collins,Andrea Rizzi,109,,No Print - Collins,,9/3/26 7:16 PM,9/3/26 7:18 PM,1 minute and 25 seconds,*Device Login *Do NOT Remove
IT Italian Trattoria Collins,Andrea Rizzi,109,,Pizza Pala - Collins,,9/3/26 7:16 PM,9/3/26 7:18 PM,1 minute and 25 seconds,*Device Login *Do NOT Remove
IT Italian Trattoria Collins,Camila Soldo,110,,Pizza - Collins,,9/3/26 7:15 PM,9/3/26 7:20 PM,5 minutes and 49 seconds,*Device Login *Do NOT Remove
IT Italian Trattoria Collins,Camila Soldo,111,,Pizza - Collins,,9/3/26 7:24 PM,9/3/26 7:31 PM,7 minutes and 28 seconds,*Device Login *Do NOT Remove
IT Italian Trattoria Collins,Camila Soldo,113,,Pizza - Collins,,9/3/26 7:29 PM,9/3/26 7:34 PM,4 minutes and 51 seconds,*Device Login *Do NOT Remove
IT Italian Trattoria Collins,Andrea Rizzi,115,,Pizza - Collins,,9/3/26 7:41 PM,9/3/26 7:49 PM,8 minutes and 24 seconds,*Device Login *Do NOT Remove
IT Italian Trattoria Collins,Andrea Rizzi,117,,Pasta - Collins,,9/3/26 7:52 PM,9/3/26 7:57 PM,4 minutes and 37 seconds,*Device Login *Do NOT Remove
IT Italian Trattoria Collins,Davide Christopher Paredi,118,,Pizza - Collins,,9/3/26 7:57 PM,9/3/26 8:04 PM,7 minutes and 18 seconds,*Device Login *Do NOT Remove
IT Italian Trattoria Collins,Davide Christopher Paredi,119,,Pasta - Collins,,9/3/26 8:00 PM,9/3/26 8:06 PM,6 minutes and 36 seconds,*Device Login *Do NOT Remove
IT Italian Trattoria Collins,Davide Christopher Paredi,118,,Pasta - Collins,,9/3/26 7:57 PM,9/3/26 8:06 PM,9 minutes and 21 seconds,*Device Login *Do NOT Remove
IT Italian Trattoria Collins,Davide Christopher Paredi,121,,Pasta - Collins,,9/3/26 8:04 PM,9/3/26 8:10 PM,5 minutes and 22 seconds,*Device Login *Do NOT Remove
IT Italian Trattoria Collins,Davide Christopher Paredi,121,,Pizza - Collins,,9/3/26 8:04 PM,9/3/26 8:11 PM,6 minutes and 45 seconds,*Device Login *Do NOT Remove
IT Italian Trattoria Collins,Davide Christopher Paredi,120,,Pizza - Collins,,9/3/26 8:03 PM,9/3/26 8:11 PM,8 minutes and 12 seconds,*Device Login *Do NOT Remove
IT Italian Trattoria Collins,Andrea Rizzi,123,,Pasta - Collins,,9/3/26 8:16 PM,9/3/26 8:22 PM,6 minutes and 3 seconds,*Device Login *Do NOT Remove
IT Italian Trattoria Collins,Andrea Rizzi,123,,Pizza - Collins,,9/3/26 8:16 PM,9/3/26 8:25 PM,9 minutes,*Device Login *Do NOT Remove
IT Italian Trattoria Collins,Camila Soldo,131,,Pasta - Collins,,9/3/26 8:46 PM,9/3/26 8:52 PM,5 minutes and 51 seconds,*Device Login *Do NOT Remove
IT Italian Trattoria Collins,Camila Soldo,132,,Pizza - Collins,,9/3/26 8:50 PM,9/3/26 8:55 PM,5 minutes and 3 seconds,*Device Login *Do NOT Remove
IT Italian Trattoria Collins,Camila Soldo,132,,Pasta - Collins,,9/3/26 8:50 PM,9/3/26 8:55 PM,5 minutes and 8 seconds,*Device Login *Do NOT Remove
IT Italian Trattoria Collins,Camila Soldo,133,,Pizza - Collins,,9/3/26 8:54 PM,9/3/26 9:00 PM,6 minutes and 44 seconds,*Device Login *Do NOT Remove
IT Italian Trattoria Collins,Andrea Rizzi,134,,Pasta - Collins,,9/3/26 9:02 PM,9/3/26 9:09 PM,7 minutes and 16 seconds,*Device Login *Do NOT Remove
IT Italian Trattoria Collins,Andrea Rizzi,134,,Pizza - Collins,,9/3/26 9:02 PM,9/3/26 9:11 PM,8 minutes and 49 seconds,*Device Login *Do NOT Remove
IT Italian Trattoria Collins,Andrea Rizzi,136,,Pasta - Collins,,9/3/26 9:06 PM,9/3/26 9:17 PM,11 minutes and 12 seconds,*Device Login *Do NOT Remove
IT Italian Trattoria Collins,Andrea Rizzi,138,,Pasta - Collins,,9/3/26 9:10 PM,9/3/26 9:17 PM,7 minutes and 28 seconds,*Device Login *Do NOT Remove
IT Italian Trattoria Collins,Andrea Rizzi,137,,Pasta - Collins,,9/3/26 9:08 PM,9/3/26 9:17 PM,8 minutes and 57 seconds,*Device Login *Do NOT Remove
IT Italian Trattoria Collins,Andrea Rizzi,137,,Pizza - Collins,,9/3/26 9:08 PM,9/3/26 9:19 PM,10 minutes and 29 seconds,*Device Login *Do NOT Remove
IT Italian Trattoria Collins,Andrea Rizzi,141,,Pasta - Collins,,9/3/26 9:18 PM,9/3/26 9:24 PM,5 minutes and 50 seconds,*Device Login *Do NOT Remove
IT Italian Trattoria Collins,Andrea Rizzi,144,,Pasta - Collins,,9/3/26 9:26 PM,9/3/26 9:30 PM,4 minutes and 5 seconds,*Device Login *Do NOT Remove
IT Italian Trattoria Collins,Andrea Rizzi,145,,Pizza - Collins,,9/3/26 9:27 PM,9/3/26 9:37 PM,9 minutes and 48 seconds,*Device Login *Do NOT Remove
IT Italian Trattoria Collins,Andrea Rizzi,146,,Pasta - Collins,,9/3/26 9:30 PM,9/3/26 9:37 PM,7 minutes and 19 seconds,*Device Login *Do NOT Remove
IT Italian Trattoria Collins,Andrea Rizzi,147,,Pasta - Collins,,9/3/26 9:30 PM,9/3/26 9:37 PM,6 minutes and 59 seconds,*Device Login *Do NOT Remove
IT Italian Trattoria Collins,Camila Soldo,150,,Pasta - Collins,,9/3/26 9:42 PM,9/3/26 9:48 PM,6 minutes and 9 seconds,*Device Login *Do NOT Remove
IT Italian Trattoria Collins,Andrea Rizzi,153,,Pasta - Collins,,9/3/26 9:51 PM,9/3/26 9:52 PM,11 seconds,*Device Login *Do NOT Remove
IT Italian Trattoria Collins,Andrea Rizzi,153,,Drinks - Collins,,9/3/26 9:51 PM,9/3/26 9:52 PM,11 seconds,*Device Login *Do NOT Remove
IT Italian Trattoria Collins,Andrea Rizzi,153,,No print / Expo - Collins,,9/3/26 9:51 PM,9/3/26 9:52 PM,11 seconds,*Device Login *Do NOT Remove
IT Italian Trattoria Collins,Andrea Rizzi,153,,No Print - Collins,,9/3/26 9:51 PM,9/3/26 9:52 PM,11 seconds,*Device Login *Do NOT Remove
IT Italian Trattoria Collins,Andrea Rizzi,153,,Pizza - Collins,,9/3/26 9:51 PM,9/3/26 9:52 PM,11 seconds,*Device Login *Do NOT Remove
IT Italian Trattoria Collins,Andrea Rizzi,153,,Pizza Pala - Collins,,9/3/26 9:51 PM,9/3/26 9:52 PM,11 seconds,*Device Login *Do NOT Remove
IT Italian Trattoria Collins,Default Online Ordering,155,,Pasta - Collins,,9/3/26 10:10 PM,9/3/26 10:18 PM,7 minutes and 57 seconds,*Device Login *Do NOT Remove
IT Italian Trattoria Collins,Default Online Ordering,155,,Pizza - Collins,,9/3/26 10:10 PM,9/3/26 10:24 PM,13 minutes and 30 seconds,*Device Login *Do NOT Remove
IT Italian Trattoria Collins,Andrea Rizzi,154,,Pasta - Collins,,9/3/26 10:15 PM,9/3/26 10:24 PM,9 minutes and 1 second,*Device Login *Do NOT Remove
IT Italian Trattoria Collins,Andrea Rizzi,158,,Drinks - Collins,,9/3/26 10:26 PM,9/3/26 10:27 PM,50 seconds,*Device Login *Do NOT Remove
IT Italian Trattoria Collins,Andrea Rizzi,158,,No print / Expo - Collins,,9/3/26 10:26 PM,9/3/26 10:27 PM,50 seconds,*Device Login *Do NOT Remove
IT Italian Trattoria Collins,Andrea Rizzi,158,,Pasta - Collins,,9/3/26 10:26 PM,9/3/26 10:27 PM,50 seconds,*Device Login *Do NOT Remove
IT Italian Trattoria Collins,Andrea Rizzi,158,,Pizza - Collins,,9/3/26 10:26 PM,9/3/26 10:27 PM,50 seconds,*Device Login *Do NOT Remove
IT Italian Trattoria Collins,Andrea Rizzi,158,,No Print - Collins,,9/3/26 10:26 PM,9/3/26 10:27 PM,50 seconds,*Device Login *Do NOT Remove
IT Italian Trattoria Collins,Andrea Rizzi,158,,Pizza Pala - Collins,,9/3/26 10:26 PM,9/3/26 10:27 PM,50 seconds,*Device Login *Do NOT Remove
IT Italian Trattoria Collins,Andrea Rizzi,156,,Pasta - Collins,,9/3/26 10:20 PM,9/3/26 10:29 PM,8 minutes and 48 seconds,*Device Login *Do NOT Remove
IT Italian Trattoria Collins,Andrea Rizzi,159,,Pasta - Collins,,9/3/26 10:32 PM,9/3/26 10:35 PM,3 minutes and 14 seconds,*Device Login *Do NOT Remove
IT Italian Trattoria Collins,Andrea Rizzi,161,,Pasta - Collins,,9/3/26 10:40 PM,9/3/26 10:49 PM,9 minutes and 26 seconds,*Device Login *Do NOT Remove
IT Italian Trattoria Collins,Andrea Rizzi,162,,Drinks - Collins,,9/3/26 10:45 PM,9/3/26 10:49 PM,4 minutes and 20 seconds,*Device Login *Do NOT Remove
IT Italian Trattoria Collins,Andrea Rizzi,162,,No print / Expo - Collins,,9/3/26 10:45 PM,9/3/26 10:49 PM,4 minutes and 20 seconds,*Device Login *Do NOT Remove
IT Italian Trattoria Collins,Andrea Rizzi,162,,Pasta - Collins,,9/3/26 10:45 PM,9/3/26 10:49 PM,4 minutes and 20 seconds,*Device Login *Do NOT Remove
IT Italian Trattoria Collins,Andrea Rizzi,162,,Pizza - Collins,,9/3/26 10:45 PM,9/3/26 10:49 PM,4 minutes and 20 seconds,*Device Login *Do NOT Remove
IT Italian Trattoria Collins,Andrea Rizzi,162,,No Print - Collins,,9/3/26 10:45 PM,9/3/26 10:49 PM,4 minutes and 20 seconds,*Device Login *Do NOT Remove
IT Italian Trattoria Collins,Andrea Rizzi,162,,Pizza Pala - Collins,,9/3/26 10:45 PM,9/3/26 10:49 PM,4 minutes and 20 seconds,*Device Login *Do NOT Remove
IT Italian Trattoria Collins,Camila Soldo,164,,Pizza - Collins,,9/3/26 10:52 PM,9/3/26 11:01 PM,9 minutes and 8 seconds,*Device Login *Do NOT Remove
IT Italian Trattoria Collins,Camila Soldo,165,,Pizza - Collins,,9/3/26 10:54 PM,9/3/26 11:01 PM,6 minutes and 58 seconds,*Device Login *Do NOT Remove
IT Italian Trattoria Collins,Camila Soldo,167,,Pizza - Collins,,9/3/26 11:24 PM,9/3/26 11:30 PM,6 minutes and 29 seconds,*Device Login *Do NOT Remove
IT Italian Trattoria Collins,Charles Hernandez,1,,Pasta - Collins,,9/4/26 7:09 AM,9/4/26 7:17 AM,7 minutes and 24 seconds,*Device Login *Do NOT Remove
IT Italian Trattoria Collins,Charles Hernandez,5,,Pasta - Collins,,9/4/26 7:41 AM,9/4/26 7:42 AM,50 seconds,*Device Login *Do NOT Remove
IT Italian Trattoria Collins,Charles Hernandez,6,,Pasta - Collins,,9/4/26 7:54 AM,9/4/26 7:55 AM,1 minute and 26 seconds,*Device Login *Do NOT Remove
IT Italian Trattoria Collins,Charles Hernandez,7,,Pasta - Collins,,9/4/26 8:03 AM,9/4/26 8:06 AM,3 minutes,*Device Login *Do NOT Remove
IT Italian Trattoria Collins,Charles Hernandez,15,,Pasta - Collins,,9/4/26 9:07 AM,9/4/26 9:11 AM,3 minutes and 42 seconds,*Device Login *Do NOT Remove
IT Italian Trattoria Collins,Charles Hernandez,17,,Pasta - Collins,,9/4/26 9:16 AM,9/4/26 9:18 AM,1 minute and 32 seconds,*Device Login *Do NOT Remove
IT Italian Trattoria Collins,Charles Hernandez,21,,Pasta - Collins,,9/4/26 9:26 AM,9/4/26 9:27 AM,31 seconds,*Device Login *Do NOT Remove
IT Italian Trattoria Collins,Charles Hernandez,20,,Pasta - Collins,,9/4/26 9:26 AM,9/4/26 9:27 AM,1 minute and 17 seconds,*Device Login *Do NOT Remove
IT Italian Trattoria Collins,Charles Hernandez,20,,No print / Expo - Collins,,9/4/26 9:26 AM,9/4/26 9:27 AM,1 minute and 17 seconds,*Device Login *Do NOT Remove
IT Italian Trattoria Collins,Charles Hernandez,20,,Pizza - Collins,,9/4/26 9:26 AM,9/4/26 9:27 AM,1 minute and 17 seconds,*Device Login *Do NOT Remove
IT Italian Trattoria Collins,Charles Hernandez,22,,Pasta - Collins,,9/4/26 9:29 AM,9/4/26 9:32 AM,3 minutes and 8 seconds,*Device Login *Do NOT Remove
IT Italian Trattoria Collins,Charles Hernandez,24,,Pasta - Collins,,9/4/26 9:33 AM,9/4/26 9:35 AM,2 minutes and 30 seconds,*Device Login *Do NOT Remove
IT Italian Trattoria Collins,Charles Hernandez,27,,Pasta - Collins,,9/4/26 9:43 AM,9/4/26 9:46 AM,2 minutes and 38 seconds,*Device Login *Do NOT Remove
IT Italian Trattoria Collins,Charles Hernandez,29,,Pasta - Collins,,9/4/26 9:58 AM,9/4/26 10:01 AM,2 minutes and 47 seconds,*Device Login *Do NOT Remove
IT Italian Trattoria Collins,Charles Hernandez,31,,Pasta - Collins,,9/4/26 10:04 AM,9/4/26 10:08 AM,3 minutes and 57 seconds,*Device Login *Do NOT Remove
IT Italian Trattoria Collins,Charles Hernandez,32,,Pasta - Collins,,9/4/26 10:10 AM,9/4/26 10:13 AM,2 minutes and 38 seconds,*Device Login *Do NOT Remove
IT Italian Trattoria Collins,Charles Hernandez,37,,Pasta - Collins,,9/4/26 10:22 AM,9/4/26 10:25 AM,2 minutes and 59 seconds,*Device Login *Do NOT Remove
IT Italian Trattoria Collins,Charles Hernandez,38,,Pasta - Collins,,9/4/26 10:23 AM,9/4/26 10:27 AM,3 minutes and 36 seconds,*Device Login *Do NOT Remove
IT Italian Trattoria Collins,Charles Hernandez,43,,Pasta - Collins,,9/4/26 10:55 AM,9/4/26 10:57 AM,2 minutes,*Device Login *Do NOT Remove
IT Italian Trattoria Collins,Charles Hernandez,42,,Pasta - Collins,,9/4/26 10:53 AM,9/4/26 10:58 AM,4 minutes and 50 seconds,*Device Login *Do NOT Remove
IT Italian Trattoria Collins,Charles Hernandez,44,,Pasta - Collins,,9/4/26 11:10 AM,9/4/26 11:12 AM,2 minutes and 35 seconds,*Device Login *Do NOT Remove
IT Italian Trattoria Collins,Charles Hernandez,46,,Drinks - Collins,,9/4/26 11:26 AM,9/4/26 11:27 AM,7 seconds,*Device Login *Do NOT Remove
IT Italian Trattoria Collins,Charles Hernandez,46,,No print / Expo - Collins,,9/4/26 11:26 AM,9/4/26 11:27 AM,7 seconds,*Device Login *Do NOT Remove
IT Italian Trattoria Collins,Charles Hernandez,46,,Pasta - Collins,,9/4/26 11:26 AM,9/4/26 11:27 AM,7 seconds,*Device Login *Do NOT Remove
IT Italian Trattoria Collins,Charles Hernandez,46,,Pizza - Collins,,9/4/26 11:26 AM,9/4/26 11:27 AM,7 seconds,*Device Login *Do NOT Remove
IT Italian Trattoria Collins,Charles Hernandez,46,,No Print - Collins,,9/4/26 11:26 AM,9/4/26 11:27 AM,7 seconds,*Device Login *Do NOT Remove
IT Italian Trattoria Collins,Charles Hernandez,46,,Pizza Pala - Collins,,9/4/26 11:26 AM,9/4/26 11:27 AM,7 seconds,*Device Login *Do NOT Remove
IT Italian Trattoria Collins,Charles Hernandez,47,,Pasta - Collins,,9/4/26 11:29 AM,9/4/26 11:33 AM,4 minutes and 8 seconds,*Device Login *Do NOT Remove
IT Italian Trattoria Collins,Charles Hernandez,50,,Drinks - Collins,,9/4/26 11:37 AM,9/4/26 11:37 AM,36 seconds,*Device Login *Do NOT Remove
IT Italian Trattoria Collins,Charles Hernandez,50,,No print / Expo - Collins,,9/4/26 11:37 AM,9/4/26 11:37 AM,36 seconds,*Device Login *Do NOT Remove
IT Italian Trattoria Collins,Charles Hernandez,50,,Pasta - Collins,,9/4/26 11:37 AM,9/4/26 11:37 AM,36 seconds,*Device Login *Do NOT Remove
IT Italian Trattoria Collins,Charles Hernandez,50,,Pizza - Collins,,9/4/26 11:37 AM,9/4/26 11:37 AM,36 seconds,*Device Login *Do NOT Remove
IT Italian Trattoria Collins,Charles Hernandez,50,,No Print - Collins,,9/4/26 11:37 AM,9/4/26 11:37 AM,36 seconds,*Device Login *Do NOT Remove
IT Italian Trattoria Collins,Charles Hernandez,50,,Pizza Pala - Collins,,9/4/26 11:37 AM,9/4/26 11:37 AM,36 seconds,*Device Login *Do NOT Remove
IT Italian Trattoria Collins,Charles Hernandez,51,,Pasta - Collins,,9/4/26 11:38 AM,9/4/26 11:41 AM,3 minutes and 30 seconds,*Device Login *Do NOT Remove
IT Italian Trattoria Collins,Charles Hernandez,47,,Pizza - Collins,,9/4/26 11:29 AM,9/4/26 11:41 AM,12 minutes and 24 seconds,*Device Login *Do NOT Remove
IT Italian Trattoria Collins,Charles Hernandez,53,,Pasta - Collins,,9/4/26 11:40 AM,9/4/26 11:45 AM,5 minutes and 46 seconds,*Device Login *Do NOT Remove
IT Italian Trattoria Collins,Charles Hernandez,56,,Drinks - Collins,,9/4/26 11:49 AM,9/4/26 11:49 AM,3 seconds,*Device Login *Do NOT Remove
IT Italian Trattoria Collins,Charles Hernandez,56,,No print / Expo - Collins,,9/4/26 11:49 AM,9/4/26 11:49 AM,3 seconds,*Device Login *Do NOT Remove
IT Italian Trattoria Collins,Charles Hernandez,56,,Pasta - Collins,,9/4/26 11:49 AM,9/4/26 11:49 AM,3 seconds,*Device Login *Do NOT Remove
IT Italian Trattoria Collins,Charles Hernandez,56,,Pizza - Collins,,9/4/26 11:49 AM,9/4/26 11:49 AM,3 seconds,*Device Login *Do NOT Remove
IT Italian Trattoria Collins,Charles Hernandez,56,,No Print - Collins,,9/4/26 11:49 AM,9/4/26 11:49 AM,3 seconds,*Device Login *Do NOT Remove
IT Italian Trattoria Collins,Charles Hernandez,56,,Pizza Pala - Collins,,9/4/26 11:49 AM,9/4/26 11:49 AM,3 seconds,*Device Login *Do NOT Remove
IT Italian Trattoria Collins,Charles Hernandez,57,,Pizza - Collins,,9/4/26 11:58 AM,9/4/26 12:03 PM,4 minutes and 42 seconds,*Device Login *Do NOT Remove
IT Italian Trattoria Collins,Default Online Ordering,59,,Pasta - Collins,,9/4/26 12:11 PM,9/4/26 12:17 PM,5 minutes and 33 seconds,*Device Login *Do NOT Remove
IT Italian Trattoria Collins,Carola Facta,60,,Drinks - Collins,,9/4/26 12:19 PM,9/4/26 12:19 PM,10 seconds,*Device Login *Do NOT Remove
IT Italian Trattoria Collins,Carola Facta,60,,No print / Expo - Collins,,9/4/26 12:19 PM,9/4/26 12:19 PM,10 seconds,*Device Login *Do NOT Remove
IT Italian Trattoria Collins,Carola Facta,60,,Pasta - Collins,,9/4/26 12:19 PM,9/4/26 12:19 PM,10 seconds,*Device Login *Do NOT Remove
IT Italian Trattoria Collins,Carola Facta,60,,Pizza - Collins,,9/4/26 12:19 PM,9/4/26 12:19 PM,10 seconds,*Device Login *Do NOT Remove
IT Italian Trattoria Collins,Carola Facta,60,,No Print - Collins,,9/4/26 12:19 PM,9/4/26 12:19 PM,10 seconds,*Device Login *Do NOT Remove
IT Italian Trattoria Collins,Carola Facta,60,,Pizza Pala - Collins,,9/4/26 12:19 PM,9/4/26 12:19 PM,10 seconds,*Device Login *Do NOT Remove
IT Italian Trattoria Collins,Carola Facta,61,,Pizza - Collins,,9/4/26 12:30 PM,9/4/26 12:35 PM,4 minutes and 53 seconds,*Device Login *Do NOT Remove
IT Italian Trattoria Collins,Carola Facta,63,,No print / Expo - Collins,,9/4/26 12:38 PM,9/4/26 12:40 PM,2 minutes and 8 seconds,*Device Login *Do NOT Remove
IT Italian Trattoria Collins,Carola Facta,63,,No Print - Collins,,9/4/26 12:38 PM,9/4/26 12:40 PM,2 minutes and 8 seconds,*Device Login *Do NOT Remove
IT Italian Trattoria Collins,Carola Facta,63,,Pizza - Collins,,9/4/26 12:38 PM,9/4/26 12:40 PM,2 minutes and 8 seconds,*Device Login *Do NOT Remove
IT Italian Trattoria Collins,Carola Facta,63,,Pizza Pala - Collins,,9/4/26 12:38 PM,9/4/26 12:40 PM,2 minutes and 8 seconds,*Device Login *Do NOT Remove
IT Italian Trattoria Collins,Carola Facta,63,,Drinks - Collins,,9/4/26 12:38 PM,9/4/26 12:40 PM,2 minutes and 8 seconds,*Device Login *Do NOT Remove
IT Italian Trattoria Collins,Carola Facta,63,,Pasta - Collins,,9/4/26 12:38 PM,9/4/26 12:40 PM,2 minutes and 8 seconds,*Device Login *Do NOT Remove
IT Italian Trattoria Collins,Carola Facta,70,,Pasta - Collins,,9/4/26 12:57 PM,9/4/26 1:03 PM,5 minutes and 24 seconds,*Device Login *Do NOT Remove
IT Italian Trattoria Collins,Carola Facta,70,,Drinks - Collins,,9/4/26 12:57 PM,9/4/26 1:03 PM,5 minutes and 24 seconds,*Device Login *Do NOT Remove
IT Italian Trattoria Collins,Carola Facta,70,,No print / Expo - Collins,,9/4/26 12:57 PM,9/4/26 1:03 PM,5 minutes and 24 seconds,*Device Login *Do NOT Remove
IT Italian Trattoria Collins,Carola Facta,70,,No Print - Collins,,9/4/26 12:57 PM,9/4/26 1:03 PM,5 minutes and 24 seconds,*Device Login *Do NOT Remove
IT Italian Trattoria Collins,Carola Facta,70,,Pizza - Collins,,9/4/26 12:57 PM,9/4/26 1:03 PM,5 minutes and 24 seconds,*Device Login *Do NOT Remove
IT Italian Trattoria Collins,Carola Facta,70,,Pizza Pala - Collins,,9/4/26 12:57 PM,9/4/26 1:03 PM,5 minutes and 24 seconds,*Device Login *Do NOT Remove
IT Italian Trattoria Collins,Carola Facta,66,,Pizza - Collins,,9/4/26 12:54 PM,9/4/26 1:03 PM,9 minutes and 43 seconds,*Device Login *Do NOT Remove
IT Italian Trattoria Collins,Carola Facta,71,,Pasta - Collins,,9/4/26 1:02 PM,9/4/26 1:08 PM,5 minutes and 50 seconds,*Device Login *Do NOT Remove
IT Italian Trattoria Collins,Carola Facta,71,,Pizza - Collins,,9/4/26 1:02 PM,9/4/26 1:10 PM,7 minutes and 37 seconds,*Device Login *Do NOT Remove
IT Italian Trattoria Collins,Carola Facta,73,,No print / Expo - Collins,,9/4/26 1:28 PM,9/4/26 1:30 PM,2 minutes and 8 seconds,*Device Login *Do NOT Remove
IT Italian Trattoria Collins,Carola Facta,73,,No Print - Collins,,9/4/26 1:28 PM,9/4/26 1:30 PM,2 minutes and 8 seconds,*Device Login *Do NOT Remove
IT Italian Trattoria Collins,Carola Facta,73,,Pizza - Collins,,9/4/26 1:28 PM,9/4/26 1:30 PM,2 minutes and 8 seconds,*Device Login *Do NOT Remove
IT Italian Trattoria Collins,Carola Facta,73,,Pizza Pala - Collins,,9/4/26 1:28 PM,9/4/26 1:30 PM,2 minutes and 8 seconds,*Device Login *Do NOT Remove
IT Italian Trattoria Collins,Carola Facta,73,,Drinks - Collins,,9/4/26 1:28 PM,9/4/26 1:30 PM,2 minutes and 8 seconds,*Device Login *Do NOT Remove
IT Italian Trattoria Collins,Carola Facta,73,,Pasta - Collins,,9/4/26 1:28 PM,9/4/26 1:30 PM,2 minutes and 8 seconds,*Device Login *Do NOT Remove
IT Italian Trattoria Collins,Carola Facta,74,,Pasta - Collins,,9/4/26 1:47 PM,9/4/26 1:48 PM,58 seconds,*Device Login *Do NOT Remove
IT Italian Trattoria Collins,Carola Facta,74,,Drinks - Collins,,9/4/26 1:47 PM,9/4/26 1:48 PM,58 seconds,*Device Login *Do NOT Remove
IT Italian Trattoria Collins,Carola Facta,74,,No print / Expo - Collins,,9/4/26 1:47 PM,9/4/26 1:48 PM,58 seconds,*Device Login *Do NOT Remove
IT Italian Trattoria Collins,Carola Facta,74,,No Print - Collins,,9/4/26 1:47 PM,9/4/26 1:48 PM,58 seconds,*Device Login *Do NOT Remove
IT Italian Trattoria Collins,Carola Facta,74,,Pizza - Collins,,9/4/26 1:47 PM,9/4/26 1:48 PM,58 seconds,*Device Login *Do NOT Remove
IT Italian Trattoria Collins,Carola Facta,74,,Pizza Pala - Collins,,9/4/26 1:47 PM,9/4/26 1:48 PM,58 seconds,*Device Login *Do NOT Remove
IT Italian Trattoria Collins,Davide Christopher Paredi,68,,Pasta - Collins,,9/4/26 1:47 PM,9/4/26 1:51 PM,3 minutes and 53 seconds,*Device Login *Do NOT Remove
IT Italian Trattoria Collins,Carola Facta,79,,No print / Expo - Collins,,9/4/26 2:10 PM,9/4/26 2:16 PM,6 minutes and 17 seconds,*Device Login *Do NOT Remove
IT Italian Trattoria Collins,Carola Facta,79,,No Print - Collins,,9/4/26 2:10 PM,9/4/26 2:16 PM,6 minutes and 17 seconds,*Device Login *Do NOT Remove
IT Italian Trattoria Collins,Carola Facta,79,,Pizza - Collins,,9/4/26 2:10 PM,9/4/26 2:16 PM,6 minutes and 17 seconds,*Device Login *Do NOT Remove
IT Italian Trattoria Collins,Carola Facta,79,,Pizza Pala - Collins,,9/4/26 2:10 PM,9/4/26 2:16 PM,6 minutes and 17 seconds,*Device Login *Do NOT Remove
IT Italian Trattoria Collins,Carola Facta,79,,Drinks - Collins,,9/4/26 2:10 PM,9/4/26 2:16 PM,6 minutes and 17 seconds,*Device Login *Do NOT Remove
IT Italian Trattoria Collins,Carola Facta,79,,Pasta - Collins,,9/4/26 2:10 PM,9/4/26 2:16 PM,6 minutes and 17 seconds,*Device Login *Do NOT Remove
IT Italian Trattoria Collins,Carola Facta,81,,Drinks - Collins,,9/4/26 2:17 PM,9/4/26 2:18 PM,1 minute and 10 seconds,*Device Login *Do NOT Remove
IT Italian Trattoria Collins,Carola Facta,81,,No print / Expo - Collins,,9/4/26 2:17 PM,9/4/26 2:18 PM,1 minute and 10 seconds,*Device Login *Do NOT Remove
IT Italian Trattoria Collins,Carola Facta,81,,Pasta - Collins,,9/4/26 2:17 PM,9/4/26 2:18 PM,1 minute and 10 seconds,*Device Login *Do NOT Remove
IT Italian Trattoria Collins,Carola Facta,81,,Pizza - Collins,,9/4/26 2:17 PM,9/4/26 2:18 PM,1 minute and 10 seconds,*Device Login *Do NOT Remove
IT Italian Trattoria Collins,Carola Facta,81,,No Print - Collins,,9/4/26 2:17 PM,9/4/26 2:18 PM,1 minute and 10 seconds,*Device Login *Do NOT Remove
IT Italian Trattoria Collins,Carola Facta,81,,Pizza Pala - Collins,,9/4/26 2:17 PM,9/4/26 2:18 PM,1 minute and 10 seconds,*Device Login *Do NOT Remove
IT Italian Trattoria Collins,Carola Facta,81,,Pizza - Collins,,9/4/26 2:17 PM,9/4/26 2:22 PM,5 minutes and 12 seconds,*Device Login *Do NOT Remove
IT Italian Trattoria Collins,Carola Facta,84,,Pasta - Collins,,9/4/26 2:33 PM,9/4/26 2:38 PM,5 minutes and 3 seconds,*Device Login *Do NOT Remove
IT Italian Trattoria Collins,Carola Facta,85,,Pasta - Collins,,9/4/26 2:34 PM,9/4/26 2:38 PM,4 minutes and 11 seconds,*Device Login *Do NOT Remove
IT Italian Trattoria Collins,Carola Facta,86,,Pizza - Collins,,9/4/26 2:37 PM,9/4/26 2:44 PM,6 minutes and 32 seconds,*Device Login *Do NOT Remove
IT Italian Trattoria Collins,Carola Facta,87,,Pizza - Collins,,9/4/26 2:39 PM,9/4/26 2:44 PM,5 minutes and 21 seconds,*Device Login *Do NOT Remove
IT Italian Trattoria Collins,Carola Facta,87,,No print / Expo - Collins,,9/4/26 2:39 PM,9/4/26 2:44 PM,5 minutes and 21 seconds,*Device Login *Do NOT Remove
IT Italian Trattoria Collins,Carola Facta,87,,No Print - Collins,,9/4/26 2:39 PM,9/4/26 2:44 PM,5 minutes and 21 seconds,*Device Login *Do NOT Remove
IT Italian Trattoria Collins,Carola Facta,87,,Pizza Pala - Collins,,9/4/26 2:39 PM,9/4/26 2:44 PM,5 minutes and 21 seconds,*Device Login *Do NOT Remove
IT Italian Trattoria Collins,Carola Facta,87,,Drinks - Collins,,9/4/26 2:39 PM,9/4/26 2:44 PM,5 minutes and 21 seconds,*Device Login *Do NOT Remove
IT Italian Trattoria Collins,Carola Facta,87,,Pasta - Collins,,9/4/26 2:39 PM,9/4/26 2:44 PM,5 minutes and 21 seconds,*Device Login *Do NOT Remove
IT Italian Trattoria Collins,Carola Facta,87,,Pasta - Collins,,9/4/26 2:39 PM,9/4/26 2:47 PM,8 minutes and 5 seconds,*Device Login *Do NOT Remove
IT Italian Trattoria Collins,Carola Facta,88,,Pizza - Collins,,9/4/26 2:42 PM,9/4/26 2:50 PM,8 minutes and 19 seconds,*Device Login *Do NOT Remove
IT Italian Trattoria Collins,Carola Facta,89,,Pasta - Collins,,9/4/26 2:45 PM,9/4/26 2:52 PM,6 minutes and 25 seconds,*Device Login *Do NOT Remove
IT Italian Trattoria Collins,Carola Facta,89,,Pizza - Collins,,9/4/26 2:45 PM,9/4/26 2:53 PM,7 minutes and 30 seconds,*Device Login *Do NOT Remove
IT Italian Trattoria Collins,Carola Facta,93,,Pasta - Collins,,9/4/26 2:54 PM,9/4/26 3:00 PM,5 minutes and 32 seconds,*Device Login *Do NOT Remove
IT Italian Trattoria Collins,Carola Facta,93,,Drinks - Collins,,9/4/26 2:54 PM,9/4/26 3:00 PM,5 minutes and 32 seconds,*Device Login *Do NOT Remove
IT Italian Trattoria Collins,Carola Facta,93,,No print / Expo - Collins,,9/4/26 2:54 PM,9/4/26 3:00 PM,5 minutes and 32 seconds,*Device Login *Do NOT Remove
IT Italian Trattoria Collins,Carola Facta,93,,No Print - Collins,,9/4/26 2:54 PM,9/4/26 3:00 PM,5 minutes and 32 seconds,*Device Login *Do NOT Remove
IT Italian Trattoria Collins,Carola Facta,93,,Pizza - Collins,,9/4/26 2:54 PM,9/4/26 3:00 PM,5 minutes and 32 seconds,*Device Login *Do NOT Remove
IT Italian Trattoria Collins,Carola Facta,93,,Pizza Pala - Collins,,9/4/26 2:54 PM,9/4/26 3:00 PM,5 minutes and 32 seconds,*Device Login *Do NOT Remove
IT Italian Trattoria Collins,Carola Facta,93,,Pizza - Collins,,9/4/26 2:54 PM,9/4/26 3:01 PM,6 minutes and 57 seconds,*Device Login *Do NOT Remove
IT Italian Trattoria Collins,Default Online Ordering,99,,Pizza - Collins,,9/4/26 3:28 PM,9/4/26 3:38 PM,9 minutes and 10 seconds,*Device Login *Do NOT Remove
IT Italian Trattoria Collins,Default Online Ordering,100,,Pasta - Collins,,9/4/26 3:33 PM,9/4/26 3:46 PM,13 minutes and 19 seconds,*Device Login *Do NOT Remove
IT Italian Trattoria Collins,Carola Facta,107,,No print / Expo - Collins,,9/4/26 4:01 PM,9/4/26 4:06 PM,4 minutes and 45 seconds,*Device Login *Do NOT Remove
IT Italian Trattoria Collins,Carola Facta,107,,No Print - Collins,,9/4/26 4:01 PM,9/4/26 4:06 PM,4 minutes and 45 seconds,*Device Login *Do NOT Remove
IT Italian Trattoria Collins,Carola Facta,107,,Pizza - Collins,,9/4/26 4:01 PM,9/4/26 4:06 PM,4 minutes and 45 seconds,*Device Login *Do NOT Remove
IT Italian Trattoria Collins,Carola Facta,107,,Pizza Pala - Collins,,9/4/26 4:01 PM,9/4/26 4:06 PM,4 minutes and 45 seconds,*Device Login *Do NOT Remove
IT Italian Trattoria Collins,Carola Facta,107,,Drinks - Collins,,9/4/26 4:01 PM,9/4/26 4:06 PM,4 minutes and 45 seconds,*Device Login *Do NOT Remove
IT Italian Trattoria Collins,Carola Facta,107,,Pasta - Collins,,9/4/26 4:01 PM,9/4/26 4:06 PM,4 minutes and 45 seconds,*Device Login *Do NOT Remove
IT Italian Trattoria Collins,Carola Facta,107,,Pasta - Collins,,9/4/26 4:01 PM,9/4/26 4:10 PM,8 minutes and 46 seconds,*Device Login *Do NOT Remove
IT Italian Trattoria Collins,Davide Christopher Paredi,95,,Pizza - Collins,,9/4/26 4:02 PM,9/4/26 4:13 PM,11 minutes and 6 seconds,*Device Login *Do NOT Remove
IT Italian Trattoria Collins,Default Online Ordering,110,,Pizza - Collins,,9/4/26 4:16 PM,9/4/26 4:21 PM,4 minutes and 59 seconds,*Device Login *Do NOT Remove
IT Italian Trattoria Collins,Andrea Rizzi,109,,Pizza - Collins,,9/4/26 4:13 PM,9/4/26 4:21 PM,8 minutes and 39 seconds,*Device Login *Do NOT Remove
IT Italian Trattoria Collins,Default Online Ordering,111,,Pasta - Collins,,9/4/26 4:28 PM,9/4/26 4:35 PM,6 minutes and 59 seconds,*Device Login *Do NOT Remove
IT Italian Trattoria Collins,Yamila Hidalgo,114,,Pizza - Collins,,9/4/26 5:00 PM,9/4/26 5:09 PM,9 minutes and 15 seconds,*Device Login *Do NOT Remove
IT Italian Trattoria Collins,Yamila Hidalgo,114,,Pasta - Collins,,9/4/26 5:00 PM,9/4/26 5:09 PM,9 minutes and 25 seconds,*Device Login *Do NOT Remove
IT Italian Trattoria Collins,Yamila Hidalgo,116,,Pizza - Collins,,9/4/26 5:05 PM,9/4/26 5:12 PM,7 minutes and 3 seconds,*Device Login *Do NOT Remove
IT Italian Trattoria Collins,Andrea Rizzi,119,,Pizza - Collins,,9/4/26 5:20 PM,9/4/26 5:26 PM,6 minutes and 1 second,*Device Login *Do NOT Remove
IT Italian Trattoria Collins,Yamila Hidalgo,120,,Pasta - Collins,,9/4/26 5:45 PM,9/4/26 5:53 PM,7 minutes and 50 seconds,*Device Login *Do NOT Remove
IT Italian Trattoria Collins,Yamila Hidalgo,121,,Pizza - Collins,,9/4/26 5:47 PM,9/4/26 5:55 PM,7 minutes and 56 seconds,*Device Login *Do NOT Remove
IT Italian Trattoria Collins,Yamila Hidalgo,124,,Pasta - Collins,,9/4/26 6:11 PM,9/4/26 6:17 PM,6 minutes and 44 seconds,*Device Login *Do NOT Remove
IT Italian Trattoria Collins,Jonathan Lucero,127,,Pizza - Collins,,9/4/26 6:15 PM,9/4/26 6:21 PM,6 minutes and 50 seconds,*Device Login *Do NOT Remove
IT Italian Trattoria Collins,Jonathan Lucero,126,,Pizza - Collins,,9/4/26 6:13 PM,9/4/26 6:21 PM,8 minutes and 15 seconds,*Device Login *Do NOT Remove
IT Italian Trattoria Collins,Jonathan Lucero,128,,Pizza - Collins,,9/4/26 6:24 PM,9/4/26 6:29 PM,5 minutes and 6 seconds,*Device Login *Do NOT Remove
IT Italian Trattoria Collins,Jonathan Lucero,128,,Pasta - Collins,,9/4/26 6:24 PM,9/4/26 6:30 PM,6 minutes and 19 seconds,*Device Login *Do NOT Remove
IT Italian Trattoria Collins,Jonathan Lucero,130,,Pasta - Collins,,9/4/26 6:32 PM,9/4/26 6:37 PM,5 minutes and 1 second,*Device Login *Do NOT Remove
IT Italian Trattoria Collins,Jonathan Lucero,131,,Pasta - Collins,,9/4/26 6:39 PM,9/4/26 6:42 PM,3 minutes and 51 seconds,*Device Login *Do NOT Remove
IT Italian Trattoria Collins,Yamila Hidalgo,132,,No print / Expo - Collins,,9/4/26 6:40 PM,9/4/26 6:43 PM,3 minutes and 5 seconds,*Device Login *Do NOT Remove
IT Italian Trattoria Collins,Yamila Hidalgo,132,,No Print - Collins,,9/4/26 6:40 PM,9/4/26 6:43 PM,3 minutes and 5 seconds,*Device Login *Do NOT Remove
IT Italian Trattoria Collins,Yamila Hidalgo,132,,Pizza - Collins,,9/4/26 6:40 PM,9/4/26 6:43 PM,3 minutes and 5 seconds,*Device Login *Do NOT Remove
IT Italian Trattoria Collins,Yamila Hidalgo,132,,Pizza Pala - Collins,,9/4/26 6:40 PM,9/4/26 6:43 PM,3 minutes and 5 seconds,*Device Login *Do NOT Remove
IT Italian Trattoria Collins,Yamila Hidalgo,132,,Drinks - Collins,,9/4/26 6:40 PM,9/4/26 6:43 PM,3 minutes and 5 seconds,*Device Login *Do NOT Remove
IT Italian Trattoria Collins,Yamila Hidalgo,132,,Pasta - Collins,,9/4/26 6:40 PM,9/4/26 6:43 PM,3 minutes and 5 seconds,*Device Login *Do NOT Remove
IT Italian Trattoria Collins,Yamila Hidalgo,132,,Pasta - Collins,,9/4/26 6:40 PM,9/4/26 6:44 PM,4 minutes and 34 seconds,*Device Login *Do NOT Remove
IT Italian Trattoria Collins,Yamila Hidalgo,134,,Pasta - Collins,,9/4/26 6:42 PM,9/4/26 6:48 PM,6 minutes and 15 seconds,*Device Login *Do NOT Remove
IT Italian Trattoria Collins,Yamila Hidalgo,134,,Pizza - Collins,,9/4/26 6:42 PM,9/4/26 6:50 PM,7 minutes and 38 seconds,*Device Login *Do NOT Remove
IT Italian Trattoria Collins,Jonathan Lucero,136,,Pizza - Collins,,9/4/26 6:55 PM,9/4/26 7:04 PM,8 minutes and 37 seconds,*Device Login *Do NOT Remove
IT Italian Trattoria Collins,Jonathan Lucero,137,,Pizza - Collins,,9/4/26 6:57 PM,9/4/26 7:04 PM,7 minutes and 24 seconds,*Device Login *Do NOT Remove
IT Italian Trattoria Collins,Jonathan Lucero,138,,Pasta - Collins,,9/4/26 7:11 PM,9/4/26 7:12 PM,1 minute and 12 seconds,*Device Login *Do NOT Remove
IT Italian Trattoria Collins,Default Online Ordering,142,,Pizza - Collins,,9/4/26 7:22 PM,9/4/26 7:27 PM,4 minutes and 43 seconds,*Device Login *Do NOT Remove
IT Italian Trattoria Collins,Jonathan Lucero,145,,Pizza - Collins,,9/4/26 7:27 PM,9/4/26 7:27 PM,15 seconds,*Device Login *Do NOT Remove
IT Italian Trattoria Collins,Jonathan Lucero,145,,Drinks - Collins,,9/4/26 7:27 PM,9/4/26 7:27 PM,15 seconds,*Device Login *Do NOT Remove
IT Italian Trattoria Collins,Jonathan Lucero,145,,No print / Expo - Collins,,9/4/26 7:27 PM,9/4/26 7:27 PM,15 seconds,*Device Login *Do NOT Remove
IT Italian Trattoria Collins,Jonathan Lucero,145,,Pasta - Collins,,9/4/26 7:27 PM,9/4/26 7:27 PM,15 seconds,*Device Login *Do NOT Remove
IT Italian Trattoria Collins,Jonathan Lucero,145,,No Print - Collins,,9/4/26 7:27 PM,9/4/26 7:27 PM,15 seconds,*Device Login *Do NOT Remove
IT Italian Trattoria Collins,Jonathan Lucero,145,,Pizza Pala - Collins,,9/4/26 7:27 PM,9/4/26 7:27 PM,15 seconds,*Device Login *Do NOT Remove
IT Italian Trattoria Collins,Yamila Hidalgo,143,,Pasta - Collins,,9/4/26 7:23 PM,9/4/26 7:30 PM,6 minutes and 28 seconds,*Device Login *Do NOT Remove
IT Italian Trattoria Collins,Jonathan Lucero,146,,Pasta - Collins,,9/4/26 7:30 PM,9/4/26 7:37 PM,7 minutes and 9 seconds,*Device Login *Do NOT Remove
IT Italian Trattoria Collins,Yamila Hidalgo,144,,Pasta - Collins,,9/4/26 7:32 PM,9/4/26 7:42 PM,10 minutes and 48 seconds,*Device Login *Do NOT Remove
IT Italian Trattoria Collins,Jonathan Lucero,148,,Pasta - Collins,,9/4/26 7:34 PM,9/4/26 7:42 PM,8 minutes and 35 seconds,*Device Login *Do NOT Remove
IT Italian Trattoria Collins,Jonathan Lucero,150,,Pizza - Collins,,9/4/26 7:36 PM,9/4/26 7:43 PM,6 minutes and 53 seconds,*Device Login *Do NOT Remove
IT Italian Trattoria Collins,Jonathan Lucero,152,,Pasta - Collins,,9/4/26 7:42 PM,9/4/26 7:47 PM,5 minutes and 30 seconds,*Device Login *Do NOT Remove
IT Italian Trattoria Collins,Jonathan Lucero,153,,Pasta - Collins,,9/4/26 7:50 PM,9/4/26 8:00 PM,9 minutes and 55 seconds,*Device Login *Do NOT Remove
IT Italian Trattoria Collins,Jonathan Lucero,155,,Pasta - Collins,,9/4/26 8:01 PM,9/4/26 8:05 PM,3 minutes and 35 seconds,*Device Login *Do NOT Remove
IT Italian Trattoria Collins,Jonathan Lucero,155,,Pizza - Collins,,9/4/26 8:01 PM,9/4/26 8:08 PM,7 minutes and 2 seconds,*Device Login *Do NOT Remove
IT Italian Trattoria Collins,Andrea Rizzi,157,,Pasta - Collins,,9/4/26 8:03 PM,9/4/26 8:11 PM,7 minutes and 37 seconds,*Device Login *Do NOT Remove
IT Italian Trattoria Collins,Yamila Hidalgo,159,,Pasta - Collins,,9/4/26 8:15 PM,9/4/26 8:15 PM,9 seconds,*Device Login *Do NOT Remove
IT Italian Trattoria Collins,Yamila Hidalgo,159,,Drinks - Collins,,9/4/26 8:15 PM,9/4/26 8:15 PM,9 seconds,*Device Login *Do NOT Remove
IT Italian Trattoria Collins,Yamila Hidalgo,159,,No print / Expo - Collins,,9/4/26 8:15 PM,9/4/26 8:15 PM,9 seconds,*Device Login *Do NOT Remove
IT Italian Trattoria Collins,Yamila Hidalgo,159,,No Print - Collins,,9/4/26 8:15 PM,9/4/26 8:15 PM,9 seconds,*Device Login *Do NOT Remove
IT Italian Trattoria Collins,Yamila Hidalgo,159,,Pizza - Collins,,9/4/26 8:15 PM,9/4/26 8:15 PM,9 seconds,*Device Login *Do NOT Remove
IT Italian Trattoria Collins,Yamila Hidalgo,159,,Pizza Pala - Collins,,9/4/26 8:15 PM,9/4/26 8:15 PM,9 seconds,*Device Login *Do NOT Remove
IT Italian Trattoria Collins,Andrea Rizzi,160,,Drinks - Collins,,9/4/26 8:15 PM,9/4/26 8:15 PM,3 seconds,*Device Login *Do NOT Remove
IT Italian Trattoria Collins,Andrea Rizzi,160,,No print / Expo - Collins,,9/4/26 8:15 PM,9/4/26 8:15 PM,3 seconds,*Device Login *Do NOT Remove
IT Italian Trattoria Collins,Andrea Rizzi,160,,Pasta - Collins,,9/4/26 8:15 PM,9/4/26 8:15 PM,3 seconds,*Device Login *Do NOT Remove
IT Italian Trattoria Collins,Andrea Rizzi,160,,Pizza - Collins,,9/4/26 8:15 PM,9/4/26 8:15 PM,3 seconds,*Device Login *Do NOT Remove
IT Italian Trattoria Collins,Andrea Rizzi,160,,No Print - Collins,,9/4/26 8:15 PM,9/4/26 8:15 PM,3 seconds,*Device Login *Do NOT Remove
IT Italian Trattoria Collins,Andrea Rizzi,160,,Pizza Pala - Collins,,9/4/26 8:15 PM,9/4/26 8:15 PM,3 seconds,*Device Login *Do NOT Remove
IT Italian Trattoria Collins,Yamila Hidalgo,164,,Drinks - Collins,,9/4/26 8:22 PM,9/4/26 8:23 PM,1 minute and 15 seconds,*Device Login *Do NOT Remove
IT Italian Trattoria Collins,Yamila Hidalgo,164,,No print / Expo - Collins,,9/4/26 8:22 PM,9/4/26 8:23 PM,1 minute and 15 seconds,*Device Login *Do NOT Remove
IT Italian Trattoria Collins,Yamila Hidalgo,164,,Pasta - Collins,,9/4/26 8:22 PM,9/4/26 8:23 PM,1 minute and 15 seconds,*Device Login *Do NOT Remove
IT Italian Trattoria Collins,Yamila Hidalgo,164,,Pizza - Collins,,9/4/26 8:22 PM,9/4/26 8:23 PM,1 minute and 15 seconds,*Device Login *Do NOT Remove
IT Italian Trattoria Collins,Yamila Hidalgo,164,,No Print - Collins,,9/4/26 8:22 PM,9/4/26 8:23 PM,1 minute and 15 seconds,*Device Login *Do NOT Remove
IT Italian Trattoria Collins,Yamila Hidalgo,164,,Pizza Pala - Collins,,9/4/26 8:22 PM,9/4/26 8:23 PM,1 minute and 15 seconds,*Device Login *Do NOT Remove
IT Italian Trattoria Collins,Yamila Hidalgo,159,,Pizza - Collins,,9/4/26 8:15 PM,9/4/26 8:26 PM,10 minutes and 59 seconds,*Device Login *Do NOT Remove
IT Italian Trattoria Collins,Andrea Rizzi,160,,Pizza - Collins,,9/4/26 8:15 PM,9/4/26 8:26 PM,10 minutes and 53 seconds,*Device Login *Do NOT Remove
IT Italian Trattoria Collins,Yamila Hidalgo,163,,Pasta - Collins,,9/4/26 8:21 PM,9/4/26 8:27 PM,5 minutes and 58 seconds,*Device Login *Do NOT Remove
IT Italian Trattoria Collins,Yamila Hidalgo,161,,Pizza - Collins,,9/4/26 8:19 PM,9/4/26 8:27 PM,8 minutes and 33 seconds,*Device Login *Do NOT Remove
IT Italian Trattoria Collins,Yamila Hidalgo,166,,Pasta - Collins,,9/4/26 8:27 PM,9/4/26 8:32 PM,4 minutes and 29 seconds,*Device Login *Do NOT Remove
IT Italian Trattoria Collins,Jonathan Lucero,168,,Pasta - Collins,,9/4/26 8:31 PM,9/4/26 8:36 PM,4 minutes and 44 seconds,*Device Login *Do NOT Remove
IT Italian Trattoria Collins,Jonathan Lucero,169,,Drinks - Collins,,9/4/26 8:33 PM,9/4/26 8:37 PM,3 minutes and 20 seconds,*Device Login *Do NOT Remove
IT Italian Trattoria Collins,Jonathan Lucero,169,,No print / Expo - Collins,,9/4/26 8:33 PM,9/4/26 8:37 PM,3 minutes and 20 seconds,*Device Login *Do NOT Remove
IT Italian Trattoria Collins,Jonathan Lucero,169,,Pasta - Collins,,9/4/26 8:33 PM,9/4/26 8:37 PM,3 minutes and 20 seconds,*Device Login *Do NOT Remove
IT Italian Trattoria Collins,Jonathan Lucero,169,,Pizza - Collins,,9/4/26 8:33 PM,9/4/26 8:37 PM,3 minutes and 20 seconds,*Device Login *Do NOT Remove
IT Italian Trattoria Collins,Jonathan Lucero,169,,No Print - Collins,,9/4/26 8:33 PM,9/4/26 8:37 PM,3 minutes and 20 seconds,*Device Login *Do NOT Remove
IT Italian Trattoria Collins,Jonathan Lucero,169,,Pizza Pala - Collins,,9/4/26 8:33 PM,9/4/26 8:37 PM,3 minutes and 20 seconds,*Device Login *Do NOT Remove
IT Italian Trattoria Collins,Yamila Hidalgo,167,,Pasta - Collins,,9/4/26 8:31 PM,9/4/26 8:38 PM,6 minutes and 36 seconds,*Device Login *Do NOT Remove
IT Italian Trattoria Collins,Yamila Hidalgo,167,,Pizza - Collins,,9/4/26 8:31 PM,9/4/26 8:41 PM,9 minutes and 55 seconds,*Device Login *Do NOT Remove
IT Italian Trattoria Collins,Yamila Hidalgo,170,,Pizza - Collins,,9/4/26 8:34 PM,9/4/26 8:41 PM,6 minutes and 58 seconds,*Device Login *Do NOT Remove
IT Italian Trattoria Collins,Jonathan Lucero,168,,Pizza - Collins,,9/4/26 8:31 PM,9/4/26 8:41 PM,9 minutes and 59 seconds,*Device Login *Do NOT Remove
IT Italian Trattoria Collins,Jonathan Lucero,169,,Pasta - Collins,,9/4/26 8:33 PM,9/4/26 8:44 PM,10 minutes and 26 seconds,*Device Login *Do NOT Remove
IT Italian Trattoria Collins,Jonathan Lucero,171,,Pizza - Collins,,9/4/26 8:39 PM,9/4/26 8:46 PM,6 minutes and 49 seconds,*Device Login *Do NOT Remove
IT Italian Trattoria Collins,Andrea Rizzi,174,,Pasta - Collins,,9/4/26 8:41 PM,9/4/26 8:48 PM,6 minutes and 44 seconds,*Device Login *Do NOT Remove
IT Italian Trattoria Collins,Andrea Rizzi,175,,Pasta - Collins,,9/4/26 8:45 PM,9/4/26 8:49 PM,3 minutes and 29 seconds,*Device Login *Do NOT Remove
IT Italian Trattoria Collins,Andrea Rizzi,177,,Pizza - Collins,,9/4/26 8:46 PM,9/4/26 8:52 PM,5 minutes and 47 seconds,*Device Login *Do NOT Remove
IT Italian Trattoria Collins,Jonathan Lucero,176,,Pasta - Collins,,9/4/26 8:49 PM,9/4/26 8:53 PM,4 minutes and 30 seconds,*Device Login *Do NOT Remove
IT Italian Trattoria Collins,Jonathan Lucero,180,,Pizza - Collins,,9/4/26 8:57 PM,9/4/26 9:11 PM,14 minutes and 8 seconds,*Device Login *Do NOT Remove
IT Italian Trattoria Collins,Andrea Rizzi,181,,Pizza - Collins,,9/4/26 9:00 PM,9/4/26 9:11 PM,10 minutes and 29 seconds,*Device Login *Do NOT Remove
IT Italian Trattoria Collins,Jonathan Lucero,182,,Pasta - Collins,,9/4/26 9:13 PM,9/4/26 9:17 PM,3 minutes and 53 seconds,*Device Login *Do NOT Remove
IT Italian Trattoria Collins,Yamila Hidalgo,188,,Pizza - Collins,,9/4/26 9:18 PM,9/4/26 9:23 PM,4 minutes and 54 seconds,*Device Login *Do NOT Remove
IT Italian Trattoria Collins,Yamila Hidalgo,190,,Pasta - Collins,,9/4/26 9:27 PM,9/4/26 9:33 PM,6 minutes and 35 seconds,*Device Login *Do NOT Remove
IT Italian Trattoria Collins,Yamila Hidalgo,192,,Pasta - Collins,,9/4/26 9:28 PM,9/4/26 9:34 PM,5 minutes and 38 seconds,*Device Login *Do NOT Remove
IT Italian Trattoria Collins,Jonathan Lucero,187,,Pizza - Collins,,9/4/26 9:25 PM,9/4/26 9:35 PM,9 minutes and 16 seconds,*Device Login *Do NOT Remove
IT Italian Trattoria Collins,Yamila Hidalgo,193,,Pasta - Collins,,9/4/26 9:30 PM,9/4/26 9:38 PM,8 minutes and 46 seconds,*Device Login *Do NOT Remove
IT Italian Trattoria Collins,Jonathan Lucero,191,,Pasta - Collins,,9/4/26 9:34 PM,9/4/26 9:40 PM,6 minutes and 18 seconds,*Device Login *Do NOT Remove
IT Italian Trattoria Collins,Jonathan Lucero,195,,Pasta - Collins,,9/4/26 9:52 PM,9/4/26 9:57 PM,4 minutes and 46 seconds,*Device Login *Do NOT Remove
IT Italian Trattoria Collins,Jonathan Lucero,195,,Pizza - Collins,,9/4/26 9:52 PM,9/4/26 9:59 PM,6 minutes and 58 seconds,*Device Login *Do NOT Remove
IT Italian Trattoria Collins,Jonathan Lucero,197,,Pasta - Collins,,9/4/26 10:07 PM,9/4/26 10:12 PM,5 minutes and 7 seconds,*Device Login *Do NOT Remove
IT Italian Trattoria Collins,Jonathan Lucero,197,,Pizza - Collins,,9/4/26 10:07 PM,9/4/26 10:14 PM,7 minutes and 35 seconds,*Device Login *Do NOT Remove
IT Italian Trattoria Collins,Andrea Rizzi,199,,Pasta - Collins,,9/4/26 10:09 PM,9/4/26 10:17 PM,8 minutes and 7 seconds,*Device Login *Do NOT Remove
IT Italian Trattoria Collins,Jonathan Lucero,203,,Pasta - Collins,,9/4/26 10:15 PM,9/4/26 10:21 PM,6 minutes and 33 seconds,*Device Login *Do NOT Remove
IT Italian Trattoria Collins,Jonathan Lucero,198,,Pasta - Collins,,9/4/26 10:13 PM,9/4/26 10:23 PM,9 minutes and 38 seconds,*Device Login *Do NOT Remove
IT Italian Trattoria Collins,Jonathan Lucero,205,,Pasta - Collins,,9/4/26 10:18 PM,9/4/26 10:28 PM,10 minutes and 20 seconds,*Device Login *Do NOT Remove
IT Italian Trattoria Collins,Default Online Ordering,207,,Pasta - Collins,,9/4/26 10:19 PM,9/4/26 10:28 PM,9 minutes and 9 seconds,*Device Login *Do NOT Remove
IT Italian Trattoria Collins,Jonathan Lucero,205,,Pizza - Collins,,9/4/26 10:18 PM,9/4/26 10:28 PM,10 minutes and 42 seconds,*Device Login *Do NOT Remove
IT Italian Trattoria Collins,Default Online Ordering,207,,Pizza - Collins,,9/4/26 10:19 PM,9/4/26 10:28 PM,9 minutes and 32 seconds,*Device Login *Do NOT Remove
IT Italian Trattoria Collins,Andrea Rizzi,204,,Pizza - Collins,,9/4/26 10:22 PM,9/4/26 10:31 PM,9 minutes and 2 seconds,*Device Login *Do NOT Remove
IT Italian Trattoria Collins,Andrea Rizzi,204,,Pasta - Collins,,9/4/26 10:22 PM,9/4/26 10:33 PM,11 minutes and 27 seconds,*Device Login *Do NOT Remove
IT Italian Trattoria Collins,Jonathan Lucero,208,,Pizza - Collins,,9/4/26 10:26 PM,9/4/26 10:34 PM,8 minutes and 44 seconds,*Device Login *Do NOT Remove
IT Italian Trattoria Collins,Andrea Rizzi,211,,Pasta - Collins,,9/4/26 10:28 PM,9/4/26 10:35 PM,6 minutes and 53 seconds,*Device Login *Do NOT Remove
IT Italian Trattoria Collins,Andrea Rizzi,211,,Pizza - Collins,,9/4/26 10:28 PM,9/4/26 10:39 PM,10 minutes and 23 seconds,*Device Login *Do NOT Remove
IT Italian Trattoria Collins,Andrea Rizzi,209,,Pizza - Collins,,9/4/26 10:26 PM,9/4/26 10:39 PM,13 minutes and 7 seconds,*Device Login *Do NOT Remove
IT Italian Trattoria Collins,Andrea Rizzi,212,,Pasta - Collins,,9/4/26 10:31 PM,9/4/26 10:39 PM,8 minutes and 41 seconds,*Device Login *Do NOT Remove
IT Italian Trattoria Collins,Andrea Rizzi,214,,Pasta - Collins,,9/4/26 10:33 PM,9/4/26 10:39 PM,6 minutes and 25 seconds,*Device Login *Do NOT Remove
IT Italian Trattoria Collins,Jonathan Lucero,213,,Pizza - Collins,,9/4/26 10:33 PM,9/4/26 10:41 PM,7 minutes and 58 seconds,*Device Login *Do NOT Remove
IT Italian Trattoria Collins,Andrea Rizzi,220,,Pasta - Collins,,9/4/26 10:40 PM,9/4/26 10:45 PM,5 minutes and 1 second,*Device Login *Do NOT Remove
IT Italian Trattoria Collins,Andrea Rizzi,219,,Pizza - Collins,,9/4/26 10:39 PM,9/4/26 10:50 PM,11 minutes and 47 seconds,*Device Login *Do NOT Remove
IT Italian Trattoria Collins,Jonathan Lucero,216,,Pizza - Collins,,9/4/26 10:37 PM,9/4/26 10:50 PM,13 minutes and 15 seconds,*Device Login *Do NOT Remove
IT Italian Trattoria Collins,Andrea Rizzi,225,,Pasta - Collins,,9/4/26 11:23 PM,9/4/26 11:28 PM,5 minutes and 12 seconds,*Device Login *Do NOT Remove
IT Italian Trattoria Collins,Andrea Rizzi,225,,Pizza - Collins,,9/4/26 11:23 PM,9/4/26 11:29 PM,5 minutes and 16 seconds,*Device Login *Do NOT Remove
IT Italian Trattoria Collins,Andrea Rizzi,226,,Drinks - Collins,,9/4/26 11:29 PM,9/4/26 11:30 PM,12 seconds,*Device Login *Do NOT Remove
IT Italian Trattoria Collins,Andrea Rizzi,226,,No print / Expo - Collins,,9/4/26 11:29 PM,9/4/26 11:30 PM,12 seconds,*Device Login *Do NOT Remove
IT Italian Trattoria Collins,Andrea Rizzi,226,,Pasta - Collins,,9/4/26 11:29 PM,9/4/26 11:30 PM,12 seconds,*Device Login *Do NOT Remove
IT Italian Trattoria Collins,Andrea Rizzi,226,,Pizza - Collins,,9/4/26 11:29 PM,9/4/26 11:30 PM,12 seconds,*Device Login *Do NOT Remove
IT Italian Trattoria Collins,Andrea Rizzi,226,,No Print - Collins,,9/4/26 11:29 PM,9/4/26 11:30 PM,12 seconds,*Device Login *Do NOT Remove
IT Italian Trattoria Collins,Andrea Rizzi,226,,Pizza Pala - Collins,,9/4/26 11:29 PM,9/4/26 11:30 PM,12 seconds,*Device Login *Do NOT Remove
IT Italian Trattoria Collins,Andrea Rizzi,227,,Drinks - Collins,,9/4/26 11:52 PM,9/4/26 11:58 PM,6 minutes and 11 seconds,*Device Login *Do NOT Remove
IT Italian Trattoria Collins,Andrea Rizzi,227,,No print / Expo - Collins,,9/4/26 11:52 PM,9/4/26 11:58 PM,6 minutes and 11 seconds,*Device Login *Do NOT Remove
IT Italian Trattoria Collins,Andrea Rizzi,227,,Pasta - Collins,,9/4/26 11:52 PM,9/4/26 11:58 PM,6 minutes and 11 seconds,*Device Login *Do NOT Remove
IT Italian Trattoria Collins,Andrea Rizzi,227,,Pizza - Collins,,9/4/26 11:52 PM,9/4/26 11:58 PM,6 minutes and 11 seconds,*Device Login *Do NOT Remove
IT Italian Trattoria Collins,Andrea Rizzi,227,,No Print - Collins,,9/4/26 11:52 PM,9/4/26 11:58 PM,6 minutes and 11 seconds,*Device Login *Do NOT Remove
IT Italian Trattoria Collins,Andrea Rizzi,227,,Pizza Pala - Collins,,9/4/26 11:52 PM,9/4/26 11:58 PM,6 minutes and 11 seconds,*Device Login *Do NOT Remove
IT Italian Trattoria Collins,Andrea Rizzi,227,,Pasta - Collins,,9/4/26 11:52 PM,9/5/26 12:01 AM,8 minutes and 29 seconds,*Device Login *Do NOT Remove
IT Italian Trattoria Collins,Charles Hernandez,1,,Pasta - Collins,,9/5/26 7:19 AM,9/5/26 7:22 AM,3 minutes and 1 second,*Device Login *Do NOT Remove
IT Italian Trattoria Collins,Charles Hernandez,3,,Pasta - Collins,,9/5/26 8:02 AM,9/5/26 8:05 AM,3 minutes and 5 seconds,*Device Login *Do NOT Remove
IT Italian Trattoria Collins,Charles Hernandez,7,,Pasta - Collins,,9/5/26 8:13 AM,9/5/26 8:16 AM,2 minutes and 56 seconds,*Device Login *Do NOT Remove
IT Italian Trattoria Collins,Charles Hernandez,11,,Pasta - Collins,,9/5/26 8:36 AM,9/5/26 8:49 AM,12 minutes and 59 seconds,*Device Login *Do NOT Remove
IT Italian Trattoria Collins,Charles Hernandez,16,,Pasta - Collins,,9/5/26 8:47 AM,9/5/26 8:54 AM,6 minutes and 59 seconds,*Device Login *Do NOT Remove
IT Italian Trattoria Collins,Charles Hernandez,17,,Pasta - Collins,,9/5/26 8:48 AM,9/5/26 8:54 AM,5 minutes and 36 seconds,*Device Login *Do NOT Remove
IT Italian Trattoria Collins,Charles Hernandez,18,,Pasta - Collins,,9/5/26 8:52 AM,9/5/26 8:59 AM,6 minutes and 59 seconds,*Device Login *Do NOT Remove
IT Italian Trattoria Collins,Charles Hernandez,24,,Pasta - Collins,,9/5/26 9:06 AM,9/5/26 9:07 AM,1 minute and 34 seconds,*Device Login *Do NOT Remove
IT Italian Trattoria Collins,Charles Hernandez,25,,Drinks - Collins,,9/5/26 9:08 AM,9/5/26 9:09 AM,1 minute and 18 seconds,*Device Login *Do NOT Remove
IT Italian Trattoria Collins,Charles Hernandez,25,,No print / Expo - Collins,,9/5/26 9:08 AM,9/5/26 9:09 AM,1 minute and 18 seconds,*Device Login *Do NOT Remove
IT Italian Trattoria Collins,Charles Hernandez,25,,Pasta - Collins,,9/5/26 9:08 AM,9/5/26 9:09 AM,1 minute and 18 seconds,*Device Login *Do NOT Remove
IT Italian Trattoria Collins,Charles Hernandez,25,,Pizza - Collins,,9/5/26 9:08 AM,9/5/26 9:09 AM,1 minute and 18 seconds,*Device Login *Do NOT Remove
IT Italian Trattoria Collins,Charles Hernandez,25,,No Print - Collins,,9/5/26 9:08 AM,9/5/26 9:09 AM,1 minute and 18 seconds,*Device Login *Do NOT Remove
IT Italian Trattoria Collins,Charles Hernandez,25,,Pizza Pala - Collins,,9/5/26 9:08 AM,9/5/26 9:09 AM,1 minute and 18 seconds,*Device Login *Do NOT Remove
IT Italian Trattoria Collins,Charles Hernandez,33,,Drinks - Collins,,9/5/26 9:19 AM,9/5/26 9:21 AM,1 minute and 42 seconds,*Device Login *Do NOT Remove
IT Italian Trattoria Collins,Charles Hernandez,33,,No print / Expo - Collins,,9/5/26 9:19 AM,9/5/26 9:21 AM,1 minute and 42 seconds,*Device Login *Do NOT Remove
IT Italian Trattoria Collins,Charles Hernandez,33,,Pasta - Collins,,9/5/26 9:19 AM,9/5/26 9:21 AM,1 minute and 42 seconds,*Device Login *Do NOT Remove
IT Italian Trattoria Collins,Charles Hernandez,33,,Pizza - Collins,,9/5/26 9:19 AM,9/5/26 9:21 AM,1 minute and 42 seconds,*Device Login *Do NOT Remove
IT Italian Trattoria Collins,Charles Hernandez,33,,No Print - Collins,,9/5/26 9:19 AM,9/5/26 9:21 AM,1 minute and 42 seconds,*Device Login *Do NOT Remove
IT Italian Trattoria Collins,Charles Hernandez,33,,Pizza Pala - Collins,,9/5/26 9:19 AM,9/5/26 9:21 AM,1 minute and 42 seconds,*Device Login *Do NOT Remove
IT Italian Trattoria Collins,Charles Hernandez,31,,Pasta - Collins,,9/5/26 9:16 AM,9/5/26 9:21 AM,4 minutes and 44 seconds,*Device Login *Do NOT Remove
IT Italian Trattoria Collins,Charles Hernandez,32,,Pasta - Collins,,9/5/26 9:18 AM,9/5/26 9:26 AM,7 minutes and 16 seconds,*Device Login *Do NOT Remove
IT Italian Trattoria Collins,Charles Hernandez,36,,Pasta - Collins,,9/5/26 9:25 AM,9/5/26 9:26 AM,17 seconds,*Device Login *Do NOT Remove
IT Italian Trattoria Collins,Charles Hernandez,35,,Pasta - Collins,,9/5/26 9:23 AM,9/5/26 9:26 AM,2 minutes and 53 seconds,*Device Login *Do NOT Remove
IT Italian Trattoria Collins,Charles Hernandez,41,,Pasta - Collins,,9/5/26 9:31 AM,9/5/26 9:39 AM,7 minutes and 16 seconds,*Device Login *Do NOT Remove
IT Italian Trattoria Collins,Charles Hernandez,48,,Pasta - Collins,,9/5/26 9:47 AM,9/5/26 9:49 AM,1 minute and 22 seconds,*Device Login *Do NOT Remove
IT Italian Trattoria Collins,Charles Hernandez,46,,Pasta - Collins,,9/5/26 9:43 AM,9/5/26 9:49 AM,5 minutes and 55 seconds,*Device Login *Do NOT Remove
IT Italian Trattoria Collins,Charles Hernandez,47,,Pasta - Collins,,9/5/26 9:44 AM,9/5/26 9:51 AM,6 minutes and 41 seconds,*Device Login *Do NOT Remove
IT Italian Trattoria Collins,Charles Hernandez,49,,Pasta - Collins,,9/5/26 9:50 AM,9/5/26 9:51 AM,48 seconds,*Device Login *Do NOT Remove
IT Italian Trattoria Collins,Charles Hernandez,51,,Drinks - Collins,,9/5/26 9:53 AM,9/5/26 9:57 AM,4 minutes and 1 second,*Device Login *Do NOT Remove
IT Italian Trattoria Collins,Charles Hernandez,51,,No print / Expo - Collins,,9/5/26 9:53 AM,9/5/26 9:57 AM,4 minutes and 1 second,*Device Login *Do NOT Remove
IT Italian Trattoria Collins,Charles Hernandez,51,,Pasta - Collins,,9/5/26 9:53 AM,9/5/26 9:57 AM,4 minutes and 1 second,*Device Login *Do NOT Remove
IT Italian Trattoria Collins,Charles Hernandez,51,,Pizza - Collins,,9/5/26 9:53 AM,9/5/26 9:57 AM,4 minutes and 1 second,*Device Login *Do NOT Remove
IT Italian Trattoria Collins,Charles Hernandez,51,,No Print - Collins,,9/5/26 9:53 AM,9/5/26 9:57 AM,4 minutes and 1 second,*Device Login *Do NOT Remove
IT Italian Trattoria Collins,Charles Hernandez,51,,Pizza Pala - Collins,,9/5/26 9:53 AM,9/5/26 9:57 AM,4 minutes and 1 second,*Device Login *Do NOT Remove
IT Italian Trattoria Collins,Charles Hernandez,56,,Pasta - Collins,,9/5/26 9:56 AM,9/5/26 10:00 AM,4 minutes and 13 seconds,*Device Login *Do NOT Remove
IT Italian Trattoria Collins,Charles Hernandez,61,,Pasta - Collins,,9/5/26 10:02 AM,9/5/26 10:05 AM,2 minutes and 29 seconds,*Device Login *Do NOT Remove
IT Italian Trattoria Collins,Charles Hernandez,60,,Pasta - Collins,,9/5/26 10:00 AM,9/5/26 10:05 AM,4 minutes and 21 seconds,*Device Login *Do NOT Remove
IT Italian Trattoria Collins,Charles Hernandez,62,,Pasta - Collins,,9/5/26 10:09 AM,9/5/26 10:14 AM,4 minutes and 34 seconds,*Device Login *Do NOT Remove
IT Italian Trattoria Collins,Charles Hernandez,65,,Pasta - Collins,,9/5/26 10:19 AM,9/5/26 10:23 AM,3 minutes and 55 seconds,*Device Login *Do NOT Remove
IT Italian Trattoria Collins,Charles Hernandez,70,,Pasta - Collins,,9/5/26 10:28 AM,9/5/26 10:32 AM,4 minutes and 33 seconds,*Device Login *Do NOT Remove
IT Italian Trattoria Collins,Charles Hernandez,69,,Pasta - Collins,,9/5/26 10:26 AM,9/5/26 10:32 AM,5 minutes and 58 seconds,*Device Login *Do NOT Remove
IT Italian Trattoria Collins,Charles Hernandez,72,,Pasta - Collins,,9/5/26 10:33 AM,9/5/26 10:36 AM,3 minutes and 21 seconds,*Device Login *Do NOT Remove
IT Italian Trattoria Collins,Charles Hernandez,74,,Pasta - Collins,,9/5/26 10:41 AM,9/5/26 10:42 AM,47 seconds,*Device Login *Do NOT Remove
IT Italian Trattoria Collins,Charles Hernandez,77,,Pizza - Collins,,9/5/26 11:03 AM,9/5/26 11:16 AM,12 minutes and 50 seconds,*Device Login *Do NOT Remove
IT Italian Trattoria Collins,Charles Hernandez,80,,Pasta - Collins,,9/5/26 11:20 AM,9/5/26 11:21 AM,1 minute and 24 seconds,*Device Login *Do NOT Remove
IT Italian Trattoria Collins,Charles Hernandez,80,,Drinks - Collins,,9/5/26 11:20 AM,9/5/26 11:21 AM,1 minute and 24 seconds,*Device Login *Do NOT Remove
IT Italian Trattoria Collins,Charles Hernandez,80,,No print / Expo - Collins,,9/5/26 11:20 AM,9/5/26 11:21 AM,1 minute and 24 seconds,*Device Login *Do NOT Remove
IT Italian Trattoria Collins,Charles Hernandez,80,,No Print - Collins,,9/5/26 11:20 AM,9/5/26 11:21 AM,1 minute and 24 seconds,*Device Login *Do NOT Remove
IT Italian Trattoria Collins,Charles Hernandez,80,,Pizza - Collins,,9/5/26 11:20 AM,9/5/26 11:21 AM,1 minute and 24 seconds,*Device Login *Do NOT Remove
IT Italian Trattoria Collins,Charles Hernandez,80,,Pizza Pala - Collins,,9/5/26 11:20 AM,9/5/26 11:21 AM,1 minute and 24 seconds,*Device Login *Do NOT Remove
IT Italian Trattoria Collins,Charles Hernandez,81,,Pizza - Collins,,9/5/26 11:28 AM,9/5/26 11:44 AM,15 minutes and 33 seconds,*Device Login *Do NOT Remove
IT Italian Trattoria Collins,Charles Hernandez,87,,Pizza - Collins,,9/5/26 11:55 AM,9/5/26 12:00 PM,5 minutes and 36 seconds,*Device Login *Do NOT Remove
IT Italian Trattoria Collins,Charles Hernandez,87,,Pasta - Collins,,9/5/26 11:55 AM,9/5/26 12:03 PM,8 minutes and 13 seconds,*Device Login *Do NOT Remove
IT Italian Trattoria Collins,Charles Hernandez,88,,Pizza - Collins,,9/5/26 11:56 AM,9/5/26 12:05 PM,8 minutes and 56 seconds,*Device Login *Do NOT Remove
IT Italian Trattoria Collins,Charles Hernandez,91,,Pasta - Collins,,9/5/26 12:05 PM,9/5/26 12:06 PM,1 minute and 13 seconds,*Device Login *Do NOT Remove
IT Italian Trattoria Collins,Charles Hernandez,91,,No print / Expo - Collins,,9/5/26 12:05 PM,9/5/26 12:06 PM,1 minute and 13 seconds,*Device Login *Do NOT Remove
IT Italian Trattoria Collins,Charles Hernandez,91,,Pizza - Collins,,9/5/26 12:05 PM,9/5/26 12:06 PM,1 minute and 13 seconds,*Device Login *Do NOT Remove
IT Italian Trattoria Collins,Charles Hernandez,92,,Pizza - Collins,,9/5/26 12:14 PM,9/5/26 12:20 PM,5 minutes and 35 seconds,*Device Login *Do NOT Remove
IT Italian Trattoria Collins,Charles Hernandez,94,,Pasta - Collins,,9/5/26 12:22 PM,9/5/26 12:27 PM,5 minutes and 19 seconds,*Device Login *Do NOT Remove
IT Italian Trattoria Collins,Charles Hernandez,94,,Pizza - Collins,,9/5/26 12:22 PM,9/5/26 12:29 PM,6 minutes and 46 seconds,*Device Login *Do NOT Remove
IT Italian Trattoria Collins,Charles Hernandez,95,,Drinks - Collins,,9/5/26 12:36 PM,9/5/26 12:38 PM,1 minute and 50 seconds,*Device Login *Do NOT Remove
IT Italian Trattoria Collins,Charles Hernandez,95,,No print / Expo - Collins,,9/5/26 12:36 PM,9/5/26 12:38 PM,1 minute and 50 seconds,*Device Login *Do NOT Remove
IT Italian Trattoria Collins,Charles Hernandez,95,,Pasta - Collins,,9/5/26 12:36 PM,9/5/26 12:38 PM,1 minute and 50 seconds,*Device Login *Do NOT Remove
IT Italian Trattoria Collins,Charles Hernandez,95,,Pizza - Collins,,9/5/26 12:36 PM,9/5/26 12:38 PM,1 minute and 50 seconds,*Device Login *Do NOT Remove
IT Italian Trattoria Collins,Charles Hernandez,95,,No Print - Collins,,9/5/26 12:36 PM,9/5/26 12:38 PM,1 minute and 50 seconds,*Device Login *Do NOT Remove
IT Italian Trattoria Collins,Charles Hernandez,95,,Pizza Pala - Collins,,9/5/26 12:36 PM,9/5/26 12:38 PM,1 minute and 50 seconds,*Device Login *Do NOT Remove
IT Italian Trattoria Collins,Charles Hernandez,96,,Drinks - Collins,,9/5/26 12:42 PM,9/5/26 12:43 PM,43 seconds,*Device Login *Do NOT Remove
IT Italian Trattoria Collins,Charles Hernandez,96,,No print / Expo - Collins,,9/5/26 12:42 PM,9/5/26 12:43 PM,43 seconds,*Device Login *Do NOT Remove
IT Italian Trattoria Collins,Charles Hernandez,96,,Pasta - Collins,,9/5/26 12:42 PM,9/5/26 12:43 PM,43 seconds,*Device Login *Do NOT Remove
IT Italian Trattoria Collins,Charles Hernandez,96,,Pizza - Collins,,9/5/26 12:42 PM,9/5/26 12:43 PM,43 seconds,*Device Login *Do NOT Remove
IT Italian Trattoria Collins,Charles Hernandez,96,,No Print - Collins,,9/5/26 12:42 PM,9/5/26 12:43 PM,43 seconds,*Device Login *Do NOT Remove
IT Italian Trattoria Collins,Charles Hernandez,96,,Pizza Pala - Collins,,9/5/26 12:42 PM,9/5/26 12:43 PM,43 seconds,*Device Login *Do NOT Remove
IT Italian Trattoria Collins,Charles Hernandez,96,,Pizza - Collins,,9/5/26 12:42 PM,9/5/26 12:43 PM,58 seconds,*Device Login *Do NOT Remove
IT Italian Trattoria Collins,Charles Hernandez,97,,Pizza - Collins,,9/5/26 12:50 PM,9/5/26 12:56 PM,5 minutes and 24 seconds,*Device Login *Do NOT Remove
IT Italian Trattoria Collins,Charles Hernandez,98,,Drinks - Collins,,9/5/26 12:59 PM,9/5/26 1:01 PM,2 minutes and 29 seconds,*Device Login *Do NOT Remove
IT Italian Trattoria Collins,Charles Hernandez,98,,No print / Expo - Collins,,9/5/26 12:59 PM,9/5/26 1:01 PM,2 minutes and 29 seconds,*Device Login *Do NOT Remove
IT Italian Trattoria Collins,Charles Hernandez,98,,Pasta - Collins,,9/5/26 12:59 PM,9/5/26 1:01 PM,2 minutes and 29 seconds,*Device Login *Do NOT Remove
IT Italian Trattoria Collins,Charles Hernandez,98,,Pizza - Collins,,9/5/26 12:59 PM,9/5/26 1:01 PM,2 minutes and 29 seconds,*Device Login *Do NOT Remove
IT Italian Trattoria Collins,Charles Hernandez,98,,No Print - Collins,,9/5/26 12:59 PM,9/5/26 1:01 PM,2 minutes and 29 seconds,*Device Login *Do NOT Remove
IT Italian Trattoria Collins,Charles Hernandez,98,,Pizza Pala - Collins,,9/5/26 12:59 PM,9/5/26 1:01 PM,2 minutes and 29 seconds,*Device Login *Do NOT Remove
IT Italian Trattoria Collins,Charles Hernandez,100,,Pasta - Collins,,9/5/26 12:59 PM,9/5/26 1:08 PM,8 minutes and 43 seconds,*Device Login *Do NOT Remove
IT Italian Trattoria Collins,Charles Hernandez,101,,Pasta - Collins,,9/5/26 1:00 PM,9/5/26 1:08 PM,8 minutes and 11 seconds,*Device Login *Do NOT Remove
IT Italian Trattoria Collins,Charles Hernandez,105,,Pasta - Collins,,9/5/26 1:03 PM,9/5/26 1:12 PM,8 minutes and 37 seconds,*Device Login *Do NOT Remove
IT Italian Trattoria Collins,Charles Hernandez,110,,Pizza - Collins,,9/5/26 1:05 PM,9/5/26 1:12 PM,7 minutes and 1 second,*Device Login *Do NOT Remove
IT Italian Trattoria Collins,Charles Hernandez,107,,Pasta - Collins,,9/5/26 1:04 PM,9/5/26 1:12 PM,7 minutes and 43 seconds,*Device Login *Do NOT Remove
IT Italian Trattoria Collins,Charles Hernandez,111,,Pizza - Collins,,9/5/26 1:07 PM,9/5/26 1:13 PM,5 minutes and 59 seconds,*Device Login *Do NOT Remove
IT Italian Trattoria Collins,Charles Hernandez,111,,No print / Expo - Collins,,9/5/26 1:07 PM,9/5/26 1:13 PM,5 minutes and 59 seconds,*Device Login *Do NOT Remove
IT Italian Trattoria Collins,Charles Hernandez,111,,No Print - Collins,,9/5/26 1:07 PM,9/5/26 1:13 PM,5 minutes and 59 seconds,*Device Login *Do NOT Remove
IT Italian Trattoria Collins,Charles Hernandez,111,,Pizza Pala - Collins,,9/5/26 1:07 PM,9/5/26 1:13 PM,5 minutes and 59 seconds,*Device Login *Do NOT Remove
IT Italian Trattoria Collins,Charles Hernandez,111,,Drinks - Collins,,9/5/26 1:07 PM,9/5/26 1:13 PM,5 minutes and 59 seconds,*Device Login *Do NOT Remove
IT Italian Trattoria Collins,Charles Hernandez,111,,Pasta - Collins,,9/5/26 1:07 PM,9/5/26 1:13 PM,5 minutes and 59 seconds,*Device Login *Do NOT Remove
IT Italian Trattoria Collins,Charles Hernandez,115,,Drinks - Collins,,9/5/26 1:13 PM,9/5/26 1:13 PM,3 seconds,*Device Login *Do NOT Remove
IT Italian Trattoria Collins,Charles Hernandez,115,,No print / Expo - Collins,,9/5/26 1:13 PM,9/5/26 1:13 PM,3 seconds,*Device Login *Do NOT Remove
IT Italian Trattoria Collins,Charles Hernandez,115,,Pasta - Collins,,9/5/26 1:13 PM,9/5/26 1:13 PM,3 seconds,*Device Login *Do NOT Remove
IT Italian Trattoria Collins,Charles Hernandez,115,,Pizza - Collins,,9/5/26 1:13 PM,9/5/26 1:13 PM,3 seconds,*Device Login *Do NOT Remove
IT Italian Trattoria Collins,Charles Hernandez,115,,No Print - Collins,,9/5/26 1:13 PM,9/5/26 1:13 PM,3 seconds,*Device Login *Do NOT Remove
IT Italian Trattoria Collins,Charles Hernandez,115,,Pizza Pala - Collins,,9/5/26 1:13 PM,9/5/26 1:13 PM,3 seconds,*Device Login *Do NOT Remove
IT Italian Trattoria Collins,Charles Hernandez,109,,Pasta - Collins,,9/5/26 1:04 PM,9/5/26 1:14 PM,9 minutes and 3 seconds,*Device Login *Do NOT Remove
IT Italian Trattoria Collins,Davide Christopher Paredi,106,,Pasta - Collins,,9/5/26 1:03 PM,9/5/26 1:14 PM,10 minutes and 23 seconds,*Device Login *Do NOT Remove
IT Italian Trattoria Collins,Davide Christopher Paredi,113,,Pizza - Collins,,9/5/26 1:09 PM,9/5/26 1:15 PM,5 minutes and 50 seconds,*Device Login *Do NOT Remove
IT Italian Trattoria Collins,Davide Christopher Paredi,108,,Pasta - Collins,,9/5/26 1:07 PM,9/5/26 1:17 PM,9 minutes and 41 seconds,*Device Login *Do NOT Remove
IT Italian Trattoria Collins,Charles Hernandez,111,,Pasta - Collins,,9/5/26 1:07 PM,9/5/26 1:22 PM,14 minutes and 20 seconds,*Device Login *Do NOT Remove
IT Italian Trattoria Collins,Charles Hernandez,112,,Pasta - Collins,,9/5/26 1:11 PM,9/5/26 1:22 PM,10 minutes and 44 seconds,*Device Login *Do NOT Remove
IT Italian Trattoria Collins,Davide Christopher Paredi,114,,Pizza - Collins,,9/5/26 1:12 PM,9/5/26 1:24 PM,11 minutes and 55 seconds,*Device Login *Do NOT Remove
IT Italian Trattoria Collins,Charles Hernandez,117,,Pizza - Collins,,9/5/26 1:30 PM,9/5/26 1:39 PM,8 minutes and 56 seconds,*Device Login *Do NOT Remove
IT Italian Trattoria Collins,Davide Christopher Paredi,116,,Pasta - Collins,,9/5/26 1:41 PM,9/5/26 1:45 PM,3 minutes and 55 seconds,*Device Login *Do NOT Remove
IT Italian Trattoria Collins,Charles Hernandez,119,,Pasta - Collins,,9/5/26 1:37 PM,9/5/26 1:45 PM,8 minutes and 38 seconds,*Device Login *Do NOT Remove
IT Italian Trattoria Collins,Charles Hernandez,122,,Pizza - Collins,,9/5/26 1:41 PM,9/5/26 1:52 PM,11 minutes and 5 seconds,*Device Login *Do NOT Remove
IT Italian Trattoria Collins,Charles Hernandez,123,,Pizza - Collins,,9/5/26 1:42 PM,9/5/26 1:52 PM,9 minutes and 32 seconds,*Device Login *Do NOT Remove
IT Italian Trattoria Collins,Charles Hernandez,125,,Pasta - Collins,,9/5/26 1:51 PM,9/5/26 1:58 PM,6 minutes and 31 seconds,*Device Login *Do NOT Remove
IT Italian Trattoria Collins,Charles Hernandez,126,,Pizza - Collins,,9/5/26 1:52 PM,9/5/26 1:59 PM,6 minutes and 31 seconds,*Device Login *Do NOT Remove
IT Italian Trattoria Collins,Davide Christopher Paredi,124,,Pizza - Collins,,9/5/26 1:55 PM,9/5/26 2:04 PM,9 minutes and 13 seconds,*Device Login *Do NOT Remove
IT Italian Trattoria Collins,Charles Hernandez,127,,Pizza - Collins,,9/5/26 2:10 PM,9/5/26 2:22 PM,11 minutes and 24 seconds,*Device Login *Do NOT Remove
IT Italian Trattoria Collins,Charles Hernandez,130,,Pasta - Collins,,9/5/26 2:22 PM,9/5/26 2:28 PM,6 minutes and 46 seconds,*Device Login *Do NOT Remove
IT Italian Trattoria Collins,Charles Hernandez,130,,Pizza - Collins,,9/5/26 2:22 PM,9/5/26 2:36 PM,14 minutes and 19 seconds,*Device Login *Do NOT Remove
IT Italian Trattoria Collins,Charles Hernandez,133,,Pasta - Collins,,9/5/26 2:31 PM,9/5/26 2:42 PM,11 minutes and 13 seconds,*Device Login *Do NOT Remove
IT Italian Trattoria Collins,Charles Hernandez,135,,Pizza - Collins,,9/5/26 2:40 PM,9/5/26 2:47 PM,6 minutes and 45 seconds,*Device Login *Do NOT Remove
IT Italian Trattoria Collins,Charles Hernandez,134,,Pasta - Collins,,9/5/26 2:38 PM,9/5/26 2:48 PM,9 minutes and 41 seconds,*Device Login *Do NOT Remove
IT Italian Trattoria Collins,Charles Hernandez,139,,Drinks - Collins,,9/5/26 2:58 PM,9/5/26 3:03 PM,4 minutes and 25 seconds,*Device Login *Do NOT Remove
IT Italian Trattoria Collins,Charles Hernandez,139,,No print / Expo - Collins,,9/5/26 2:58 PM,9/5/26 3:03 PM,4 minutes and 25 seconds,*Device Login *Do NOT Remove
IT Italian Trattoria Collins,Charles Hernandez,139,,Pasta - Collins,,9/5/26 2:58 PM,9/5/26 3:03 PM,4 minutes and 25 seconds,*Device Login *Do NOT Remove
IT Italian Trattoria Collins,Charles Hernandez,139,,Pizza - Collins,,9/5/26 2:58 PM,9/5/26 3:03 PM,4 minutes and 25 seconds,*Device Login *Do NOT Remove
IT Italian Trattoria Collins,Charles Hernandez,139,,No Print - Collins,,9/5/26 2:58 PM,9/5/26 3:03 PM,4 minutes and 25 seconds,*Device Login *Do NOT Remove
IT Italian Trattoria Collins,Charles Hernandez,139,,Pizza Pala - Collins,,9/5/26 2:58 PM,9/5/26 3:03 PM,4 minutes and 25 seconds,*Device Login *Do NOT Remove
IT Italian Trattoria Collins,Charles Hernandez,138,,Pizza - Collins,,9/5/26 2:54 PM,9/5/26 3:03 PM,8 minutes and 18 seconds,*Device Login *Do NOT Remove
IT Italian Trattoria Collins,Charles Hernandez,138,,Pasta - Collins,,9/5/26 2:54 PM,9/5/26 3:03 PM,8 minutes and 51 seconds,*Device Login *Do NOT Remove
IT Italian Trattoria Collins,Charles Hernandez,139,,Pasta - Collins,,9/5/26 2:58 PM,9/5/26 3:04 PM,5 minutes and 42 seconds,*Device Login *Do NOT Remove
IT Italian Trattoria Collins,Charles Hernandez,140,,Pasta - Collins,,9/5/26 3:00 PM,9/5/26 3:10 PM,10 minutes and 15 seconds,*Device Login *Do NOT Remove
IT Italian Trattoria Collins,Charles Hernandez,140,,Drinks - Collins,,9/5/26 3:00 PM,9/5/26 3:10 PM,10 minutes and 15 seconds,*Device Login *Do NOT Remove
IT Italian Trattoria Collins,Charles Hernandez,140,,No print / Expo - Collins,,9/5/26 3:00 PM,9/5/26 3:10 PM,10 minutes and 15 seconds,*Device Login *Do NOT Remove
IT Italian Trattoria Collins,Charles Hernandez,140,,Pizza - Collins,,9/5/26 3:00 PM,9/5/26 3:10 PM,10 minutes and 15 seconds,*Device Login *Do NOT Remove
IT Italian Trattoria Collins,Charles Hernandez,140,,No Print - Collins,,9/5/26 3:00 PM,9/5/26 3:10 PM,10 minutes and 15 seconds,*Device Login *Do NOT Remove
IT Italian Trattoria Collins,Charles Hernandez,140,,Pizza Pala - Collins,,9/5/26 3:00 PM,9/5/26 3:10 PM,10 minutes and 15 seconds,*Device Login *Do NOT Remove
IT Italian Trattoria Collins,Charles Hernandez,141,,Pasta - Collins,,9/5/26 3:14 PM,9/5/26 3:22 PM,7 minutes and 24 seconds,*Device Login *Do NOT Remove
IT Italian Trattoria Collins,Charles Hernandez,142,,Pasta - Collins,,9/5/26 3:27 PM,9/5/26 3:31 PM,3 minutes and 56 seconds,*Device Login *Do NOT Remove
IT Italian Trattoria Collins,Charles Hernandez,142,,Pizza - Collins,,9/5/26 3:27 PM,9/5/26 3:33 PM,5 minutes and 37 seconds,*Device Login *Do NOT Remove
IT Italian Trattoria Collins,Charles Hernandez,143,,Pasta - Collins,,9/5/26 3:45 PM,9/5/26 3:52 PM,7 minutes and 52 seconds,*Device Login *Do NOT Remove
IT Italian Trattoria Collins,Default Online Ordering,145,,Pasta - Collins,,9/5/26 3:47 PM,9/5/26 3:52 PM,5 minutes and 49 seconds,*Device Login *Do NOT Remove
IT Italian Trattoria Collins,Charles Hernandez,146,,Drinks - Collins,,9/5/26 3:53 PM,9/5/26 3:57 PM,3 minutes and 40 seconds,*Device Login *Do NOT Remove
IT Italian Trattoria Collins,Charles Hernandez,146,,No print / Expo - Collins,,9/5/26 3:53 PM,9/5/26 3:57 PM,3 minutes and 40 seconds,*Device Login *Do NOT Remove
IT Italian Trattoria Collins,Charles Hernandez,146,,Pasta - Collins,,9/5/26 3:53 PM,9/5/26 3:57 PM,3 minutes and 40 seconds,*Device Login *Do NOT Remove
IT Italian Trattoria Collins,Charles Hernandez,146,,Pizza - Collins,,9/5/26 3:53 PM,9/5/26 3:57 PM,3 minutes and 40 seconds,*Device Login *Do NOT Remove
IT Italian Trattoria Collins,Charles Hernandez,146,,No Print - Collins,,9/5/26 3:53 PM,9/5/26 3:57 PM,3 minutes and 40 seconds,*Device Login *Do NOT Remove
IT Italian Trattoria Collins,Charles Hernandez,146,,Pizza Pala - Collins,,9/5/26 3:53 PM,9/5/26 3:57 PM,3 minutes and 40 seconds,*Device Login *Do NOT Remove
IT Italian Trattoria Collins,Default Online Ordering,145,,Pizza - Collins,,9/5/26 3:47 PM,9/5/26 4:01 PM,14 minutes and 25 seconds,*Device Login *Do NOT Remove
IT Italian Trattoria Collins,Charles Hernandez,146,,Pizza - Collins,,9/5/26 3:53 PM,9/5/26 4:01 PM,8 minutes and 6 seconds,*Device Login *Do NOT Remove
IT Italian Trattoria Collins,Davide Christopher Paredi,149,,Pizza - Collins,,9/5/26 4:06 PM,9/5/26 4:11 PM,4 minutes and 8 seconds,*Device Login *Do NOT Remove
IT Italian Trattoria Collins,Davide Christopher Paredi,149,,Pasta - Collins,,9/5/26 4:06 PM,9/5/26 4:11 PM,4 minutes and 27 seconds,*Device Login *Do NOT Remove
IT Italian Trattoria Collins,Yamila Hidalgo,150,,Pasta - Collins,,9/5/26 4:15 PM,9/5/26 4:21 PM,6 minutes and 4 seconds,*Device Login *Do NOT Remove
IT Italian Trattoria Collins,Davide Christopher Paredi,148,,Pasta - Collins,,9/5/26 4:15 PM,9/5/26 4:22 PM,6 minutes and 15 seconds,*Device Login *Do NOT Remove
IT Italian Trattoria Collins,Yamila Hidalgo,151,,Pasta - Collins,,9/5/26 4:17 PM,9/5/26 4:24 PM,7 minutes and 34 seconds,*Device Login *Do NOT Remove
IT Italian Trattoria Collins,Yamila Hidalgo,155,,Pasta - Collins,,9/5/26 4:24 PM,9/5/26 4:30 PM,5 minutes and 58 seconds,*Device Login *Do NOT Remove
IT Italian Trattoria Collins,Yamila Hidalgo,155,,Pizza - Collins,,9/5/26 4:24 PM,9/5/26 4:30 PM,6 minutes and 9 seconds,*Device Login *Do NOT Remove
IT Italian Trattoria Collins,Andrea Rizzi,159,,Pizza - Collins,,9/5/26 4:35 PM,9/5/26 4:42 PM,7 minutes and 24 seconds,*Device Login *Do NOT Remove
IT Italian Trattoria Collins,Andrea Rizzi,160,,Pizza - Collins,,9/5/26 4:42 PM,9/5/26 4:50 PM,8 minutes and 16 seconds,*Device Login *Do NOT Remove
IT Italian Trattoria Collins,Yamila Hidalgo,166,,Pasta - Collins,,9/5/26 4:53 PM,9/5/26 4:54 PM,20 seconds,*Device Login *Do NOT Remove
IT Italian Trattoria Collins,Yamila Hidalgo,166,,Drinks - Collins,,9/5/26 4:53 PM,9/5/26 4:54 PM,20 seconds,*Device Login *Do NOT Remove
IT Italian Trattoria Collins,Yamila Hidalgo,166,,No print / Expo - Collins,,9/5/26 4:53 PM,9/5/26 4:54 PM,20 seconds,*Device Login *Do NOT Remove
IT Italian Trattoria Collins,Yamila Hidalgo,166,,No Print - Collins,,9/5/26 4:53 PM,9/5/26 4:54 PM,20 seconds,*Device Login *Do NOT Remove
IT Italian Trattoria Collins,Yamila Hidalgo,166,,Pizza - Collins,,9/5/26 4:53 PM,9/5/26 4:54 PM,20 seconds,*Device Login *Do NOT Remove
IT Italian Trattoria Collins,Yamila Hidalgo,166,,Pizza Pala - Collins,,9/5/26 4:53 PM,9/5/26 4:54 PM,20 seconds,*Device Login *Do NOT Remove
IT Italian Trattoria Collins,Andrea Rizzi,165,,Pasta - Collins,,9/5/26 4:53 PM,9/5/26 4:57 PM,4 minutes and 35 seconds,*Device Login *Do NOT Remove
IT Italian Trattoria Collins,Yamila Hidalgo,169,,Pizza - Collins,,9/5/26 5:02 PM,9/5/26 5:08 PM,5 minutes and 52 seconds,*Device Login *Do NOT Remove
IT Italian Trattoria Collins,Yamila Hidalgo,170,,Pizza - Collins,,9/5/26 5:02 PM,9/5/26 5:08 PM,5 minutes and 31 seconds,*Device Login *Do NOT Remove
IT Italian Trattoria Collins,Yamila Hidalgo,173,,Pasta - Collins,,9/5/26 5:24 PM,9/5/26 5:28 PM,3 minutes and 51 seconds,*Device Login *Do NOT Remove
IT Italian Trattoria Collins,Yamila Hidalgo,178,,Pasta - Collins,,9/5/26 5:49 PM,9/5/26 5:55 PM,6 minutes and 11 seconds,*Device Login *Do NOT Remove
IT Italian Trattoria Collins,Yamila Hidalgo,179,,Pizza - Collins,,9/5/26 5:49 PM,9/5/26 5:55 PM,5 minutes and 53 seconds,*Device Login *Do NOT Remove
IT Italian Trattoria Collins,Andrea Rizzi,180,,Pizza - Collins,,9/5/26 5:59 PM,9/5/26 6:06 PM,6 minutes and 52 seconds,*Device Login *Do NOT Remove
IT Italian Trattoria Collins,Andrea Rizzi,180,,Pasta - Collins,,9/5/26 5:59 PM,9/5/26 6:06 PM,7 minutes and 4 seconds,*Device Login *Do NOT Remove
IT Italian Trattoria Collins,Andrea Rizzi,181,,Pizza - Collins,,9/5/26 6:05 PM,9/5/26 6:09 PM,3 minutes and 22 seconds,*Device Login *Do NOT Remove
IT Italian Trattoria Collins,Andrea Rizzi,181,,Pasta - Collins,,9/5/26 6:05 PM,9/5/26 6:12 PM,6 minutes and 38 seconds,*Device Login *Do NOT Remove
IT Italian Trattoria Collins,Jonathan Lucero,184,,Pasta - Collins,,9/5/26 6:29 PM,9/5/26 6:32 PM,3 minutes and 35 seconds,*Device Login *Do NOT Remove
IT Italian Trattoria Collins,Jonathan Lucero,186,,Pasta - Collins,,9/5/26 6:33 PM,9/5/26 6:37 PM,3 minutes and 39 seconds,*Device Login *Do NOT Remove
IT Italian Trattoria Collins,Jonathan Lucero,187,,Pasta - Collins,,9/5/26 6:34 PM,9/5/26 6:39 PM,4 minutes and 24 seconds,*Device Login *Do NOT Remove
IT Italian Trattoria Collins,Yamila Hidalgo,191,,Drinks - Collins,,9/5/26 6:50 PM,9/5/26 6:51 PM,30 seconds,*Device Login *Do NOT Remove
IT Italian Trattoria Collins,Yamila Hidalgo,191,,No print / Expo - Collins,,9/5/26 6:50 PM,9/5/26 6:51 PM,30 seconds,*Device Login *Do NOT Remove
IT Italian Trattoria Collins,Yamila Hidalgo,191,,Pasta - Collins,,9/5/26 6:50 PM,9/5/26 6:51 PM,30 seconds,*Device Login *Do NOT Remove
IT Italian Trattoria Collins,Yamila Hidalgo,191,,Pizza - Collins,,9/5/26 6:50 PM,9/5/26 6:51 PM,30 seconds,*Device Login *Do NOT Remove
IT Italian Trattoria Collins,Yamila Hidalgo,191,,No Print - Collins,,9/5/26 6:50 PM,9/5/26 6:51 PM,30 seconds,*Device Login *Do NOT Remove
IT Italian Trattoria Collins,Yamila Hidalgo,191,,Pizza Pala - Collins,,9/5/26 6:50 PM,9/5/26 6:51 PM,30 seconds,*Device Login *Do NOT Remove
IT Italian Trattoria Collins,Yamila Hidalgo,191,,Pizza - Collins,,9/5/26 6:50 PM,9/5/26 6:57 PM,6 minutes and 35 seconds,*Device Login *Do NOT Remove
IT Italian Trattoria Collins,Default Online Ordering,193,,Pizza - Collins,,9/5/26 6:51 PM,9/5/26 7:01 PM,9 minutes and 44 seconds,*Device Login *Do NOT Remove
IT Italian Trattoria Collins,Jonathan Lucero,194,,Pasta - Collins,,9/5/26 7:11 PM,9/5/26 7:11 PM,14 seconds,*Device Login *Do NOT Remove
IT Italian Trattoria Collins,Jonathan Lucero,194,,Drinks - Collins,,9/5/26 7:11 PM,9/5/26 7:11 PM,14 seconds,*Device Login *Do NOT Remove
IT Italian Trattoria Collins,Jonathan Lucero,194,,No print / Expo - Collins,,9/5/26 7:11 PM,9/5/26 7:11 PM,14 seconds,*Device Login *Do NOT Remove
IT Italian Trattoria Collins,Jonathan Lucero,194,,No Print - Collins,,9/5/26 7:11 PM,9/5/26 7:11 PM,14 seconds,*Device Login *Do NOT Remove
IT Italian Trattoria Collins,Jonathan Lucero,194,,Pizza - Collins,,9/5/26 7:11 PM,9/5/26 7:11 PM,14 seconds,*Device Login *Do NOT Remove
IT Italian Trattoria Collins,Jonathan Lucero,194,,Pizza Pala - Collins,,9/5/26 7:11 PM,9/5/26 7:11 PM,14 seconds,*Device Login *Do NOT Remove
IT Italian Trattoria Collins,Jonathan Lucero,195,,Pasta - Collins,,9/5/26 7:15 PM,9/5/26 7:20 PM,5 minutes and 8 seconds,*Device Login *Do NOT Remove
IT Italian Trattoria Collins,Jonathan Lucero,195,,Pizza - Collins,,9/5/26 7:15 PM,9/5/26 7:20 PM,5 minutes and 47 seconds,*Device Login *Do NOT Remove
IT Italian Trattoria Collins,Jonathan Lucero,196,,Pizza - Collins,,9/5/26 7:18 PM,9/5/26 7:22 PM,3 minutes and 54 seconds,*Device Login *Do NOT Remove
IT Italian Trattoria Collins,Jonathan Lucero,198,,Pasta - Collins,,9/5/26 7:23 PM,9/5/26 7:29 PM,6 minutes and 25 seconds,*Device Login *Do NOT Remove
IT Italian Trattoria Collins,Jonathan Lucero,202,,Drinks - Collins,,9/5/26 7:29 PM,9/5/26 7:35 PM,5 minutes and 47 seconds,*Device Login *Do NOT Remove
IT Italian Trattoria Collins,Jonathan Lucero,202,,No print / Expo - Collins,,9/5/26 7:29 PM,9/5/26 7:35 PM,5 minutes and 47 seconds,*Device Login *Do NOT Remove
IT Italian Trattoria Collins,Jonathan Lucero,202,,Pasta - Collins,,9/5/26 7:29 PM,9/5/26 7:35 PM,5 minutes and 47 seconds,*Device Login *Do NOT Remove
IT Italian Trattoria Collins,Jonathan Lucero,202,,Pizza - Collins,,9/5/26 7:29 PM,9/5/26 7:35 PM,5 minutes and 47 seconds,*Device Login *Do NOT Remove
IT Italian Trattoria Collins,Jonathan Lucero,202,,No Print - Collins,,9/5/26 7:29 PM,9/5/26 7:35 PM,5 minutes and 47 seconds,*Device Login *Do NOT Remove
IT Italian Trattoria Collins,Jonathan Lucero,202,,Pizza Pala - Collins,,9/5/26 7:29 PM,9/5/26 7:35 PM,5 minutes and 47 seconds,*Device Login *Do NOT Remove
IT Italian Trattoria Collins,Jonathan Lucero,202,,Pasta - Collins,,9/5/26 7:29 PM,9/5/26 7:35 PM,6 minutes and 36 seconds,*Device Login *Do NOT Remove
IT Italian Trattoria Collins,Jonathan Lucero,204,,Drinks - Collins,,9/5/26 7:38 PM,9/5/26 7:39 PM,35 seconds,*Device Login *Do NOT Remove
IT Italian Trattoria Collins,Jonathan Lucero,204,,No print / Expo - Collins,,9/5/26 7:38 PM,9/5/26 7:39 PM,35 seconds,*Device Login *Do NOT Remove
IT Italian Trattoria Collins,Jonathan Lucero,204,,Pasta - Collins,,9/5/26 7:38 PM,9/5/26 7:39 PM,35 seconds,*Device Login *Do NOT Remove
IT Italian Trattoria Collins,Jonathan Lucero,204,,Pizza - Collins,,9/5/26 7:38 PM,9/5/26 7:39 PM,35 seconds,*Device Login *Do NOT Remove
IT Italian Trattoria Collins,Jonathan Lucero,204,,No Print - Collins,,9/5/26 7:38 PM,9/5/26 7:39 PM,35 seconds,*Device Login *Do NOT Remove
IT Italian Trattoria Collins,Jonathan Lucero,204,,Pizza Pala - Collins,,9/5/26 7:38 PM,9/5/26 7:39 PM,35 seconds,*Device Login *Do NOT Remove
IT Italian Trattoria Collins,Jonathan Lucero,204,,Pasta - Collins,,9/5/26 7:38 PM,9/5/26 7:43 PM,5 minutes and 28 seconds,*Device Login *Do NOT Remove
IT Italian Trattoria Collins,Jonathan Lucero,206,,Pizza - Collins,,9/5/26 7:43 PM,9/5/26 7:49 PM,6 minutes and 19 seconds,*Device Login *Do NOT Remove
IT Italian Trattoria Collins,Jonathan Lucero,209,,Drinks - Collins,,9/5/26 7:47 PM,9/5/26 7:50 PM,3 minutes and 10 seconds,*Device Login *Do NOT Remove
IT Italian Trattoria Collins,Jonathan Lucero,209,,No print / Expo - Collins,,9/5/26 7:47 PM,9/5/26 7:50 PM,3 minutes and 10 seconds,*Device Login *Do NOT Remove
IT Italian Trattoria Collins,Jonathan Lucero,209,,Pasta - Collins,,9/5/26 7:47 PM,9/5/26 7:50 PM,3 minutes and 10 seconds,*Device Login *Do NOT Remove
IT Italian Trattoria Collins,Jonathan Lucero,209,,Pizza - Collins,,9/5/26 7:47 PM,9/5/26 7:50 PM,3 minutes and 10 seconds,*Device Login *Do NOT Remove
IT Italian Trattoria Collins,Jonathan Lucero,209,,No Print - Collins,,9/5/26 7:47 PM,9/5/26 7:50 PM,3 minutes and 10 seconds,*Device Login *Do NOT Remove
IT Italian Trattoria Collins,Jonathan Lucero,209,,Pizza Pala - Collins,,9/5/26 7:47 PM,9/5/26 7:50 PM,3 minutes and 10 seconds,*Device Login *Do NOT Remove
IT Italian Trattoria Collins,Jonathan Lucero,206,,Pasta - Collins,,9/5/26 7:43 PM,9/5/26 7:50 PM,7 minutes and 11 seconds,*Device Login *Do NOT Remove
IT Italian Trattoria Collins,Jonathan Lucero,205,,Pasta - Collins,,9/5/26 7:45 PM,9/5/26 7:50 PM,5 minutes and 9 seconds,*Device Login *Do NOT Remove
IT Italian Trattoria Collins,Default Online Ordering,208,,Pizza - Collins,,9/5/26 7:43 PM,9/5/26 7:52 PM,9 minutes and 13 seconds,*Device Login *Do NOT Remove
IT Italian Trattoria Collins,Jonathan Lucero,205,,Pizza - Collins,,9/5/26 7:45 PM,9/5/26 7:55 PM,9 minutes and 42 seconds,*Device Login *Do NOT Remove
IT Italian Trattoria Collins,Jonathan Lucero,209,,Pasta - Collins,,9/5/26 7:47 PM,9/5/26 7:55 PM,8 minutes,*Device Login *Do NOT Remove
IT Italian Trattoria Collins,Jonathan Lucero,213,,Pasta - Collins,,9/5/26 8:01 PM,9/5/26 8:08 PM,6 minutes and 57 seconds,*Device Login *Do NOT Remove
IT Italian Trattoria Collins,Andrea Rizzi,216,,Drinks - Collins,,9/5/26 8:08 PM,9/5/26 8:08 PM,17 seconds,*Device Login *Do NOT Remove
IT Italian Trattoria Collins,Andrea Rizzi,216,,No print / Expo - Collins,,9/5/26 8:08 PM,9/5/26 8:08 PM,17 seconds,*Device Login *Do NOT Remove
IT Italian Trattoria Collins,Andrea Rizzi,216,,Pasta - Collins,,9/5/26 8:08 PM,9/5/26 8:08 PM,17 seconds,*Device Login *Do NOT Remove
IT Italian Trattoria Collins,Andrea Rizzi,216,,Pizza - Collins,,9/5/26 8:08 PM,9/5/26 8:08 PM,17 seconds,*Device Login *Do NOT Remove
IT Italian Trattoria Collins,Andrea Rizzi,216,,No Print - Collins,,9/5/26 8:08 PM,9/5/26 8:08 PM,17 seconds,*Device Login *Do NOT Remove
IT Italian Trattoria Collins,Andrea Rizzi,216,,Pizza Pala - Collins,,9/5/26 8:08 PM,9/5/26 8:08 PM,17 seconds,*Device Login *Do NOT Remove
IT Italian Trattoria Collins,Jonathan Lucero,213,,Pizza - Collins,,9/5/26 8:01 PM,9/5/26 8:08 PM,7 minutes,*Device Login *Do NOT Remove
IT Italian Trattoria Collins,Andrea Rizzi,215,,Pizza - Collins,,9/5/26 8:05 PM,9/5/26 8:10 PM,4 minutes and 29 seconds,*Device Login *Do NOT Remove
IT Italian Trattoria Collins,Jonathan Lucero,214,,Drinks - Collins,,9/5/26 8:06 PM,9/5/26 8:12 PM,5 minutes and 34 seconds,*Device Login *Do NOT Remove
IT Italian Trattoria Collins,Jonathan Lucero,214,,No print / Expo - Collins,,9/5/26 8:06 PM,9/5/26 8:12 PM,5 minutes and 34 seconds,*Device Login *Do NOT Remove
IT Italian Trattoria Collins,Jonathan Lucero,214,,Pasta - Collins,,9/5/26 8:06 PM,9/5/26 8:12 PM,5 minutes and 34 seconds,*Device Login *Do NOT Remove
IT Italian Trattoria Collins,Jonathan Lucero,214,,Pizza - Collins,,9/5/26 8:06 PM,9/5/26 8:12 PM,5 minutes and 34 seconds,*Device Login *Do NOT Remove
IT Italian Trattoria Collins,Jonathan Lucero,214,,No Print - Collins,,9/5/26 8:06 PM,9/5/26 8:12 PM,5 minutes and 34 seconds,*Device Login *Do NOT Remove
IT Italian Trattoria Collins,Jonathan Lucero,214,,Pizza Pala - Collins,,9/5/26 8:06 PM,9/5/26 8:12 PM,5 minutes and 34 seconds,*Device Login *Do NOT Remove
IT Italian Trattoria Collins,Jonathan Lucero,214,,Pizza - Collins,,9/5/26 8:06 PM,9/5/26 8:13 PM,6 minutes and 27 seconds,*Device Login *Do NOT Remove
IT Italian Trattoria Collins,Andrea Rizzi,216,,Pizza - Collins,,9/5/26 8:08 PM,9/5/26 8:14 PM,5 minutes and 57 seconds,*Device Login *Do NOT Remove
IT Italian Trattoria Collins,Jonathan Lucero,217,,Pizza - Collins,,9/5/26 8:08 PM,9/5/26 8:17 PM,8 minutes and 35 seconds,*Device Login *Do NOT Remove
IT Italian Trattoria Collins,Andrea Rizzi,218,,Pizza - Collins,,9/5/26 8:10 PM,9/5/26 8:17 PM,7 minutes and 30 seconds,*Device Login *Do NOT Remove
IT Italian Trattoria Collins,Andrea Rizzi,220,,Pasta - Collins,,9/5/26 8:11 PM,9/5/26 8:17 PM,6 minutes and 15 seconds,*Device Login *Do NOT Remove
IT Italian Trattoria Collins,Andrea Rizzi,223,,Pizza - Collins,,9/5/26 8:17 PM,9/5/26 8:22 PM,4 minutes and 49 seconds,*Device Login *Do NOT Remove
IT Italian Trattoria Collins,Andrea Rizzi,221,,Pasta - Collins,,9/5/26 8:12 PM,9/5/26 8:23 PM,10 minutes and 16 seconds,*Device Login *Do NOT Remove
IT Italian Trattoria Collins,Andrea Rizzi,225,,Pizza - Collins,,9/5/26 8:30 PM,9/5/26 8:35 PM,5 minutes and 21 seconds,*Device Login *Do NOT Remove
IT Italian Trattoria Collins,Jonathan Lucero,226,,Pizza - Collins,,9/5/26 8:33 PM,9/5/26 8:36 PM,3 minutes and 52 seconds,*Device Login *Do NOT Remove
IT Italian Trattoria Collins,Jonathan Lucero,229,,Pasta - Collins,,9/5/26 8:36 PM,9/5/26 8:39 PM,3 minutes and 11 seconds,*Device Login *Do NOT Remove
IT Italian Trattoria Collins,Jonathan Lucero,231,,Pasta - Collins,,9/5/26 8:41 PM,9/5/26 8:45 PM,3 minutes and 39 seconds,*Device Login *Do NOT Remove
IT Italian Trattoria Collins,Jonathan Lucero,231,,Pizza - Collins,,9/5/26 8:41 PM,9/5/26 8:47 PM,5 minutes and 40 seconds,*Device Login *Do NOT Remove
IT Italian Trattoria Collins,Andrea Rizzi,228,,Pasta - Collins,,9/5/26 8:48 PM,9/5/26 8:52 PM,3 minutes and 54 seconds,*Device Login *Do NOT Remove
IT Italian Trattoria Collins,Jonathan Lucero,232,,Pasta - Collins,,9/5/26 8:48 PM,9/5/26 8:53 PM,4 minutes and 23 seconds,*Device Login *Do NOT Remove
IT Italian Trattoria Collins,Jonathan Lucero,234,,Pasta - Collins,,9/5/26 8:49 PM,9/5/26 8:55 PM,6 minutes and 5 seconds,*Device Login *Do NOT Remove
IT Italian Trattoria Collins,Andrea Rizzi,235,,Pizza - Collins,,9/5/26 8:50 PM,9/5/26 8:57 PM,6 minutes and 56 seconds,*Device Login *Do NOT Remove
IT Italian Trattoria Collins,Jonathan Lucero,236,,Pizza - Collins,,9/5/26 8:56 PM,9/5/26 9:00 PM,4 minutes and 39 seconds,*Device Login *Do NOT Remove
IT Italian Trattoria Collins,Andrea Rizzi,237,,Pizza - Collins,,9/5/26 8:58 PM,9/5/26 9:01 PM,3 minutes and 24 seconds,*Device Login *Do NOT Remove
IT Italian Trattoria Collins,Jonathan Lucero,236,,Pasta - Collins,,9/5/26 8:56 PM,9/5/26 9:02 PM,6 minutes and 8 seconds,*Device Login *Do NOT Remove
IT Italian Trattoria Collins,Andrea Rizzi,237,,Pasta - Collins,,9/5/26 8:58 PM,9/5/26 9:04 PM,6 minutes and 20 seconds,*Device Login *Do NOT Remove
IT Italian Trattoria Collins,Jonathan Lucero,238,,Pasta - Collins,,9/5/26 8:59 PM,9/5/26 9:07 PM,8 minutes and 33 seconds,*Device Login *Do NOT Remove
IT Italian Trattoria Collins,Jonathan Lucero,243,,Drinks - Collins,,9/5/26 9:03 PM,9/5/26 9:09 PM,5 minutes and 48 seconds,*Device Login *Do NOT Remove
IT Italian Trattoria Collins,Jonathan Lucero,243,,No print / Expo - Collins,,9/5/26 9:03 PM,9/5/26 9:09 PM,5 minutes and 48 seconds,*Device Login *Do NOT Remove
IT Italian Trattoria Collins,Jonathan Lucero,243,,Pasta - Collins,,9/5/26 9:03 PM,9/5/26 9:09 PM,5 minutes and 48 seconds,*Device Login *Do NOT Remove
IT Italian Trattoria Collins,Jonathan Lucero,243,,Pizza - Collins,,9/5/26 9:03 PM,9/5/26 9:09 PM,5 minutes and 48 seconds,*Device Login *Do NOT Remove
IT Italian Trattoria Collins,Jonathan Lucero,243,,No Print - Collins,,9/5/26 9:03 PM,9/5/26 9:09 PM,5 minutes and 48 seconds,*Device Login *Do NOT Remove
IT Italian Trattoria Collins,Jonathan Lucero,243,,Pizza Pala - Collins,,9/5/26 9:03 PM,9/5/26 9:09 PM,5 minutes and 48 seconds,*Device Login *Do NOT Remove
IT Italian Trattoria Collins,Jonathan Lucero,244,,Pizza - Collins,,9/5/26 9:04 PM,9/5/26 9:09 PM,4 minutes and 49 seconds,*Device Login *Do NOT Remove
IT Italian Trattoria Collins,Andrea Rizzi,246,,Pasta - Collins,,9/5/26 9:07 PM,9/5/26 9:14 PM,7 minutes and 3 seconds,*Device Login *Do NOT Remove
IT Italian Trattoria Collins,Jonathan Lucero,243,,Pasta - Collins,,9/5/26 9:03 PM,9/5/26 9:15 PM,11 minutes and 15 seconds,*Device Login *Do NOT Remove
IT Italian Trattoria Collins,Andrea Rizzi,248,,Pasta - Collins,,9/5/26 9:13 PM,9/5/26 9:25 PM,11 minutes and 39 seconds,*Device Login *Do NOT Remove
IT Italian Trattoria Collins,Jonathan Lucero,250,,Drinks - Collins,,9/5/26 9:27 PM,9/5/26 9:31 PM,4 minutes and 30 seconds,*Device Login *Do NOT Remove
IT Italian Trattoria Collins,Jonathan Lucero,250,,No print / Expo - Collins,,9/5/26 9:27 PM,9/5/26 9:31 PM,4 minutes and 30 seconds,*Device Login *Do NOT Remove
IT Italian Trattoria Collins,Jonathan Lucero,250,,Pasta - Collins,,9/5/26 9:27 PM,9/5/26 9:31 PM,4 minutes and 30 seconds,*Device Login *Do NOT Remove
IT Italian Trattoria Collins,Jonathan Lucero,250,,Pizza - Collins,,9/5/26 9:27 PM,9/5/26 9:31 PM,4 minutes and 30 seconds,*Device Login *Do NOT Remove
IT Italian Trattoria Collins,Jonathan Lucero,250,,No Print - Collins,,9/5/26 9:27 PM,9/5/26 9:31 PM,4 minutes and 30 seconds,*Device Login *Do NOT Remove
IT Italian Trattoria Collins,Jonathan Lucero,250,,Pizza Pala - Collins,,9/5/26 9:27 PM,9/5/26 9:31 PM,4 minutes and 30 seconds,*Device Login *Do NOT Remove
IT Italian Trattoria Collins,Jonathan Lucero,250,,Pasta - Collins,,9/5/26 9:27 PM,9/5/26 9:32 PM,5 minutes and 15 seconds,*Device Login *Do NOT Remove
IT Italian Trattoria Collins,Andrea Rizzi,253,,Pizza - Collins,,9/5/26 9:35 PM,9/5/26 9:39 PM,3 minutes and 15 seconds,*Device Login *Do NOT Remove
IT Italian Trattoria Collins,Andrea Rizzi,253,,Drinks - Collins,,9/5/26 9:35 PM,9/5/26 9:39 PM,3 minutes and 15 seconds,*Device Login *Do NOT Remove
IT Italian Trattoria Collins,Andrea Rizzi,253,,No print / Expo - Collins,,9/5/26 9:35 PM,9/5/26 9:39 PM,3 minutes and 15 seconds,*Device Login *Do NOT Remove
IT Italian Trattoria Collins,Andrea Rizzi,253,,Pasta - Collins,,9/5/26 9:35 PM,9/5/26 9:39 PM,3 minutes and 15 seconds,*Device Login *Do NOT Remove
IT Italian Trattoria Collins,Andrea Rizzi,253,,No Print - Collins,,9/5/26 9:35 PM,9/5/26 9:39 PM,3 minutes and 15 seconds,*Device Login *Do NOT Remove
IT Italian Trattoria Collins,Andrea Rizzi,253,,Pizza Pala - Collins,,9/5/26 9:35 PM,9/5/26 9:39 PM,3 minutes and 15 seconds,*Device Login *Do NOT Remove
IT Italian Trattoria Collins,Andrea Rizzi,253,,Pasta - Collins,,9/5/26 9:35 PM,9/5/26 9:39 PM,3 minutes and 30 seconds,*Device Login *Do NOT Remove
IT Italian Trattoria Collins,Default Online Ordering,256,,Pasta - Collins,,9/5/26 9:42 PM,9/5/26 9:50 PM,8 minutes and 6 seconds,*Device Login *Do NOT Remove
IT Italian Trattoria Collins,Jonathan Lucero,258,,Pizza - Collins,,9/5/26 9:54 PM,9/5/26 10:00 PM,5 minutes and 5 seconds,*Device Login *Do NOT Remove
IT Italian Trattoria Collins,Jonathan Lucero,260,,Pizza - Collins,,9/5/26 9:58 PM,9/5/26 10:02 PM,3 minutes and 37 seconds,*Device Login *Do NOT Remove
IT Italian Trattoria Collins,Jonathan Lucero,262,,Drinks - Collins,,9/5/26 10:02 PM,9/5/26 10:03 PM,46 seconds,*Device Login *Do NOT Remove
IT Italian Trattoria Collins,Jonathan Lucero,262,,No print / Expo - Collins,,9/5/26 10:02 PM,9/5/26 10:03 PM,46 seconds,*Device Login *Do NOT Remove
IT Italian Trattoria Collins,Jonathan Lucero,262,,Pasta - Collins,,9/5/26 10:02 PM,9/5/26 10:03 PM,46 seconds,*Device Login *Do NOT Remove
IT Italian Trattoria Collins,Jonathan Lucero,262,,Pizza - Collins,,9/5/26 10:02 PM,9/5/26 10:03 PM,46 seconds,*Device Login *Do NOT Remove
IT Italian Trattoria Collins,Jonathan Lucero,262,,No Print - Collins,,9/5/26 10:02 PM,9/5/26 10:03 PM,46 seconds,*Device Login *Do NOT Remove
IT Italian Trattoria Collins,Jonathan Lucero,262,,Pizza Pala - Collins,,9/5/26 10:02 PM,9/5/26 10:03 PM,46 seconds,*Device Login *Do NOT Remove
IT Italian Trattoria Collins,Jonathan Lucero,260,,Pasta - Collins,,9/5/26 9:58 PM,9/5/26 10:04 PM,6 minutes and 6 seconds,*Device Login *Do NOT Remove
IT Italian Trattoria Collins,Jonathan Lucero,261,,Pasta - Collins,,9/5/26 10:01 PM,9/5/26 10:07 PM,6 minutes and 28 seconds,*Device Login *Do NOT Remove
IT Italian Trattoria Collins,Jonathan Lucero,262,,Pasta - Collins,,9/5/26 10:02 PM,9/5/26 10:07 PM,5 minutes and 18 seconds,*Device Login *Do NOT Remove
IT Italian Trattoria Collins,Jonathan Lucero,263,,Pizza - Collins,,9/5/26 10:08 PM,9/5/26 10:12 PM,4 minutes and 4 seconds,*Device Login *Do NOT Remove
IT Italian Trattoria Collins,Jonathan Lucero,263,,Pasta - Collins,,9/5/26 10:08 PM,9/5/26 10:15 PM,7 minutes and 42 seconds,*Device Login *Do NOT Remove
IT Italian Trattoria Collins,Yamila Hidalgo,265,,Pizza - Collins,,9/5/26 10:11 PM,9/5/26 10:18 PM,6 minutes and 46 seconds,*Device Login *Do NOT Remove
IT Italian Trattoria Collins,Default Online Ordering,269,,Pizza - Collins,,9/5/26 10:13 PM,9/5/26 10:21 PM,8 minutes and 1 second,*Device Login *Do NOT Remove
IT Italian Trattoria Collins,Jonathan Lucero,270,,Pizza - Collins,,9/5/26 10:21 PM,9/5/26 10:28 PM,7 minutes and 36 seconds,*Device Login *Do NOT Remove
IT Italian Trattoria Collins,Jonathan Lucero,271,,Pasta - Collins,,9/5/26 10:22 PM,9/5/26 10:33 PM,10 minutes and 40 seconds,*Device Login *Do NOT Remove
IT Italian Trattoria Collins,Jonathan Lucero,272,,Pasta - Collins,,9/5/26 10:26 PM,9/5/26 10:39 PM,12 minutes and 39 seconds,*Device Login *Do NOT Remove
IT Italian Trattoria Collins,Andrea Rizzi,277,,Drinks - Collins,,9/5/26 10:56 PM,9/5/26 10:58 PM,1 minute and 26 seconds,*Device Login *Do NOT Remove
IT Italian Trattoria Collins,Andrea Rizzi,277,,No print / Expo - Collins,,9/5/26 10:56 PM,9/5/26 10:58 PM,1 minute and 26 seconds,*Device Login *Do NOT Remove
IT Italian Trattoria Collins,Andrea Rizzi,277,,Pasta - Collins,,9/5/26 10:56 PM,9/5/26 10:58 PM,1 minute and 26 seconds,*Device Login *Do NOT Remove
IT Italian Trattoria Collins,Andrea Rizzi,277,,Pizza - Collins,,9/5/26 10:56 PM,9/5/26 10:58 PM,1 minute and 26 seconds,*Device Login *Do NOT Remove
IT Italian Trattoria Collins,Andrea Rizzi,277,,No Print - Collins,,9/5/26 10:56 PM,9/5/26 10:58 PM,1 minute and 26 seconds,*Device Login *Do NOT Remove
IT Italian Trattoria Collins,Andrea Rizzi,277,,Pizza Pala - Collins,,9/5/26 10:56 PM,9/5/26 10:58 PM,1 minute and 26 seconds,*Device Login *Do NOT Remove
IT Italian Trattoria Collins,Jonathan Lucero,275,,Pizza - Collins,,9/5/26 10:52 PM,9/5/26 11:04 PM,11 minutes and 33 seconds,*Device Login *Do NOT Remove
IT Italian Trattoria Collins,Jonathan Lucero,280,,Pizza - Collins,,9/5/26 11:19 PM,9/5/26 11:23 PM,4 minutes and 35 seconds,*Device Login *Do NOT Remove
IT Italian Trattoria Collins,Andrea Rizzi,284,,Pasta - Collins,,9/5/26 11:24 PM,9/5/26 11:31 PM,6 minutes and 53 seconds,*Device Login *Do NOT Remove
IT Italian Trattoria Collins,Andrea Rizzi,286,,Pasta - Collins,,9/5/26 11:33 PM,9/5/26 11:39 PM,5 minutes and 53 seconds,*Device Login *Do NOT Remove
IT Italian Trattoria Collins,Andrea Rizzi,287,,Pizza - Collins,,9/5/26 11:37 PM,9/5/26 11:41 PM,3 minutes and 57 seconds,*Device Login *Do NOT Remove
IT Italian Trattoria Collins,Jonathan Lucero,285,,Pasta - Collins,,9/5/26 11:40 PM,9/5/26 11:45 PM,4 minutes and 29 seconds,*Device Login *Do NOT Remove
IT Italian Trattoria Collins,Andrea Rizzi,288,,Pizza - Collins,,9/5/26 11:51 PM,9/5/26 11:57 PM,6 minutes and 51 seconds,*Device Login *Do NOT Remove
IT Italian Trattoria Collins,Jonathan Lucero,290,,Pizza - Collins,,9/6/26 12:09 AM,9/6/26 12:12 AM,3 minutes and 36 seconds,*Device Login *Do NOT Remove
IT Italian Trattoria Collins,Carola Facta,3,,Pasta - Collins,,9/6/26 7:30 AM,9/6/26 7:33 AM,3 minutes and 53 seconds,*Device Login *Do NOT Remove
IT Italian Trattoria Collins,Carola Facta,6,,Pasta - Collins,,9/6/26 8:03 AM,9/6/26 8:09 AM,5 minutes and 48 seconds,*Device Login *Do NOT Remove
IT Italian Trattoria Collins,Carola Facta,7,,Pasta - Collins,,9/6/26 8:04 AM,9/6/26 8:09 AM,4 minutes and 35 seconds,*Device Login *Do NOT Remove
IT Italian Trattoria Collins,Carola Facta,10,,Pasta - Collins,,9/6/26 8:08 AM,9/6/26 8:16 AM,8 minutes and 3 seconds,*Device Login *Do NOT Remove
IT Italian Trattoria Collins,Charles Hernandez,13,,Pasta - Collins,,9/6/26 8:19 AM,9/6/26 8:20 AM,1 minute and 14 seconds,*Device Login *Do NOT Remove
IT Italian Trattoria Collins,Charles Hernandez,15,,Pasta - Collins,,9/6/26 8:25 AM,9/6/26 8:26 AM,50 seconds,*Device Login *Do NOT Remove
IT Italian Trattoria Collins,Charles Hernandez,14,,Pasta - Collins,,9/6/26 8:22 AM,9/6/26 8:26 AM,4 minutes and 9 seconds,*Device Login *Do NOT Remove
IT Italian Trattoria Collins,Charles Hernandez,18,,Pasta - Collins,,9/6/26 8:37 AM,9/6/26 8:44 AM,6 minutes and 32 seconds,*Device Login *Do NOT Remove
IT Italian Trattoria Collins,Charles Hernandez,19,,Pasta - Collins,,9/6/26 8:38 AM,9/6/26 8:44 AM,5 minutes and 23 seconds,*Device Login *Do NOT Remove
IT Italian Trattoria Collins,Charles Hernandez,23,,Pasta - Collins,,9/6/26 8:51 AM,9/6/26 8:55 AM,3 minutes and 47 seconds,*Device Login *Do NOT Remove
IT Italian Trattoria Collins,Charles Hernandez,28,,Pasta - Collins,,9/6/26 9:07 AM,9/6/26 9:10 AM,3 minutes and 3 seconds,*Device Login *Do NOT Remove
IT Italian Trattoria Collins,Charles Hernandez,31,,Pasta - Collins,,9/6/26 9:15 AM,9/6/26 9:18 AM,3 minutes and 23 seconds,*Device Login *Do NOT Remove
IT Italian Trattoria Collins,Charles Hernandez,32,,Pasta - Collins,,9/6/26 9:16 AM,9/6/26 9:20 AM,4 minutes and 21 seconds,*Device Login *Do NOT Remove
IT Italian Trattoria Collins,Carola Facta,38,,Pasta - Collins,,9/6/26 9:27 AM,9/6/26 9:38 AM,11 minutes and 21 seconds,*Device Login *Do NOT Remove
IT Italian Trattoria Collins,Charles Hernandez,36,,Pasta - Collins,,9/6/26 9:25 AM,9/6/26 9:38 AM,12 minutes and 52 seconds,*Device Login *Do NOT Remove
IT Italian Trattoria Collins,Charles Hernandez,37,,Pasta - Collins,,9/6/26 9:27 AM,9/6/26 9:38 AM,11 minutes and 4 seconds,*Device Login *Do NOT Remove
IT Italian Trattoria Collins,Charles Hernandez,43,,Pasta - Collins,,9/6/26 9:30 AM,9/6/26 9:47 AM,16 minutes and 8 seconds,*Device Login *Do NOT Remove
IT Italian Trattoria Collins,Charles Hernandez,44,,Pasta - Collins,,9/6/26 9:35 AM,9/6/26 9:47 AM,11 minutes and 33 seconds,*Device Login *Do NOT Remove
IT Italian Trattoria Collins,Charles Hernandez,49,,Pasta - Collins,,9/6/26 9:48 AM,9/6/26 9:50 AM,1 minute and 32 seconds,*Device Login *Do NOT Remove
IT Italian Trattoria Collins,Charles Hernandez,50,,Pasta - Collins,,9/6/26 9:49 AM,9/6/26 9:51 AM,2 minutes and 22 seconds,*Device Login *Do NOT Remove
IT Italian Trattoria Collins,Charles Hernandez,48,,Pasta - Collins,,9/6/26 9:47 AM,9/6/26 9:52 AM,5 minutes and 39 seconds,*Device Login *Do NOT Remove
IT Italian Trattoria Collins,Carola Facta,39,,Pasta - Collins,,9/6/26 9:51 AM,9/6/26 9:55 AM,4 minutes and 14 seconds,*Device Login *Do NOT Remove
IT Italian Trattoria Collins,Charles Hernandez,54,,Pasta - Collins,,9/6/26 9:54 AM,9/6/26 10:02 AM,8 minutes and 37 seconds,*Device Login *Do NOT Remove
IT Italian Trattoria Collins,Charles Hernandez,55,,Pasta - Collins,,9/6/26 9:55 AM,9/6/26 10:02 AM,7 minutes and 3 seconds,*Device Login *Do NOT Remove
IT Italian Trattoria Collins,Charles Hernandez,52,,Pasta - Collins,,9/6/26 9:52 AM,9/6/26 10:02 AM,10 minutes and 10 seconds,*Device Login *Do NOT Remove
IT Italian Trattoria Collins,Charles Hernandez,56,,Pasta - Collins,,9/6/26 9:58 AM,9/6/26 10:02 AM,3 minutes and 56 seconds,*Device Login *Do NOT Remove
IT Italian Trattoria Collins,Carola Facta,53,,Pasta - Collins,,9/6/26 9:56 AM,9/6/26 10:02 AM,6 minutes and 19 seconds,*Device Login *Do NOT Remove
IT Italian Trattoria Collins,Charles Hernandez,60,,Pasta - Collins,,9/6/26 10:03 AM,9/6/26 10:05 AM,1 minute and 59 seconds,*Device Login *Do NOT Remove
IT Italian Trattoria Collins,Charles Hernandez,61,,Pasta - Collins,,9/6/26 10:04 AM,9/6/26 10:06 AM,2 minutes and 21 seconds,*Device Login *Do NOT Remove
IT Italian Trattoria Collins,Charles Hernandez,65,,Drinks - Collins,,9/6/26 10:09 AM,9/6/26 10:09 AM,23 seconds,*Device Login *Do NOT Remove
IT Italian Trattoria Collins,Charles Hernandez,65,,No print / Expo - Collins,,9/6/26 10:09 AM,9/6/26 10:09 AM,23 seconds,*Device Login *Do NOT Remove
IT Italian Trattoria Collins,Charles Hernandez,65,,Pasta - Collins,,9/6/26 10:09 AM,9/6/26 10:09 AM,23 seconds,*Device Login *Do NOT Remove
IT Italian Trattoria Collins,Charles Hernandez,65,,Pizza - Collins,,9/6/26 10:09 AM,9/6/26 10:09 AM,23 seconds,*Device Login *Do NOT Remove
IT Italian Trattoria Collins,Charles Hernandez,65,,No Print - Collins,,9/6/26 10:09 AM,9/6/26 10:09 AM,23 seconds,*Device Login *Do NOT Remove
IT Italian Trattoria Collins,Charles Hernandez,65,,Pizza Pala - Collins,,9/6/26 10:09 AM,9/6/26 10:09 AM,23 seconds,*Device Login *Do NOT Remove
IT Italian Trattoria Collins,Charles Hernandez,69,,Pasta - Collins,,9/6/26 10:11 AM,9/6/26 10:14 AM,2 minutes,*Device Login *Do NOT Remove
IT Italian Trattoria Collins,Charles Hernandez,75,,Pasta - Collins,,9/6/26 10:17 AM,9/6/26 10:18 AM,48 seconds,*Device Login *Do NOT Remove
IT Italian Trattoria Collins,Charles Hernandez,67,,Pasta - Collins,,9/6/26 10:11 AM,9/6/26 10:18 AM,7 minutes and 36 seconds,*Device Login *Do NOT Remove
IT Italian Trattoria Collins,Charles Hernandez,70,,Pasta - Collins,,9/6/26 10:13 AM,9/6/26 10:19 AM,6 minutes and 27 seconds,*Device Login *Do NOT Remove
IT Italian Trattoria Collins,Charles Hernandez,68,,Pasta - Collins,,9/6/26 10:12 AM,9/6/26 10:19 AM,7 minutes and 47 seconds,*Device Login *Do NOT Remove
IT Italian Trattoria Collins,Charles Hernandez,72,,Pasta - Collins,,9/6/26 10:14 AM,9/6/26 10:25 AM,10 minutes and 40 seconds,*Device Login *Do NOT Remove
IT Italian Trattoria Collins,Charles Hernandez,76,,Pasta - Collins,,9/6/26 10:19 AM,9/6/26 10:25 AM,5 minutes and 53 seconds,*Device Login *Do NOT Remove
IT Italian Trattoria Collins,Charles Hernandez,82,,Pasta - Collins,,9/6/26 10:32 AM,9/6/26 10:32 AM,15 seconds,*Device Login *Do NOT Remove
IT Italian Trattoria Collins,Charles Hernandez,83,,Pasta - Collins,,9/6/26 10:33 AM,9/6/26 10:33 AM,28 seconds,*Device Login *Do NOT Remove
IT Italian Trattoria Collins,Charles Hernandez,80,,Pasta - Collins,,9/6/26 10:28 AM,9/6/26 10:34 AM,5 minutes and 42 seconds,*Device Login *Do NOT Remove
IT Italian Trattoria Collins,Charles Hernandez,84,,Pasta - Collins,,9/6/26 10:35 AM,9/6/26 10:39 AM,4 minutes and 30 seconds,*Device Login *Do NOT Remove
IT Italian Trattoria Collins,Charles Hernandez,87,,Pasta - Collins,,9/6/26 10:41 AM,9/6/26 10:45 AM,4 minutes and 11 seconds,*Device Login *Do NOT Remove
IT Italian Trattoria Collins,Charles Hernandez,91,,Pasta - Collins,,9/6/26 10:45 AM,9/6/26 10:46 AM,26 seconds,*Device Login *Do NOT Remove
IT Italian Trattoria Collins,Charles Hernandez,93,,Pasta - Collins,,9/6/26 10:48 AM,9/6/26 10:49 AM,17 seconds,*Device Login *Do NOT Remove
IT Italian Trattoria Collins,Default Online Ordering,88,,Pasta - Collins,,9/6/26 10:41 AM,9/6/26 10:48 AM,7 minutes and 22 seconds,*Device Login *Do NOT Remove
IT Italian Trattoria Collins,Charles Hernandez,92,,Pasta - Collins,,9/6/26 10:47 AM,9/6/26 10:57 AM,9 minutes and 46 seconds,*Device Login *Do NOT Remove
IT Italian Trattoria Collins,Charles Hernandez,95,,Pasta - Collins,,9/6/26 10:51 AM,9/6/26 10:57 AM,5 minutes and 51 seconds,*Device Login *Do NOT Remove
IT Italian Trattoria Collins,Charles Hernandez,97,,Pasta - Collins,,9/6/26 10:57 AM,9/6/26 11:03 AM,6 minutes and 35 seconds,*Device Login *Do NOT Remove
IT Italian Trattoria Collins,Charles Hernandez,96,,Pasta - Collins,,9/6/26 10:54 AM,9/6/26 11:03 AM,9 minutes and 30 seconds,*Device Login *Do NOT Remove
IT Italian Trattoria Collins,Charles Hernandez,107,,Drinks - Collins,,9/6/26 11:26 AM,9/6/26 11:29 AM,2 minutes and 32 seconds,*Device Login *Do NOT Remove
IT Italian Trattoria Collins,Charles Hernandez,107,,No print / Expo - Collins,,9/6/26 11:26 AM,9/6/26 11:29 AM,2 minutes and 32 seconds,*Device Login *Do NOT Remove
IT Italian Trattoria Collins,Charles Hernandez,107,,Pasta - Collins,,9/6/26 11:26 AM,9/6/26 11:29 AM,2 minutes and 32 seconds,*Device Login *Do NOT Remove
IT Italian Trattoria Collins,Charles Hernandez,107,,Pizza - Collins,,9/6/26 11:26 AM,9/6/26 11:29 AM,2 minutes and 32 seconds,*Device Login *Do NOT Remove
IT Italian Trattoria Collins,Charles Hernandez,107,,No Print - Collins,,9/6/26 11:26 AM,9/6/26 11:29 AM,2 minutes and 32 seconds,*Device Login *Do NOT Remove
IT Italian Trattoria Collins,Charles Hernandez,107,,Pizza Pala - Collins,,9/6/26 11:26 AM,9/6/26 11:29 AM,2 minutes and 32 seconds,*Device Login *Do NOT Remove
IT Italian Trattoria Collins,Charles Hernandez,116,,No print / Expo - Collins,,9/6/26 11:33 AM,9/6/26 11:34 AM,1 minute and 1 second,*Device Login *Do NOT Remove
IT Italian Trattoria Collins,Charles Hernandez,116,,Pizza - Collins,,9/6/26 11:33 AM,9/6/26 11:34 AM,1 minute and 1 second,*Device Login *Do NOT Remove
IT Italian Trattoria Collins,Charles Hernandez,116,,Pasta - Collins,,9/6/26 11:33 AM,9/6/26 11:34 AM,1 minute and 1 second,*Device Login *Do NOT Remove
IT Italian Trattoria Collins,Charles Hernandez,104,,Pizza - Collins,,9/6/26 11:17 AM,9/6/26 11:34 AM,16 minutes and 55 seconds,*Device Login *Do NOT Remove
IT Italian Trattoria Collins,Charles Hernandez,104,,Pasta - Collins,,9/6/26 11:17 AM,9/6/26 11:35 AM,17 minutes and 49 seconds,*Device Login *Do NOT Remove
IT Italian Trattoria Collins,Charles Hernandez,108,,Pasta - Collins,,9/6/26 11:23 AM,9/6/26 11:35 AM,11 minutes and 56 seconds,*Device Login *Do NOT Remove
IT Italian Trattoria Collins,Charles Hernandez,110,,Pasta - Collins,,9/6/26 11:26 AM,9/6/26 11:35 AM,9 minutes and 47 seconds,*Device Login *Do NOT Remove
IT Italian Trattoria Collins,Charles Hernandez,113,,Pasta - Collins,,9/6/26 11:27 AM,9/6/26 11:35 AM,7 minutes and 58 seconds,*Device Login *Do NOT Remove
IT Italian Trattoria Collins,Charles Hernandez,112,,Pasta - Collins,,9/6/26 11:29 AM,9/6/26 11:38 AM,8 minutes and 42 seconds,*Device Login *Do NOT Remove
IT Italian Trattoria Collins,Charles Hernandez,117,,Pasta - Collins,,9/6/26 11:34 AM,9/6/26 11:41 AM,6 minutes and 44 seconds,*Device Login *Do NOT Remove
IT Italian Trattoria Collins,Charles Hernandez,114,,Pasta - Collins,,9/6/26 11:31 AM,9/6/26 11:45 AM,13 minutes and 43 seconds,*Device Login *Do NOT Remove
IT Italian Trattoria Collins,Charles Hernandez,118,,Pasta - Collins,,9/6/26 11:36 AM,9/6/26 11:45 AM,8 minutes and 44 seconds,*Device Login *Do NOT Remove
IT Italian Trattoria Collins,Charles Hernandez,126,,Pasta - Collins,,9/6/26 11:49 AM,9/6/26 11:57 AM,7 minutes and 28 seconds,*Device Login *Do NOT Remove
IT Italian Trattoria Collins,Charles Hernandez,125,,Drinks - Collins,,9/6/26 11:48 AM,9/6/26 11:57 AM,9 minutes and 1 second,*Device Login *Do NOT Remove
IT Italian Trattoria Collins,Charles Hernandez,125,,No print / Expo - Collins,,9/6/26 11:48 AM,9/6/26 11:57 AM,9 minutes and 1 second,*Device Login *Do NOT Remove
IT Italian Trattoria Collins,Charles Hernandez,125,,Pasta - Collins,,9/6/26 11:48 AM,9/6/26 11:57 AM,9 minutes and 1 second,*Device Login *Do NOT Remove
IT Italian Trattoria Collins,Charles Hernandez,125,,Pizza - Collins,,9/6/26 11:48 AM,9/6/26 11:57 AM,9 minutes and 1 second,*Device Login *Do NOT Remove
IT Italian Trattoria Collins,Charles Hernandez,125,,No Print - Collins,,9/6/26 11:48 AM,9/6/26 11:57 AM,9 minutes and 1 second,*Device Login *Do NOT Remove
IT Italian Trattoria Collins,Charles Hernandez,125,,Pizza Pala - Collins,,9/6/26 11:48 AM,9/6/26 11:57 AM,9 minutes and 1 second,*Device Login *Do NOT Remove
IT Italian Trattoria Collins,Charles Hernandez,129,,Pasta - Collins,,9/6/26 12:01 PM,9/6/26 12:04 PM,3 minutes and 15 seconds,*Device Login *Do NOT Remove
IT Italian Trattoria Collins,Charles Hernandez,137,,Pasta - Collins,,9/6/26 12:26 PM,9/6/26 12:31 PM,5 minutes and 34 seconds,*Device Login *Do NOT Remove
IT Italian Trattoria Collins,Charles Hernandez,139,,Pizza - Collins,,9/6/26 12:34 PM,9/6/26 12:43 PM,9 minutes,*Device Login *Do NOT Remove
IT Italian Trattoria Collins,Charles Hernandez,140,,Pasta - Collins,,9/6/26 12:45 PM,9/6/26 12:52 PM,7 minutes and 43 seconds,*Device Login *Do NOT Remove
IT Italian Trattoria Collins,Charles Hernandez,123,,Pasta - Collins,,9/6/26 12:45 PM,9/6/26 12:52 PM,7 minutes and 39 seconds,*Device Login *Do NOT Remove
IT Italian Trattoria Collins,Charles Hernandez,141,,Pasta - Collins,,9/6/26 12:50 PM,9/6/26 12:54 PM,4 minutes and 30 seconds,*Device Login *Do NOT Remove
IT Italian Trattoria Collins,Charles Hernandez,143,,Pasta - Collins,,9/6/26 12:53 PM,9/6/26 12:58 PM,5 minutes and 34 seconds,*Device Login *Do NOT Remove
IT Italian Trattoria Collins,Charles Hernandez,141,,Pizza - Collins,,9/6/26 12:50 PM,9/6/26 12:59 PM,9 minutes and 44 seconds,*Device Login *Do NOT Remove
IT Italian Trattoria Collins,Charles Hernandez,143,,Pizza - Collins,,9/6/26 12:53 PM,9/6/26 1:00 PM,7 minutes and 1 second,*Device Login *Do NOT Remove
IT Italian Trattoria Collins,Charles Hernandez,144,,Pasta - Collins,,9/6/26 1:00 PM,9/6/26 1:07 PM,6 minutes and 57 seconds,*Device Login *Do NOT Remove
IT Italian Trattoria Collins,Carola Facta,147,,Pizza - Collins,,9/6/26 1:10 PM,9/6/26 1:19 PM,8 minutes and 57 seconds,*Device Login *Do NOT Remove
IT Italian Trattoria Collins,Charles Hernandez,150,,Pizza - Collins,,9/6/26 1:44 PM,9/6/26 1:51 PM,6 minutes and 49 seconds,*Device Login *Do NOT Remove
IT Italian Trattoria Collins,Charles Hernandez,152,,Pizza - Collins,,9/6/26 2:00 PM,9/6/26 2:09 PM,8 minutes and 50 seconds,*Device Login *Do NOT Remove
IT Italian Trattoria Collins,Charles Hernandez,154,,Pasta - Collins,,9/6/26 2:03 PM,9/6/26 2:14 PM,10 minutes and 46 seconds,*Device Login *Do NOT Remove
IT Italian Trattoria Collins,Charles Hernandez,155,,Pizza - Collins,,9/6/26 2:18 PM,9/6/26 2:30 PM,12 minutes and 18 seconds,*Device Login *Do NOT Remove
IT Italian Trattoria Collins,Charles Hernandez,157,,Pizza - Collins,,9/6/26 2:30 PM,9/6/26 2:40 PM,10 minutes and 26 seconds,*Device Login *Do NOT Remove
IT Italian Trattoria Collins,Charles Hernandez,159,,Pasta - Collins,,9/6/26 2:42 PM,9/6/26 2:52 PM,10 minutes and 46 seconds,*Device Login *Do NOT Remove
IT Italian Trattoria Collins,Charles Hernandez,159,,Pizza - Collins,,9/6/26 2:42 PM,9/6/26 2:54 PM,12 minutes and 39 seconds,*Device Login *Do NOT Remove
IT Italian Trattoria Collins,Charles Hernandez,160,,No print / Expo - Collins,,9/6/26 2:54 PM,9/6/26 2:55 PM,56 seconds,*Device Login *Do NOT Remove
IT Italian Trattoria Collins,Charles Hernandez,160,,Pizza - Collins,,9/6/26 2:54 PM,9/6/26 2:55 PM,56 seconds,*Device Login *Do NOT Remove
IT Italian Trattoria Collins,Charles Hernandez,160,,Pasta - Collins,,9/6/26 2:54 PM,9/6/26 2:55 PM,56 seconds,*Device Login *Do NOT Remove
IT Italian Trattoria Collins,Charles Hernandez,165,,Pasta - Collins,,9/6/26 3:17 PM,9/6/26 3:25 PM,8 minutes and 34 seconds,*Device Login *Do NOT Remove
IT Italian Trattoria Collins,Charles Hernandez,166,,Pasta - Collins,,9/6/26 3:19 PM,9/6/26 3:25 PM,6 minutes and 22 seconds,*Device Login *Do NOT Remove
IT Italian Trattoria Collins,Charles Hernandez,166,,Pizza - Collins,,9/6/26 3:19 PM,9/6/26 3:29 PM,10 minutes,*Device Login *Do NOT Remove
IT Italian Trattoria Collins,Charles Hernandez,172,,Pasta - Collins,,9/6/26 3:32 PM,9/6/26 3:37 PM,4 minutes and 54 seconds,*Device Login *Do NOT Remove
IT Italian Trattoria Collins,Charles Hernandez,171,,Pasta - Collins,,9/6/26 3:31 PM,9/6/26 3:37 PM,6 minutes and 10 seconds,*Device Login *Do NOT Remove
IT Italian Trattoria Collins,Charles Hernandez,172,,Pizza - Collins,,9/6/26 3:32 PM,9/6/26 3:41 PM,8 minutes and 56 seconds,*Device Login *Do NOT Remove
IT Italian Trattoria Collins,Charles Hernandez,174,,Pasta - Collins,,9/6/26 3:44 PM,9/6/26 3:52 PM,8 minutes and 22 seconds,*Device Login *Do NOT Remove
IT Italian Trattoria Collins,Charles Hernandez,174,,Pizza - Collins,,9/6/26 3:44 PM,9/6/26 3:53 PM,9 minutes and 43 seconds,*Device Login *Do NOT Remove
IT Italian Trattoria Collins,Charles Hernandez,176,,Pizza - Collins,,9/6/26 3:49 PM,9/6/26 3:59 PM,9 minutes and 25 seconds,*Device Login *Do NOT Remove
IT Italian Trattoria Collins,Jonathan Lucero,184,,Pizza - Collins,,9/6/26 4:12 PM,9/6/26 4:17 PM,5 minutes,*Device Login *Do NOT Remove
IT Italian Trattoria Collins,Jonathan Lucero,189,,Pizza - Collins,,9/6/26 4:55 PM,9/6/26 5:05 PM,10 minutes and 25 seconds,*Device Login *Do NOT Remove
IT Italian Trattoria Collins,Jonathan Lucero,189,,Pasta - Collins,,9/6/26 4:55 PM,9/6/26 5:06 PM,11 minutes and 6 seconds,*Device Login *Do NOT Remove
IT Italian Trattoria Collins,Jonathan Lucero,190,,Pasta - Collins,,9/6/26 5:06 PM,9/6/26 5:10 PM,4 minutes and 27 seconds,*Device Login *Do NOT Remove
IT Italian Trattoria Collins,Jonathan Lucero,191,,Pasta - Collins,,9/6/26 5:08 PM,9/6/26 5:13 PM,4 minutes and 41 seconds,*Device Login *Do NOT Remove
IT Italian Trattoria Collins,Jonathan Lucero,193,,Drinks - Collins,,9/6/26 5:21 PM,9/6/26 5:22 PM,32 seconds,*Device Login *Do NOT Remove
IT Italian Trattoria Collins,Jonathan Lucero,193,,No print / Expo - Collins,,9/6/26 5:21 PM,9/6/26 5:22 PM,32 seconds,*Device Login *Do NOT Remove
IT Italian Trattoria Collins,Jonathan Lucero,193,,Pasta - Collins,,9/6/26 5:21 PM,9/6/26 5:22 PM,32 seconds,*Device Login *Do NOT Remove
IT Italian Trattoria Collins,Jonathan Lucero,193,,Pizza - Collins,,9/6/26 5:21 PM,9/6/26 5:22 PM,32 seconds,*Device Login *Do NOT Remove
IT Italian Trattoria Collins,Jonathan Lucero,193,,No Print - Collins,,9/6/26 5:21 PM,9/6/26 5:22 PM,32 seconds,*Device Login *Do NOT Remove
IT Italian Trattoria Collins,Jonathan Lucero,193,,Pizza Pala - Collins,,9/6/26 5:21 PM,9/6/26 5:22 PM,32 seconds,*Device Login *Do NOT Remove
IT Italian Trattoria Collins,Andrea Rizzi,192,,Pizza - Collins,,9/6/26 5:17 PM,9/6/26 5:22 PM,5 minutes and 19 seconds,*Device Login *Do NOT Remove
IT Italian Trattoria Collins,Jonathan Lucero,193,,Pasta - Collins,,9/6/26 5:21 PM,9/6/26 5:27 PM,5 minutes and 36 seconds,*Device Login *Do NOT Remove
IT Italian Trattoria Collins,Andrea Rizzi,195,,Pizza - Collins,,9/6/26 5:23 PM,9/6/26 5:33 PM,10 minutes and 39 seconds,*Device Login *Do NOT Remove
IT Italian Trattoria Collins,Jonathan Lucero,198,,Pasta - Collins,,9/6/26 5:32 PM,9/6/26 5:38 PM,5 minutes and 24 seconds,*Device Login *Do NOT Remove
IT Italian Trattoria Collins,Jonathan Lucero,198,,Pizza - Collins,,9/6/26 5:32 PM,9/6/26 5:38 PM,5 minutes and 30 seconds,*Device Login *Do NOT Remove
IT Italian Trattoria Collins,Jonathan Lucero,201,,Pasta - Collins,,9/6/26 5:34 PM,9/6/26 5:41 PM,6 minutes and 55 seconds,*Device Login *Do NOT Remove
IT Italian Trattoria Collins,Andrea Rizzi,199,,Pizza - Collins,,9/6/26 5:38 PM,9/6/26 5:43 PM,4 minutes and 54 seconds,*Device Login *Do NOT Remove
IT Italian Trattoria Collins,Andrea Rizzi,199,,Pasta - Collins,,9/6/26 5:38 PM,9/6/26 5:45 PM,7 minutes and 27 seconds,*Device Login *Do NOT Remove
IT Italian Trattoria Collins,Andrea Rizzi,203,,Pasta - Collins,,9/6/26 5:41 PM,9/6/26 5:49 PM,7 minutes and 59 seconds,*Device Login *Do NOT Remove
IT Italian Trattoria Collins,Jonathan Lucero,202,,Pizza - Collins,,9/6/26 5:54 PM,9/6/26 6:02 PM,7 minutes and 27 seconds,*Device Login *Do NOT Remove
IT Italian Trattoria Collins,Jonathan Lucero,206,,Pizza - Collins,,9/6/26 5:56 PM,9/6/26 6:03 PM,7 minutes and 39 seconds,*Device Login *Do NOT Remove
IT Italian Trattoria Collins,Yamila Hidalgo,208,,Pizza - Collins,,9/6/26 6:03 PM,9/6/26 6:07 PM,3 minutes and 57 seconds,*Device Login *Do NOT Remove
IT Italian Trattoria Collins,Yamila Hidalgo,208,,Pasta - Collins,,9/6/26 6:03 PM,9/6/26 6:10 PM,6 minutes and 28 seconds,*Device Login *Do NOT Remove
IT Italian Trattoria Collins,Yamila Hidalgo,211,,Pizza - Collins,,9/6/26 6:15 PM,9/6/26 6:20 PM,4 minutes and 59 seconds,*Device Login *Do NOT Remove
IT Italian Trattoria Collins,Yamila Hidalgo,212,,Pasta - Collins,,9/6/26 6:17 PM,9/6/26 6:23 PM,5 minutes and 34 seconds,*Device Login *Do NOT Remove
IT Italian Trattoria Collins,Jonathan Lucero,215,,Pasta - Collins,,9/6/26 6:21 PM,9/6/26 6:27 PM,6 minutes and 11 seconds,*Device Login *Do NOT Remove
IT Italian Trattoria Collins,Andrea Rizzi,217,,Pizza - Collins,,9/6/26 6:24 PM,9/6/26 6:29 PM,5 minutes and 27 seconds,*Device Login *Do NOT Remove
IT Italian Trattoria Collins,Jonathan Lucero,214,,Pasta - Collins,,9/6/26 6:20 PM,9/6/26 6:30 PM,10 minutes and 3 seconds,*Device Login *Do NOT Remove
IT Italian Trattoria Collins,Andrea Rizzi,218,,Pasta - Collins,,9/6/26 6:29 PM,9/6/26 6:36 PM,6 minutes and 59 seconds,*Device Login *Do NOT Remove
IT Italian Trattoria Collins,Andrea Rizzi,218,,Pizza - Collins,,9/6/26 6:29 PM,9/6/26 6:39 PM,10 minutes and 5 seconds,*Device Login *Do NOT Remove
IT Italian Trattoria Collins,Andrea Rizzi,220,,Pasta - Collins,,9/6/26 6:36 PM,9/6/26 6:40 PM,4 minutes and 12 seconds,*Device Login *Do NOT Remove
IT Italian Trattoria Collins,Andrea Rizzi,219,,Pizza - Collins,,9/6/26 6:34 PM,9/6/26 6:41 PM,7 minutes and 12 seconds,*Device Login *Do NOT Remove
IT Italian Trattoria Collins,Andrea Rizzi,222,,Pasta - Collins,,9/6/26 6:39 PM,9/6/26 6:42 PM,3 minutes and 41 seconds,*Device Login *Do NOT Remove
IT Italian Trattoria Collins,Andrea Rizzi,220,,Pizza - Collins,,9/6/26 6:36 PM,9/6/26 6:43 PM,7 minutes,*Device Login *Do NOT Remove
IT Italian Trattoria Collins,Default Online Ordering,224,,Pasta - Collins,,9/6/26 6:44 PM,9/6/26 6:50 PM,6 minutes and 14 seconds,*Device Login *Do NOT Remove
IT Italian Trattoria Collins,Andrea Rizzi,223,,Pasta - Collins,,9/6/26 6:44 PM,9/6/26 6:51 PM,7 minutes and 40 seconds,*Device Login *Do NOT Remove
IT Italian Trattoria Collins,Andrea Rizzi,225,,Pizza - Collins,,9/6/26 6:52 PM,9/6/26 6:59 PM,6 minutes and 26 seconds,*Device Login *Do NOT Remove
IT Italian Trattoria Collins,Jonathan Lucero,227,,Pasta - Collins,,9/6/26 7:02 PM,9/6/26 7:06 PM,3 minutes and 55 seconds,*Device Login *Do NOT Remove
IT Italian Trattoria Collins,Jonathan Lucero,227,,Pizza - Collins,,9/6/26 7:02 PM,9/6/26 7:10 PM,8 minutes and 1 second,*Device Login *Do NOT Remove
IT Italian Trattoria Collins,Yamila Hidalgo,229,,Pasta - Collins,,9/6/26 7:07 PM,9/6/26 7:12 PM,5 minutes and 16 seconds,*Device Login *Do NOT Remove
IT Italian Trattoria Collins,Andrea Rizzi,231,,Pasta - Collins,,9/6/26 7:18 PM,9/6/26 7:23 PM,4 minutes and 42 seconds,*Device Login *Do NOT Remove
IT Italian Trattoria Collins,Andrea Rizzi,232,,Pizza - Collins,,9/6/26 7:25 PM,9/6/26 7:30 PM,5 minutes and 24 seconds,*Device Login *Do NOT Remove
IT Italian Trattoria Collins,Andrea Rizzi,234,,Pizza - Collins,,9/6/26 7:30 PM,9/6/26 7:36 PM,6 minutes and 19 seconds,*Device Login *Do NOT Remove
IT Italian Trattoria Collins,Andrea Rizzi,234,,Drinks - Collins,,9/6/26 7:30 PM,9/6/26 7:36 PM,6 minutes and 19 seconds,*Device Login *Do NOT Remove
IT Italian Trattoria Collins,Andrea Rizzi,234,,No print / Expo - Collins,,9/6/26 7:30 PM,9/6/26 7:36 PM,6 minutes and 19 seconds,*Device Login *Do NOT Remove
IT Italian Trattoria Collins,Andrea Rizzi,234,,Pasta - Collins,,9/6/26 7:30 PM,9/6/26 7:36 PM,6 minutes and 19 seconds,*Device Login *Do NOT Remove
IT Italian Trattoria Collins,Andrea Rizzi,234,,No Print - Collins,,9/6/26 7:30 PM,9/6/26 7:36 PM,6 minutes and 19 seconds,*Device Login *Do NOT Remove
IT Italian Trattoria Collins,Andrea Rizzi,234,,Pizza Pala - Collins,,9/6/26 7:30 PM,9/6/26 7:36 PM,6 minutes and 19 seconds,*Device Login *Do NOT Remove
IT Italian Trattoria Collins,Andrea Rizzi,235,,Drinks - Collins,,9/6/26 7:31 PM,9/6/26 7:37 PM,5 minutes and 45 seconds,*Device Login *Do NOT Remove
IT Italian Trattoria Collins,Andrea Rizzi,235,,No print / Expo - Collins,,9/6/26 7:31 PM,9/6/26 7:37 PM,5 minutes and 45 seconds,*Device Login *Do NOT Remove
IT Italian Trattoria Collins,Andrea Rizzi,235,,Pasta - Collins,,9/6/26 7:31 PM,9/6/26 7:37 PM,5 minutes and 45 seconds,*Device Login *Do NOT Remove
IT Italian Trattoria Collins,Andrea Rizzi,235,,Pizza - Collins,,9/6/26 7:31 PM,9/6/26 7:37 PM,5 minutes and 45 seconds,*Device Login *Do NOT Remove
IT Italian Trattoria Collins,Andrea Rizzi,235,,No Print - Collins,,9/6/26 7:31 PM,9/6/26 7:37 PM,5 minutes and 45 seconds,*Device Login *Do NOT Remove
IT Italian Trattoria Collins,Andrea Rizzi,235,,Pizza Pala - Collins,,9/6/26 7:31 PM,9/6/26 7:37 PM,5 minutes and 45 seconds,*Device Login *Do NOT Remove
IT Italian Trattoria Collins,Andrea Rizzi,235,,Pasta - Collins,,9/6/26 7:31 PM,9/6/26 7:38 PM,6 minutes and 55 seconds,*Device Login *Do NOT Remove
IT Italian Trattoria Collins,Andrea Rizzi,236,,Pizza - Collins,,9/6/26 7:32 PM,9/6/26 7:38 PM,6 minutes and 10 seconds,*Device Login *Do NOT Remove
IT Italian Trattoria Collins,Andrea Rizzi,238,,Pizza - Collins,,9/6/26 7:33 PM,9/6/26 7:39 PM,6 minutes and 7 seconds,*Device Login *Do NOT Remove
IT Italian Trattoria Collins,Andrea Rizzi,234,,Pasta - Collins,,9/6/26 7:30 PM,9/6/26 7:39 PM,9 minutes and 36 seconds,*Device Login *Do NOT Remove
IT Italian Trattoria Collins,Yamila Hidalgo,237,,Pizza - Collins,,9/6/26 7:34 PM,9/6/26 7:39 PM,5 minutes and 56 seconds,*Device Login *Do NOT Remove
IT Italian Trattoria Collins,Yamila Hidalgo,237,,Pasta - Collins,,9/6/26 7:34 PM,9/6/26 7:40 PM,6 minutes and 11 seconds,*Device Login *Do NOT Remove
IT Italian Trattoria Collins,Andrea Rizzi,241,,Pizza - Collins,,9/6/26 7:37 PM,9/6/26 7:40 PM,3 minutes and 47 seconds,*Device Login *Do NOT Remove
IT Italian Trattoria Collins,Andrea Rizzi,239,,Pasta - Collins,,9/6/26 7:36 PM,9/6/26 7:45 PM,9 minutes and 10 seconds,*Device Login *Do NOT Remove
IT Italian Trattoria Collins,Yamila Hidalgo,240,,Pasta - Collins,,9/6/26 7:36 PM,9/6/26 7:47 PM,11 minutes and 41 seconds,*Device Login *Do NOT Remove
IT Italian Trattoria Collins,Andrea Rizzi,245,,Pizza - Collins,,9/6/26 7:51 PM,9/6/26 7:56 PM,5 minutes and 14 seconds,*Device Login *Do NOT Remove
IT Italian Trattoria Collins,Andrea Rizzi,245,,Pasta - Collins,,9/6/26 7:51 PM,9/6/26 7:58 PM,7 minutes and 22 seconds,*Device Login *Do NOT Remove
IT Italian Trattoria Collins,Andrea Rizzi,246,,Pasta - Collins,,9/6/26 7:53 PM,9/6/26 7:58 PM,4 minutes and 58 seconds,*Device Login *Do NOT Remove
IT Italian Trattoria Collins,Andrea Rizzi,247,,Pasta - Collins,,9/6/26 7:56 PM,9/6/26 7:59 PM,3 minutes and 24 seconds,*Device Login *Do NOT Remove
IT Italian Trattoria Collins,Andrea Rizzi,246,,Pizza - Collins,,9/6/26 7:53 PM,9/6/26 8:00 PM,6 minutes and 2 seconds,*Device Login *Do NOT Remove
IT Italian Trattoria Collins,Andrea Rizzi,251,,Pizza - Collins,,9/6/26 7:58 PM,9/6/26 8:01 PM,2 minutes and 33 seconds,*Device Login *Do NOT Remove
IT Italian Trattoria Collins,Andrea Rizzi,248,,Pasta - Collins,,9/6/26 7:57 PM,9/6/26 8:02 PM,4 minutes and 44 seconds,*Device Login *Do NOT Remove
IT Italian Trattoria Collins,Jonathan Lucero,253,,Pasta - Collins,,9/6/26 8:02 PM,9/6/26 8:06 PM,4 minutes and 13 seconds,*Device Login *Do NOT Remove
IT Italian Trattoria Collins,Andrea Rizzi,250,,Pasta - Collins,,9/6/26 7:58 PM,9/6/26 8:08 PM,10 minutes and 23 seconds,*Device Login *Do NOT Remove
IT Italian Trattoria Collins,Andrea Rizzi,252,,Pizza - Collins,,9/6/26 8:03 PM,9/6/26 8:09 PM,5 minutes and 41 seconds,*Device Login *Do NOT Remove
IT Italian Trattoria Collins,Jonathan Lucero,254,,Pasta - Collins,,9/6/26 8:02 PM,9/6/26 8:09 PM,7 minutes and 3 seconds,*Device Login *Do NOT Remove
IT Italian Trattoria Collins,Jonathan Lucero,255,,Drinks - Collins,,9/6/26 8:11 PM,9/6/26 8:11 PM,11 seconds,*Device Login *Do NOT Remove
IT Italian Trattoria Collins,Jonathan Lucero,255,,No print / Expo - Collins,,9/6/26 8:11 PM,9/6/26 8:11 PM,11 seconds,*Device Login *Do NOT Remove
IT Italian Trattoria Collins,Jonathan Lucero,255,,Pasta - Collins,,9/6/26 8:11 PM,9/6/26 8:11 PM,11 seconds,*Device Login *Do NOT Remove
IT Italian Trattoria Collins,Jonathan Lucero,255,,Pizza - Collins,,9/6/26 8:11 PM,9/6/26 8:11 PM,11 seconds,*Device Login *Do NOT Remove
IT Italian Trattoria Collins,Jonathan Lucero,255,,No Print - Collins,,9/6/26 8:11 PM,9/6/26 8:11 PM,11 seconds,*Device Login *Do NOT Remove
IT Italian Trattoria Collins,Jonathan Lucero,255,,Pizza Pala - Collins,,9/6/26 8:11 PM,9/6/26 8:11 PM,11 seconds,*Device Login *Do NOT Remove
IT Italian Trattoria Collins,Jonathan Lucero,257,,Pizza - Collins,,9/6/26 8:18 PM,9/6/26 8:24 PM,6 minutes and 4 seconds,*Device Login *Do NOT Remove
IT Italian Trattoria Collins,Default Online Ordering,270,,Drinks - Collins,,9/6/26 8:33 PM,9/6/26 8:34 PM,1 minute and 7 seconds,*Device Login *Do NOT Remove
IT Italian Trattoria Collins,Default Online Ordering,270,,No print / Expo - Collins,,9/6/26 8:33 PM,9/6/26 8:34 PM,1 minute and 7 seconds,*Device Login *Do NOT Remove
IT Italian Trattoria Collins,Default Online Ordering,270,,Pasta - Collins,,9/6/26 8:33 PM,9/6/26 8:34 PM,1 minute and 7 seconds,*Device Login *Do NOT Remove
IT Italian Trattoria Collins,Default Online Ordering,270,,Pizza - Collins,,9/6/26 8:33 PM,9/6/26 8:34 PM,1 minute and 7 seconds,*Device Login *Do NOT Remove
IT Italian Trattoria Collins,Default Online Ordering,270,,No Print - Collins,,9/6/26 8:33 PM,9/6/26 8:34 PM,1 minute and 7 seconds,*Device Login *Do NOT Remove
IT Italian Trattoria Collins,Default Online Ordering,270,,Pizza Pala - Collins,,9/6/26 8:33 PM,9/6/26 8:34 PM,1 minute and 7 seconds,*Device Login *Do NOT Remove
IT Italian Trattoria Collins,Yamila Hidalgo,261,,Pasta - Collins,,9/6/26 8:30 PM,9/6/26 8:35 PM,5 minutes and 9 seconds,*Device Login *Do NOT Remove
IT Italian Trattoria Collins,Yamila Hidalgo,261,,No print / Expo - Collins,,9/6/26 8:30 PM,9/6/26 8:35 PM,5 minutes and 9 seconds,*Device Login *Do NOT Remove
IT Italian Trattoria Collins,Yamila Hidalgo,261,,Drinks - Collins,,9/6/26 8:30 PM,9/6/26 8:35 PM,5 minutes and 9 seconds,*Device Login *Do NOT Remove
IT Italian Trattoria Collins,Yamila Hidalgo,261,,Pizza Pala - Collins,,9/6/26 8:30 PM,9/6/26 8:35 PM,5 minutes and 9 seconds,*Device Login *Do NOT Remove
IT Italian Trattoria Collins,Yamila Hidalgo,261,,No Print - Collins,,9/6/26 8:30 PM,9/6/26 8:35 PM,5 minutes and 9 seconds,*Device Login *Do NOT Remove
IT Italian Trattoria Collins,Yamila Hidalgo,261,,Pizza - Collins,,9/6/26 8:30 PM,9/6/26 8:35 PM,5 minutes and 9 seconds,*Device Login *Do NOT Remove
IT Italian Trattoria Collins,Yamila Hidalgo,271,,No print / Expo - Collins,,9/6/26 8:37 PM,9/6/26 8:37 PM,29 seconds,*Device Login *Do NOT Remove
IT Italian Trattoria Collins,Yamila Hidalgo,271,,No Print - Collins,,9/6/26 8:37 PM,9/6/26 8:37 PM,29 seconds,*Device Login *Do NOT Remove
IT Italian Trattoria Collins,Yamila Hidalgo,271,,Pizza - Collins,,9/6/26 8:37 PM,9/6/26 8:37 PM,29 seconds,*Device Login *Do NOT Remove
IT Italian Trattoria Collins,Yamila Hidalgo,271,,Pizza Pala - Collins,,9/6/26 8:37 PM,9/6/26 8:37 PM,29 seconds,*Device Login *Do NOT Remove
IT Italian Trattoria Collins,Yamila Hidalgo,271,,Drinks - Collins,,9/6/26 8:37 PM,9/6/26 8:37 PM,29 seconds,*Device Login *Do NOT Remove
IT Italian Trattoria Collins,Yamila Hidalgo,271,,Pasta - Collins,,9/6/26 8:37 PM,9/6/26 8:37 PM,29 seconds,*Device Login *Do NOT Remove
IT Italian Trattoria Collins,Jonathan Lucero,262,,Pizza - Collins,,9/6/26 8:30 PM,9/6/26 8:37 PM,7 minutes and 44 seconds,*Device Login *Do NOT Remove
IT Italian Trattoria Collins,Jonathan Lucero,264,,Pizza - Collins,,9/6/26 8:31 PM,9/6/26 8:37 PM,6 minutes and 51 seconds,*Device Login *Do NOT Remove
IT Italian Trattoria Collins,Yamila Hidalgo,263,,Pasta - Collins,,9/6/26 8:31 PM,9/6/26 8:39 PM,7 minutes and 49 seconds,*Device Login *Do NOT Remove
IT Italian Trattoria Collins,Jonathan Lucero,265,,Pizza - Collins,,9/6/26 8:32 PM,9/6/26 8:40 PM,7 minutes and 23 seconds,*Device Login *Do NOT Remove
IT Italian Trattoria Collins,Default Online Ordering,268,,Pasta - Collins,,9/6/26 8:33 PM,9/6/26 8:40 PM,7 minutes and 1 second,*Device Login *Do NOT Remove
IT Italian Trattoria Collins,Yamila Hidalgo,271,,Pasta - Collins,,9/6/26 8:37 PM,9/6/26 8:41 PM,4 minutes and 33 seconds,*Device Login *Do NOT Remove
IT Italian Trattoria Collins,Yamila Hidalgo,273,,Pizza - Collins,,9/6/26 8:40 PM,9/6/26 8:46 PM,5 minutes and 30 seconds,*Device Login *Do NOT Remove
IT Italian Trattoria Collins,Jonathan Lucero,267,,Pasta - Collins,,9/6/26 8:35 PM,9/6/26 8:46 PM,10 minutes and 51 seconds,*Device Login *Do NOT Remove
IT Italian Trattoria Collins,Jonathan Lucero,272,,Pasta - Collins,,9/6/26 8:38 PM,9/6/26 8:46 PM,8 minutes and 2 seconds,*Device Login *Do NOT Remove
IT Italian Trattoria Collins,Default Online Ordering,270,,Pasta - Collins,,9/6/26 8:33 PM,9/6/26 8:46 PM,12 minutes and 33 seconds,*Device Login *Do NOT Remove
IT Italian Trattoria Collins,Jonathan Lucero,275,,Pizza - Collins,,9/6/26 8:43 PM,9/6/26 8:47 PM,4 minutes and 48 seconds,*Device Login *Do NOT Remove
IT Italian Trattoria Collins,Yamila Hidalgo,276,,Pasta - Collins,,9/6/26 8:43 PM,9/6/26 8:49 PM,5 minutes and 52 seconds,*Device Login *Do NOT Remove
IT Italian Trattoria Collins,Yamila Hidalgo,274,,Pasta - Collins,,9/6/26 8:42 PM,9/6/26 8:50 PM,7 minutes and 48 seconds,*Device Login *Do NOT Remove
IT Italian Trattoria Collins,Jonathan Lucero,277,,Pasta - Collins,,9/6/26 8:45 PM,9/6/26 8:51 PM,5 minutes and 27 seconds,*Device Login *Do NOT Remove
IT Italian Trattoria Collins,Yamila Hidalgo,273,,Pasta - Collins,,9/6/26 8:40 PM,9/6/26 8:51 PM,11 minutes and 11 seconds,*Device Login *Do NOT Remove
IT Italian Trattoria Collins,Jonathan Lucero,282,,Pasta - Collins,,9/6/26 9:00 PM,9/6/26 9:05 PM,5 minutes,*Device Login *Do NOT Remove
IT Italian Trattoria Collins,Jonathan Lucero,282,,Pizza - Collins,,9/6/26 9:00 PM,9/6/26 9:05 PM,5 minutes and 4 seconds,*Device Login *Do NOT Remove
IT Italian Trattoria Collins,Jonathan Lucero,283,,Pizza - Collins,,9/6/26 9:01 PM,9/6/26 9:09 PM,7 minutes and 22 seconds,*Device Login *Do NOT Remove
IT Italian Trattoria Collins,Jonathan Lucero,285,,Pizza - Collins,,9/6/26 9:05 PM,9/6/26 9:09 PM,4 minutes,*Device Login *Do NOT Remove
IT Italian Trattoria Collins,Jonathan Lucero,285,,Pasta - Collins,,9/6/26 9:05 PM,9/6/26 9:11 PM,5 minutes and 59 seconds,*Device Login *Do NOT Remove
IT Italian Trattoria Collins,Jonathan Lucero,290,,Drinks - Collins,,9/6/26 9:16 PM,9/6/26 9:17 PM,34 seconds,*Device Login *Do NOT Remove
IT Italian Trattoria Collins,Jonathan Lucero,290,,No print / Expo - Collins,,9/6/26 9:16 PM,9/6/26 9:17 PM,34 seconds,*Device Login *Do NOT Remove
IT Italian Trattoria Collins,Jonathan Lucero,290,,Pasta - Collins,,9/6/26 9:16 PM,9/6/26 9:17 PM,34 seconds,*Device Login *Do NOT Remove
IT Italian Trattoria Collins,Jonathan Lucero,290,,Pizza - Collins,,9/6/26 9:16 PM,9/6/26 9:17 PM,34 seconds,*Device Login *Do NOT Remove
IT Italian Trattoria Collins,Jonathan Lucero,290,,No Print - Collins,,9/6/26 9:16 PM,9/6/26 9:17 PM,34 seconds,*Device Login *Do NOT Remove
IT Italian Trattoria Collins,Jonathan Lucero,290,,Pizza Pala - Collins,,9/6/26 9:16 PM,9/6/26 9:17 PM,34 seconds,*Device Login *Do NOT Remove
IT Italian Trattoria Collins,Jonathan Lucero,286,,Pasta - Collins,,9/6/26 9:12 PM,9/6/26 9:18 PM,5 minutes and 56 seconds,*Device Login *Do NOT Remove
IT Italian Trattoria Collins,Jonathan Lucero,288,,Pizza - Collins,,9/6/26 9:15 PM,9/6/26 9:19 PM,3 minutes and 38 seconds,*Device Login *Do NOT Remove
IT Italian Trattoria Collins,Jonathan Lucero,288,,Pasta - Collins,,9/6/26 9:15 PM,9/6/26 9:21 PM,5 minutes and 30 seconds,*Device Login *Do NOT Remove
IT Italian Trattoria Collins,Jonathan Lucero,290,,Pasta - Collins,,9/6/26 9:16 PM,9/6/26 9:23 PM,6 minutes and 29 seconds,*Device Login *Do NOT Remove
IT Italian Trattoria Collins,Jonathan Lucero,289,,Pasta - Collins,,9/6/26 9:17 PM,9/6/26 9:26 PM,9 minutes and 15 seconds,*Device Login *Do NOT Remove
IT Italian Trattoria Collins,Andrea Rizzi,293,,Drinks - Collins,,9/6/26 9:22 PM,9/6/26 9:28 PM,6 minutes and 47 seconds,*Device Login *Do NOT Remove
IT Italian Trattoria Collins,Andrea Rizzi,293,,No print / Expo - Collins,,9/6/26 9:22 PM,9/6/26 9:28 PM,6 minutes and 47 seconds,*Device Login *Do NOT Remove
IT Italian Trattoria Collins,Andrea Rizzi,293,,Pasta - Collins,,9/6/26 9:22 PM,9/6/26 9:28 PM,6 minutes and 47 seconds,*Device Login *Do NOT Remove
IT Italian Trattoria Collins,Andrea Rizzi,293,,Pizza - Collins,,9/6/26 9:22 PM,9/6/26 9:28 PM,6 minutes and 47 seconds,*Device Login *Do NOT Remove
IT Italian Trattoria Collins,Andrea Rizzi,293,,No Print - Collins,,9/6/26 9:22 PM,9/6/26 9:28 PM,6 minutes and 47 seconds,*Device Login *Do NOT Remove
IT Italian Trattoria Collins,Andrea Rizzi,293,,Pizza Pala - Collins,,9/6/26 9:22 PM,9/6/26 9:28 PM,6 minutes and 47 seconds,*Device Login *Do NOT Remove
IT Italian Trattoria Collins,Jonathan Lucero,291,,Pasta - Collins,,9/6/26 9:22 PM,9/6/26 9:29 PM,6 minutes and 17 seconds,*Device Login *Do NOT Remove
IT Italian Trattoria Collins,Andrea Rizzi,293,,Pizza - Collins,,9/6/26 9:22 PM,9/6/26 9:30 PM,8 minutes and 14 seconds,*Device Login *Do NOT Remove
IT Italian Trattoria Collins,Jonathan Lucero,291,,Pizza - Collins,,9/6/26 9:22 PM,9/6/26 9:30 PM,7 minutes and 31 seconds,*Device Login *Do NOT Remove
IT Italian Trattoria Collins,Andrea Rizzi,297,,Pizza - Collins,,9/6/26 9:29 PM,9/6/26 9:35 PM,5 minutes and 50 seconds,*Device Login *Do NOT Remove
IT Italian Trattoria Collins,Andrea Rizzi,294,,Pasta - Collins,,9/6/26 9:25 PM,9/6/26 9:37 PM,11 minutes and 32 seconds,*Device Login *Do NOT Remove
IT Italian Trattoria Collins,Jonathan Lucero,296,,Pizza - Collins,,9/6/26 9:31 PM,9/6/26 9:38 PM,6 minutes and 52 seconds,*Device Login *Do NOT Remove
IT Italian Trattoria Collins,Yamila Hidalgo,302,,No print / Expo - Collins,,9/6/26 9:37 PM,9/6/26 9:39 PM,2 minutes and 19 seconds,*Device Login *Do NOT Remove
IT Italian Trattoria Collins,Yamila Hidalgo,302,,No Print - Collins,,9/6/26 9:37 PM,9/6/26 9:39 PM,2 minutes and 19 seconds,*Device Login *Do NOT Remove
IT Italian Trattoria Collins,Yamila Hidalgo,302,,Pizza - Collins,,9/6/26 9:37 PM,9/6/26 9:39 PM,2 minutes and 19 seconds,*Device Login *Do NOT Remove
IT Italian Trattoria Collins,Yamila Hidalgo,302,,Pizza Pala - Collins,,9/6/26 9:37 PM,9/6/26 9:39 PM,2 minutes and 19 seconds,*Device Login *Do NOT Remove
IT Italian Trattoria Collins,Yamila Hidalgo,302,,Drinks - Collins,,9/6/26 9:37 PM,9/6/26 9:39 PM,2 minutes and 19 seconds,*Device Login *Do NOT Remove
IT Italian Trattoria Collins,Yamila Hidalgo,302,,Pasta - Collins,,9/6/26 9:37 PM,9/6/26 9:39 PM,2 minutes and 19 seconds,*Device Login *Do NOT Remove
IT Italian Trattoria Collins,Yamila Hidalgo,303,,No print / Expo - Collins,,9/6/26 9:39 PM,9/6/26 9:39 PM,18 seconds,*Device Login *Do NOT Remove
IT Italian Trattoria Collins,Yamila Hidalgo,303,,No Print - Collins,,9/6/26 9:39 PM,9/6/26 9:39 PM,18 seconds,*Device Login *Do NOT Remove
IT Italian Trattoria Collins,Yamila Hidalgo,303,,Pizza - Collins,,9/6/26 9:39 PM,9/6/26 9:39 PM,18 seconds,*Device Login *Do NOT Remove
IT Italian Trattoria Collins,Yamila Hidalgo,303,,Pizza Pala - Collins,,9/6/26 9:39 PM,9/6/26 9:39 PM,18 seconds,*Device Login *Do NOT Remove
IT Italian Trattoria Collins,Yamila Hidalgo,303,,Drinks - Collins,,9/6/26 9:39 PM,9/6/26 9:39 PM,18 seconds,*Device Login *Do NOT Remove
IT Italian Trattoria Collins,Yamila Hidalgo,303,,Pasta - Collins,,9/6/26 9:39 PM,9/6/26 9:39 PM,18 seconds,*Device Login *Do NOT Remove
IT Italian Trattoria Collins,Jonathan Lucero,300,,Pasta - Collins,,9/6/26 9:35 PM,9/6/26 9:44 PM,8 minutes and 41 seconds,*Device Login *Do NOT Remove
IT Italian Trattoria Collins,Yamila Hidalgo,304,,Pizza - Collins,,9/6/26 9:41 PM,9/6/26 9:44 PM,3 minutes and 23 seconds,*Device Login *Do NOT Remove
IT Italian Trattoria Collins,Yamila Hidalgo,304,,Pasta - Collins,,9/6/26 9:41 PM,9/6/26 9:46 PM,5 minutes and 48 seconds,*Device Login *Do NOT Remove
IT Italian Trattoria Collins,Jonathan Lucero,306,,Pizza - Collins,,9/6/26 9:47 PM,9/6/26 9:50 PM,2 minutes and 26 seconds,*Device Login *Do NOT Remove
IT Italian Trattoria Collins,Jonathan Lucero,301,,Pasta - Collins,,9/6/26 9:44 PM,9/6/26 9:50 PM,5 minutes and 40 seconds,*Device Login *Do NOT Remove
IT Italian Trattoria Collins,Jonathan Lucero,306,,Pasta - Collins,,9/6/26 9:47 PM,9/6/26 9:54 PM,7 minutes and 13 seconds,*Device Login *Do NOT Remove
IT Italian Trattoria Collins,Jonathan Lucero,307,,Pasta - Collins,,9/6/26 9:55 PM,9/6/26 10:06 PM,11 minutes and 28 seconds,*Device Login *Do NOT Remove
IT Italian Trattoria Collins,Andrea Rizzi,316,,Pasta - Collins,,9/6/26 10:12 PM,9/6/26 10:13 PM,40 seconds,*Device Login *Do NOT Remove
IT Italian Trattoria Collins,Andrea Rizzi,316,,No print / Expo - Collins,,9/6/26 10:12 PM,9/6/26 10:13 PM,40 seconds,*Device Login *Do NOT Remove
IT Italian Trattoria Collins,Andrea Rizzi,316,,Drinks - Collins,,9/6/26 10:12 PM,9/6/26 10:13 PM,40 seconds,*Device Login *Do NOT Remove
IT Italian Trattoria Collins,Andrea Rizzi,316,,Pizza Pala - Collins,,9/6/26 10:12 PM,9/6/26 10:13 PM,40 seconds,*Device Login *Do NOT Remove
IT Italian Trattoria Collins,Andrea Rizzi,316,,No Print - Collins,,9/6/26 10:12 PM,9/6/26 10:13 PM,40 seconds,*Device Login *Do NOT Remove
IT Italian Trattoria Collins,Andrea Rizzi,316,,Pizza - Collins,,9/6/26 10:12 PM,9/6/26 10:13 PM,40 seconds,*Device Login *Do NOT Remove
IT Italian Trattoria Collins,Jonathan Lucero,310,,Pasta - Collins,,9/6/26 10:02 PM,9/6/26 10:13 PM,11 minutes,*Device Login *Do NOT Remove
IT Italian Trattoria Collins,Andrea Rizzi,313,,Pasta - Collins,,9/6/26 10:04 PM,9/6/26 10:14 PM,9 minutes and 43 seconds,*Device Login *Do NOT Remove
IT Italian Trattoria Collins,Jonathan Lucero,312,,Pizza - Collins,,9/6/26 10:10 PM,9/6/26 10:17 PM,6 minutes and 31 seconds,*Device Login *Do NOT Remove
IT Italian Trattoria Collins,Andrea Rizzi,314,,Pasta - Collins,,9/6/26 10:11 PM,9/6/26 10:19 PM,8 minutes and 11 seconds,*Device Login *Do NOT Remove
IT Italian Trattoria Collins,Andrea Rizzi,317,,Pizza - Collins,,9/6/26 10:16 PM,9/6/26 10:20 PM,4 minutes and 36 seconds,*Device Login *Do NOT Remove
IT Italian Trattoria Collins,Jonathan Lucero,315,,Pizza - Collins,,9/6/26 10:18 PM,9/6/26 10:23 PM,4 minutes and 39 seconds,*Device Login *Do NOT Remove
IT Italian Trattoria Collins,Jonathan Lucero,315,,Drinks - Collins,,9/6/26 10:18 PM,9/6/26 10:23 PM,4 minutes and 39 seconds,*Device Login *Do NOT Remove
IT Italian Trattoria Collins,Jonathan Lucero,315,,No print / Expo - Collins,,9/6/26 10:18 PM,9/6/26 10:23 PM,4 minutes and 39 seconds,*Device Login *Do NOT Remove
IT Italian Trattoria Collins,Jonathan Lucero,315,,Pasta - Collins,,9/6/26 10:18 PM,9/6/26 10:23 PM,4 minutes and 39 seconds,*Device Login *Do NOT Remove
IT Italian Trattoria Collins,Jonathan Lucero,315,,No Print - Collins,,9/6/26 10:18 PM,9/6/26 10:23 PM,4 minutes and 39 seconds,*Device Login *Do NOT Remove
IT Italian Trattoria Collins,Jonathan Lucero,315,,Pizza Pala - Collins,,9/6/26 10:18 PM,9/6/26 10:23 PM,4 minutes and 39 seconds,*Device Login *Do NOT Remove
IT Italian Trattoria Collins,Andrea Rizzi,317,,Pasta - Collins,,9/6/26 10:16 PM,9/6/26 10:25 PM,8 minutes and 41 seconds,*Device Login *Do NOT Remove
IT Italian Trattoria Collins,Jonathan Lucero,315,,Pasta - Collins,,9/6/26 10:18 PM,9/6/26 10:25 PM,6 minutes and 43 seconds,*Device Login *Do NOT Remove
IT Italian Trattoria Collins,Andrea Rizzi,321,,Pizza - Collins,,9/6/26 10:25 PM,9/6/26 10:29 PM,4 minutes and 44 seconds,*Device Login *Do NOT Remove
IT Italian Trattoria Collins,Jonathan Lucero,322,,Pasta - Collins,,9/6/26 10:24 PM,9/6/26 10:34 PM,10 minutes and 18 seconds,*Device Login *Do NOT Remove
IT Italian Trattoria Collins,Jonathan Lucero,320,,Pasta - Collins,,9/6/26 10:21 PM,9/6/26 10:34 PM,13 minutes and 17 seconds,*Device Login *Do NOT Remove
IT Italian Trattoria Collins,Andrea Rizzi,321,,Pasta - Collins,,9/6/26 10:25 PM,9/6/26 10:34 PM,9 minutes and 55 seconds,*Device Login *Do NOT Remove
IT Italian Trattoria Collins,Andrea Rizzi,324,,Pizza - Collins,,9/6/26 10:34 PM,9/6/26 10:37 PM,3 minutes and 11 seconds,*Device Login *Do NOT Remove
IT Italian Trattoria Collins,Jonathan Lucero,323,,Pasta - Collins,,9/6/26 10:26 PM,9/6/26 10:38 PM,12 minutes and 18 seconds,*Device Login *Do NOT Remove
IT Italian Trattoria Collins,Jonathan Lucero,325,,Pizza - Collins,,9/6/26 10:41 PM,9/6/26 10:47 PM,5 minutes and 23 seconds,*Device Login *Do NOT Remove
IT Italian Trattoria Collins,Jonathan Lucero,327,,Pizza - Collins,,9/6/26 10:50 PM,9/6/26 10:56 PM,6 minutes and 52 seconds,*Device Login *Do NOT Remove
IT Italian Trattoria Collins,Andrea Rizzi,326,,Pasta - Collins,,9/6/26 10:45 PM,9/6/26 10:57 PM,12 minutes and 29 seconds,*Device Login *Do NOT Remove
IT Italian Trattoria Collins,Jonathan Lucero,331,,Drinks - Collins,,9/6/26 10:59 PM,9/6/26 11:00 PM,1 minute and 12 seconds,*Device Login *Do NOT Remove
IT Italian Trattoria Collins,Jonathan Lucero,331,,No print / Expo - Collins,,9/6/26 10:59 PM,9/6/26 11:00 PM,1 minute and 12 seconds,*Device Login *Do NOT Remove
IT Italian Trattoria Collins,Jonathan Lucero,331,,Pasta - Collins,,9/6/26 10:59 PM,9/6/26 11:00 PM,1 minute and 12 seconds,*Device Login *Do NOT Remove
IT Italian Trattoria Collins,Jonathan Lucero,331,,Pizza - Collins,,9/6/26 10:59 PM,9/6/26 11:00 PM,1 minute and 12 seconds,*Device Login *Do NOT Remove
IT Italian Trattoria Collins,Jonathan Lucero,331,,No Print - Collins,,9/6/26 10:59 PM,9/6/26 11:00 PM,1 minute and 12 seconds,*Device Login *Do NOT Remove
IT Italian Trattoria Collins,Jonathan Lucero,331,,Pizza Pala - Collins,,9/6/26 10:59 PM,9/6/26 11:00 PM,1 minute and 12 seconds,*Device Login *Do NOT Remove
IT Italian Trattoria Collins,Jonathan Lucero,331,,Pasta - Collins,,9/6/26 10:59 PM,9/6/26 11:04 PM,5 minutes,*Device Login *Do NOT Remove
IT Italian Trattoria Collins,Yamila Hidalgo,10,,Pasta - Collins,,9/7/26 8:31 AM,9/7/26 8:38 AM,6 minutes and 16 seconds,*Device Login *Do NOT Remove
IT Italian Trattoria Collins,Yamila Hidalgo,15,,Pasta - Collins,,9/7/26 8:42 AM,9/7/26 8:42 AM,7 seconds,*Device Login *Do NOT Remove
IT Italian Trattoria Collins,Yamila Hidalgo,17,,Drinks - Collins,,9/7/26 8:45 AM,9/7/26 8:45 AM,10 seconds,*Device Login *Do NOT Remove
IT Italian Trattoria Collins,Yamila Hidalgo,17,,No print / Expo - Collins,,9/7/26 8:45 AM,9/7/26 8:45 AM,10 seconds,*Device Login *Do NOT Remove
IT Italian Trattoria Collins,Yamila Hidalgo,17,,Pasta - Collins,,9/7/26 8:45 AM,9/7/26 8:45 AM,10 seconds,*Device Login *Do NOT Remove
IT Italian Trattoria Collins,Yamila Hidalgo,17,,Pizza - Collins,,9/7/26 8:45 AM,9/7/26 8:45 AM,10 seconds,*Device Login *Do NOT Remove
IT Italian Trattoria Collins,Yamila Hidalgo,17,,No Print - Collins,,9/7/26 8:45 AM,9/7/26 8:45 AM,10 seconds,*Device Login *Do NOT Remove
IT Italian Trattoria Collins,Yamila Hidalgo,17,,Pizza Pala - Collins,,9/7/26 8:45 AM,9/7/26 8:45 AM,10 seconds,*Device Login *Do NOT Remove
IT Italian Trattoria Collins,Yamila Hidalgo,19,,Pasta - Collins,,9/7/26 8:50 AM,9/7/26 8:52 AM,1 minute and 49 seconds,*Device Login *Do NOT Remove
IT Italian Trattoria Collins,Yamila Hidalgo,20,,Pasta - Collins,,9/7/26 8:53 AM,9/7/26 8:56 AM,2 minutes and 34 seconds,*Device Login *Do NOT Remove
IT Italian Trattoria Collins,Yamila Hidalgo,25,,Pasta - Collins,,9/7/26 8:58 AM,9/7/26 9:01 AM,3 minutes and 1 second,*Device Login *Do NOT Remove
IT Italian Trattoria Collins,Default Online Ordering,31,,Pasta - Collins,,9/7/26 9:10 AM,9/7/26 9:14 AM,4 minutes and 17 seconds,*Device Login *Do NOT Remove
IT Italian Trattoria Collins,Yamila Hidalgo,30,,Pasta - Collins,,9/7/26 9:15 AM,9/7/26 9:21 AM,5 minutes and 43 seconds,*Device Login *Do NOT Remove
IT Italian Trattoria Collins,Yamila Hidalgo,33,,Pasta - Collins,,9/7/26 9:26 AM,9/7/26 9:30 AM,3 minutes and 53 seconds,*Device Login *Do NOT Remove
IT Italian Trattoria Collins,Yamila Hidalgo,36,,Pasta - Collins,,9/7/26 9:30 AM,9/7/26 9:34 AM,4 minutes and 14 seconds,*Device Login *Do NOT Remove
IT Italian Trattoria Collins,Yamila Hidalgo,34,,Pasta - Collins,,9/7/26 9:38 AM,9/7/26 9:41 AM,2 minutes and 18 seconds,*Device Login *Do NOT Remove
IT Italian Trattoria Collins,Yamila Hidalgo,38,,Pasta - Collins,,9/7/26 9:43 AM,9/7/26 9:46 AM,2 minutes and 44 seconds,*Device Login *Do NOT Remove
IT Italian Trattoria Collins,Yamila Hidalgo,39,,Pasta - Collins,,9/7/26 9:48 AM,9/7/26 9:52 AM,3 minutes and 53 seconds,*Device Login *Do NOT Remove
IT Italian Trattoria Collins,Yamila Hidalgo,43,,Pasta - Collins,,9/7/26 10:09 AM,9/7/26 10:12 AM,2 minutes and 53 seconds,*Device Login *Do NOT Remove
IT Italian Trattoria Collins,Davide Christopher Paredi,44,,Pasta - Collins,,9/7/26 10:11 AM,9/7/26 10:14 AM,2 minutes and 21 seconds,*Device Login *Do NOT Remove
IT Italian Trattoria Collins,Yamila Hidalgo,45,,Pasta - Collins,,9/7/26 10:12 AM,9/7/26 10:16 AM,3 minutes and 26 seconds,*Device Login *Do NOT Remove
IT Italian Trattoria Collins,Davide Christopher Paredi,46,,Pasta - Collins,,9/7/26 10:12 AM,9/7/26 10:16 AM,3 minutes and 15 seconds,*Device Login *Do NOT Remove
IT Italian Trattoria Collins,Yamila Hidalgo,47,,Pasta - Collins,,9/7/26 10:14 AM,9/7/26 10:16 AM,2 minutes and 6 seconds,*Device Login *Do NOT Remove
IT Italian Trattoria Collins,Yamila Hidalgo,50,,Pasta - Collins,,9/7/26 10:32 AM,9/7/26 10:33 AM,1 minute and 12 seconds,*Device Login *Do NOT Remove
IT Italian Trattoria Collins,Yamila Hidalgo,52,,Pasta - Collins,,9/7/26 10:35 AM,9/7/26 10:44 AM,8 minutes and 54 seconds,*Device Login *Do NOT Remove
IT Italian Trattoria Collins,Yamila Hidalgo,56,,Pasta - Collins,,9/7/26 10:46 AM,9/7/26 10:46 AM,20 seconds,*Device Login *Do NOT Remove
IT Italian Trattoria Collins,Yamila Hidalgo,55,,Pasta - Collins,,9/7/26 10:49 AM,9/7/26 10:51 AM,2 minutes and 32 seconds,*Device Login *Do NOT Remove
IT Italian Trattoria Collins,Yamila Hidalgo,58,,Pasta - Collins,,9/7/26 10:51 AM,9/7/26 10:53 AM,2 minutes and 51 seconds,*Device Login *Do NOT Remove
IT Italian Trattoria Collins,Yamila Hidalgo,57,,Pasta - Collins,,9/7/26 10:57 AM,9/7/26 11:03 AM,5 minutes and 21 seconds,*Device Login *Do NOT Remove
IT Italian Trattoria Collins,Yamila Hidalgo,63,,Pasta - Collins,,9/7/26 11:05 AM,9/7/26 11:09 AM,4 minutes and 28 seconds,*Device Login *Do NOT Remove
IT Italian Trattoria Collins,Yamila Hidalgo,64,,Pasta - Collins,,9/7/26 11:10 AM,9/7/26 11:14 AM,3 minutes and 56 seconds,*Device Login *Do NOT Remove
IT Italian Trattoria Collins,Yamila Hidalgo,65,,Pasta - Collins,,9/7/26 11:16 AM,9/7/26 11:17 AM,36 seconds,*Device Login *Do NOT Remove
IT Italian Trattoria Collins,Yamila Hidalgo,65,,No print / Expo - Collins,,9/7/26 11:16 AM,9/7/26 11:17 AM,36 seconds,*Device Login *Do NOT Remove
IT Italian Trattoria Collins,Yamila Hidalgo,65,,Drinks - Collins,,9/7/26 11:16 AM,9/7/26 11:17 AM,36 seconds,*Device Login *Do NOT Remove
IT Italian Trattoria Collins,Yamila Hidalgo,65,,Pizza Pala - Collins,,9/7/26 11:16 AM,9/7/26 11:17 AM,36 seconds,*Device Login *Do NOT Remove
IT Italian Trattoria Collins,Yamila Hidalgo,65,,No Print - Collins,,9/7/26 11:16 AM,9/7/26 11:17 AM,36 seconds,*Device Login *Do NOT Remove
IT Italian Trattoria Collins,Yamila Hidalgo,65,,Pizza - Collins,,9/7/26 11:16 AM,9/7/26 11:17 AM,36 seconds,*Device Login *Do NOT Remove
IT Italian Trattoria Collins,Yamila Hidalgo,68,,Pasta - Collins,,9/7/26 11:33 AM,9/7/26 11:34 AM,20 seconds,*Device Login *Do NOT Remove
IT Italian Trattoria Collins,Yamila Hidalgo,68,,No print / Expo - Collins,,9/7/26 11:33 AM,9/7/26 11:34 AM,20 seconds,*Device Login *Do NOT Remove
IT Italian Trattoria Collins,Yamila Hidalgo,68,,Drinks - Collins,,9/7/26 11:33 AM,9/7/26 11:34 AM,20 seconds,*Device Login *Do NOT Remove
IT Italian Trattoria Collins,Yamila Hidalgo,68,,Pizza Pala - Collins,,9/7/26 11:33 AM,9/7/26 11:34 AM,20 seconds,*Device Login *Do NOT Remove
IT Italian Trattoria Collins,Yamila Hidalgo,68,,No Print - Collins,,9/7/26 11:33 AM,9/7/26 11:34 AM,20 seconds,*Device Login *Do NOT Remove
IT Italian Trattoria Collins,Yamila Hidalgo,68,,Pizza - Collins,,9/7/26 11:33 AM,9/7/26 11:34 AM,20 seconds,*Device Login *Do NOT Remove
IT Italian Trattoria Collins,Yamila Hidalgo,69,,Pasta - Collins,,9/7/26 11:35 AM,9/7/26 11:40 AM,5 minutes and 25 seconds,*Device Login *Do NOT Remove
IT Italian Trattoria Collins,Yamila Hidalgo,70,,Pasta - Collins,,9/7/26 11:39 AM,9/7/26 11:45 AM,5 minutes and 20 seconds,*Device Login *Do NOT Remove
IT Italian Trattoria Collins,Yamila Hidalgo,72,,Pasta - Collins,,9/7/26 11:53 AM,9/7/26 11:56 AM,3 minutes and 25 seconds,*Device Login *Do NOT Remove
IT Italian Trattoria Collins,Yamila Hidalgo,72,,Drinks - Collins,,9/7/26 11:53 AM,9/7/26 11:56 AM,3 minutes and 25 seconds,*Device Login *Do NOT Remove
IT Italian Trattoria Collins,Yamila Hidalgo,72,,No print / Expo - Collins,,9/7/26 11:53 AM,9/7/26 11:56 AM,3 minutes and 25 seconds,*Device Login *Do NOT Remove
IT Italian Trattoria Collins,Yamila Hidalgo,72,,Pizza - Collins,,9/7/26 11:53 AM,9/7/26 11:56 AM,3 minutes and 25 seconds,*Device Login *Do NOT Remove
IT Italian Trattoria Collins,Yamila Hidalgo,72,,No Print - Collins,,9/7/26 11:53 AM,9/7/26 11:56 AM,3 minutes and 25 seconds,*Device Login *Do NOT Remove
IT Italian Trattoria Collins,Yamila Hidalgo,72,,Pizza Pala - Collins,,9/7/26 11:53 AM,9/7/26 11:56 AM,3 minutes and 25 seconds,*Device Login *Do NOT Remove
IT Italian Trattoria Collins,Yamila Hidalgo,73,,Pasta - Collins,,9/7/26 11:58 AM,9/7/26 12:00 PM,2 minutes and 46 seconds,*Device Login *Do NOT Remove
IT Italian Trattoria Collins,Yamila Hidalgo,75,,Pasta - Collins,,9/7/26 11:58 AM,9/7/26 12:02 PM,3 minutes and 57 seconds,*Device Login *Do NOT Remove
IT Italian Trattoria Collins,Yamila Hidalgo,76,,Pasta - Collins,,9/7/26 12:04 PM,9/7/26 12:09 PM,5 minutes and 3 seconds,*Device Login *Do NOT Remove
IT Italian Trattoria Collins,Yamila Hidalgo,78,,Pasta - Collins,,9/7/26 12:18 PM,9/7/26 12:24 PM,5 minutes and 58 seconds,*Device Login *Do NOT Remove
IT Italian Trattoria Collins,Yamila Hidalgo,77,,Pizza - Collins,,9/7/26 12:15 PM,9/7/26 12:24 PM,9 minutes and 12 seconds,*Device Login *Do NOT Remove
IT Italian Trattoria Collins,Yamila Hidalgo,79,,Pizza - Collins,,9/7/26 12:19 PM,9/7/26 12:28 PM,9 minutes and 30 seconds,*Device Login *Do NOT Remove
IT Italian Trattoria Collins,Yamila Hidalgo,81,,Pasta - Collins,,9/7/26 12:22 PM,9/7/26 12:29 PM,6 minutes and 37 seconds,*Device Login *Do NOT Remove
IT Italian Trattoria Collins,Yamila Hidalgo,82,,Pasta - Collins,,9/7/26 12:26 PM,9/7/26 12:32 PM,5 minutes and 19 seconds,*Device Login *Do NOT Remove
IT Italian Trattoria Collins,Yamila Hidalgo,80,,Pizza - Collins,,9/7/26 12:22 PM,9/7/26 12:34 PM,11 minutes and 28 seconds,*Device Login *Do NOT Remove
IT Italian Trattoria Collins,Yamila Hidalgo,85,,No print / Expo - Collins,,9/7/26 12:44 PM,9/7/26 12:44 PM,36 seconds,*Device Login *Do NOT Remove
IT Italian Trattoria Collins,Yamila Hidalgo,85,,No Print - Collins,,9/7/26 12:44 PM,9/7/26 12:44 PM,36 seconds,*Device Login *Do NOT Remove
IT Italian Trattoria Collins,Yamila Hidalgo,85,,Pizza - Collins,,9/7/26 12:44 PM,9/7/26 12:44 PM,36 seconds,*Device Login *Do NOT Remove
IT Italian Trattoria Collins,Yamila Hidalgo,85,,Pizza Pala - Collins,,9/7/26 12:44 PM,9/7/26 12:44 PM,36 seconds,*Device Login *Do NOT Remove
IT Italian Trattoria Collins,Yamila Hidalgo,85,,Drinks - Collins,,9/7/26 12:44 PM,9/7/26 12:44 PM,36 seconds,*Device Login *Do NOT Remove
IT Italian Trattoria Collins,Yamila Hidalgo,85,,Pasta - Collins,,9/7/26 12:44 PM,9/7/26 12:44 PM,36 seconds,*Device Login *Do NOT Remove
IT Italian Trattoria Collins,Yamila Hidalgo,84,,Pasta - Collins,,9/7/26 12:40 PM,9/7/26 12:46 PM,5 minutes and 33 seconds,*Device Login *Do NOT Remove
IT Italian Trattoria Collins,Yamila Hidalgo,87,,Pizza - Collins,,9/7/26 12:56 PM,9/7/26 1:03 PM,6 minutes and 36 seconds,*Device Login *Do NOT Remove
IT Italian Trattoria Collins,Yamila Hidalgo,87,,Pasta - Collins,,9/7/26 12:56 PM,9/7/26 1:04 PM,7 minutes and 33 seconds,*Device Login *Do NOT Remove
IT Italian Trattoria Collins,Yamila Hidalgo,88,,Pizza - Collins,,9/7/26 1:00 PM,9/7/26 1:06 PM,5 minutes and 26 seconds,*Device Login *Do NOT Remove
IT Italian Trattoria Collins,Davide Christopher Paredi,95,,Pasta - Collins,,9/7/26 1:37 PM,9/7/26 1:41 PM,3 minutes and 28 seconds,*Device Login *Do NOT Remove
IT Italian Trattoria Collins,Yamila Hidalgo,93,,Pizza - Collins,,9/7/26 1:36 PM,9/7/26 1:45 PM,8 minutes and 25 seconds,*Device Login *Do NOT Remove
IT Italian Trattoria Collins,Davide Christopher Paredi,92,,Pizza - Collins,,9/7/26 1:36 PM,9/7/26 1:48 PM,11 minutes and 25 seconds,*Device Login *Do NOT Remove
IT Italian Trattoria Collins,Davide Christopher Paredi,97,,Pizza - Collins,,9/7/26 1:42 PM,9/7/26 1:51 PM,8 minutes and 28 seconds,*Device Login *Do NOT Remove
IT Italian Trattoria Collins,Davide Christopher Paredi,102,,Pasta - Collins,,9/7/26 2:23 PM,9/7/26 2:24 PM,20 seconds,*Device Login *Do NOT Remove
IT Italian Trattoria Collins,Davide Christopher Paredi,102,,No print / Expo - Collins,,9/7/26 2:23 PM,9/7/26 2:24 PM,20 seconds,*Device Login *Do NOT Remove
IT Italian Trattoria Collins,Davide Christopher Paredi,102,,Drinks - Collins,,9/7/26 2:23 PM,9/7/26 2:24 PM,20 seconds,*Device Login *Do NOT Remove
IT Italian Trattoria Collins,Davide Christopher Paredi,102,,Pizza Pala - Collins,,9/7/26 2:23 PM,9/7/26 2:24 PM,20 seconds,*Device Login *Do NOT Remove
IT Italian Trattoria Collins,Davide Christopher Paredi,102,,No Print - Collins,,9/7/26 2:23 PM,9/7/26 2:24 PM,20 seconds,*Device Login *Do NOT Remove
IT Italian Trattoria Collins,Davide Christopher Paredi,102,,Pizza - Collins,,9/7/26 2:23 PM,9/7/26 2:24 PM,20 seconds,*Device Login *Do NOT Remove
IT Italian Trattoria Collins,Davide Christopher Paredi,101,,Pizza - Collins,,9/7/26 2:23 PM,9/7/26 2:31 PM,8 minutes and 28 seconds,*Device Login *Do NOT Remove
IT Italian Trattoria Collins,Yamila Hidalgo,104,,Pizza - Collins,,9/7/26 2:36 PM,9/7/26 2:43 PM,7 minutes and 46 seconds,*Device Login *Do NOT Remove
IT Italian Trattoria Collins,Davide Christopher Paredi,105,,Pasta - Collins,,9/7/26 2:50 PM,9/7/26 2:55 PM,5 minutes and 38 seconds,*Device Login *Do NOT Remove
IT Italian Trattoria Collins,Yamila Hidalgo,107,,Pizza - Collins,,9/7/26 2:56 PM,9/7/26 3:03 PM,7 minutes and 6 seconds,*Device Login *Do NOT Remove
IT Italian Trattoria Collins,Yamila Hidalgo,108,,No print / Expo - Collins,,9/7/26 3:07 PM,9/7/26 3:15 PM,8 minutes and 12 seconds,*Device Login *Do NOT Remove
IT Italian Trattoria Collins,Yamila Hidalgo,108,,No Print - Collins,,9/7/26 3:07 PM,9/7/26 3:15 PM,8 minutes and 12 seconds,*Device Login *Do NOT Remove
IT Italian Trattoria Collins,Yamila Hidalgo,108,,Pizza - Collins,,9/7/26 3:07 PM,9/7/26 3:15 PM,8 minutes and 12 seconds,*Device Login *Do NOT Remove
IT Italian Trattoria Collins,Yamila Hidalgo,108,,Pizza Pala - Collins,,9/7/26 3:07 PM,9/7/26 3:15 PM,8 minutes and 12 seconds,*Device Login *Do NOT Remove
IT Italian Trattoria Collins,Yamila Hidalgo,108,,Drinks - Collins,,9/7/26 3:07 PM,9/7/26 3:15 PM,8 minutes and 12 seconds,*Device Login *Do NOT Remove
IT Italian Trattoria Collins,Yamila Hidalgo,108,,Pasta - Collins,,9/7/26 3:07 PM,9/7/26 3:15 PM,8 minutes and 12 seconds,*Device Login *Do NOT Remove
IT Italian Trattoria Collins,Davide Christopher Paredi,111,,Pasta - Collins,,9/7/26 3:16 PM,9/7/26 3:16 PM,12 seconds,*Device Login *Do NOT Remove
IT Italian Trattoria Collins,Davide Christopher Paredi,111,,No print / Expo - Collins,,9/7/26 3:16 PM,9/7/26 3:16 PM,12 seconds,*Device Login *Do NOT Remove
IT Italian Trattoria Collins,Davide Christopher Paredi,111,,Drinks - Collins,,9/7/26 3:16 PM,9/7/26 3:16 PM,12 seconds,*Device Login *Do NOT Remove
IT Italian Trattoria Collins,Davide Christopher Paredi,111,,Pizza Pala - Collins,,9/7/26 3:16 PM,9/7/26 3:16 PM,12 seconds,*Device Login *Do NOT Remove
IT Italian Trattoria Collins,Davide Christopher Paredi,111,,No Print - Collins,,9/7/26 3:16 PM,9/7/26 3:16 PM,12 seconds,*Device Login *Do NOT Remove
IT Italian Trattoria Collins,Davide Christopher Paredi,111,,Pizza - Collins,,9/7/26 3:16 PM,9/7/26 3:16 PM,12 seconds,*Device Login *Do NOT Remove
IT Italian Trattoria Collins,Davide Christopher Paredi,112,,Pasta - Collins,,9/7/26 3:19 PM,9/7/26 3:24 PM,5 minutes and 11 seconds,*Device Login *Do NOT Remove
IT Italian Trattoria Collins,Davide Christopher Paredi,114,,Pasta - Collins,,9/7/26 3:25 PM,9/7/26 3:34 PM,8 minutes and 42 seconds,*Device Login *Do NOT Remove
IT Italian Trattoria Collins,Davide Christopher Paredi,114,,Pizza - Collins,,9/7/26 3:25 PM,9/7/26 3:39 PM,14 minutes and 36 seconds,*Device Login *Do NOT Remove
IT Italian Trattoria Collins,Vivian Ducasal,116,,Pizza - Collins,,9/7/26 3:44 PM,9/7/26 3:53 PM,9 minutes and 12 seconds,*Device Login *Do NOT Remove
IT Italian Trattoria Collins,Yamila Hidalgo,118,,No print / Expo - Collins,,9/7/26 3:58 PM,9/7/26 4:06 PM,8 minutes and 42 seconds,*Device Login *Do NOT Remove
IT Italian Trattoria Collins,Yamila Hidalgo,118,,No Print - Collins,,9/7/26 3:58 PM,9/7/26 4:06 PM,8 minutes and 42 seconds,*Device Login *Do NOT Remove
IT Italian Trattoria Collins,Yamila Hidalgo,118,,Pizza - Collins,,9/7/26 3:58 PM,9/7/26 4:06 PM,8 minutes and 42 seconds,*Device Login *Do NOT Remove
IT Italian Trattoria Collins,Yamila Hidalgo,118,,Pizza Pala - Collins,,9/7/26 3:58 PM,9/7/26 4:06 PM,8 minutes and 42 seconds,*Device Login *Do NOT Remove
IT Italian Trattoria Collins,Yamila Hidalgo,118,,Drinks - Collins,,9/7/26 3:58 PM,9/7/26 4:06 PM,8 minutes and 42 seconds,*Device Login *Do NOT Remove
IT Italian Trattoria Collins,Yamila Hidalgo,118,,Pasta - Collins,,9/7/26 3:58 PM,9/7/26 4:06 PM,8 minutes and 42 seconds,*Device Login *Do NOT Remove
IT Italian Trattoria Collins,Jonathan Lucero,119,,Pizza - Collins,,9/7/26 4:04 PM,9/7/26 4:09 PM,5 minutes and 12 seconds,*Device Login *Do NOT Remove
IT Italian Trattoria Collins,Default Online Ordering,123,,Pasta - Collins,,9/7/26 4:14 PM,9/7/26 4:24 PM,9 minutes and 30 seconds,*Device Login *Do NOT Remove
IT Italian Trattoria Collins,Andrea Rizzi,125,,Pizza - Collins,,9/7/26 4:17 PM,9/7/26 4:24 PM,7 minutes and 25 seconds,*Device Login *Do NOT Remove
IT Italian Trattoria Collins,Default Online Ordering,123,,Pizza - Collins,,9/7/26 4:14 PM,9/7/26 4:24 PM,9 minutes and 57 seconds,*Device Login *Do NOT Remove
IT Italian Trattoria Collins,Andrea Rizzi,131,,Drinks - Collins,,9/7/26 4:39 PM,9/7/26 4:43 PM,4 minutes and 9 seconds,*Device Login *Do NOT Remove
IT Italian Trattoria Collins,Andrea Rizzi,131,,No print / Expo - Collins,,9/7/26 4:39 PM,9/7/26 4:43 PM,4 minutes and 9 seconds,*Device Login *Do NOT Remove
IT Italian Trattoria Collins,Andrea Rizzi,131,,Pasta - Collins,,9/7/26 4:39 PM,9/7/26 4:43 PM,4 minutes and 9 seconds,*Device Login *Do NOT Remove
IT Italian Trattoria Collins,Andrea Rizzi,131,,Pizza - Collins,,9/7/26 4:39 PM,9/7/26 4:43 PM,4 minutes and 9 seconds,*Device Login *Do NOT Remove
IT Italian Trattoria Collins,Andrea Rizzi,131,,No Print - Collins,,9/7/26 4:39 PM,9/7/26 4:43 PM,4 minutes and 9 seconds,*Device Login *Do NOT Remove
IT Italian Trattoria Collins,Andrea Rizzi,131,,Pizza Pala - Collins,,9/7/26 4:39 PM,9/7/26 4:43 PM,4 minutes and 9 seconds,*Device Login *Do NOT Remove
IT Italian Trattoria Collins,Andrea Rizzi,131,,Pizza - Collins,,9/7/26 4:39 PM,9/7/26 4:50 PM,10 minutes and 38 seconds,*Device Login *Do NOT Remove
IT Italian Trattoria Collins,Andrea Rizzi,132,,Pasta - Collins,,9/7/26 4:43 PM,9/7/26 4:50 PM,6 minutes and 30 seconds,*Device Login *Do NOT Remove
IT Italian Trattoria Collins,Andrea Rizzi,133,,Pasta - Collins,,9/7/26 4:44 PM,9/7/26 4:50 PM,5 minutes and 38 seconds,*Device Login *Do NOT Remove
IT Italian Trattoria Collins,Andrea Rizzi,136,,Pasta - Collins,,9/7/26 5:03 PM,9/7/26 5:08 PM,4 minutes and 47 seconds,*Device Login *Do NOT Remove
IT Italian Trattoria Collins,Andrea Rizzi,136,,Pizza - Collins,,9/7/26 5:03 PM,9/7/26 5:10 PM,7 minutes and 12 seconds,*Device Login *Do NOT Remove
IT Italian Trattoria Collins,Jonathan Lucero,139,,Drinks - Collins,,9/7/26 5:36 PM,9/7/26 5:38 PM,2 minutes and 4 seconds,*Device Login *Do NOT Remove
IT Italian Trattoria Collins,Jonathan Lucero,139,,No print / Expo - Collins,,9/7/26 5:36 PM,9/7/26 5:38 PM,2 minutes and 4 seconds,*Device Login *Do NOT Remove
IT Italian Trattoria Collins,Jonathan Lucero,139,,Pasta - Collins,,9/7/26 5:36 PM,9/7/26 5:38 PM,2 minutes and 4 seconds,*Device Login *Do NOT Remove
IT Italian Trattoria Collins,Jonathan Lucero,139,,Pizza - Collins,,9/7/26 5:36 PM,9/7/26 5:38 PM,2 minutes and 4 seconds,*Device Login *Do NOT Remove
IT Italian Trattoria Collins,Jonathan Lucero,139,,No Print - Collins,,9/7/26 5:36 PM,9/7/26 5:38 PM,2 minutes and 4 seconds,*Device Login *Do NOT Remove
IT Italian Trattoria Collins,Jonathan Lucero,139,,Pizza Pala - Collins,,9/7/26 5:36 PM,9/7/26 5:38 PM,2 minutes and 4 seconds,*Device Login *Do NOT Remove
IT Italian Trattoria Collins,Jonathan Lucero,139,,Pizza - Collins,,9/7/26 5:36 PM,9/7/26 5:40 PM,4 minutes and 20 seconds,*Device Login *Do NOT Remove
IT Italian Trattoria Collins,Jonathan Lucero,141,,Pizza - Collins,,9/7/26 5:43 PM,9/7/26 5:48 PM,5 minutes and 26 seconds,*Device Login *Do NOT Remove
IT Italian Trattoria Collins,Default Online Ordering,148,,Drinks - Collins,,9/7/26 6:12 PM,9/7/26 6:13 PM,59 seconds,*Device Login *Do NOT Remove
IT Italian Trattoria Collins,Default Online Ordering,148,,No print / Expo - Collins,,9/7/26 6:12 PM,9/7/26 6:13 PM,59 seconds,*Device Login *Do NOT Remove
IT Italian Trattoria Collins,Default Online Ordering,148,,Pasta - Collins,,9/7/26 6:12 PM,9/7/26 6:13 PM,59 seconds,*Device Login *Do NOT Remove
IT Italian Trattoria Collins,Default Online Ordering,148,,Pizza - Collins,,9/7/26 6:12 PM,9/7/26 6:13 PM,59 seconds,*Device Login *Do NOT Remove
IT Italian Trattoria Collins,Default Online Ordering,148,,No Print - Collins,,9/7/26 6:12 PM,9/7/26 6:13 PM,59 seconds,*Device Login *Do NOT Remove
IT Italian Trattoria Collins,Default Online Ordering,148,,Pizza Pala - Collins,,9/7/26 6:12 PM,9/7/26 6:13 PM,59 seconds,*Device Login *Do NOT Remove
IT Italian Trattoria Collins,Jonathan Lucero,146,,Pasta - Collins,,9/7/26 6:08 PM,9/7/26 6:13 PM,4 minutes and 48 seconds,*Device Login *Do NOT Remove
IT Italian Trattoria Collins,Default Online Ordering,148,,Pizza - Collins,,9/7/26 6:12 PM,9/7/26 6:21 PM,8 minutes and 57 seconds,*Device Login *Do NOT Remove
IT Italian Trattoria Collins,Andrea Rizzi,143,,Drinks - Collins,,9/7/26 6:20 PM,9/7/26 6:21 PM,36 seconds,*Device Login *Do NOT Remove
IT Italian Trattoria Collins,Andrea Rizzi,143,,No print / Expo - Collins,,9/7/26 6:20 PM,9/7/26 6:21 PM,36 seconds,*Device Login *Do NOT Remove
IT Italian Trattoria Collins,Andrea Rizzi,143,,Pasta - Collins,,9/7/26 6:20 PM,9/7/26 6:21 PM,36 seconds,*Device Login *Do NOT Remove
IT Italian Trattoria Collins,Andrea Rizzi,143,,Pizza - Collins,,9/7/26 6:20 PM,9/7/26 6:21 PM,36 seconds,*Device Login *Do NOT Remove
IT Italian Trattoria Collins,Andrea Rizzi,143,,No Print - Collins,,9/7/26 6:20 PM,9/7/26 6:21 PM,36 seconds,*Device Login *Do NOT Remove
IT Italian Trattoria Collins,Andrea Rizzi,143,,Pizza Pala - Collins,,9/7/26 6:20 PM,9/7/26 6:21 PM,36 seconds,*Device Login *Do NOT Remove
IT Italian Trattoria Collins,Jonathan Lucero,147,,Pizza - Collins,,9/7/26 6:15 PM,9/7/26 6:22 PM,6 minutes and 23 seconds,*Device Login *Do NOT Remove
IT Italian Trattoria Collins,Default Online Ordering,153,,Pizza - Collins,,9/7/26 6:24 PM,9/7/26 6:30 PM,6 minutes and 22 seconds,*Device Login *Do NOT Remove
IT Italian Trattoria Collins,Andrea Rizzi,151,,Pasta - Collins,,9/7/26 6:26 PM,9/7/26 6:31 PM,4 minutes and 11 seconds,*Device Login *Do NOT Remove
IT Italian Trattoria Collins,Andrea Rizzi,150,,Pasta - Collins,,9/7/26 6:21 PM,9/7/26 6:31 PM,9 minutes and 10 seconds,*Device Login *Do NOT Remove
IT Italian Trattoria Collins,Default Online Ordering,152,,Pasta - Collins,,9/7/26 6:23 PM,9/7/26 6:31 PM,7 minutes and 29 seconds,*Device Login *Do NOT Remove
IT Italian Trattoria Collins,Andrea Rizzi,151,,Pizza - Collins,,9/7/26 6:26 PM,9/7/26 6:36 PM,9 minutes and 44 seconds,*Device Login *Do NOT Remove
IT Italian Trattoria Collins,Andrea Rizzi,154,,Pasta - Collins,,9/7/26 6:29 PM,9/7/26 6:44 PM,14 minutes and 29 seconds,*Device Login *Do NOT Remove
IT Italian Trattoria Collins,Andrea Rizzi,155,,Pasta - Collins,,9/7/26 6:32 PM,9/7/26 6:44 PM,11 minutes and 48 seconds,*Device Login *Do NOT Remove
IT Italian Trattoria Collins,Andrea Rizzi,156,,Pasta - Collins,,9/7/26 6:32 PM,9/7/26 6:44 PM,11 minutes and 17 seconds,*Device Login *Do NOT Remove
IT Italian Trattoria Collins,Jonathan Lucero,149,,Pasta - Collins,,9/7/26 6:33 PM,9/7/26 6:44 PM,10 minutes and 28 seconds,*Device Login *Do NOT Remove
IT Italian Trattoria Collins,Andrea Rizzi,157,,Pizza - Collins,,9/7/26 6:43 PM,9/7/26 6:49 PM,5 minutes and 35 seconds,*Device Login *Do NOT Remove
IT Italian Trattoria Collins,Jonathan Lucero,162,,Pasta - Collins,,9/7/26 7:11 PM,9/7/26 7:19 PM,7 minutes and 47 seconds,*Device Login *Do NOT Remove
IT Italian Trattoria Collins,Jonathan Lucero,167,,Pasta - Collins,,9/7/26 7:31 PM,9/7/26 7:41 PM,10 minutes and 14 seconds,*Device Login *Do NOT Remove
IT Italian Trattoria Collins,Jonathan Lucero,166,,Pasta - Collins,,9/7/26 7:31 PM,9/7/26 7:41 PM,10 minutes and 41 seconds,*Device Login *Do NOT Remove
IT Italian Trattoria Collins,Jonathan Lucero,168,,Pasta - Collins,,9/7/26 7:35 PM,9/7/26 7:41 PM,6 minutes and 29 seconds,*Device Login *Do NOT Remove
IT Italian Trattoria Collins,Jonathan Lucero,169,,Pasta - Collins,,9/7/26 7:38 PM,9/7/26 7:44 PM,5 minutes and 43 seconds,*Device Login *Do NOT Remove
IT Italian Trattoria Collins,Jonathan Lucero,171,,Pizza - Collins,,9/7/26 7:44 PM,9/7/26 7:48 PM,4 minutes and 21 seconds,*Device Login *Do NOT Remove
IT Italian Trattoria Collins,Jonathan Lucero,174,,Pizza - Collins,,9/7/26 7:48 PM,9/7/26 7:51 PM,3 minutes and 26 seconds,*Device Login *Do NOT Remove
IT Italian Trattoria Collins,Jonathan Lucero,174,,Pasta - Collins,,9/7/26 7:48 PM,9/7/26 7:55 PM,6 minutes and 51 seconds,*Device Login *Do NOT Remove
IT Italian Trattoria Collins,Jonathan Lucero,175,,Pasta - Collins,,9/7/26 7:54 PM,9/7/26 7:59 PM,5 minutes and 36 seconds,*Device Login *Do NOT Remove
IT Italian Trattoria Collins,Jonathan Lucero,177,,Pizza - Collins,,9/7/26 8:01 PM,9/7/26 8:09 PM,7 minutes and 19 seconds,*Device Login *Do NOT Remove
IT Italian Trattoria Collins,Andrea Rizzi,181,,Pasta - Collins,,9/7/26 8:07 PM,9/7/26 8:14 PM,6 minutes and 47 seconds,*Device Login *Do NOT Remove
IT Italian Trattoria Collins,Andrea Rizzi,180,,Pasta - Collins,,9/7/26 8:06 PM,9/7/26 8:14 PM,7 minutes and 14 seconds,*Device Login *Do NOT Remove
IT Italian Trattoria Collins,Andrea Rizzi,182,,Pasta - Collins,,9/7/26 8:11 PM,9/7/26 8:19 PM,7 minutes and 53 seconds,*Device Login *Do NOT Remove
IT Italian Trattoria Collins,Andrea Rizzi,183,,Pasta - Collins,,9/7/26 8:13 PM,9/7/26 8:19 PM,5 minutes and 29 seconds,*Device Login *Do NOT Remove
IT Italian Trattoria Collins,Jonathan Lucero,185,,Pasta - Collins,,9/7/26 8:16 PM,9/7/26 8:22 PM,5 minutes and 58 seconds,*Device Login *Do NOT Remove
IT Italian Trattoria Collins,Default Online Ordering,188,,Pizza - Collins,,9/7/26 8:25 PM,9/7/26 8:32 PM,6 minutes and 50 seconds,*Device Login *Do NOT Remove
IT Italian Trattoria Collins,Andrea Rizzi,184,,Pizza - Collins,,9/7/26 8:28 PM,9/7/26 8:34 PM,5 minutes and 26 seconds,*Device Login *Do NOT Remove
IT Italian Trattoria Collins,Default Online Ordering,188,,Pasta - Collins,,9/7/26 8:25 PM,9/7/26 8:37 PM,11 minutes and 25 seconds,*Device Login *Do NOT Remove
IT Italian Trattoria Collins,Andrea Rizzi,189,,Drinks - Collins,,9/7/26 8:39 PM,9/7/26 8:39 PM,30 seconds,*Device Login *Do NOT Remove
IT Italian Trattoria Collins,Andrea Rizzi,189,,No print / Expo - Collins,,9/7/26 8:39 PM,9/7/26 8:39 PM,30 seconds,*Device Login *Do NOT Remove
IT Italian Trattoria Collins,Andrea Rizzi,189,,Pasta - Collins,,9/7/26 8:39 PM,9/7/26 8:39 PM,30 seconds,*Device Login *Do NOT Remove
IT Italian Trattoria Collins,Andrea Rizzi,189,,Pizza - Collins,,9/7/26 8:39 PM,9/7/26 8:39 PM,30 seconds,*Device Login *Do NOT Remove
IT Italian Trattoria Collins,Andrea Rizzi,189,,No Print - Collins,,9/7/26 8:39 PM,9/7/26 8:39 PM,30 seconds,*Device Login *Do NOT Remove
IT Italian Trattoria Collins,Andrea Rizzi,189,,Pizza Pala - Collins,,9/7/26 8:39 PM,9/7/26 8:39 PM,30 seconds,*Device Login *Do NOT Remove
IT Italian Trattoria Collins,Andrea Rizzi,190,,Drinks - Collins,,9/7/26 8:40 PM,9/7/26 8:41 PM,15 seconds,*Device Login *Do NOT Remove
IT Italian Trattoria Collins,Andrea Rizzi,190,,No print / Expo - Collins,,9/7/26 8:40 PM,9/7/26 8:41 PM,15 seconds,*Device Login *Do NOT Remove
IT Italian Trattoria Collins,Andrea Rizzi,190,,Pasta - Collins,,9/7/26 8:40 PM,9/7/26 8:41 PM,15 seconds,*Device Login *Do NOT Remove
IT Italian Trattoria Collins,Andrea Rizzi,190,,Pizza - Collins,,9/7/26 8:40 PM,9/7/26 8:41 PM,15 seconds,*Device Login *Do NOT Remove
IT Italian Trattoria Collins,Andrea Rizzi,190,,No Print - Collins,,9/7/26 8:40 PM,9/7/26 8:41 PM,15 seconds,*Device Login *Do NOT Remove
IT Italian Trattoria Collins,Andrea Rizzi,190,,Pizza Pala - Collins,,9/7/26 8:40 PM,9/7/26 8:41 PM,15 seconds,*Device Login *Do NOT Remove
IT Italian Trattoria Collins,Andrea Rizzi,189,,Pasta - Collins,,9/7/26 8:39 PM,9/7/26 8:46 PM,7 minutes and 28 seconds,*Device Login *Do NOT Remove
IT Italian Trattoria Collins,Andrea Rizzi,190,,Pasta - Collins,,9/7/26 8:40 PM,9/7/26 8:48 PM,7 minutes and 24 seconds,*Device Login *Do NOT Remove
IT Italian Trattoria Collins,Andrea Rizzi,193,,Pizza - Collins,,9/7/26 8:46 PM,9/7/26 8:51 PM,5 minutes and 8 seconds,*Device Login *Do NOT Remove
IT Italian Trattoria Collins,Andrea Rizzi,193,,Pasta - Collins,,9/7/26 8:46 PM,9/7/26 8:54 PM,8 minutes and 2 seconds,*Device Login *Do NOT Remove
IT Italian Trattoria Collins,Jonathan Lucero,191,,Pasta - Collins,,9/7/26 8:47 PM,9/7/26 8:54 PM,6 minutes and 48 seconds,*Device Login *Do NOT Remove
IT Italian Trattoria Collins,Jonathan Lucero,195,,Pizza - Collins,,9/7/26 8:53 PM,9/7/26 8:58 PM,4 minutes and 48 seconds,*Device Login *Do NOT Remove
IT Italian Trattoria Collins,Andrea Rizzi,196,,Pizza - Collins,,9/7/26 8:54 PM,9/7/26 8:58 PM,4 minutes and 6 seconds,*Device Login *Do NOT Remove
IT Italian Trattoria Collins,Andrea Rizzi,196,,Pasta - Collins,,9/7/26 8:54 PM,9/7/26 9:00 PM,5 minutes and 23 seconds,*Device Login *Do NOT Remove
IT Italian Trattoria Collins,Andrea Rizzi,199,,Pizza - Collins,,9/7/26 9:00 PM,9/7/26 9:05 PM,5 minutes and 31 seconds,*Device Login *Do NOT Remove
IT Italian Trattoria Collins,Jonathan Lucero,197,,Pasta - Collins,,9/7/26 9:00 PM,9/7/26 9:06 PM,5 minutes and 48 seconds,*Device Login *Do NOT Remove
IT Italian Trattoria Collins,Jonathan Lucero,203,,Pizza - Collins,,9/7/26 9:14 PM,9/7/26 9:20 PM,6 minutes and 1 second,*Device Login *Do NOT Remove
IT Italian Trattoria Collins,Andrea Rizzi,205,,Pizza - Collins,,9/7/26 9:17 PM,9/7/26 9:22 PM,4 minutes and 38 seconds,*Device Login *Do NOT Remove
IT Italian Trattoria Collins,Andrea Rizzi,206,,Pizza - Collins,,9/7/26 9:18 PM,9/7/26 9:22 PM,3 minutes and 13 seconds,*Device Login *Do NOT Remove
IT Italian Trattoria Collins,Andrea Rizzi,202,,Pasta - Collins,,9/7/26 9:16 PM,9/7/26 9:22 PM,6 minutes and 30 seconds,*Device Login *Do NOT Remove
IT Italian Trattoria Collins,Andrea Rizzi,208,,Pizza - Collins,,9/7/26 9:19 PM,9/7/26 9:26 PM,6 minutes and 29 seconds,*Device Login *Do NOT Remove
IT Italian Trattoria Collins,Andrea Rizzi,209,,Pasta - Collins,,9/7/26 9:22 PM,9/7/26 9:26 PM,4 minutes,*Device Login *Do NOT Remove
IT Italian Trattoria Collins,Jonathan Lucero,211,,Pizza - Collins,,9/7/26 9:30 PM,9/7/26 9:33 PM,3 minutes and 19 seconds,*Device Login *Do NOT Remove
IT Italian Trattoria Collins,Jonathan Lucero,211,,No print / Expo - Collins,,9/7/26 9:30 PM,9/7/26 9:33 PM,3 minutes and 19 seconds,*Device Login *Do NOT Remove
IT Italian Trattoria Collins,Jonathan Lucero,211,,No Print - Collins,,9/7/26 9:30 PM,9/7/26 9:33 PM,3 minutes and 19 seconds,*Device Login *Do NOT Remove
IT Italian Trattoria Collins,Jonathan Lucero,211,,Pizza Pala - Collins,,9/7/26 9:30 PM,9/7/26 9:33 PM,3 minutes and 19 seconds,*Device Login *Do NOT Remove
IT Italian Trattoria Collins,Jonathan Lucero,211,,Drinks - Collins,,9/7/26 9:30 PM,9/7/26 9:33 PM,3 minutes and 19 seconds,*Device Login *Do NOT Remove
IT Italian Trattoria Collins,Jonathan Lucero,211,,Pasta - Collins,,9/7/26 9:30 PM,9/7/26 9:33 PM,3 minutes and 19 seconds,*Device Login *Do NOT Remove
IT Italian Trattoria Collins,Jonathan Lucero,211,,Pasta - Collins,,9/7/26 9:30 PM,9/7/26 9:34 PM,3 minutes and 58 seconds,*Device Login *Do NOT Remove
IT Italian Trattoria Collins,Jonathan Lucero,212,,Pasta - Collins,,9/7/26 9:36 PM,9/7/26 9:43 PM,6 minutes and 46 seconds,*Device Login *Do NOT Remove
IT Italian Trattoria Collins,Jonathan Lucero,213,,Pasta - Collins,,9/7/26 9:39 PM,9/7/26 9:50 PM,11 minutes and 6 seconds,*Device Login *Do NOT Remove
IT Italian Trattoria Collins,Andrea Rizzi,216,,Drinks - Collins,,9/7/26 9:56 PM,9/7/26 9:57 PM,53 seconds,*Device Login *Do NOT Remove
IT Italian Trattoria Collins,Andrea Rizzi,216,,No print / Expo - Collins,,9/7/26 9:56 PM,9/7/26 9:57 PM,53 seconds,*Device Login *Do NOT Remove
IT Italian Trattoria Collins,Andrea Rizzi,216,,Pasta - Collins,,9/7/26 9:56 PM,9/7/26 9:57 PM,53 seconds,*Device Login *Do NOT Remove
IT Italian Trattoria Collins,Andrea Rizzi,216,,Pizza - Collins,,9/7/26 9:56 PM,9/7/26 9:57 PM,53 seconds,*Device Login *Do NOT Remove
IT Italian Trattoria Collins,Andrea Rizzi,216,,No Print - Collins,,9/7/26 9:56 PM,9/7/26 9:57 PM,53 seconds,*Device Login *Do NOT Remove
IT Italian Trattoria Collins,Andrea Rizzi,216,,Pizza Pala - Collins,,9/7/26 9:56 PM,9/7/26 9:57 PM,53 seconds,*Device Login *Do NOT Remove
IT Italian Trattoria Collins,Andrea Rizzi,216,,Pasta - Collins,,9/7/26 9:56 PM,9/7/26 10:01 PM,5 minutes and 24 seconds,*Device Login *Do NOT Remove
IT Italian Trattoria Collins,Jonathan Lucero,217,,Pizza - Collins,,9/7/26 10:09 PM,9/7/26 10:16 PM,6 minutes and 51 seconds,*Device Login *Do NOT Remove
IT Italian Trattoria Collins,Jonathan Lucero,219,,Pizza - Collins,,9/7/26 10:13 PM,9/7/26 10:18 PM,5 minutes and 34 seconds,*Device Login *Do NOT Remove
IT Italian Trattoria Collins,Jonathan Lucero,222,,Pizza - Collins,,9/7/26 10:18 PM,9/7/26 10:24 PM,5 minutes and 52 seconds,*Device Login *Do NOT Remove
IT Italian Trattoria Collins,Jonathan Lucero,222,,Pasta - Collins,,9/7/26 10:18 PM,9/7/26 10:25 PM,7 minutes and 5 seconds,*Device Login *Do NOT Remove
IT Italian Trattoria Collins,Jonathan Lucero,219,,Pasta - Collins,,9/7/26 10:13 PM,9/7/26 10:25 PM,12 minutes and 33 seconds,*Device Login *Do NOT Remove
IT Italian Trattoria Collins,Jonathan Lucero,223,,Pasta - Collins,,9/7/26 10:20 PM,9/7/26 10:25 PM,5 minutes and 34 seconds,*Device Login *Do NOT Remove
IT Italian Trattoria Collins,Jonathan Lucero,225,,Pasta - Collins,,9/7/26 10:22 PM,9/7/26 10:30 PM,7 minutes and 49 seconds,*Device Login *Do NOT Remove
IT Italian Trattoria Collins,Andrea Rizzi,224,,Pizza - Collins,,9/7/26 10:23 PM,9/7/26 10:30 PM,7 minutes and 3 seconds,*Device Login *Do NOT Remove
IT Italian Trattoria Collins,Jonathan Lucero,226,,Pasta - Collins,,9/7/26 10:30 PM,9/7/26 10:35 PM,5 minutes and 17 seconds,*Device Login *Do NOT Remove
IT Italian Trattoria Collins,Andrea Rizzi,229,,Drinks - Collins,,9/7/26 10:36 PM,9/7/26 10:38 PM,2 minutes,*Device Login *Do NOT Remove
IT Italian Trattoria Collins,Andrea Rizzi,229,,No print / Expo - Collins,,9/7/26 10:36 PM,9/7/26 10:38 PM,2 minutes,*Device Login *Do NOT Remove
IT Italian Trattoria Collins,Andrea Rizzi,229,,Pasta - Collins,,9/7/26 10:36 PM,9/7/26 10:38 PM,2 minutes,*Device Login *Do NOT Remove
IT Italian Trattoria Collins,Andrea Rizzi,229,,Pizza - Collins,,9/7/26 10:36 PM,9/7/26 10:38 PM,2 minutes,*Device Login *Do NOT Remove
IT Italian Trattoria Collins,Andrea Rizzi,229,,No Print - Collins,,9/7/26 10:36 PM,9/7/26 10:38 PM,2 minutes,*Device Login *Do NOT Remove
IT Italian Trattoria Collins,Andrea Rizzi,229,,Pizza Pala - Collins,,9/7/26 10:36 PM,9/7/26 10:38 PM,2 minutes,*Device Login *Do NOT Remove
IT Italian Trattoria Collins,Andrea Rizzi,229,,Pizza - Collins,,9/7/26 10:36 PM,9/7/26 10:41 PM,4 minutes and 58 seconds,*Device Login *Do NOT Remove
IT Italian Trattoria Collins,Jonathan Lucero,228,,Pasta - Collins,,9/7/26 11:05 PM,9/7/26 11:10 PM,5 minutes and 42 seconds,*Device Login *Do NOT Remove
IT Italian Trattoria Collins,Andrea Rizzi,230,,Pasta - Collins,,9/7/26 11:16 PM,9/7/26 11:26 PM,9 minutes and 46 seconds,*Device Login *Do NOT Remove
IT Italian Trattoria Collins,Charles Hernandez,1,,Pasta - Collins,,9/8/26 7:24 AM,9/8/26 7:27 AM,3 minutes and 10 seconds,*Device Login *Do NOT Remove
IT Italian Trattoria Collins,Charles Hernandez,6,,Pasta - Collins,,9/8/26 8:02 AM,9/8/26 8:02 AM,13 seconds,*Device Login *Do NOT Remove
IT Italian Trattoria Collins,Charles Hernandez,8,,Pasta - Collins,,9/8/26 8:21 AM,9/8/26 8:24 AM,2 minutes and 51 seconds,*Device Login *Do NOT Remove
IT Italian Trattoria Collins,agostina lerner,9,,Drinks - Collins,,9/8/26 8:34 AM,9/8/26 8:34 AM,12 seconds,*Device Login *Do NOT Remove
IT Italian Trattoria Collins,agostina lerner,9,,No print / Expo - Collins,,9/8/26 8:34 AM,9/8/26 8:34 AM,12 seconds,*Device Login *Do NOT Remove
IT Italian Trattoria Collins,agostina lerner,9,,Pasta - Collins,,9/8/26 8:34 AM,9/8/26 8:34 AM,12 seconds,*Device Login *Do NOT Remove
IT Italian Trattoria Collins,agostina lerner,9,,Pizza - Collins,,9/8/26 8:34 AM,9/8/26 8:34 AM,12 seconds,*Device Login *Do NOT Remove
IT Italian Trattoria Collins,agostina lerner,9,,No Print - Collins,,9/8/26 8:34 AM,9/8/26 8:34 AM,12 seconds,*Device Login *Do NOT Remove
IT Italian Trattoria Collins,agostina lerner,9,,Pizza Pala - Collins,,9/8/26 8:34 AM,9/8/26 8:34 AM,12 seconds,*Device Login *Do NOT Remove
IT Italian Trattoria Collins,Charles Hernandez,12,,Pasta - Collins,,9/8/26 8:50 AM,9/8/26 8:53 AM,2 minutes and 52 seconds,*Device Login *Do NOT Remove
IT Italian Trattoria Collins,Charles Hernandez,13,,Pasta - Collins,,9/8/26 9:08 AM,9/8/26 9:10 AM,2 minutes and 21 seconds,*Device Login *Do NOT Remove
IT Italian Trattoria Collins,Charles Hernandez,14,,Pasta - Collins,,9/8/26 9:20 AM,9/8/26 9:26 AM,6 minutes and 8 seconds,*Device Login *Do NOT Remove
IT Italian Trattoria Collins,Charles Hernandez,17,,Pasta - Collins,,9/8/26 9:32 AM,9/8/26 9:32 AM,25 seconds,*Device Login *Do NOT Remove
IT Italian Trattoria Collins,Charles Hernandez,20,,Pasta - Collins,,9/8/26 9:51 AM,9/8/26 9:54 AM,2 minutes and 44 seconds,*Device Login *Do NOT Remove
IT Italian Trattoria Collins,Charles Hernandez,24,,Pasta - Collins,,9/8/26 10:08 AM,9/8/26 10:11 AM,2 minutes and 53 seconds,*Device Login *Do NOT Remove
IT Italian Trattoria Collins,Charles Hernandez,25,,Pasta - Collins,,9/8/26 10:09 AM,9/8/26 10:11 AM,1 minute and 43 seconds,*Device Login *Do NOT Remove
IT Italian Trattoria Collins,Charles Hernandez,27,,Pasta - Collins,,9/8/26 10:37 AM,9/8/26 10:37 AM,21 seconds,*Device Login *Do NOT Remove
IT Italian Trattoria Collins,Charles Hernandez,28,,Pasta - Collins,,9/8/26 10:42 AM,9/8/26 10:44 AM,2 minutes and 31 seconds,*Device Login *Do NOT Remove
IT Italian Trattoria Collins,Charles Hernandez,30,,Pasta - Collins,,9/8/26 11:07 AM,9/8/26 11:13 AM,5 minutes and 20 seconds,*Device Login *Do NOT Remove
IT Italian Trattoria Collins,Charles Hernandez,30,,Pizza - Collins,,9/8/26 11:07 AM,9/8/26 11:13 AM,6 minutes and 13 seconds,*Device Login *Do NOT Remove
IT Italian Trattoria Collins,Charles Hernandez,32,,Pizza - Collins,,9/8/26 11:41 AM,9/8/26 11:46 AM,4 minutes and 50 seconds,*Device Login *Do NOT Remove
IT Italian Trattoria Collins,Charles Hernandez,38,,Pasta - Collins,,9/8/26 12:06 PM,9/8/26 12:09 PM,2 minutes and 22 seconds,*Device Login *Do NOT Remove
IT Italian Trattoria Collins,Charles Hernandez,39,,Pasta - Collins,,9/8/26 12:10 PM,9/8/26 12:14 PM,3 minutes and 59 seconds,*Device Login *Do NOT Remove
IT Italian Trattoria Collins,Charles Hernandez,45,,Pasta - Collins,,9/8/26 12:58 PM,9/8/26 1:01 PM,3 minutes and 13 seconds,*Device Login *Do NOT Remove
IT Italian Trattoria Collins,Charles Hernandez,47,,Pasta - Collins,,9/8/26 1:14 PM,9/8/26 1:19 PM,4 minutes and 49 seconds,*Device Login *Do NOT Remove
IT Italian Trattoria Collins,Charles Hernandez,48,,Drinks - Collins,,9/8/26 1:23 PM,9/8/26 1:24 PM,20 seconds,*Device Login *Do NOT Remove
IT Italian Trattoria Collins,Charles Hernandez,48,,No print / Expo - Collins,,9/8/26 1:23 PM,9/8/26 1:24 PM,20 seconds,*Device Login *Do NOT Remove
IT Italian Trattoria Collins,Charles Hernandez,48,,Pasta - Collins,,9/8/26 1:23 PM,9/8/26 1:24 PM,20 seconds,*Device Login *Do NOT Remove
IT Italian Trattoria Collins,Charles Hernandez,48,,Pizza - Collins,,9/8/26 1:23 PM,9/8/26 1:24 PM,20 seconds,*Device Login *Do NOT Remove
IT Italian Trattoria Collins,Charles Hernandez,48,,No Print - Collins,,9/8/26 1:23 PM,9/8/26 1:24 PM,20 seconds,*Device Login *Do NOT Remove
IT Italian Trattoria Collins,Charles Hernandez,48,,Pizza Pala - Collins,,9/8/26 1:23 PM,9/8/26 1:24 PM,20 seconds,*Device Login *Do NOT Remove
IT Italian Trattoria Collins,Charles Hernandez,48,,Pasta - Collins,,9/8/26 1:23 PM,9/8/26 1:29 PM,5 minutes and 47 seconds,*Device Login *Do NOT Remove
IT Italian Trattoria Collins,Default Online Ordering,49,,Pizza - Collins,,9/8/26 1:20 PM,9/8/26 1:29 PM,9 minutes and 11 seconds,*Device Login *Do NOT Remove
IT Italian Trattoria Collins,Charles Hernandez,51,,Pasta - Collins,,9/8/26 1:47 PM,9/8/26 1:48 PM,1 minute and 25 seconds,*Device Login *Do NOT Remove
IT Italian Trattoria Collins,Charles Hernandez,51,,No print / Expo - Collins,,9/8/26 1:47 PM,9/8/26 1:48 PM,1 minute and 25 seconds,*Device Login *Do NOT Remove
IT Italian Trattoria Collins,Charles Hernandez,51,,Drinks - Collins,,9/8/26 1:47 PM,9/8/26 1:48 PM,1 minute and 25 seconds,*Device Login *Do NOT Remove
IT Italian Trattoria Collins,Charles Hernandez,51,,Pizza Pala - Collins,,9/8/26 1:47 PM,9/8/26 1:48 PM,1 minute and 25 seconds,*Device Login *Do NOT Remove
IT Italian Trattoria Collins,Charles Hernandez,51,,No Print - Collins,,9/8/26 1:47 PM,9/8/26 1:48 PM,1 minute and 25 seconds,*Device Login *Do NOT Remove
IT Italian Trattoria Collins,Charles Hernandez,51,,Pizza - Collins,,9/8/26 1:47 PM,9/8/26 1:48 PM,1 minute and 25 seconds,*Device Login *Do NOT Remove
IT Italian Trattoria Collins,Charles Hernandez,53,,Pasta - Collins,,9/8/26 2:08 PM,9/8/26 2:14 PM,6 minutes and 25 seconds,*Device Login *Do NOT Remove
IT Italian Trattoria Collins,Charles Hernandez,52,,Pasta - Collins,,9/8/26 2:06 PM,9/8/26 2:14 PM,7 minutes and 45 seconds,*Device Login *Do NOT Remove
IT Italian Trattoria Collins,Charles Hernandez,54,,Pizza - Collins,,9/8/26 2:20 PM,9/8/26 2:24 PM,4 minutes and 9 seconds,*Device Login *Do NOT Remove
IT Italian Trattoria Collins,Charles Hernandez,54,,Pasta - Collins,,9/8/26 2:20 PM,9/8/26 2:28 PM,7 minutes and 39 seconds,*Device Login *Do NOT Remove
IT Italian Trattoria Collins,Charles Hernandez,56,,Pasta - Collins,,9/8/26 3:09 PM,9/8/26 3:23 PM,13 minutes and 27 seconds,*Device Login *Do NOT Remove
IT Italian Trattoria Collins,Charles Hernandez,55,,Pasta - Collins,,9/8/26 3:08 PM,9/8/26 3:23 PM,14 minutes and 33 seconds,*Device Login *Do NOT Remove
IT Italian Trattoria Collins,Charles Hernandez,57,,Pasta - Collins,,9/8/26 3:17 PM,9/8/26 3:23 PM,5 minutes and 36 seconds,*Device Login *Do NOT Remove
IT Italian Trattoria Collins,Charles Hernandez,59,,Pizza - Collins,,9/8/26 3:39 PM,9/8/26 3:46 PM,6 minutes and 52 seconds,*Device Login *Do NOT Remove
IT Italian Trattoria Collins,Charles Hernandez,60,,Pizza - Collins,,9/8/26 3:45 PM,9/8/26 3:50 PM,4 minutes and 33 seconds,*Device Login *Do NOT Remove
IT Italian Trattoria Collins,Camila Soldo,64,,Pizza - Collins,,9/8/26 4:22 PM,9/8/26 4:30 PM,7 minutes and 50 seconds,*Device Login *Do NOT Remove
IT Italian Trattoria Collins,Jonathan Lucero,66,,Pizza - Collins,,9/8/26 4:29 PM,9/8/26 4:35 PM,6 minutes and 25 seconds,*Device Login *Do NOT Remove
IT Italian Trattoria Collins,Jonathan Lucero,70,,Pizza - Collins,,9/8/26 5:34 PM,9/8/26 5:40 PM,5 minutes and 54 seconds,*Device Login *Do NOT Remove
IT Italian Trattoria Collins,Jonathan Lucero,72,,Pasta - Collins,,9/8/26 6:03 PM,9/8/26 6:07 PM,4 minutes and 39 seconds,*Device Login *Do NOT Remove
IT Italian Trattoria Collins,Jonathan Lucero,73,,Pasta - Collins,,9/8/26 6:08 PM,9/8/26 6:17 PM,8 minutes and 57 seconds,*Device Login *Do NOT Remove
IT Italian Trattoria Collins,Jonathan Lucero,74,,Pasta - Collins,,9/8/26 6:12 PM,9/8/26 6:17 PM,5 minutes and 30 seconds,*Device Login *Do NOT Remove
IT Italian Trattoria Collins,Jonathan Lucero,73,,Pizza - Collins,,9/8/26 6:08 PM,9/8/26 6:19 PM,10 minutes and 18 seconds,*Device Login *Do NOT Remove
IT Italian Trattoria Collins,Jonathan Lucero,74,,Pizza - Collins,,9/8/26 6:12 PM,9/8/26 6:22 PM,10 minutes and 46 seconds,*Device Login *Do NOT Remove
IT Italian Trattoria Collins,Jonathan Lucero,75,,Pasta - Collins,,9/8/26 6:19 PM,9/8/26 6:24 PM,4 minutes and 39 seconds,*Device Login *Do NOT Remove
IT Italian Trattoria Collins,Jonathan Lucero,77,,Pizza - Collins,,9/8/26 6:30 PM,9/8/26 6:39 PM,8 minutes and 51 seconds,*Device Login *Do NOT Remove
IT Italian Trattoria Collins,Jonathan Lucero,78,,Drinks - Collins,,9/8/26 6:42 PM,9/8/26 6:49 PM,6 minutes and 54 seconds,*Device Login *Do NOT Remove
IT Italian Trattoria Collins,Jonathan Lucero,78,,No print / Expo - Collins,,9/8/26 6:42 PM,9/8/26 6:49 PM,6 minutes and 54 seconds,*Device Login *Do NOT Remove
IT Italian Trattoria Collins,Jonathan Lucero,78,,Pasta - Collins,,9/8/26 6:42 PM,9/8/26 6:49 PM,6 minutes and 54 seconds,*Device Login *Do NOT Remove
IT Italian Trattoria Collins,Jonathan Lucero,78,,Pizza - Collins,,9/8/26 6:42 PM,9/8/26 6:49 PM,6 minutes and 54 seconds,*Device Login *Do NOT Remove
IT Italian Trattoria Collins,Jonathan Lucero,78,,No Print - Collins,,9/8/26 6:42 PM,9/8/26 6:49 PM,6 minutes and 54 seconds,*Device Login *Do NOT Remove
IT Italian Trattoria Collins,Jonathan Lucero,78,,Pizza Pala - Collins,,9/8/26 6:42 PM,9/8/26 6:49 PM,6 minutes and 54 seconds,*Device Login *Do NOT Remove
IT Italian Trattoria Collins,Jonathan Lucero,81,,Pasta - Collins,,9/8/26 6:55 PM,9/8/26 7:02 PM,6 minutes and 52 seconds,*Device Login *Do NOT Remove
IT Italian Trattoria Collins,Jonathan Lucero,79,,Pizza - Collins,,9/8/26 6:54 PM,9/8/26 7:04 PM,10 minutes and 38 seconds,*Device Login *Do NOT Remove
IT Italian Trattoria Collins,Jonathan Lucero,84,,Drinks - Collins,,9/8/26 7:22 PM,9/8/26 7:26 PM,4 minutes and 40 seconds,*Device Login *Do NOT Remove
IT Italian Trattoria Collins,Jonathan Lucero,84,,No print / Expo - Collins,,9/8/26 7:22 PM,9/8/26 7:26 PM,4 minutes and 40 seconds,*Device Login *Do NOT Remove
IT Italian Trattoria Collins,Jonathan Lucero,84,,Pasta - Collins,,9/8/26 7:22 PM,9/8/26 7:26 PM,4 minutes and 40 seconds,*Device Login *Do NOT Remove
IT Italian Trattoria Collins,Jonathan Lucero,84,,Pizza - Collins,,9/8/26 7:22 PM,9/8/26 7:26 PM,4 minutes and 40 seconds,*Device Login *Do NOT Remove
IT Italian Trattoria Collins,Jonathan Lucero,84,,No Print - Collins,,9/8/26 7:22 PM,9/8/26 7:26 PM,4 minutes and 40 seconds,*Device Login *Do NOT Remove
IT Italian Trattoria Collins,Jonathan Lucero,84,,Pizza Pala - Collins,,9/8/26 7:22 PM,9/8/26 7:26 PM,4 minutes and 40 seconds,*Device Login *Do NOT Remove
IT Italian Trattoria Collins,Jonathan Lucero,86,,Drinks - Collins,,9/8/26 7:25 PM,9/8/26 7:26 PM,1 minute and 21 seconds,*Device Login *Do NOT Remove
IT Italian Trattoria Collins,Jonathan Lucero,86,,No print / Expo - Collins,,9/8/26 7:25 PM,9/8/26 7:26 PM,1 minute and 21 seconds,*Device Login *Do NOT Remove
IT Italian Trattoria Collins,Jonathan Lucero,86,,Pasta - Collins,,9/8/26 7:25 PM,9/8/26 7:26 PM,1 minute and 21 seconds,*Device Login *Do NOT Remove
IT Italian Trattoria Collins,Jonathan Lucero,86,,Pizza - Collins,,9/8/26 7:25 PM,9/8/26 7:26 PM,1 minute and 21 seconds,*Device Login *Do NOT Remove
IT Italian Trattoria Collins,Jonathan Lucero,86,,No Print - Collins,,9/8/26 7:25 PM,9/8/26 7:26 PM,1 minute and 21 seconds,*Device Login *Do NOT Remove
IT Italian Trattoria Collins,Jonathan Lucero,86,,Pizza Pala - Collins,,9/8/26 7:25 PM,9/8/26 7:26 PM,1 minute and 21 seconds,*Device Login *Do NOT Remove
IT Italian Trattoria Collins,Jonathan Lucero,85,,Pasta - Collins,,9/8/26 7:23 PM,9/8/26 7:31 PM,7 minutes and 45 seconds,*Device Login *Do NOT Remove
IT Italian Trattoria Collins,Jonathan Lucero,85,,Pizza - Collins,,9/8/26 7:23 PM,9/8/26 7:32 PM,9 minutes and 4 seconds,*Device Login *Do NOT Remove
IT Italian Trattoria Collins,Jonathan Lucero,83,,Pizza - Collins,,9/8/26 7:20 PM,9/8/26 7:32 PM,12 minutes and 35 seconds,*Device Login *Do NOT Remove
IT Italian Trattoria Collins,Jonathan Lucero,84,,Pizza - Collins,,9/8/26 7:22 PM,9/8/26 7:32 PM,10 minutes and 36 seconds,*Device Login *Do NOT Remove
IT Italian Trattoria Collins,Jonathan Lucero,86,,Pizza - Collins,,9/8/26 7:25 PM,9/8/26 7:32 PM,7 minutes and 16 seconds,*Device Login *Do NOT Remove
IT Italian Trattoria Collins,Jonathan Lucero,80,,Pizza - Collins,,9/8/26 7:28 PM,9/8/26 7:36 PM,7 minutes and 46 seconds,*Device Login *Do NOT Remove
IT Italian Trattoria Collins,Jonathan Lucero,88,,Pasta - Collins,,9/8/26 7:33 PM,9/8/26 7:38 PM,4 minutes and 54 seconds,*Device Login *Do NOT Remove
IT Italian Trattoria Collins,Jonathan Lucero,87,,Pasta - Collins,,9/8/26 7:34 PM,9/8/26 7:45 PM,10 minutes and 34 seconds,*Device Login *Do NOT Remove
IT Italian Trattoria Collins,Jonathan Lucero,91,,Drinks - Collins,,9/8/26 7:48 PM,9/8/26 7:48 PM,25 seconds,*Device Login *Do NOT Remove
IT Italian Trattoria Collins,Jonathan Lucero,91,,No print / Expo - Collins,,9/8/26 7:48 PM,9/8/26 7:48 PM,25 seconds,*Device Login *Do NOT Remove
IT Italian Trattoria Collins,Jonathan Lucero,91,,Pasta - Collins,,9/8/26 7:48 PM,9/8/26 7:48 PM,25 seconds,*Device Login *Do NOT Remove
IT Italian Trattoria Collins,Jonathan Lucero,91,,Pizza - Collins,,9/8/26 7:48 PM,9/8/26 7:48 PM,25 seconds,*Device Login *Do NOT Remove
IT Italian Trattoria Collins,Jonathan Lucero,91,,No Print - Collins,,9/8/26 7:48 PM,9/8/26 7:48 PM,25 seconds,*Device Login *Do NOT Remove
IT Italian Trattoria Collins,Jonathan Lucero,91,,Pizza Pala - Collins,,9/8/26 7:48 PM,9/8/26 7:48 PM,25 seconds,*Device Login *Do NOT Remove
IT Italian Trattoria Collins,Jonathan Lucero,91,,Pizza - Collins,,9/8/26 7:48 PM,9/8/26 8:01 PM,13 minutes and 3 seconds,*Device Login *Do NOT Remove
IT Italian Trattoria Collins,Camila Soldo,93,,Pizza - Collins,,9/8/26 7:53 PM,9/8/26 8:01 PM,8 minutes and 13 seconds,*Device Login *Do NOT Remove
IT Italian Trattoria Collins,Jonathan Lucero,92,,Pasta - Collins,,9/8/26 7:52 PM,9/8/26 8:01 PM,8 minutes and 47 seconds,*Device Login *Do NOT Remove
IT Italian Trattoria Collins,Camila Soldo,95,,Pasta - Collins,,9/8/26 7:53 PM,9/8/26 8:01 PM,7 minutes and 48 seconds,*Device Login *Do NOT Remove
IT Italian Trattoria Collins,Camila Soldo,96,,Pizza - Collins,,9/8/26 7:56 PM,9/8/26 8:05 PM,8 minutes and 52 seconds,*Device Login *Do NOT Remove
IT Italian Trattoria Collins,Jonathan Lucero,94,,Pasta - Collins,,9/8/26 8:03 PM,9/8/26 8:12 PM,8 minutes and 45 seconds,*Device Login *Do NOT Remove
IT Italian Trattoria Collins,Jonathan Lucero,99,,Pasta - Collins,,9/8/26 8:09 PM,9/8/26 8:16 PM,6 minutes and 57 seconds,*Device Login *Do NOT Remove
IT Italian Trattoria Collins,Jonathan Lucero,99,,Pizza - Collins,,9/8/26 8:09 PM,9/8/26 8:18 PM,8 minutes and 53 seconds,*Device Login *Do NOT Remove
IT Italian Trattoria Collins,Jonathan Lucero,100,,Pizza - Collins,,9/8/26 8:11 PM,9/8/26 8:18 PM,7 minutes and 7 seconds,*Device Login *Do NOT Remove
IT Italian Trattoria Collins,Jonathan Lucero,106,,Pasta - Collins,,9/8/26 8:29 PM,9/8/26 8:33 PM,4 minutes and 13 seconds,*Device Login *Do NOT Remove
IT Italian Trattoria Collins,Jonathan Lucero,109,,Pizza - Collins,,9/8/26 8:35 PM,9/8/26 8:44 PM,8 minutes and 18 seconds,*Device Login *Do NOT Remove
IT Italian Trattoria Collins,Default Online Ordering,104,,Pizza - Collins,,9/8/26 8:34 PM,9/8/26 8:44 PM,9 minutes and 47 seconds,*Device Login *Do NOT Remove
IT Italian Trattoria Collins,Default Online Ordering,104,,Pasta - Collins,,9/8/26 8:34 PM,9/8/26 8:45 PM,10 minutes and 44 seconds,*Device Login *Do NOT Remove
IT Italian Trattoria Collins,Jonathan Lucero,110,,Pizza - Collins,,9/8/26 8:41 PM,9/8/26 8:47 PM,6 minutes and 8 seconds,*Device Login *Do NOT Remove
IT Italian Trattoria Collins,Camila Soldo,115,,Pasta - Collins,,9/8/26 8:58 PM,9/8/26 9:01 PM,3 minutes and 26 seconds,*Device Login *Do NOT Remove
IT Italian Trattoria Collins,Jonathan Lucero,117,,Pasta - Collins,,9/8/26 9:02 PM,9/8/26 9:06 PM,4 minutes and 5 seconds,*Device Login *Do NOT Remove
IT Italian Trattoria Collins,Jonathan Lucero,118,,Pasta - Collins,,9/8/26 9:05 PM,9/8/26 9:09 PM,4 minutes and 37 seconds,*Device Login *Do NOT Remove
IT Italian Trattoria Collins,Jonathan Lucero,118,,Pizza - Collins,,9/8/26 9:05 PM,9/8/26 9:16 PM,11 minutes and 8 seconds,*Device Login *Do NOT Remove
IT Italian Trattoria Collins,Camila Soldo,116,,Pizza - Collins,,9/8/26 9:05 PM,9/8/26 9:16 PM,10 minutes and 15 seconds,*Device Login *Do NOT Remove
IT Italian Trattoria Collins,Jonathan Lucero,122,,Pizza - Collins,,9/8/26 9:18 PM,9/8/26 9:26 PM,8 minutes and 14 seconds,*Device Login *Do NOT Remove
IT Italian Trattoria Collins,Jonathan Lucero,125,,Pizza - Collins,,9/8/26 9:34 PM,9/8/26 9:39 PM,5 minutes and 40 seconds,*Device Login *Do NOT Remove
IT Italian Trattoria Collins,Jonathan Lucero,126,,No print / Expo - Collins,,9/8/26 9:42 PM,9/8/26 9:43 PM,46 seconds,*Device Login *Do NOT Remove
IT Italian Trattoria Collins,Jonathan Lucero,126,,No Print - Collins,,9/8/26 9:42 PM,9/8/26 9:43 PM,46 seconds,*Device Login *Do NOT Remove
IT Italian Trattoria Collins,Jonathan Lucero,126,,Pizza - Collins,,9/8/26 9:42 PM,9/8/26 9:43 PM,46 seconds,*Device Login *Do NOT Remove
IT Italian Trattoria Collins,Jonathan Lucero,126,,Pizza Pala - Collins,,9/8/26 9:42 PM,9/8/26 9:43 PM,46 seconds,*Device Login *Do NOT Remove
IT Italian Trattoria Collins,Jonathan Lucero,126,,Drinks - Collins,,9/8/26 9:42 PM,9/8/26 9:43 PM,46 seconds,*Device Login *Do NOT Remove
IT Italian Trattoria Collins,Jonathan Lucero,126,,Pasta - Collins,,9/8/26 9:42 PM,9/8/26 9:43 PM,46 seconds,*Device Login *Do NOT Remove
IT Italian Trattoria Collins,Jonathan Lucero,128,,Pizza - Collins,,9/8/26 9:39 PM,9/8/26 9:44 PM,4 minutes and 55 seconds,*Device Login *Do NOT Remove
IT Italian Trattoria Collins,Jonathan Lucero,129,,Pizza - Collins,,9/8/26 9:42 PM,9/8/26 9:44 PM,2 minutes and 3 seconds,*Device Login *Do NOT Remove
IT Italian Trattoria Collins,Jonathan Lucero,130,,Pizza - Collins,,9/8/26 9:48 PM,9/8/26 9:56 PM,7 minutes and 14 seconds,*Device Login *Do NOT Remove
IT Italian Trattoria Collins,Camila Soldo,138,,Pizza - Collins,,9/8/26 10:15 PM,9/8/26 10:21 PM,6 minutes and 16 seconds,*Device Login *Do NOT Remove
IT Italian Trattoria Collins,Camila Soldo,138,,Pasta - Collins,,9/8/26 10:15 PM,9/8/26 10:22 PM,6 minutes and 26 seconds,*Device Login *Do NOT Remove
IT Italian Trattoria Collins,Camila Soldo,139,,Pasta - Collins,,9/8/26 10:38 PM,9/8/26 10:41 PM,2 minutes and 12 seconds,*Device Login *Do NOT Remove
IT Italian Trattoria Collins,Jonathan Lucero,143,,Pasta - Collins,,9/8/26 10:57 PM,9/8/26 11:01 PM,4 minutes and 5 seconds,*Device Login *Do NOT Remove
IT Italian Trattoria Collins,Jonathan Lucero,143,,Drinks - Collins,,9/8/26 10:57 PM,9/8/26 11:01 PM,4 minutes and 5 seconds,*Device Login *Do NOT Remove
IT Italian Trattoria Collins,Jonathan Lucero,143,,No print / Expo - Collins,,9/8/26 10:57 PM,9/8/26 11:01 PM,4 minutes and 5 seconds,*Device Login *Do NOT Remove
IT Italian Trattoria Collins,Jonathan Lucero,143,,Pizza - Collins,,9/8/26 10:57 PM,9/8/26 11:01 PM,4 minutes and 5 seconds,*Device Login *Do NOT Remove
IT Italian Trattoria Collins,Jonathan Lucero,143,,No Print - Collins,,9/8/26 10:57 PM,9/8/26 11:01 PM,4 minutes and 5 seconds,*Device Login *Do NOT Remove
IT Italian Trattoria Collins,Jonathan Lucero,143,,Pizza Pala - Collins,,9/8/26 10:57 PM,9/8/26 11:01 PM,4 minutes and 5 seconds,*Device Login *Do NOT Remove
IT Italian Trattoria Collins,Charles Hernandez,5,,Pasta - Collins,,9/9/26 8:10 AM,9/9/26 8:16 AM,5 minutes and 53 seconds,*Device Login *Do NOT Remove
IT Italian Trattoria Collins,Charles Hernandez,7,,Pasta - Collins,,9/9/26 8:32 AM,9/9/26 8:33 AM,51 seconds,*Device Login *Do NOT Remove
IT Italian Trattoria Collins,Charles Hernandez,8,,Pasta - Collins,,9/9/26 8:33 AM,9/9/26 8:40 AM,6 minutes and 47 seconds,*Device Login *Do NOT Remove
IT Italian Trattoria Collins,Charles Hernandez,9,,Pasta - Collins,,9/9/26 8:41 AM,9/9/26 8:44 AM,2 minutes and 53 seconds,*Device Login *Do NOT Remove
IT Italian Trattoria Collins,Charles Hernandez,10,,Pasta - Collins,,9/9/26 8:47 AM,9/9/26 8:52 AM,5 minutes and 8 seconds,*Device Login *Do NOT Remove
IT Italian Trattoria Collins,Charles Hernandez,11,,Pasta - Collins,,9/9/26 8:48 AM,9/9/26 8:57 AM,8 minutes and 19 seconds,*Device Login *Do NOT Remove
IT Italian Trattoria Collins,Charles Hernandez,12,,Pasta - Collins,,9/9/26 8:58 AM,9/9/26 8:59 AM,1 minute and 31 seconds,*Device Login *Do NOT Remove
IT Italian Trattoria Collins,Charles Hernandez,16,,Pasta - Collins,,9/9/26 9:39 AM,9/9/26 9:44 AM,5 minutes and 5 seconds,*Device Login *Do NOT Remove
IT Italian Trattoria Collins,Charles Hernandez,18,,Pasta - Collins,,9/9/26 10:04 AM,9/9/26 10:11 AM,6 minutes and 56 seconds,*Device Login *Do NOT Remove
IT Italian Trattoria Collins,Charles Hernandez,21,,Pasta - Collins,,9/9/26 10:15 AM,9/9/26 10:20 AM,4 minutes and 18 seconds,*Device Login *Do NOT Remove
IT Italian Trattoria Collins,Charles Hernandez,22,,Pasta - Collins,,9/9/26 10:17 AM,9/9/26 10:26 AM,8 minutes and 47 seconds,*Device Login *Do NOT Remove
IT Italian Trattoria Collins,Charles Hernandez,29,,Pasta - Collins,,9/9/26 10:48 AM,9/9/26 10:55 AM,6 minutes and 15 seconds,*Device Login *Do NOT Remove
IT Italian Trattoria Collins,Charles Hernandez,32,,Pasta - Collins,,9/9/26 10:54 AM,9/9/26 10:58 AM,4 minutes and 20 seconds,*Device Login *Do NOT Remove
IT Italian Trattoria Collins,Charles Hernandez,37,,Pizza - Collins,,9/9/26 11:36 AM,9/9/26 11:45 AM,9 minutes and 10 seconds,*Device Login *Do NOT Remove
IT Italian Trattoria Collins,Charles Hernandez,40,,Pasta - Collins,,9/9/26 11:58 AM,9/9/26 12:06 PM,8 minutes and 1 second,*Device Login *Do NOT Remove
IT Italian Trattoria Collins,Charles Hernandez,40,,Pizza - Collins,,9/9/26 11:58 AM,9/9/26 12:08 PM,9 minutes and 52 seconds,*Device Login *Do NOT Remove
IT Italian Trattoria Collins,Davide Christopher Paredi,45,,Drinks - Collins,,9/9/26 12:23 PM,9/9/26 12:24 PM,1 minute and 5 seconds,*Device Login *Do NOT Remove
IT Italian Trattoria Collins,Davide Christopher Paredi,45,,No print / Expo - Collins,,9/9/26 12:23 PM,9/9/26 12:24 PM,1 minute and 5 seconds,*Device Login *Do NOT Remove
IT Italian Trattoria Collins,Davide Christopher Paredi,45,,Pasta - Collins,,9/9/26 12:23 PM,9/9/26 12:24 PM,1 minute and 5 seconds,*Device Login *Do NOT Remove
IT Italian Trattoria Collins,Davide Christopher Paredi,45,,Pizza - Collins,,9/9/26 12:23 PM,9/9/26 12:24 PM,1 minute and 5 seconds,*Device Login *Do NOT Remove
IT Italian Trattoria Collins,Davide Christopher Paredi,45,,No Print - Collins,,9/9/26 12:23 PM,9/9/26 12:24 PM,1 minute and 5 seconds,*Device Login *Do NOT Remove
IT Italian Trattoria Collins,Davide Christopher Paredi,43,,Pasta - Collins,,9/9/26 12:17 PM,9/9/26 12:24 PM,6 minutes and 31 seconds,*Device Login *Do NOT Remove
IT Italian Trattoria Collins,Davide Christopher Paredi,45,,Pizza Pala - Collins,,9/9/26 12:23 PM,9/9/26 12:24 PM,1 minute and 5 seconds,*Device Login *Do NOT Remove
IT Italian Trattoria Collins,Davide Christopher Paredi,42,,Pizza - Collins,,9/9/26 12:15 PM,9/9/26 12:24 PM,8 minutes and 57 seconds,*Device Login *Do NOT Remove
IT Italian Trattoria Collins,Davide Christopher Paredi,43,,Pizza - Collins,,9/9/26 12:17 PM,9/9/26 12:24 PM,6 minutes and 39 seconds,*Device Login *Do NOT Remove
IT Italian Trattoria Collins,Davide Christopher Paredi,44,,Pizza - Collins,,9/9/26 12:19 PM,9/9/26 12:24 PM,4 minutes and 45 seconds,*Device Login *Do NOT Remove
IT Italian Trattoria Collins,Davide Christopher Paredi,47,,Pasta - Collins,,9/9/26 12:29 PM,9/9/26 12:35 PM,5 minutes and 1 second,*Device Login *Do NOT Remove
IT Italian Trattoria Collins,Davide Christopher Paredi,46,,Pizza - Collins,,9/9/26 12:28 PM,9/9/26 12:35 PM,6 minutes and 52 seconds,*Device Login *Do NOT Remove
IT Italian Trattoria Collins,Davide Christopher Paredi,48,,Drinks - Collins,,9/9/26 12:54 PM,9/9/26 12:56 PM,2 minutes and 4 seconds,*Device Login *Do NOT Remove
IT Italian Trattoria Collins,Davide Christopher Paredi,48,,No print / Expo - Collins,,9/9/26 12:54 PM,9/9/26 12:56 PM,2 minutes and 4 seconds,*Device Login *Do NOT Remove
IT Italian Trattoria Collins,Davide Christopher Paredi,48,,Pasta - Collins,,9/9/26 12:54 PM,9/9/26 12:56 PM,2 minutes and 4 seconds,*Device Login *Do NOT Remove
IT Italian Trattoria Collins,Davide Christopher Paredi,48,,Pizza - Collins,,9/9/26 12:54 PM,9/9/26 12:56 PM,2 minutes and 4 seconds,*Device Login *Do NOT Remove
IT Italian Trattoria Collins,Davide Christopher Paredi,48,,Pizza Pala - Collins,,9/9/26 12:54 PM,9/9/26 12:56 PM,2 minutes and 4 seconds,*Device Login *Do NOT Remove
IT Italian Trattoria Collins,Davide Christopher Paredi,48,,No Print - Collins,,9/9/26 12:54 PM,9/9/26 12:56 PM,2 minutes and 4 seconds,*Device Login *Do NOT Remove
IT Italian Trattoria Collins,Davide Christopher Paredi,51,,Drinks - Collins,,9/9/26 1:00 PM,9/9/26 1:06 PM,5 minutes and 21 seconds,*Device Login *Do NOT Remove
IT Italian Trattoria Collins,Davide Christopher Paredi,51,,No print / Expo - Collins,,9/9/26 1:00 PM,9/9/26 1:06 PM,5 minutes and 21 seconds,*Device Login *Do NOT Remove
IT Italian Trattoria Collins,Davide Christopher Paredi,51,,Pasta - Collins,,9/9/26 1:00 PM,9/9/26 1:06 PM,5 minutes and 21 seconds,*Device Login *Do NOT Remove
IT Italian Trattoria Collins,Davide Christopher Paredi,51,,Pizza - Collins,,9/9/26 1:00 PM,9/9/26 1:06 PM,5 minutes and 21 seconds,*Device Login *Do NOT Remove
IT Italian Trattoria Collins,Davide Christopher Paredi,51,,Pizza Pala - Collins,,9/9/26 1:00 PM,9/9/26 1:06 PM,5 minutes and 21 seconds,*Device Login *Do NOT Remove
IT Italian Trattoria Collins,Davide Christopher Paredi,51,,No Print - Collins,,9/9/26 1:00 PM,9/9/26 1:06 PM,5 minutes and 21 seconds,*Device Login *Do NOT Remove
IT Italian Trattoria Collins,Davide Christopher Paredi,50,,Pizza - Collins,,9/9/26 12:59 PM,9/9/26 1:06 PM,7 minutes and 20 seconds,*Device Login *Do NOT Remove
IT Italian Trattoria Collins,Davide Christopher Paredi,53,,Pasta - Collins,,9/9/26 1:31 PM,9/9/26 1:44 PM,12 minutes and 22 seconds,*Device Login *Do NOT Remove
IT Italian Trattoria Collins,Davide Christopher Paredi,56,,Pasta - Collins,,9/9/26 1:43 PM,9/9/26 1:49 PM,6 minutes and 23 seconds,*Device Login *Do NOT Remove
IT Italian Trattoria Collins,Davide Christopher Paredi,54,,Pizza - Collins,,9/9/26 1:38 PM,9/9/26 1:52 PM,13 minutes and 43 seconds,*Device Login *Do NOT Remove
IT Italian Trattoria Collins,Davide Christopher Paredi,54,,Pasta - Collins,,9/9/26 1:38 PM,9/9/26 1:53 PM,15 minutes and 4 seconds,*Device Login *Do NOT Remove
IT Italian Trattoria Collins,Davide Christopher Paredi,55,,Pasta - Collins,,9/9/26 1:40 PM,9/9/26 1:53 PM,12 minutes and 52 seconds,*Device Login *Do NOT Remove
IT Italian Trattoria Collins,Davide Christopher Paredi,58,,Pasta - Collins,,9/9/26 1:54 PM,9/9/26 1:59 PM,4 minutes and 46 seconds,*Device Login *Do NOT Remove
IT Italian Trattoria Collins,Davide Christopher Paredi,57,,Pizza - Collins,,9/9/26 1:48 PM,9/9/26 2:00 PM,12 minutes and 44 seconds,*Device Login *Do NOT Remove
IT Italian Trattoria Collins,Davide Christopher Paredi,59,,Pizza - Collins,,9/9/26 1:56 PM,9/9/26 2:06 PM,10 minutes and 8 seconds,*Device Login *Do NOT Remove
IT Italian Trattoria Collins,Davide Christopher Paredi,60,,Pizza - Collins,,9/9/26 2:00 PM,9/9/26 2:07 PM,7 minutes and 11 seconds,*Device Login *Do NOT Remove
IT Italian Trattoria Collins,Davide Christopher Paredi,62,,Pizza - Collins,,9/9/26 2:05 PM,9/9/26 2:13 PM,8 minutes and 25 seconds,*Device Login *Do NOT Remove
IT Italian Trattoria Collins,Davide Christopher Paredi,64,,Pizza Pala - Collins,,9/9/26 2:11 PM,9/9/26 2:13 PM,2 minutes and 12 seconds,*Device Login *Do NOT Remove
IT Italian Trattoria Collins,Davide Christopher Paredi,64,,Pizza - Collins,,9/9/26 2:11 PM,9/9/26 2:13 PM,2 minutes and 12 seconds,*Device Login *Do NOT Remove
IT Italian Trattoria Collins,Davide Christopher Paredi,64,,Pasta - Collins,,9/9/26 2:11 PM,9/9/26 2:13 PM,2 minutes and 12 seconds,*Device Login *Do NOT Remove
IT Italian Trattoria Collins,Davide Christopher Paredi,64,,No Print - Collins,,9/9/26 2:11 PM,9/9/26 2:13 PM,2 minutes and 12 seconds,*Device Login *Do NOT Remove
IT Italian Trattoria Collins,Davide Christopher Paredi,64,,No print / Expo - Collins,,9/9/26 2:11 PM,9/9/26 2:13 PM,2 minutes and 12 seconds,*Device Login *Do NOT Remove
IT Italian Trattoria Collins,Davide Christopher Paredi,64,,Drinks - Collins,,9/9/26 2:11 PM,9/9/26 2:13 PM,2 minutes and 12 seconds,*Device Login *Do NOT Remove
IT Italian Trattoria Collins,Davide Christopher Paredi,64,,Pasta - Collins,,9/9/26 2:11 PM,9/9/26 2:17 PM,6 minutes,*Device Login *Do NOT Remove
IT Italian Trattoria Collins,Davide Christopher Paredi,67,,Pizza Pala - Collins,,9/9/26 2:21 PM,9/9/26 2:21 PM,18 seconds,*Device Login *Do NOT Remove
IT Italian Trattoria Collins,Davide Christopher Paredi,67,,Pizza - Collins,,9/9/26 2:21 PM,9/9/26 2:21 PM,18 seconds,*Device Login *Do NOT Remove
IT Italian Trattoria Collins,Davide Christopher Paredi,67,,Pasta - Collins,,9/9/26 2:21 PM,9/9/26 2:21 PM,18 seconds,*Device Login *Do NOT Remove
IT Italian Trattoria Collins,Davide Christopher Paredi,67,,No Print - Collins,,9/9/26 2:21 PM,9/9/26 2:21 PM,18 seconds,*Device Login *Do NOT Remove
IT Italian Trattoria Collins,Davide Christopher Paredi,67,,No print / Expo - Collins,,9/9/26 2:21 PM,9/9/26 2:21 PM,18 seconds,*Device Login *Do NOT Remove
IT Italian Trattoria Collins,Davide Christopher Paredi,67,,Drinks - Collins,,9/9/26 2:21 PM,9/9/26 2:21 PM,18 seconds,*Device Login *Do NOT Remove
IT Italian Trattoria Collins,Davide Christopher Paredi,65,,Pizza - Collins,,9/9/26 2:13 PM,9/9/26 2:23 PM,9 minutes and 51 seconds,*Device Login *Do NOT Remove
IT Italian Trattoria Collins,Davide Christopher Paredi,68,,Pasta - Collins,,9/9/26 2:22 PM,9/9/26 2:26 PM,4 minutes and 8 seconds,*Device Login *Do NOT Remove
IT Italian Trattoria Collins,Davide Christopher Paredi,66,,Pizza - Collins,,9/9/26 2:14 PM,9/9/26 2:26 PM,12 minutes and 8 seconds,*Device Login *Do NOT Remove
IT Italian Trattoria Collins,Davide Christopher Paredi,69,,Pizza - Collins,,9/9/26 2:25 PM,9/9/26 2:34 PM,8 minutes and 15 seconds,*Device Login *Do NOT Remove
IT Italian Trattoria Collins,Davide Christopher Paredi,71,,Pasta - Collins,,9/9/26 2:27 PM,9/9/26 2:38 PM,10 minutes and 50 seconds,*Device Login *Do NOT Remove
IT Italian Trattoria Collins,Davide Christopher Paredi,72,,Pizza - Collins,,9/9/26 2:30 PM,9/9/26 2:39 PM,9 minutes and 47 seconds,*Device Login *Do NOT Remove
IT Italian Trattoria Collins,Davide Christopher Paredi,74,,Pizza - Collins,,9/9/26 2:46 PM,9/9/26 2:52 PM,6 minutes and 20 seconds,*Device Login *Do NOT Remove
IT Italian Trattoria Collins,Davide Christopher Paredi,73,,Pizza - Collins,,9/9/26 2:43 PM,9/9/26 2:52 PM,9 minutes and 32 seconds,*Device Login *Do NOT Remove
IT Italian Trattoria Collins,Vivian Ducasal,76,,Drinks - Collins,,9/9/26 2:56 PM,9/9/26 2:56 PM,8 seconds,*Device Login *Do NOT Remove
IT Italian Trattoria Collins,Vivian Ducasal,76,,No print / Expo - Collins,,9/9/26 2:56 PM,9/9/26 2:56 PM,8 seconds,*Device Login *Do NOT Remove
IT Italian Trattoria Collins,Vivian Ducasal,76,,Pasta - Collins,,9/9/26 2:56 PM,9/9/26 2:56 PM,8 seconds,*Device Login *Do NOT Remove
IT Italian Trattoria Collins,Vivian Ducasal,76,,Pizza - Collins,,9/9/26 2:56 PM,9/9/26 2:56 PM,8 seconds,*Device Login *Do NOT Remove
IT Italian Trattoria Collins,Vivian Ducasal,76,,No Print - Collins,,9/9/26 2:56 PM,9/9/26 2:56 PM,8 seconds,*Device Login *Do NOT Remove
IT Italian Trattoria Collins,Vivian Ducasal,76,,Pizza Pala - Collins,,9/9/26 2:56 PM,9/9/26 2:56 PM,8 seconds,*Device Login *Do NOT Remove
IT Italian Trattoria Collins,Davide Christopher Paredi,78,,Drinks - Collins,,9/9/26 3:19 PM,9/9/26 3:23 PM,4 minutes and 27 seconds,*Device Login *Do NOT Remove
IT Italian Trattoria Collins,Davide Christopher Paredi,78,,No print / Expo - Collins,,9/9/26 3:19 PM,9/9/26 3:23 PM,4 minutes and 27 seconds,*Device Login *Do NOT Remove
IT Italian Trattoria Collins,Davide Christopher Paredi,78,,Pasta - Collins,,9/9/26 3:19 PM,9/9/26 3:23 PM,4 minutes and 27 seconds,*Device Login *Do NOT Remove
IT Italian Trattoria Collins,Davide Christopher Paredi,78,,Pizza - Collins,,9/9/26 3:19 PM,9/9/26 3:23 PM,4 minutes and 27 seconds,*Device Login *Do NOT Remove
IT Italian Trattoria Collins,Davide Christopher Paredi,78,,No Print - Collins,,9/9/26 3:19 PM,9/9/26 3:23 PM,4 minutes and 27 seconds,*Device Login *Do NOT Remove
IT Italian Trattoria Collins,Davide Christopher Paredi,78,,Pizza Pala - Collins,,9/9/26 3:19 PM,9/9/26 3:23 PM,4 minutes and 27 seconds,*Device Login *Do NOT Remove
IT Italian Trattoria Collins,Davide Christopher Paredi,79,,Drinks - Collins,,9/9/26 3:28 PM,9/9/26 3:30 PM,1 minute and 54 seconds,*Device Login *Do NOT Remove
IT Italian Trattoria Collins,Davide Christopher Paredi,79,,No print / Expo - Collins,,9/9/26 3:28 PM,9/9/26 3:30 PM,1 minute and 54 seconds,*Device Login *Do NOT Remove
IT Italian Trattoria Collins,Davide Christopher Paredi,79,,Pasta - Collins,,9/9/26 3:28 PM,9/9/26 3:30 PM,1 minute and 54 seconds,*Device Login *Do NOT Remove
IT Italian Trattoria Collins,Davide Christopher Paredi,79,,Pizza - Collins,,9/9/26 3:28 PM,9/9/26 3:30 PM,1 minute and 54 seconds,*Device Login *Do NOT Remove
IT Italian Trattoria Collins,Davide Christopher Paredi,79,,No Print - Collins,,9/9/26 3:28 PM,9/9/26 3:30 PM,1 minute and 54 seconds,*Device Login *Do NOT Remove
IT Italian Trattoria Collins,Davide Christopher Paredi,79,,Pizza Pala - Collins,,9/9/26 3:28 PM,9/9/26 3:30 PM,1 minute and 54 seconds,*Device Login *Do NOT Remove
IT Italian Trattoria Collins,Davide Christopher Paredi,80,,Drinks - Collins,,9/9/26 3:35 PM,9/9/26 3:36 PM,18 seconds,*Device Login *Do NOT Remove
IT Italian Trattoria Collins,Davide Christopher Paredi,80,,No print / Expo - Collins,,9/9/26 3:35 PM,9/9/26 3:36 PM,18 seconds,*Device Login *Do NOT Remove
IT Italian Trattoria Collins,Davide Christopher Paredi,80,,Pasta - Collins,,9/9/26 3:35 PM,9/9/26 3:36 PM,18 seconds,*Device Login *Do NOT Remove
IT Italian Trattoria Collins,Davide Christopher Paredi,80,,Pizza - Collins,,9/9/26 3:35 PM,9/9/26 3:36 PM,18 seconds,*Device Login *Do NOT Remove
IT Italian Trattoria Collins,Davide Christopher Paredi,80,,No Print - Collins,,9/9/26 3:35 PM,9/9/26 3:36 PM,18 seconds,*Device Login *Do NOT Remove
IT Italian Trattoria Collins,Davide Christopher Paredi,80,,Pizza Pala - Collins,,9/9/26 3:35 PM,9/9/26 3:36 PM,18 seconds,*Device Login *Do NOT Remove
IT Italian Trattoria Collins,Default Online Ordering,82,,Drinks - Collins,,9/9/26 3:54 PM,9/9/26 4:00 PM,5 minutes and 33 seconds,*Device Login *Do NOT Remove
IT Italian Trattoria Collins,Default Online Ordering,82,,No print / Expo - Collins,,9/9/26 3:54 PM,9/9/26 4:00 PM,5 minutes and 33 seconds,*Device Login *Do NOT Remove
IT Italian Trattoria Collins,Default Online Ordering,82,,Pasta - Collins,,9/9/26 3:54 PM,9/9/26 4:00 PM,5 minutes and 33 seconds,*Device Login *Do NOT Remove
IT Italian Trattoria Collins,Default Online Ordering,82,,Pizza - Collins,,9/9/26 3:54 PM,9/9/26 4:00 PM,5 minutes and 33 seconds,*Device Login *Do NOT Remove
IT Italian Trattoria Collins,Default Online Ordering,82,,No Print - Collins,,9/9/26 3:54 PM,9/9/26 4:00 PM,5 minutes and 33 seconds,*Device Login *Do NOT Remove
IT Italian Trattoria Collins,Default Online Ordering,82,,Pizza Pala - Collins,,9/9/26 3:54 PM,9/9/26 4:00 PM,5 minutes and 33 seconds,*Device Login *Do NOT Remove
IT Italian Trattoria Collins,Andrea Rizzi,84,,Pizza Pala - Collins,,9/9/26 4:23 PM,9/9/26 4:30 PM,6 minutes and 50 seconds,*Device Login *Do NOT Remove
IT Italian Trattoria Collins,Andrea Rizzi,84,,Pizza - Collins,,9/9/26 4:23 PM,9/9/26 4:30 PM,6 minutes and 50 seconds,*Device Login *Do NOT Remove
IT Italian Trattoria Collins,Andrea Rizzi,84,,Pasta - Collins,,9/9/26 4:23 PM,9/9/26 4:30 PM,6 minutes and 50 seconds,*Device Login *Do NOT Remove
IT Italian Trattoria Collins,Andrea Rizzi,84,,No Print - Collins,,9/9/26 4:23 PM,9/9/26 4:30 PM,6 minutes and 50 seconds,*Device Login *Do NOT Remove
IT Italian Trattoria Collins,Andrea Rizzi,84,,No print / Expo - Collins,,9/9/26 4:23 PM,9/9/26 4:30 PM,6 minutes and 50 seconds,*Device Login *Do NOT Remove
IT Italian Trattoria Collins,Andrea Rizzi,84,,Drinks - Collins,,9/9/26 4:23 PM,9/9/26 4:30 PM,6 minutes and 50 seconds,*Device Login *Do NOT Remove
IT Italian Trattoria Collins,Andrea Rizzi,88,,Drinks - Collins,,9/9/26 5:01 PM,9/9/26 5:03 PM,1 minute and 14 seconds,*Device Login *Do NOT Remove
IT Italian Trattoria Collins,Andrea Rizzi,88,,No print / Expo - Collins,,9/9/26 5:01 PM,9/9/26 5:03 PM,1 minute and 14 seconds,*Device Login *Do NOT Remove
IT Italian Trattoria Collins,Andrea Rizzi,88,,Pasta - Collins,,9/9/26 5:01 PM,9/9/26 5:03 PM,1 minute and 14 seconds,*Device Login *Do NOT Remove
IT Italian Trattoria Collins,Andrea Rizzi,88,,Pizza - Collins,,9/9/26 5:01 PM,9/9/26 5:03 PM,1 minute and 14 seconds,*Device Login *Do NOT Remove
IT Italian Trattoria Collins,Andrea Rizzi,88,,No Print - Collins,,9/9/26 5:01 PM,9/9/26 5:03 PM,1 minute and 14 seconds,*Device Login *Do NOT Remove
IT Italian Trattoria Collins,Andrea Rizzi,88,,Pizza Pala - Collins,,9/9/26 5:01 PM,9/9/26 5:03 PM,1 minute and 14 seconds,*Device Login *Do NOT Remove
IT Italian Trattoria Collins,Andrea Rizzi,89,,Pizza Pala - Collins,,9/9/26 5:06 PM,9/9/26 5:15 PM,9 minutes and 32 seconds,*Device Login *Do NOT Remove
IT Italian Trattoria Collins,Andrea Rizzi,89,,Pizza - Collins,,9/9/26 5:06 PM,9/9/26 5:15 PM,9 minutes and 32 seconds,*Device Login *Do NOT Remove
IT Italian Trattoria Collins,Andrea Rizzi,89,,Pasta - Collins,,9/9/26 5:06 PM,9/9/26 5:15 PM,9 minutes and 32 seconds,*Device Login *Do NOT Remove
IT Italian Trattoria Collins,Andrea Rizzi,89,,No Print - Collins,,9/9/26 5:06 PM,9/9/26 5:15 PM,9 minutes and 32 seconds,*Device Login *Do NOT Remove
IT Italian Trattoria Collins,Andrea Rizzi,89,,No print / Expo - Collins,,9/9/26 5:06 PM,9/9/26 5:15 PM,9 minutes and 32 seconds,*Device Login *Do NOT Remove
IT Italian Trattoria Collins,Andrea Rizzi,89,,Drinks - Collins,,9/9/26 5:06 PM,9/9/26 5:15 PM,9 minutes and 32 seconds,*Device Login *Do NOT Remove
IT Italian Trattoria Collins,Camila Soldo,92,,Pizza Pala - Collins,,9/9/26 5:47 PM,9/9/26 5:56 PM,8 minutes and 36 seconds,*Device Login *Do NOT Remove
IT Italian Trattoria Collins,Camila Soldo,92,,Pizza - Collins,,9/9/26 5:47 PM,9/9/26 5:56 PM,8 minutes and 36 seconds,*Device Login *Do NOT Remove
IT Italian Trattoria Collins,Camila Soldo,92,,Pasta - Collins,,9/9/26 5:47 PM,9/9/26 5:56 PM,8 minutes and 36 seconds,*Device Login *Do NOT Remove
IT Italian Trattoria Collins,Camila Soldo,92,,No Print - Collins,,9/9/26 5:47 PM,9/9/26 5:56 PM,8 minutes and 36 seconds,*Device Login *Do NOT Remove
IT Italian Trattoria Collins,Camila Soldo,92,,No print / Expo - Collins,,9/9/26 5:47 PM,9/9/26 5:56 PM,8 minutes and 36 seconds,*Device Login *Do NOT Remove
IT Italian Trattoria Collins,Camila Soldo,92,,Drinks - Collins,,9/9/26 5:47 PM,9/9/26 5:56 PM,8 minutes and 36 seconds,*Device Login *Do NOT Remove
IT Italian Trattoria Collins,Camila Soldo,96,,Drinks - Collins,,9/9/26 6:07 PM,9/9/26 6:07 PM,5 seconds,*Device Login *Do NOT Remove
IT Italian Trattoria Collins,Camila Soldo,96,,No print / Expo - Collins,,9/9/26 6:07 PM,9/9/26 6:07 PM,5 seconds,*Device Login *Do NOT Remove
IT Italian Trattoria Collins,Camila Soldo,96,,Pasta - Collins,,9/9/26 6:07 PM,9/9/26 6:07 PM,5 seconds,*Device Login *Do NOT Remove
IT Italian Trattoria Collins,Camila Soldo,96,,Pizza - Collins,,9/9/26 6:07 PM,9/9/26 6:07 PM,5 seconds,*Device Login *Do NOT Remove
IT Italian Trattoria Collins,Camila Soldo,96,,No Print - Collins,,9/9/26 6:07 PM,9/9/26 6:07 PM,5 seconds,*Device Login *Do NOT Remove
IT Italian Trattoria Collins,Camila Soldo,96,,Pizza Pala - Collins,,9/9/26 6:07 PM,9/9/26 6:07 PM,5 seconds,*Device Login *Do NOT Remove
IT Italian Trattoria Collins,Camila Soldo,93,,Drinks - Collins,,9/9/26 5:59 PM,9/9/26 6:07 PM,8 minutes,*Device Login *Do NOT Remove
IT Italian Trattoria Collins,Camila Soldo,93,,No print / Expo - Collins,,9/9/26 5:59 PM,9/9/26 6:07 PM,8 minutes,*Device Login *Do NOT Remove
IT Italian Trattoria Collins,Camila Soldo,93,,Pasta - Collins,,9/9/26 5:59 PM,9/9/26 6:07 PM,8 minutes,*Device Login *Do NOT Remove
IT Italian Trattoria Collins,Camila Soldo,93,,Pizza - Collins,,9/9/26 5:59 PM,9/9/26 6:07 PM,8 minutes,*Device Login *Do NOT Remove
IT Italian Trattoria Collins,Camila Soldo,93,,Pizza Pala - Collins,,9/9/26 5:59 PM,9/9/26 6:07 PM,8 minutes,*Device Login *Do NOT Remove
IT Italian Trattoria Collins,Camila Soldo,93,,No Print - Collins,,9/9/26 5:59 PM,9/9/26 6:07 PM,8 minutes,*Device Login *Do NOT Remove
IT Italian Trattoria Collins,Camila Soldo,94,,Drinks - Collins,,9/9/26 6:01 PM,9/9/26 6:07 PM,5 minutes and 44 seconds,*Device Login *Do NOT Remove
IT Italian Trattoria Collins,Camila Soldo,94,,No print / Expo - Collins,,9/9/26 6:01 PM,9/9/26 6:07 PM,5 minutes and 44 seconds,*Device Login *Do NOT Remove
IT Italian Trattoria Collins,Camila Soldo,94,,Pasta - Collins,,9/9/26 6:01 PM,9/9/26 6:07 PM,5 minutes and 44 seconds,*Device Login *Do NOT Remove
IT Italian Trattoria Collins,Camila Soldo,94,,Pizza - Collins,,9/9/26 6:01 PM,9/9/26 6:07 PM,5 minutes and 44 seconds,*Device Login *Do NOT Remove
IT Italian Trattoria Collins,Camila Soldo,94,,Pizza Pala - Collins,,9/9/26 6:01 PM,9/9/26 6:07 PM,5 minutes and 44 seconds,*Device Login *Do NOT Remove
IT Italian Trattoria Collins,Camila Soldo,94,,No Print - Collins,,9/9/26 6:01 PM,9/9/26 6:07 PM,5 minutes and 44 seconds,*Device Login *Do NOT Remove
IT Italian Trattoria Collins,Camila Soldo,98,,Drinks - Collins,,9/9/26 6:12 PM,9/9/26 6:13 PM,29 seconds,*Device Login *Do NOT Remove
IT Italian Trattoria Collins,Camila Soldo,98,,No print / Expo - Collins,,9/9/26 6:12 PM,9/9/26 6:13 PM,29 seconds,*Device Login *Do NOT Remove
IT Italian Trattoria Collins,Camila Soldo,98,,Pasta - Collins,,9/9/26 6:12 PM,9/9/26 6:13 PM,29 seconds,*Device Login *Do NOT Remove
IT Italian Trattoria Collins,Camila Soldo,98,,Pizza - Collins,,9/9/26 6:12 PM,9/9/26 6:13 PM,29 seconds,*Device Login *Do NOT Remove
IT Italian Trattoria Collins,Camila Soldo,98,,No Print - Collins,,9/9/26 6:12 PM,9/9/26 6:13 PM,29 seconds,*Device Login *Do NOT Remove
IT Italian Trattoria Collins,Camila Soldo,98,,Pizza Pala - Collins,,9/9/26 6:12 PM,9/9/26 6:13 PM,29 seconds,*Device Login *Do NOT Remove
IT Italian Trattoria Collins,Camila Soldo,95,,Drinks - Collins,,9/9/26 6:05 PM,9/9/26 6:13 PM,7 minutes and 46 seconds,*Device Login *Do NOT Remove
IT Italian Trattoria Collins,Camila Soldo,95,,No print / Expo - Collins,,9/9/26 6:05 PM,9/9/26 6:13 PM,7 minutes and 46 seconds,*Device Login *Do NOT Remove
IT Italian Trattoria Collins,Camila Soldo,95,,Pasta - Collins,,9/9/26 6:05 PM,9/9/26 6:13 PM,7 minutes and 46 seconds,*Device Login *Do NOT Remove
IT Italian Trattoria Collins,Camila Soldo,95,,Pizza - Collins,,9/9/26 6:05 PM,9/9/26 6:13 PM,7 minutes and 46 seconds,*Device Login *Do NOT Remove
IT Italian Trattoria Collins,Camila Soldo,95,,Pizza Pala - Collins,,9/9/26 6:05 PM,9/9/26 6:13 PM,7 minutes and 46 seconds,*Device Login *Do NOT Remove
IT Italian Trattoria Collins,Camila Soldo,95,,No Print - Collins,,9/9/26 6:05 PM,9/9/26 6:13 PM,7 minutes and 46 seconds,*Device Login *Do NOT Remove
IT Italian Trattoria Collins,Andrea Rizzi,99,,Pizza Pala - Collins,,9/9/26 6:20 PM,9/9/26 6:27 PM,6 minutes and 35 seconds,*Device Login *Do NOT Remove
IT Italian Trattoria Collins,Andrea Rizzi,99,,Pizza - Collins,,9/9/26 6:20 PM,9/9/26 6:27 PM,6 minutes and 35 seconds,*Device Login *Do NOT Remove
IT Italian Trattoria Collins,Andrea Rizzi,99,,Pasta - Collins,,9/9/26 6:20 PM,9/9/26 6:27 PM,6 minutes and 35 seconds,*Device Login *Do NOT Remove
IT Italian Trattoria Collins,Andrea Rizzi,99,,No Print - Collins,,9/9/26 6:20 PM,9/9/26 6:27 PM,6 minutes and 35 seconds,*Device Login *Do NOT Remove
IT Italian Trattoria Collins,Andrea Rizzi,99,,No print / Expo - Collins,,9/9/26 6:20 PM,9/9/26 6:27 PM,6 minutes and 35 seconds,*Device Login *Do NOT Remove
IT Italian Trattoria Collins,Andrea Rizzi,99,,Drinks - Collins,,9/9/26 6:20 PM,9/9/26 6:27 PM,6 minutes and 35 seconds,*Device Login *Do NOT Remove
IT Italian Trattoria Collins,Camila Soldo,102,,Drinks - Collins,,9/9/26 6:47 PM,9/9/26 6:47 PM,28 seconds,*Device Login *Do NOT Remove
IT Italian Trattoria Collins,Camila Soldo,102,,No print / Expo - Collins,,9/9/26 6:47 PM,9/9/26 6:47 PM,28 seconds,*Device Login *Do NOT Remove
IT Italian Trattoria Collins,Camila Soldo,102,,Pasta - Collins,,9/9/26 6:47 PM,9/9/26 6:47 PM,28 seconds,*Device Login *Do NOT Remove
IT Italian Trattoria Collins,Camila Soldo,102,,Pizza - Collins,,9/9/26 6:47 PM,9/9/26 6:47 PM,28 seconds,*Device Login *Do NOT Remove
IT Italian Trattoria Collins,Camila Soldo,102,,No Print - Collins,,9/9/26 6:47 PM,9/9/26 6:47 PM,28 seconds,*Device Login *Do NOT Remove
IT Italian Trattoria Collins,Camila Soldo,102,,Pizza Pala - Collins,,9/9/26 6:47 PM,9/9/26 6:47 PM,28 seconds,*Device Login *Do NOT Remove
IT Italian Trattoria Collins,Camila Soldo,100,,Pizza Pala - Collins,,9/9/26 6:38 PM,9/9/26 6:47 PM,8 minutes and 59 seconds,*Device Login *Do NOT Remove
IT Italian Trattoria Collins,Camila Soldo,100,,Pizza - Collins,,9/9/26 6:38 PM,9/9/26 6:47 PM,8 minutes and 59 seconds,*Device Login *Do NOT Remove
IT Italian Trattoria Collins,Camila Soldo,100,,Pasta - Collins,,9/9/26 6:38 PM,9/9/26 6:47 PM,8 minutes and 59 seconds,*Device Login *Do NOT Remove
IT Italian Trattoria Collins,Camila Soldo,100,,No Print - Collins,,9/9/26 6:38 PM,9/9/26 6:47 PM,8 minutes and 59 seconds,*Device Login *Do NOT Remove
IT Italian Trattoria Collins,Camila Soldo,100,,No print / Expo - Collins,,9/9/26 6:38 PM,9/9/26 6:47 PM,8 minutes and 59 seconds,*Device Login *Do NOT Remove
IT Italian Trattoria Collins,Camila Soldo,100,,Drinks - Collins,,9/9/26 6:38 PM,9/9/26 6:47 PM,8 minutes and 59 seconds,*Device Login *Do NOT Remove
IT Italian Trattoria Collins,Camila Soldo,101,,Pizza Pala - Collins,,9/9/26 6:39 PM,9/9/26 6:47 PM,8 minutes,*Device Login *Do NOT Remove
IT Italian Trattoria Collins,Camila Soldo,101,,Pizza - Collins,,9/9/26 6:39 PM,9/9/26 6:47 PM,8 minutes,*Device Login *Do NOT Remove
IT Italian Trattoria Collins,Camila Soldo,101,,Pasta - Collins,,9/9/26 6:39 PM,9/9/26 6:47 PM,8 minutes,*Device Login *Do NOT Remove
IT Italian Trattoria Collins,Camila Soldo,101,,No Print - Collins,,9/9/26 6:39 PM,9/9/26 6:47 PM,8 minutes,*Device Login *Do NOT Remove
IT Italian Trattoria Collins,Camila Soldo,101,,No print / Expo - Collins,,9/9/26 6:39 PM,9/9/26 6:47 PM,8 minutes,*Device Login *Do NOT Remove
IT Italian Trattoria Collins,Camila Soldo,101,,Drinks - Collins,,9/9/26 6:39 PM,9/9/26 6:47 PM,8 minutes,*Device Login *Do NOT Remove
IT Italian Trattoria Collins,Camila Soldo,103,,Drinks - Collins,,9/9/26 6:56 PM,9/9/26 7:04 PM,7 minutes and 17 seconds,*Device Login *Do NOT Remove
IT Italian Trattoria Collins,Camila Soldo,103,,No print / Expo - Collins,,9/9/26 6:56 PM,9/9/26 7:04 PM,7 minutes and 17 seconds,*Device Login *Do NOT Remove
IT Italian Trattoria Collins,Camila Soldo,103,,Pasta - Collins,,9/9/26 6:56 PM,9/9/26 7:04 PM,7 minutes and 17 seconds,*Device Login *Do NOT Remove
IT Italian Trattoria Collins,Camila Soldo,103,,Pizza - Collins,,9/9/26 6:56 PM,9/9/26 7:04 PM,7 minutes and 17 seconds,*Device Login *Do NOT Remove
IT Italian Trattoria Collins,Camila Soldo,103,,No Print - Collins,,9/9/26 6:56 PM,9/9/26 7:04 PM,7 minutes and 17 seconds,*Device Login *Do NOT Remove
IT Italian Trattoria Collins,Camila Soldo,103,,Pizza Pala - Collins,,9/9/26 6:56 PM,9/9/26 7:04 PM,7 minutes and 17 seconds,*Device Login *Do NOT Remove
IT Italian Trattoria Collins,Camila Soldo,104,,Pizza Pala - Collins,,9/9/26 7:08 PM,9/9/26 7:15 PM,6 minutes and 31 seconds,*Device Login *Do NOT Remove
IT Italian Trattoria Collins,Camila Soldo,104,,Pizza - Collins,,9/9/26 7:08 PM,9/9/26 7:15 PM,6 minutes and 31 seconds,*Device Login *Do NOT Remove
IT Italian Trattoria Collins,Camila Soldo,104,,Pasta - Collins,,9/9/26 7:08 PM,9/9/26 7:15 PM,6 minutes and 31 seconds,*Device Login *Do NOT Remove
IT Italian Trattoria Collins,Camila Soldo,104,,No Print - Collins,,9/9/26 7:08 PM,9/9/26 7:15 PM,6 minutes and 31 seconds,*Device Login *Do NOT Remove
IT Italian Trattoria Collins,Camila Soldo,104,,No print / Expo - Collins,,9/9/26 7:08 PM,9/9/26 7:15 PM,6 minutes and 31 seconds,*Device Login *Do NOT Remove
IT Italian Trattoria Collins,Camila Soldo,104,,Drinks - Collins,,9/9/26 7:08 PM,9/9/26 7:15 PM,6 minutes and 31 seconds,*Device Login *Do NOT Remove
IT Italian Trattoria Collins,Davide Christopher Paredi,106,,Drinks - Collins,,9/9/26 7:16 PM,9/9/26 7:20 PM,3 minutes and 46 seconds,*Device Login *Do NOT Remove
IT Italian Trattoria Collins,Davide Christopher Paredi,106,,No print / Expo - Collins,,9/9/26 7:16 PM,9/9/26 7:20 PM,3 minutes and 46 seconds,*Device Login *Do NOT Remove
IT Italian Trattoria Collins,Davide Christopher Paredi,106,,Pasta - Collins,,9/9/26 7:16 PM,9/9/26 7:20 PM,3 minutes and 46 seconds,*Device Login *Do NOT Remove
IT Italian Trattoria Collins,Davide Christopher Paredi,106,,Pizza - Collins,,9/9/26 7:16 PM,9/9/26 7:20 PM,3 minutes and 46 seconds,*Device Login *Do NOT Remove
IT Italian Trattoria Collins,Davide Christopher Paredi,106,,Pizza Pala - Collins,,9/9/26 7:16 PM,9/9/26 7:20 PM,3 minutes and 46 seconds,*Device Login *Do NOT Remove
IT Italian Trattoria Collins,Davide Christopher Paredi,106,,No Print - Collins,,9/9/26 7:16 PM,9/9/26 7:20 PM,3 minutes and 46 seconds,*Device Login *Do NOT Remove
IT Italian Trattoria Collins,Andrea Rizzi,107,,Drinks - Collins,,9/9/26 7:24 PM,9/9/26 7:34 PM,9 minutes and 58 seconds,*Device Login *Do NOT Remove
IT Italian Trattoria Collins,Andrea Rizzi,107,,No print / Expo - Collins,,9/9/26 7:24 PM,9/9/26 7:34 PM,9 minutes and 58 seconds,*Device Login *Do NOT Remove
IT Italian Trattoria Collins,Andrea Rizzi,107,,Pasta - Collins,,9/9/26 7:24 PM,9/9/26 7:34 PM,9 minutes and 58 seconds,*Device Login *Do NOT Remove
IT Italian Trattoria Collins,Andrea Rizzi,107,,Pizza - Collins,,9/9/26 7:24 PM,9/9/26 7:34 PM,9 minutes and 58 seconds,*Device Login *Do NOT Remove
IT Italian Trattoria Collins,Andrea Rizzi,107,,Pizza Pala - Collins,,9/9/26 7:24 PM,9/9/26 7:34 PM,9 minutes and 58 seconds,*Device Login *Do NOT Remove
IT Italian Trattoria Collins,Andrea Rizzi,107,,No Print - Collins,,9/9/26 7:24 PM,9/9/26 7:34 PM,9 minutes and 58 seconds,*Device Login *Do NOT Remove
IT Italian Trattoria Collins,Andrea Rizzi,109,,Drinks - Collins,,9/9/26 7:29 PM,9/9/26 7:39 PM,10 minutes and 31 seconds,*Device Login *Do NOT Remove
IT Italian Trattoria Collins,Andrea Rizzi,109,,No print / Expo - Collins,,9/9/26 7:29 PM,9/9/26 7:39 PM,10 minutes and 31 seconds,*Device Login *Do NOT Remove
IT Italian Trattoria Collins,Andrea Rizzi,109,,Pasta - Collins,,9/9/26 7:29 PM,9/9/26 7:39 PM,10 minutes and 31 seconds,*Device Login *Do NOT Remove
IT Italian Trattoria Collins,Andrea Rizzi,109,,Pizza - Collins,,9/9/26 7:29 PM,9/9/26 7:39 PM,10 minutes and 31 seconds,*Device Login *Do NOT Remove
IT Italian Trattoria Collins,Andrea Rizzi,109,,Pizza Pala - Collins,,9/9/26 7:29 PM,9/9/26 7:39 PM,10 minutes and 31 seconds,*Device Login *Do NOT Remove
IT Italian Trattoria Collins,Andrea Rizzi,109,,No Print - Collins,,9/9/26 7:29 PM,9/9/26 7:39 PM,10 minutes and 31 seconds,*Device Login *Do NOT Remove
IT Italian Trattoria Collins,Camila Soldo,110,,Drinks - Collins,,9/9/26 7:38 PM,9/9/26 7:43 PM,5 minutes and 8 seconds,*Device Login *Do NOT Remove
IT Italian Trattoria Collins,Camila Soldo,110,,No print / Expo - Collins,,9/9/26 7:38 PM,9/9/26 7:43 PM,5 minutes and 8 seconds,*Device Login *Do NOT Remove
IT Italian Trattoria Collins,Camila Soldo,110,,Pasta - Collins,,9/9/26 7:38 PM,9/9/26 7:43 PM,5 minutes and 8 seconds,*Device Login *Do NOT Remove
IT Italian Trattoria Collins,Camila Soldo,110,,Pizza - Collins,,9/9/26 7:38 PM,9/9/26 7:43 PM,5 minutes and 8 seconds,*Device Login *Do NOT Remove
IT Italian Trattoria Collins,Camila Soldo,110,,Pizza Pala - Collins,,9/9/26 7:38 PM,9/9/26 7:43 PM,5 minutes and 8 seconds,*Device Login *Do NOT Remove
IT Italian Trattoria Collins,Camila Soldo,110,,No Print - Collins,,9/9/26 7:38 PM,9/9/26 7:43 PM,5 minutes and 8 seconds,*Device Login *Do NOT Remove
IT Italian Trattoria Collins,Camila Soldo,111,,Drinks - Collins,,9/9/26 7:47 PM,9/9/26 7:49 PM,1 minute and 51 seconds,*Device Login *Do NOT Remove
IT Italian Trattoria Collins,Camila Soldo,111,,No print / Expo - Collins,,9/9/26 7:47 PM,9/9/26 7:49 PM,1 minute and 51 seconds,*Device Login *Do NOT Remove
IT Italian Trattoria Collins,Camila Soldo,111,,Pasta - Collins,,9/9/26 7:47 PM,9/9/26 7:49 PM,1 minute and 51 seconds,*Device Login *Do NOT Remove
IT Italian Trattoria Collins,Camila Soldo,111,,Pizza - Collins,,9/9/26 7:47 PM,9/9/26 7:49 PM,1 minute and 51 seconds,*Device Login *Do NOT Remove
IT Italian Trattoria Collins,Camila Soldo,111,,No Print - Collins,,9/9/26 7:47 PM,9/9/26 7:49 PM,1 minute and 51 seconds,*Device Login *Do NOT Remove
IT Italian Trattoria Collins,Camila Soldo,111,,Pizza Pala - Collins,,9/9/26 7:47 PM,9/9/26 7:49 PM,1 minute and 51 seconds,*Device Login *Do NOT Remove
IT Italian Trattoria Collins,Camila Soldo,112,,Drinks - Collins,,9/9/26 7:50 PM,9/9/26 8:00 PM,10 minutes and 3 seconds,*Device Login *Do NOT Remove
IT Italian Trattoria Collins,Camila Soldo,112,,No print / Expo - Collins,,9/9/26 7:50 PM,9/9/26 8:00 PM,10 minutes and 3 seconds,*Device Login *Do NOT Remove
IT Italian Trattoria Collins,Camila Soldo,112,,Pasta - Collins,,9/9/26 7:50 PM,9/9/26 8:00 PM,10 minutes and 3 seconds,*Device Login *Do NOT Remove
IT Italian Trattoria Collins,Camila Soldo,112,,Pizza - Collins,,9/9/26 7:50 PM,9/9/26 8:00 PM,10 minutes and 3 seconds,*Device Login *Do NOT Remove
IT Italian Trattoria Collins,Camila Soldo,112,,Pizza Pala - Collins,,9/9/26 7:50 PM,9/9/26 8:00 PM,10 minutes and 3 seconds,*Device Login *Do NOT Remove
IT Italian Trattoria Collins,Camila Soldo,112,,No Print - Collins,,9/9/26 7:50 PM,9/9/26 8:00 PM,10 minutes and 3 seconds,*Device Login *Do NOT Remove
IT Italian Trattoria Collins,Andrea Rizzi,115,,Drinks - Collins,,9/9/26 8:11 PM,9/9/26 8:11 PM,11 seconds,*Device Login *Do NOT Remove
IT Italian Trattoria Collins,Andrea Rizzi,115,,No print / Expo - Collins,,9/9/26 8:11 PM,9/9/26 8:11 PM,11 seconds,*Device Login *Do NOT Remove
IT Italian Trattoria Collins,Andrea Rizzi,115,,Pasta - Collins,,9/9/26 8:11 PM,9/9/26 8:11 PM,11 seconds,*Device Login *Do NOT Remove
IT Italian Trattoria Collins,Andrea Rizzi,115,,Pizza - Collins,,9/9/26 8:11 PM,9/9/26 8:11 PM,11 seconds,*Device Login *Do NOT Remove
IT Italian Trattoria Collins,Andrea Rizzi,115,,No Print - Collins,,9/9/26 8:11 PM,9/9/26 8:11 PM,11 seconds,*Device Login *Do NOT Remove
IT Italian Trattoria Collins,Andrea Rizzi,115,,Pizza Pala - Collins,,9/9/26 8:11 PM,9/9/26 8:11 PM,11 seconds,*Device Login *Do NOT Remove
IT Italian Trattoria Collins,Andrea Rizzi,114,,Pizza Pala - Collins,,9/9/26 8:06 PM,9/9/26 8:14 PM,7 minutes and 54 seconds,*Device Login *Do NOT Remove
IT Italian Trattoria Collins,Andrea Rizzi,114,,Pizza - Collins,,9/9/26 8:06 PM,9/9/26 8:14 PM,7 minutes and 54 seconds,*Device Login *Do NOT Remove
IT Italian Trattoria Collins,Andrea Rizzi,114,,Pasta - Collins,,9/9/26 8:06 PM,9/9/26 8:14 PM,7 minutes and 54 seconds,*Device Login *Do NOT Remove
IT Italian Trattoria Collins,Andrea Rizzi,114,,No Print - Collins,,9/9/26 8:06 PM,9/9/26 8:14 PM,7 minutes and 54 seconds,*Device Login *Do NOT Remove
IT Italian Trattoria Collins,Andrea Rizzi,114,,No print / Expo - Collins,,9/9/26 8:06 PM,9/9/26 8:14 PM,7 minutes and 54 seconds,*Device Login *Do NOT Remove
IT Italian Trattoria Collins,Andrea Rizzi,114,,Drinks - Collins,,9/9/26 8:06 PM,9/9/26 8:14 PM,7 minutes and 54 seconds,*Device Login *Do NOT Remove
IT Italian Trattoria Collins,Camila Soldo,118,,Pizza Pala - Collins,,9/9/26 8:18 PM,9/9/26 8:25 PM,7 minutes and 22 seconds,*Device Login *Do NOT Remove
IT Italian Trattoria Collins,Camila Soldo,118,,Pizza - Collins,,9/9/26 8:18 PM,9/9/26 8:25 PM,7 minutes and 22 seconds,*Device Login *Do NOT Remove
IT Italian Trattoria Collins,Camila Soldo,118,,Pasta - Collins,,9/9/26 8:18 PM,9/9/26 8:25 PM,7 minutes and 22 seconds,*Device Login *Do NOT Remove
IT Italian Trattoria Collins,Camila Soldo,118,,No Print - Collins,,9/9/26 8:18 PM,9/9/26 8:25 PM,7 minutes and 22 seconds,*Device Login *Do NOT Remove
IT Italian Trattoria Collins,Camila Soldo,118,,No print / Expo - Collins,,9/9/26 8:18 PM,9/9/26 8:25 PM,7 minutes and 22 seconds,*Device Login *Do NOT Remove
IT Italian Trattoria Collins,Camila Soldo,118,,Drinks - Collins,,9/9/26 8:18 PM,9/9/26 8:25 PM,7 minutes and 22 seconds,*Device Login *Do NOT Remove
IT Italian Trattoria Collins,Andrea Rizzi,116,,Pizza Pala - Collins,,9/9/26 8:20 PM,9/9/26 8:28 PM,8 minutes,*Device Login *Do NOT Remove
IT Italian Trattoria Collins,Andrea Rizzi,116,,Pizza - Collins,,9/9/26 8:20 PM,9/9/26 8:28 PM,8 minutes,*Device Login *Do NOT Remove
IT Italian Trattoria Collins,Andrea Rizzi,116,,Pasta - Collins,,9/9/26 8:20 PM,9/9/26 8:28 PM,8 minutes,*Device Login *Do NOT Remove
IT Italian Trattoria Collins,Andrea Rizzi,116,,No Print - Collins,,9/9/26 8:20 PM,9/9/26 8:28 PM,8 minutes,*Device Login *Do NOT Remove
IT Italian Trattoria Collins,Andrea Rizzi,116,,No print / Expo - Collins,,9/9/26 8:20 PM,9/9/26 8:28 PM,8 minutes,*Device Login *Do NOT Remove
IT Italian Trattoria Collins,Andrea Rizzi,116,,Drinks - Collins,,9/9/26 8:20 PM,9/9/26 8:28 PM,8 minutes,*Device Login *Do NOT Remove
IT Italian Trattoria Collins,Andrea Rizzi,121,,Pizza Pala - Collins,,9/9/26 8:27 PM,9/9/26 8:34 PM,7 minutes and 36 seconds,*Device Login *Do NOT Remove
IT Italian Trattoria Collins,Andrea Rizzi,121,,Pizza - Collins,,9/9/26 8:27 PM,9/9/26 8:34 PM,7 minutes and 36 seconds,*Device Login *Do NOT Remove
IT Italian Trattoria Collins,Andrea Rizzi,121,,Pasta - Collins,,9/9/26 8:27 PM,9/9/26 8:34 PM,7 minutes and 36 seconds,*Device Login *Do NOT Remove
IT Italian Trattoria Collins,Andrea Rizzi,121,,No Print - Collins,,9/9/26 8:27 PM,9/9/26 8:34 PM,7 minutes and 36 seconds,*Device Login *Do NOT Remove
IT Italian Trattoria Collins,Andrea Rizzi,121,,No print / Expo - Collins,,9/9/26 8:27 PM,9/9/26 8:34 PM,7 minutes and 36 seconds,*Device Login *Do NOT Remove
IT Italian Trattoria Collins,Andrea Rizzi,121,,Drinks - Collins,,9/9/26 8:27 PM,9/9/26 8:34 PM,7 minutes and 36 seconds,*Device Login *Do NOT Remove
IT Italian Trattoria Collins,Andrea Rizzi,122,,Drinks - Collins,,9/9/26 8:27 PM,9/9/26 8:36 PM,9 minutes and 8 seconds,*Device Login *Do NOT Remove
IT Italian Trattoria Collins,Andrea Rizzi,122,,No print / Expo - Collins,,9/9/26 8:27 PM,9/9/26 8:36 PM,9 minutes and 8 seconds,*Device Login *Do NOT Remove
IT Italian Trattoria Collins,Andrea Rizzi,122,,Pasta - Collins,,9/9/26 8:27 PM,9/9/26 8:36 PM,9 minutes and 8 seconds,*Device Login *Do NOT Remove
IT Italian Trattoria Collins,Andrea Rizzi,122,,Pizza - Collins,,9/9/26 8:27 PM,9/9/26 8:36 PM,9 minutes and 8 seconds,*Device Login *Do NOT Remove
IT Italian Trattoria Collins,Andrea Rizzi,122,,Pizza Pala - Collins,,9/9/26 8:27 PM,9/9/26 8:36 PM,9 minutes and 8 seconds,*Device Login *Do NOT Remove
IT Italian Trattoria Collins,Andrea Rizzi,122,,No Print - Collins,,9/9/26 8:27 PM,9/9/26 8:36 PM,9 minutes and 8 seconds,*Device Login *Do NOT Remove
IT Italian Trattoria Collins,Andrea Rizzi,120,,Pizza Pala - Collins,,9/9/26 8:26 PM,9/9/26 8:36 PM,10 minutes and 19 seconds,*Device Login *Do NOT Remove
IT Italian Trattoria Collins,Andrea Rizzi,120,,Pizza - Collins,,9/9/26 8:26 PM,9/9/26 8:36 PM,10 minutes and 19 seconds,*Device Login *Do NOT Remove
IT Italian Trattoria Collins,Andrea Rizzi,120,,Pasta - Collins,,9/9/26 8:26 PM,9/9/26 8:36 PM,10 minutes and 19 seconds,*Device Login *Do NOT Remove
IT Italian Trattoria Collins,Andrea Rizzi,120,,No Print - Collins,,9/9/26 8:26 PM,9/9/26 8:36 PM,10 minutes and 19 seconds,*Device Login *Do NOT Remove
IT Italian Trattoria Collins,Andrea Rizzi,120,,No print / Expo - Collins,,9/9/26 8:26 PM,9/9/26 8:36 PM,10 minutes and 19 seconds,*Device Login *Do NOT Remove
IT Italian Trattoria Collins,Andrea Rizzi,120,,Drinks - Collins,,9/9/26 8:26 PM,9/9/26 8:36 PM,10 minutes and 19 seconds,*Device Login *Do NOT Remove
IT Italian Trattoria Collins,Andrea Rizzi,123,,Drinks - Collins,,9/9/26 8:31 PM,9/9/26 8:37 PM,6 minutes,*Device Login *Do NOT Remove
IT Italian Trattoria Collins,Andrea Rizzi,123,,No print / Expo - Collins,,9/9/26 8:31 PM,9/9/26 8:37 PM,6 minutes,*Device Login *Do NOT Remove
IT Italian Trattoria Collins,Andrea Rizzi,123,,Pasta - Collins,,9/9/26 8:31 PM,9/9/26 8:37 PM,6 minutes,*Device Login *Do NOT Remove
IT Italian Trattoria Collins,Andrea Rizzi,123,,Pizza - Collins,,9/9/26 8:31 PM,9/9/26 8:37 PM,6 minutes,*Device Login *Do NOT Remove
IT Italian Trattoria Collins,Andrea Rizzi,123,,Pizza Pala - Collins,,9/9/26 8:31 PM,9/9/26 8:37 PM,6 minutes,*Device Login *Do NOT Remove
IT Italian Trattoria Collins,Andrea Rizzi,123,,No Print - Collins,,9/9/26 8:31 PM,9/9/26 8:37 PM,6 minutes,*Device Login *Do NOT Remove
IT Italian Trattoria Collins,Andrea Rizzi,124,,Drinks - Collins,,9/9/26 8:43 PM,9/9/26 8:47 PM,4 minutes and 11 seconds,*Device Login *Do NOT Remove
IT Italian Trattoria Collins,Andrea Rizzi,124,,No print / Expo - Collins,,9/9/26 8:43 PM,9/9/26 8:47 PM,4 minutes and 11 seconds,*Device Login *Do NOT Remove
IT Italian Trattoria Collins,Andrea Rizzi,124,,Pasta - Collins,,9/9/26 8:43 PM,9/9/26 8:47 PM,4 minutes and 11 seconds,*Device Login *Do NOT Remove
IT Italian Trattoria Collins,Andrea Rizzi,124,,Pizza - Collins,,9/9/26 8:43 PM,9/9/26 8:47 PM,4 minutes and 11 seconds,*Device Login *Do NOT Remove
IT Italian Trattoria Collins,Andrea Rizzi,124,,Pizza Pala - Collins,,9/9/26 8:43 PM,9/9/26 8:47 PM,4 minutes and 11 seconds,*Device Login *Do NOT Remove
IT Italian Trattoria Collins,Andrea Rizzi,124,,No Print - Collins,,9/9/26 8:43 PM,9/9/26 8:47 PM,4 minutes and 11 seconds,*Device Login *Do NOT Remove
IT Italian Trattoria Collins,Andrea Rizzi,126,,Pizza Pala - Collins,,9/9/26 8:42 PM,9/9/26 8:49 PM,6 minutes and 58 seconds,*Device Login *Do NOT Remove
IT Italian Trattoria Collins,Andrea Rizzi,126,,Pizza - Collins,,9/9/26 8:42 PM,9/9/26 8:49 PM,6 minutes and 58 seconds,*Device Login *Do NOT Remove
IT Italian Trattoria Collins,Andrea Rizzi,126,,Pasta - Collins,,9/9/26 8:42 PM,9/9/26 8:49 PM,6 minutes and 58 seconds,*Device Login *Do NOT Remove
IT Italian Trattoria Collins,Andrea Rizzi,126,,No Print - Collins,,9/9/26 8:42 PM,9/9/26 8:49 PM,6 minutes and 58 seconds,*Device Login *Do NOT Remove
IT Italian Trattoria Collins,Andrea Rizzi,126,,No print / Expo - Collins,,9/9/26 8:42 PM,9/9/26 8:49 PM,6 minutes and 58 seconds,*Device Login *Do NOT Remove
IT Italian Trattoria Collins,Andrea Rizzi,126,,Drinks - Collins,,9/9/26 8:42 PM,9/9/26 8:49 PM,6 minutes and 58 seconds,*Device Login *Do NOT Remove
IT Italian Trattoria Collins,Andrea Rizzi,127,,Drinks - Collins,,9/9/26 8:49 PM,9/9/26 8:49 PM,27 seconds,*Device Login *Do NOT Remove
IT Italian Trattoria Collins,Andrea Rizzi,127,,No print / Expo - Collins,,9/9/26 8:49 PM,9/9/26 8:49 PM,27 seconds,*Device Login *Do NOT Remove
IT Italian Trattoria Collins,Andrea Rizzi,127,,Pasta - Collins,,9/9/26 8:49 PM,9/9/26 8:49 PM,27 seconds,*Device Login *Do NOT Remove
IT Italian Trattoria Collins,Andrea Rizzi,127,,Pizza - Collins,,9/9/26 8:49 PM,9/9/26 8:49 PM,27 seconds,*Device Login *Do NOT Remove
IT Italian Trattoria Collins,Andrea Rizzi,127,,No Print - Collins,,9/9/26 8:49 PM,9/9/26 8:49 PM,27 seconds,*Device Login *Do NOT Remove
IT Italian Trattoria Collins,Andrea Rizzi,127,,Pizza Pala - Collins,,9/9/26 8:49 PM,9/9/26 8:49 PM,27 seconds,*Device Login *Do NOT Remove
IT Italian Trattoria Collins,Andrea Rizzi,129,,Pizza Pala - Collins,,9/9/26 8:53 PM,9/9/26 9:00 PM,6 minutes and 40 seconds,*Device Login *Do NOT Remove
IT Italian Trattoria Collins,Andrea Rizzi,129,,Pizza - Collins,,9/9/26 8:53 PM,9/9/26 9:00 PM,6 minutes and 40 seconds,*Device Login *Do NOT Remove
IT Italian Trattoria Collins,Andrea Rizzi,129,,Pasta - Collins,,9/9/26 8:53 PM,9/9/26 9:00 PM,6 minutes and 40 seconds,*Device Login *Do NOT Remove
IT Italian Trattoria Collins,Andrea Rizzi,129,,No Print - Collins,,9/9/26 8:53 PM,9/9/26 9:00 PM,6 minutes and 40 seconds,*Device Login *Do NOT Remove
IT Italian Trattoria Collins,Andrea Rizzi,129,,No print / Expo - Collins,,9/9/26 8:53 PM,9/9/26 9:00 PM,6 minutes and 40 seconds,*Device Login *Do NOT Remove
IT Italian Trattoria Collins,Andrea Rizzi,129,,Drinks - Collins,,9/9/26 8:53 PM,9/9/26 9:00 PM,6 minutes and 40 seconds,*Device Login *Do NOT Remove
IT Italian Trattoria Collins,Andrea Rizzi,130,,Drinks - Collins,,9/9/26 8:57 PM,9/9/26 9:03 PM,6 minutes and 12 seconds,*Device Login *Do NOT Remove
IT Italian Trattoria Collins,Andrea Rizzi,130,,No print / Expo - Collins,,9/9/26 8:57 PM,9/9/26 9:03 PM,6 minutes and 12 seconds,*Device Login *Do NOT Remove
IT Italian Trattoria Collins,Andrea Rizzi,130,,Pasta - Collins,,9/9/26 8:57 PM,9/9/26 9:03 PM,6 minutes and 12 seconds,*Device Login *Do NOT Remove
IT Italian Trattoria Collins,Andrea Rizzi,130,,Pizza - Collins,,9/9/26 8:57 PM,9/9/26 9:03 PM,6 minutes and 12 seconds,*Device Login *Do NOT Remove
IT Italian Trattoria Collins,Andrea Rizzi,130,,Pizza Pala - Collins,,9/9/26 8:57 PM,9/9/26 9:03 PM,6 minutes and 12 seconds,*Device Login *Do NOT Remove
IT Italian Trattoria Collins,Andrea Rizzi,130,,No Print - Collins,,9/9/26 8:57 PM,9/9/26 9:03 PM,6 minutes and 12 seconds,*Device Login *Do NOT Remove
IT Italian Trattoria Collins,Andrea Rizzi,131,,Drinks - Collins,,9/9/26 8:59 PM,9/9/26 9:04 PM,4 minutes and 38 seconds,*Device Login *Do NOT Remove
IT Italian Trattoria Collins,Andrea Rizzi,131,,No print / Expo - Collins,,9/9/26 8:59 PM,9/9/26 9:04 PM,4 minutes and 38 seconds,*Device Login *Do NOT Remove
IT Italian Trattoria Collins,Andrea Rizzi,131,,Pasta - Collins,,9/9/26 8:59 PM,9/9/26 9:04 PM,4 minutes and 38 seconds,*Device Login *Do NOT Remove
IT Italian Trattoria Collins,Andrea Rizzi,131,,Pizza - Collins,,9/9/26 8:59 PM,9/9/26 9:04 PM,4 minutes and 38 seconds,*Device Login *Do NOT Remove
IT Italian Trattoria Collins,Andrea Rizzi,131,,Pizza Pala - Collins,,9/9/26 8:59 PM,9/9/26 9:04 PM,4 minutes and 38 seconds,*Device Login *Do NOT Remove
IT Italian Trattoria Collins,Andrea Rizzi,131,,No Print - Collins,,9/9/26 8:59 PM,9/9/26 9:04 PM,4 minutes and 38 seconds,*Device Login *Do NOT Remove
IT Italian Trattoria Collins,Camila Soldo,133,,Pizza Pala - Collins,,9/9/26 9:07 PM,9/9/26 9:14 PM,6 minutes and 26 seconds,*Device Login *Do NOT Remove
IT Italian Trattoria Collins,Camila Soldo,133,,Pizza - Collins,,9/9/26 9:07 PM,9/9/26 9:14 PM,6 minutes and 26 seconds,*Device Login *Do NOT Remove
IT Italian Trattoria Collins,Camila Soldo,133,,Pasta - Collins,,9/9/26 9:07 PM,9/9/26 9:14 PM,6 minutes and 26 seconds,*Device Login *Do NOT Remove
IT Italian Trattoria Collins,Camila Soldo,133,,No Print - Collins,,9/9/26 9:07 PM,9/9/26 9:14 PM,6 minutes and 26 seconds,*Device Login *Do NOT Remove
IT Italian Trattoria Collins,Camila Soldo,133,,No print / Expo - Collins,,9/9/26 9:07 PM,9/9/26 9:14 PM,6 minutes and 26 seconds,*Device Login *Do NOT Remove
IT Italian Trattoria Collins,Camila Soldo,133,,Drinks - Collins,,9/9/26 9:07 PM,9/9/26 9:14 PM,6 minutes and 26 seconds,*Device Login *Do NOT Remove
IT Italian Trattoria Collins,Andrea Rizzi,136,,Drinks - Collins,,9/9/26 9:17 PM,9/9/26 9:24 PM,7 minutes and 36 seconds,*Device Login *Do NOT Remove
IT Italian Trattoria Collins,Andrea Rizzi,136,,No print / Expo - Collins,,9/9/26 9:17 PM,9/9/26 9:24 PM,7 minutes and 36 seconds,*Device Login *Do NOT Remove
IT Italian Trattoria Collins,Andrea Rizzi,136,,Pasta - Collins,,9/9/26 9:17 PM,9/9/26 9:24 PM,7 minutes and 36 seconds,*Device Login *Do NOT Remove
IT Italian Trattoria Collins,Andrea Rizzi,136,,Pizza - Collins,,9/9/26 9:17 PM,9/9/26 9:24 PM,7 minutes and 36 seconds,*Device Login *Do NOT Remove
IT Italian Trattoria Collins,Andrea Rizzi,136,,Pizza Pala - Collins,,9/9/26 9:17 PM,9/9/26 9:24 PM,7 minutes and 36 seconds,*Device Login *Do NOT Remove
IT Italian Trattoria Collins,Andrea Rizzi,136,,No Print - Collins,,9/9/26 9:17 PM,9/9/26 9:24 PM,7 minutes and 36 seconds,*Device Login *Do NOT Remove
IT Italian Trattoria Collins,Camila Soldo,138,,Drinks - Collins,,9/9/26 9:30 PM,9/9/26 9:31 PM,13 seconds,*Device Login *Do NOT Remove
IT Italian Trattoria Collins,Camila Soldo,138,,No print / Expo - Collins,,9/9/26 9:30 PM,9/9/26 9:31 PM,13 seconds,*Device Login *Do NOT Remove
IT Italian Trattoria Collins,Camila Soldo,138,,Pasta - Collins,,9/9/26 9:30 PM,9/9/26 9:31 PM,13 seconds,*Device Login *Do NOT Remove
IT Italian Trattoria Collins,Camila Soldo,138,,Pizza - Collins,,9/9/26 9:30 PM,9/9/26 9:31 PM,13 seconds,*Device Login *Do NOT Remove
IT Italian Trattoria Collins,Camila Soldo,138,,No Print - Collins,,9/9/26 9:30 PM,9/9/26 9:31 PM,13 seconds,*Device Login *Do NOT Remove
IT Italian Trattoria Collins,Camila Soldo,138,,Pizza Pala - Collins,,9/9/26 9:30 PM,9/9/26 9:31 PM,13 seconds,*Device Login *Do NOT Remove
IT Italian Trattoria Collins,Andrea Rizzi,139,,Pizza Pala - Collins,,9/9/26 9:34 PM,9/9/26 9:43 PM,8 minutes and 47 seconds,*Device Login *Do NOT Remove
IT Italian Trattoria Collins,Andrea Rizzi,139,,Pizza - Collins,,9/9/26 9:34 PM,9/9/26 9:43 PM,8 minutes and 47 seconds,*Device Login *Do NOT Remove
IT Italian Trattoria Collins,Andrea Rizzi,139,,Pasta - Collins,,9/9/26 9:34 PM,9/9/26 9:43 PM,8 minutes and 47 seconds,*Device Login *Do NOT Remove
IT Italian Trattoria Collins,Andrea Rizzi,139,,No Print - Collins,,9/9/26 9:34 PM,9/9/26 9:43 PM,8 minutes and 47 seconds,*Device Login *Do NOT Remove
IT Italian Trattoria Collins,Andrea Rizzi,139,,No print / Expo - Collins,,9/9/26 9:34 PM,9/9/26 9:43 PM,8 minutes and 47 seconds,*Device Login *Do NOT Remove
IT Italian Trattoria Collins,Andrea Rizzi,139,,Drinks - Collins,,9/9/26 9:34 PM,9/9/26 9:43 PM,8 minutes and 47 seconds,*Device Login *Do NOT Remove
IT Italian Trattoria Collins,Camila Soldo,140,,Pizza Pala - Collins,,9/9/26 9:56 PM,9/9/26 10:03 PM,6 minutes and 48 seconds,*Device Login *Do NOT Remove
IT Italian Trattoria Collins,Camila Soldo,140,,Pizza - Collins,,9/9/26 9:56 PM,9/9/26 10:03 PM,6 minutes and 48 seconds,*Device Login *Do NOT Remove
IT Italian Trattoria Collins,Camila Soldo,140,,Pasta - Collins,,9/9/26 9:56 PM,9/9/26 10:03 PM,6 minutes and 48 seconds,*Device Login *Do NOT Remove
IT Italian Trattoria Collins,Camila Soldo,140,,No Print - Collins,,9/9/26 9:56 PM,9/9/26 10:03 PM,6 minutes and 48 seconds,*Device Login *Do NOT Remove
IT Italian Trattoria Collins,Camila Soldo,140,,No print / Expo - Collins,,9/9/26 9:56 PM,9/9/26 10:03 PM,6 minutes and 48 seconds,*Device Login *Do NOT Remove
IT Italian Trattoria Collins,Camila Soldo,140,,Drinks - Collins,,9/9/26 9:56 PM,9/9/26 10:03 PM,6 minutes and 48 seconds,*Device Login *Do NOT Remove
IT Italian Trattoria Collins,Camila Soldo,141,,Pizza Pala - Collins,,9/9/26 9:59 PM,9/9/26 10:05 PM,6 minutes and 7 seconds,*Device Login *Do NOT Remove
IT Italian Trattoria Collins,Camila Soldo,141,,Pizza - Collins,,9/9/26 9:59 PM,9/9/26 10:05 PM,6 minutes and 7 seconds,*Device Login *Do NOT Remove
IT Italian Trattoria Collins,Camila Soldo,141,,Pasta - Collins,,9/9/26 9:59 PM,9/9/26 10:05 PM,6 minutes and 7 seconds,*Device Login *Do NOT Remove
IT Italian Trattoria Collins,Camila Soldo,141,,No Print - Collins,,9/9/26 9:59 PM,9/9/26 10:05 PM,6 minutes and 7 seconds,*Device Login *Do NOT Remove
IT Italian Trattoria Collins,Camila Soldo,141,,No print / Expo - Collins,,9/9/26 9:59 PM,9/9/26 10:05 PM,6 minutes and 7 seconds,*Device Login *Do NOT Remove
IT Italian Trattoria Collins,Camila Soldo,141,,Drinks - Collins,,9/9/26 9:59 PM,9/9/26 10:05 PM,6 minutes and 7 seconds,*Device Login *Do NOT Remove
IT Italian Trattoria Collins,Andrea Rizzi,143,,Pizza Pala - Collins,,9/9/26 10:01 PM,9/9/26 10:06 PM,5 minutes and 19 seconds,*Device Login *Do NOT Remove
IT Italian Trattoria Collins,Andrea Rizzi,143,,Pizza - Collins,,9/9/26 10:01 PM,9/9/26 10:06 PM,5 minutes and 19 seconds,*Device Login *Do NOT Remove
IT Italian Trattoria Collins,Andrea Rizzi,143,,Pasta - Collins,,9/9/26 10:01 PM,9/9/26 10:06 PM,5 minutes and 19 seconds,*Device Login *Do NOT Remove
IT Italian Trattoria Collins,Andrea Rizzi,143,,No Print - Collins,,9/9/26 10:01 PM,9/9/26 10:06 PM,5 minutes and 19 seconds,*Device Login *Do NOT Remove
IT Italian Trattoria Collins,Andrea Rizzi,143,,No print / Expo - Collins,,9/9/26 10:01 PM,9/9/26 10:06 PM,5 minutes and 19 seconds,*Device Login *Do NOT Remove
IT Italian Trattoria Collins,Andrea Rizzi,143,,Drinks - Collins,,9/9/26 10:01 PM,9/9/26 10:06 PM,5 minutes and 19 seconds,*Device Login *Do NOT Remove
IT Italian Trattoria Collins,Camila Soldo,144,,Drinks - Collins,,9/9/26 10:08 PM,9/9/26 10:08 PM,10 seconds,*Device Login *Do NOT Remove
IT Italian Trattoria Collins,Camila Soldo,144,,No print / Expo - Collins,,9/9/26 10:08 PM,9/9/26 10:08 PM,10 seconds,*Device Login *Do NOT Remove
IT Italian Trattoria Collins,Camila Soldo,144,,Pasta - Collins,,9/9/26 10:08 PM,9/9/26 10:08 PM,10 seconds,*Device Login *Do NOT Remove
IT Italian Trattoria Collins,Camila Soldo,144,,Pizza - Collins,,9/9/26 10:08 PM,9/9/26 10:08 PM,10 seconds,*Device Login *Do NOT Remove
IT Italian Trattoria Collins,Camila Soldo,144,,No Print - Collins,,9/9/26 10:08 PM,9/9/26 10:08 PM,10 seconds,*Device Login *Do NOT Remove
IT Italian Trattoria Collins,Camila Soldo,144,,Pizza Pala - Collins,,9/9/26 10:08 PM,9/9/26 10:08 PM,10 seconds,*Device Login *Do NOT Remove
IT Italian Trattoria Collins,Andrea Rizzi,145,,Pizza Pala - Collins,,9/9/26 10:09 PM,9/9/26 10:15 PM,5 minutes and 42 seconds,*Device Login *Do NOT Remove
IT Italian Trattoria Collins,Andrea Rizzi,145,,Pizza - Collins,,9/9/26 10:09 PM,9/9/26 10:15 PM,5 minutes and 42 seconds,*Device Login *Do NOT Remove
IT Italian Trattoria Collins,Andrea Rizzi,145,,Pasta - Collins,,9/9/26 10:09 PM,9/9/26 10:15 PM,5 minutes and 42 seconds,*Device Login *Do NOT Remove
IT Italian Trattoria Collins,Andrea Rizzi,145,,No Print - Collins,,9/9/26 10:09 PM,9/9/26 10:15 PM,5 minutes and 42 seconds,*Device Login *Do NOT Remove
IT Italian Trattoria Collins,Andrea Rizzi,145,,No print / Expo - Collins,,9/9/26 10:09 PM,9/9/26 10:15 PM,5 minutes and 42 seconds,*Device Login *Do NOT Remove
IT Italian Trattoria Collins,Andrea Rizzi,145,,Drinks - Collins,,9/9/26 10:09 PM,9/9/26 10:15 PM,5 minutes and 42 seconds,*Device Login *Do NOT Remove
IT Italian Trattoria Collins,Camila Soldo,146,,Pizza Pala - Collins,,9/9/26 10:11 PM,9/9/26 10:18 PM,6 minutes and 27 seconds,*Device Login *Do NOT Remove
IT Italian Trattoria Collins,Camila Soldo,146,,Pizza - Collins,,9/9/26 10:11 PM,9/9/26 10:18 PM,6 minutes and 27 seconds,*Device Login *Do NOT Remove
IT Italian Trattoria Collins,Camila Soldo,146,,Pasta - Collins,,9/9/26 10:11 PM,9/9/26 10:18 PM,6 minutes and 27 seconds,*Device Login *Do NOT Remove
IT Italian Trattoria Collins,Camila Soldo,146,,No Print - Collins,,9/9/26 10:11 PM,9/9/26 10:18 PM,6 minutes and 27 seconds,*Device Login *Do NOT Remove
IT Italian Trattoria Collins,Camila Soldo,146,,No print / Expo - Collins,,9/9/26 10:11 PM,9/9/26 10:18 PM,6 minutes and 27 seconds,*Device Login *Do NOT Remove
IT Italian Trattoria Collins,Camila Soldo,146,,Drinks - Collins,,9/9/26 10:11 PM,9/9/26 10:18 PM,6 minutes and 27 seconds,*Device Login *Do NOT Remove
IT Italian Trattoria Collins,Andrea Rizzi,151,,Drinks - Collins,,9/9/26 10:22 PM,9/9/26 10:22 PM,20 seconds,*Device Login *Do NOT Remove
IT Italian Trattoria Collins,Andrea Rizzi,151,,No print / Expo - Collins,,9/9/26 10:22 PM,9/9/26 10:22 PM,20 seconds,*Device Login *Do NOT Remove
IT Italian Trattoria Collins,Andrea Rizzi,151,,Pasta - Collins,,9/9/26 10:22 PM,9/9/26 10:22 PM,20 seconds,*Device Login *Do NOT Remove
IT Italian Trattoria Collins,Andrea Rizzi,151,,Pizza - Collins,,9/9/26 10:22 PM,9/9/26 10:22 PM,20 seconds,*Device Login *Do NOT Remove
IT Italian Trattoria Collins,Andrea Rizzi,151,,No Print - Collins,,9/9/26 10:22 PM,9/9/26 10:22 PM,20 seconds,*Device Login *Do NOT Remove
IT Italian Trattoria Collins,Andrea Rizzi,151,,Pizza Pala - Collins,,9/9/26 10:22 PM,9/9/26 10:22 PM,20 seconds,*Device Login *Do NOT Remove
IT Italian Trattoria Collins,Andrea Rizzi,149,,Pizza Pala - Collins,,9/9/26 10:21 PM,9/9/26 10:23 PM,1 minute and 54 seconds,*Device Login *Do NOT Remove
IT Italian Trattoria Collins,Andrea Rizzi,149,,Pizza - Collins,,9/9/26 10:21 PM,9/9/26 10:23 PM,1 minute and 54 seconds,*Device Login *Do NOT Remove
IT Italian Trattoria Collins,Andrea Rizzi,149,,Pasta - Collins,,9/9/26 10:21 PM,9/9/26 10:23 PM,1 minute and 54 seconds,*Device Login *Do NOT Remove
IT Italian Trattoria Collins,Andrea Rizzi,149,,No Print - Collins,,9/9/26 10:21 PM,9/9/26 10:23 PM,1 minute and 54 seconds,*Device Login *Do NOT Remove
IT Italian Trattoria Collins,Andrea Rizzi,149,,No print / Expo - Collins,,9/9/26 10:21 PM,9/9/26 10:23 PM,1 minute and 54 seconds,*Device Login *Do NOT Remove
IT Italian Trattoria Collins,Andrea Rizzi,149,,Drinks - Collins,,9/9/26 10:21 PM,9/9/26 10:23 PM,1 minute and 54 seconds,*Device Login *Do NOT Remove
IT Italian Trattoria Collins,Andrea Rizzi,153,,Pizza Pala - Collins,,9/9/26 10:34 PM,9/9/26 10:42 PM,8 minutes and 13 seconds,*Device Login *Do NOT Remove
IT Italian Trattoria Collins,Andrea Rizzi,153,,Pizza - Collins,,9/9/26 10:34 PM,9/9/26 10:42 PM,8 minutes and 13 seconds,*Device Login *Do NOT Remove
IT Italian Trattoria Collins,Andrea Rizzi,153,,Pasta - Collins,,9/9/26 10:34 PM,9/9/26 10:42 PM,8 minutes and 13 seconds,*Device Login *Do NOT Remove
IT Italian Trattoria Collins,Andrea Rizzi,153,,No Print - Collins,,9/9/26 10:34 PM,9/9/26 10:42 PM,8 minutes and 13 seconds,*Device Login *Do NOT Remove
IT Italian Trattoria Collins,Andrea Rizzi,153,,No print / Expo - Collins,,9/9/26 10:34 PM,9/9/26 10:42 PM,8 minutes and 13 seconds,*Device Login *Do NOT Remove
IT Italian Trattoria Collins,Andrea Rizzi,153,,Drinks - Collins,,9/9/26 10:34 PM,9/9/26 10:42 PM,8 minutes and 13 seconds,*Device Login *Do NOT Remove
IT Italian Trattoria Collins,Andrea Rizzi,155,,Drinks - Collins,,9/9/26 10:45 PM,9/9/26 10:46 PM,1 minute and 7 seconds,*Device Login *Do NOT Remove
IT Italian Trattoria Collins,Andrea Rizzi,155,,No print / Expo - Collins,,9/9/26 10:45 PM,9/9/26 10:46 PM,1 minute and 7 seconds,*Device Login *Do NOT Remove
IT Italian Trattoria Collins,Andrea Rizzi,155,,Pasta - Collins,,9/9/26 10:45 PM,9/9/26 10:46 PM,1 minute and 7 seconds,*Device Login *Do NOT Remove
IT Italian Trattoria Collins,Andrea Rizzi,155,,Pizza - Collins,,9/9/26 10:45 PM,9/9/26 10:46 PM,1 minute and 7 seconds,*Device Login *Do NOT Remove
IT Italian Trattoria Collins,Andrea Rizzi,155,,No Print - Collins,,9/9/26 10:45 PM,9/9/26 10:46 PM,1 minute and 7 seconds,*Device Login *Do NOT Remove
IT Italian Trattoria Collins,Andrea Rizzi,155,,Pizza Pala - Collins,,9/9/26 10:45 PM,9/9/26 10:46 PM,1 minute and 7 seconds,*Device Login *Do NOT Remove
IT Italian Trattoria Collins,Andrea Rizzi,154,,Pizza Pala - Collins,,9/9/26 10:41 PM,9/9/26 10:48 PM,6 minutes and 34 seconds,*Device Login *Do NOT Remove
IT Italian Trattoria Collins,Andrea Rizzi,154,,Pizza - Collins,,9/9/26 10:41 PM,9/9/26 10:48 PM,6 minutes and 34 seconds,*Device Login *Do NOT Remove
IT Italian Trattoria Collins,Andrea Rizzi,154,,Pasta - Collins,,9/9/26 10:41 PM,9/9/26 10:48 PM,6 minutes and 34 seconds,*Device Login *Do NOT Remove
IT Italian Trattoria Collins,Andrea Rizzi,154,,No Print - Collins,,9/9/26 10:41 PM,9/9/26 10:48 PM,6 minutes and 34 seconds,*Device Login *Do NOT Remove
IT Italian Trattoria Collins,Andrea Rizzi,154,,No print / Expo - Collins,,9/9/26 10:41 PM,9/9/26 10:48 PM,6 minutes and 34 seconds,*Device Login *Do NOT Remove
IT Italian Trattoria Collins,Andrea Rizzi,154,,Drinks - Collins,,9/9/26 10:41 PM,9/9/26 10:48 PM,6 minutes and 34 seconds,*Device Login *Do NOT Remove
IT Italian Trattoria Collins,Camila Soldo,156,,Drinks - Collins,,9/9/26 10:53 PM,9/9/26 10:53 PM,4 seconds,*Device Login *Do NOT Remove
IT Italian Trattoria Collins,Camila Soldo,156,,No print / Expo - Collins,,9/9/26 10:53 PM,9/9/26 10:53 PM,4 seconds,*Device Login *Do NOT Remove
IT Italian Trattoria Collins,Camila Soldo,156,,Pasta - Collins,,9/9/26 10:53 PM,9/9/26 10:53 PM,4 seconds,*Device Login *Do NOT Remove
IT Italian Trattoria Collins,Camila Soldo,156,,Pizza - Collins,,9/9/26 10:53 PM,9/9/26 10:53 PM,4 seconds,*Device Login *Do NOT Remove
IT Italian Trattoria Collins,Camila Soldo,156,,No Print - Collins,,9/9/26 10:53 PM,9/9/26 10:53 PM,4 seconds,*Device Login *Do NOT Remove
IT Italian Trattoria Collins,Camila Soldo,156,,Pizza Pala - Collins,,9/9/26 10:53 PM,9/9/26 10:53 PM,4 seconds,*Device Login *Do NOT Remove
IT Italian Trattoria Collins,Camila Soldo,157,,Drinks - Collins,,9/9/26 10:57 PM,9/9/26 10:57 PM,47 seconds,*Device Login *Do NOT Remove
IT Italian Trattoria Collins,Camila Soldo,157,,No print / Expo - Collins,,9/9/26 10:57 PM,9/9/26 10:57 PM,47 seconds,*Device Login *Do NOT Remove
IT Italian Trattoria Collins,Camila Soldo,157,,Pasta - Collins,,9/9/26 10:57 PM,9/9/26 10:57 PM,47 seconds,*Device Login *Do NOT Remove
IT Italian Trattoria Collins,Camila Soldo,157,,Pizza - Collins,,9/9/26 10:57 PM,9/9/26 10:57 PM,47 seconds,*Device Login *Do NOT Remove
IT Italian Trattoria Collins,Camila Soldo,157,,No Print - Collins,,9/9/26 10:57 PM,9/9/26 10:57 PM,47 seconds,*Device Login *Do NOT Remove
IT Italian Trattoria Collins,Camila Soldo,157,,Pizza Pala - Collins,,9/9/26 10:57 PM,9/9/26 10:57 PM,47 seconds,*Device Login *Do NOT Remove
IT Italian Trattoria Collins,Camila Soldo,158,,Drinks - Collins,,9/9/26 11:24 PM,9/9/26 11:32 PM,7 minutes and 49 seconds,*Device Login *Do NOT Remove
IT Italian Trattoria Collins,Camila Soldo,158,,No print / Expo - Collins,,9/9/26 11:24 PM,9/9/26 11:32 PM,7 minutes and 49 seconds,*Device Login *Do NOT Remove
IT Italian Trattoria Collins,Camila Soldo,158,,Pasta - Collins,,9/9/26 11:24 PM,9/9/26 11:32 PM,7 minutes and 49 seconds,*Device Login *Do NOT Remove
IT Italian Trattoria Collins,Camila Soldo,158,,Pizza - Collins,,9/9/26 11:24 PM,9/9/26 11:32 PM,7 minutes and 49 seconds,*Device Login *Do NOT Remove
IT Italian Trattoria Collins,Camila Soldo,158,,Pizza Pala - Collins,,9/9/26 11:24 PM,9/9/26 11:32 PM,7 minutes and 49 seconds,*Device Login *Do NOT Remove
IT Italian Trattoria Collins,Camila Soldo,158,,No Print - Collins,,9/9/26 11:24 PM,9/9/26 11:32 PM,7 minutes and 49 seconds,*Device Login *Do NOT Remove
IT Italian Trattoria Collins,Camila Soldo,159,,Drinks - Collins,,9/9/26 11:26 PM,9/9/26 11:32 PM,6 minutes and 1 second,*Device Login *Do NOT Remove
IT Italian Trattoria Collins,Camila Soldo,159,,No print / Expo - Collins,,9/9/26 11:26 PM,9/9/26 11:32 PM,6 minutes and 1 second,*Device Login *Do NOT Remove
IT Italian Trattoria Collins,Camila Soldo,159,,Pasta - Collins,,9/9/26 11:26 PM,9/9/26 11:32 PM,6 minutes and 1 second,*Device Login *Do NOT Remove
IT Italian Trattoria Collins,Camila Soldo,159,,Pizza - Collins,,9/9/26 11:26 PM,9/9/26 11:32 PM,6 minutes and 1 second,*Device Login *Do NOT Remove
IT Italian Trattoria Collins,Camila Soldo,159,,No Print - Collins,,9/9/26 11:26 PM,9/9/26 11:32 PM,6 minutes and 1 second,*Device Login *Do NOT Remove
IT Italian Trattoria Collins,Camila Soldo,159,,Pizza Pala - Collins,,9/9/26 11:26 PM,9/9/26 11:32 PM,6 minutes and 1 second,*Device Login *Do NOT Remove
IT Italian Trattoria Collins,Charles Hernandez,4,,Pasta - Collins,,9/10/26 8:16 AM,9/10/26 8:19 AM,3 minutes and 19 seconds,*Device Login *Do NOT Remove
IT Italian Trattoria Collins,Charles Hernandez,4,,Drinks - Collins,,9/10/26 8:16 AM,9/10/26 8:19 AM,3 minutes and 19 seconds,*Device Login *Do NOT Remove
IT Italian Trattoria Collins,Charles Hernandez,4,,No print / Expo - Collins,,9/10/26 8:16 AM,9/10/26 8:19 AM,3 minutes and 19 seconds,*Device Login *Do NOT Remove
IT Italian Trattoria Collins,Charles Hernandez,4,,Pizza - Collins,,9/10/26 8:16 AM,9/10/26 8:19 AM,3 minutes and 19 seconds,*Device Login *Do NOT Remove
IT Italian Trattoria Collins,Charles Hernandez,4,,No Print - Collins,,9/10/26 8:16 AM,9/10/26 8:19 AM,3 minutes and 19 seconds,*Device Login *Do NOT Remove
IT Italian Trattoria Collins,Charles Hernandez,4,,Pizza Pala - Collins,,9/10/26 8:16 AM,9/10/26 8:19 AM,3 minutes and 19 seconds,*Device Login *Do NOT Remove
IT Italian Trattoria Collins,Charles Hernandez,5,,Drinks - Collins,,9/10/26 8:24 AM,9/10/26 8:29 AM,4 minutes and 36 seconds,*Device Login *Do NOT Remove
IT Italian Trattoria Collins,Charles Hernandez,5,,No print / Expo - Collins,,9/10/26 8:24 AM,9/10/26 8:29 AM,4 minutes and 36 seconds,*Device Login *Do NOT Remove
IT Italian Trattoria Collins,Charles Hernandez,5,,Pasta - Collins,,9/10/26 8:24 AM,9/10/26 8:29 AM,4 minutes and 36 seconds,*Device Login *Do NOT Remove
IT Italian Trattoria Collins,Charles Hernandez,5,,Pizza - Collins,,9/10/26 8:24 AM,9/10/26 8:29 AM,4 minutes and 36 seconds,*Device Login *Do NOT Remove
IT Italian Trattoria Collins,Charles Hernandez,5,,No Print - Collins,,9/10/26 8:24 AM,9/10/26 8:29 AM,4 minutes and 36 seconds,*Device Login *Do NOT Remove
IT Italian Trattoria Collins,Charles Hernandez,5,,Pizza Pala - Collins,,9/10/26 8:24 AM,9/10/26 8:29 AM,4 minutes and 36 seconds,*Device Login *Do NOT Remove
IT Italian Trattoria Collins,Charles Hernandez,6,,Drinks - Collins,,9/10/26 8:38 AM,9/10/26 8:40 AM,1 minute and 18 seconds,*Device Login *Do NOT Remove
IT Italian Trattoria Collins,Charles Hernandez,6,,No print / Expo - Collins,,9/10/26 8:38 AM,9/10/26 8:40 AM,1 minute and 18 seconds,*Device Login *Do NOT Remove
IT Italian Trattoria Collins,Charles Hernandez,6,,Pasta - Collins,,9/10/26 8:38 AM,9/10/26 8:40 AM,1 minute and 18 seconds,*Device Login *Do NOT Remove
IT Italian Trattoria Collins,Charles Hernandez,6,,Pizza - Collins,,9/10/26 8:38 AM,9/10/26 8:40 AM,1 minute and 18 seconds,*Device Login *Do NOT Remove
IT Italian Trattoria Collins,Charles Hernandez,6,,No Print - Collins,,9/10/26 8:38 AM,9/10/26 8:40 AM,1 minute and 18 seconds,*Device Login *Do NOT Remove
IT Italian Trattoria Collins,Charles Hernandez,6,,Pizza Pala - Collins,,9/10/26 8:38 AM,9/10/26 8:40 AM,1 minute and 18 seconds,*Device Login *Do NOT Remove
IT Italian Trattoria Collins,Charles Hernandez,7,,Pasta - Collins,,9/10/26 8:49 AM,9/10/26 8:50 AM,18 seconds,*Device Login *Do NOT Remove
IT Italian Trattoria Collins,Charles Hernandez,13,,Pasta - Collins,,9/10/26 9:02 AM,9/10/26 9:08 AM,5 minutes and 46 seconds,*Device Login *Do NOT Remove
IT Italian Trattoria Collins,Charles Hernandez,14,,Drinks - Collins,,9/10/26 9:12 AM,9/10/26 9:12 AM,15 seconds,*Device Login *Do NOT Remove
IT Italian Trattoria Collins,Charles Hernandez,14,,No print / Expo - Collins,,9/10/26 9:12 AM,9/10/26 9:12 AM,15 seconds,*Device Login *Do NOT Remove
IT Italian Trattoria Collins,Charles Hernandez,14,,Pasta - Collins,,9/10/26 9:12 AM,9/10/26 9:12 AM,15 seconds,*Device Login *Do NOT Remove
IT Italian Trattoria Collins,Charles Hernandez,14,,Pizza - Collins,,9/10/26 9:12 AM,9/10/26 9:12 AM,15 seconds,*Device Login *Do NOT Remove
IT Italian Trattoria Collins,Charles Hernandez,14,,No Print - Collins,,9/10/26 9:12 AM,9/10/26 9:12 AM,15 seconds,*Device Login *Do NOT Remove
IT Italian Trattoria Collins,Charles Hernandez,14,,Pizza Pala - Collins,,9/10/26 9:12 AM,9/10/26 9:12 AM,15 seconds,*Device Login *Do NOT Remove
IT Italian Trattoria Collins,Charles Hernandez,16,,Pasta - Collins,,9/10/26 9:24 AM,9/10/26 9:25 AM,39 seconds,*Device Login *Do NOT Remove
IT Italian Trattoria Collins,Charles Hernandez,17,,Drinks - Collins,,9/10/26 9:27 AM,9/10/26 9:28 AM,29 seconds,*Device Login *Do NOT Remove
IT Italian Trattoria Collins,Charles Hernandez,17,,No print / Expo - Collins,,9/10/26 9:27 AM,9/10/26 9:28 AM,29 seconds,*Device Login *Do NOT Remove
IT Italian Trattoria Collins,Charles Hernandez,17,,Pasta - Collins,,9/10/26 9:27 AM,9/10/26 9:28 AM,29 seconds,*Device Login *Do NOT Remove
IT Italian Trattoria Collins,Charles Hernandez,17,,Pizza - Collins,,9/10/26 9:27 AM,9/10/26 9:28 AM,29 seconds,*Device Login *Do NOT Remove
IT Italian Trattoria Collins,Charles Hernandez,17,,No Print - Collins,,9/10/26 9:27 AM,9/10/26 9:28 AM,29 seconds,*Device Login *Do NOT Remove
IT Italian Trattoria Collins,Charles Hernandez,17,,Pizza Pala - Collins,,9/10/26 9:27 AM,9/10/26 9:28 AM,29 seconds,*Device Login *Do NOT Remove
IT Italian Trattoria Collins,Charles Hernandez,18,,Pasta - Collins,,9/10/26 9:30 AM,9/10/26 9:31 AM,1 minute and 9 seconds,*Device Login *Do NOT Remove
IT Italian Trattoria Collins,Charles Hernandez,23,,Pasta - Collins,,9/10/26 9:43 AM,9/10/26 9:43 AM,9 seconds,*Device Login *Do NOT Remove
IT Italian Trattoria Collins,Charles Hernandez,24,,Pasta - Collins,,9/10/26 9:48 AM,9/10/26 9:54 AM,6 minutes and 4 seconds,*Device Login *Do NOT Remove
IT Italian Trattoria Collins,Charles Hernandez,25,,Pasta - Collins,,9/10/26 9:53 AM,9/10/26 9:56 AM,2 minutes and 58 seconds,*Device Login *Do NOT Remove
IT Italian Trattoria Collins,Charles Hernandez,26,,Pasta - Collins,,9/10/26 10:02 AM,9/10/26 10:05 AM,2 minutes and 37 seconds,*Device Login *Do NOT Remove
IT Italian Trattoria Collins,Charles Hernandez,29,,Pasta - Collins,,9/10/26 10:23 AM,9/10/26 10:25 AM,1 minute and 44 seconds,*Device Login *Do NOT Remove
IT Italian Trattoria Collins,Rayan Checa,31,,Pasta - Collins,,9/10/26 10:23 AM,9/10/26 10:25 AM,1 minute and 59 seconds,*Device Login *Do NOT Remove
IT Italian Trattoria Collins,Rayan Checa,32,,Pizza - Collins,,9/10/26 10:25 AM,9/10/26 10:33 AM,7 minutes and 35 seconds,*Device Login *Do NOT Remove
IT Italian Trattoria Collins,Charles Hernandez,30,,Drinks - Collins,,9/10/26 10:28 AM,9/10/26 10:33 AM,4 minutes and 43 seconds,*Device Login *Do NOT Remove
IT Italian Trattoria Collins,Charles Hernandez,30,,No print / Expo - Collins,,9/10/26 10:28 AM,9/10/26 10:33 AM,4 minutes and 43 seconds,*Device Login *Do NOT Remove
IT Italian Trattoria Collins,Charles Hernandez,30,,Pasta - Collins,,9/10/26 10:28 AM,9/10/26 10:33 AM,4 minutes and 43 seconds,*Device Login *Do NOT Remove
IT Italian Trattoria Collins,Charles Hernandez,30,,Pizza - Collins,,9/10/26 10:28 AM,9/10/26 10:33 AM,4 minutes and 43 seconds,*Device Login *Do NOT Remove
IT Italian Trattoria Collins,Charles Hernandez,30,,No Print - Collins,,9/10/26 10:28 AM,9/10/26 10:33 AM,4 minutes and 43 seconds,*Device Login *Do NOT Remove
IT Italian Trattoria Collins,Charles Hernandez,30,,Pizza Pala - Collins,,9/10/26 10:28 AM,9/10/26 10:33 AM,4 minutes and 43 seconds,*Device Login *Do NOT Remove
IT Italian Trattoria Collins,Charles Hernandez,35,,Drinks - Collins,,9/10/26 10:34 AM,9/10/26 10:35 AM,1 minute and 6 seconds,*Device Login *Do NOT Remove
IT Italian Trattoria Collins,Charles Hernandez,35,,No print / Expo - Collins,,9/10/26 10:34 AM,9/10/26 10:35 AM,1 minute and 6 seconds,*Device Login *Do NOT Remove
IT Italian Trattoria Collins,Charles Hernandez,35,,Pasta - Collins,,9/10/26 10:34 AM,9/10/26 10:35 AM,1 minute and 6 seconds,*Device Login *Do NOT Remove
IT Italian Trattoria Collins,Charles Hernandez,35,,Pizza - Collins,,9/10/26 10:34 AM,9/10/26 10:35 AM,1 minute and 6 seconds,*Device Login *Do NOT Remove
IT Italian Trattoria Collins,Charles Hernandez,35,,No Print - Collins,,9/10/26 10:34 AM,9/10/26 10:35 AM,1 minute and 6 seconds,*Device Login *Do NOT Remove
IT Italian Trattoria Collins,Charles Hernandez,35,,Pizza Pala - Collins,,9/10/26 10:34 AM,9/10/26 10:35 AM,1 minute and 6 seconds,*Device Login *Do NOT Remove
IT Italian Trattoria Collins,Rayan Checa,37,,Pasta - Collins,,9/10/26 10:39 AM,9/10/26 10:39 AM,14 seconds,*Device Login *Do NOT Remove
IT Italian Trattoria Collins,Charles Hernandez,42,,Drinks - Collins,,9/10/26 10:47 AM,9/10/26 10:48 AM,42 seconds,*Device Login *Do NOT Remove
IT Italian Trattoria Collins,Charles Hernandez,42,,No print / Expo - Collins,,9/10/26 10:47 AM,9/10/26 10:48 AM,42 seconds,*Device Login *Do NOT Remove
IT Italian Trattoria Collins,Charles Hernandez,42,,Pasta - Collins,,9/10/26 10:47 AM,9/10/26 10:48 AM,42 seconds,*Device Login *Do NOT Remove
IT Italian Trattoria Collins,Charles Hernandez,42,,Pizza - Collins,,9/10/26 10:47 AM,9/10/26 10:48 AM,42 seconds,*Device Login *Do NOT Remove
IT Italian Trattoria Collins,Charles Hernandez,42,,No Print - Collins,,9/10/26 10:47 AM,9/10/26 10:48 AM,42 seconds,*Device Login *Do NOT Remove
IT Italian Trattoria Collins,Charles Hernandez,42,,Pizza Pala - Collins,,9/10/26 10:47 AM,9/10/26 10:48 AM,42 seconds,*Device Login *Do NOT Remove
IT Italian Trattoria Collins,Charles Hernandez,40,,Drinks - Collins,,9/10/26 10:41 AM,9/10/26 10:51 AM,9 minutes and 17 seconds,*Device Login *Do NOT Remove
IT Italian Trattoria Collins,Charles Hernandez,40,,No print / Expo - Collins,,9/10/26 10:41 AM,9/10/26 10:51 AM,9 minutes and 17 seconds,*Device Login *Do NOT Remove
IT Italian Trattoria Collins,Charles Hernandez,40,,Pasta - Collins,,9/10/26 10:41 AM,9/10/26 10:51 AM,9 minutes and 17 seconds,*Device Login *Do NOT Remove
IT Italian Trattoria Collins,Charles Hernandez,40,,Pizza - Collins,,9/10/26 10:41 AM,9/10/26 10:51 AM,9 minutes and 17 seconds,*Device Login *Do NOT Remove
IT Italian Trattoria Collins,Charles Hernandez,40,,No Print - Collins,,9/10/26 10:41 AM,9/10/26 10:51 AM,9 minutes and 17 seconds,*Device Login *Do NOT Remove
IT Italian Trattoria Collins,Charles Hernandez,40,,Pizza Pala - Collins,,9/10/26 10:41 AM,9/10/26 10:51 AM,9 minutes and 17 seconds,*Device Login *Do NOT Remove
IT Italian Trattoria Collins,Charles Hernandez,38,,Drinks - Collins,,9/10/26 10:32 AM,9/10/26 10:51 AM,18 minutes and 25 seconds,*Device Login *Do NOT Remove
IT Italian Trattoria Collins,Charles Hernandez,38,,No print / Expo - Collins,,9/10/26 10:32 AM,9/10/26 10:51 AM,18 minutes and 25 seconds,*Device Login *Do NOT Remove
IT Italian Trattoria Collins,Charles Hernandez,38,,Pasta - Collins,,9/10/26 10:32 AM,9/10/26 10:51 AM,18 minutes and 25 seconds,*Device Login *Do NOT Remove
IT Italian Trattoria Collins,Charles Hernandez,38,,Pizza - Collins,,9/10/26 10:32 AM,9/10/26 10:51 AM,18 minutes and 25 seconds,*Device Login *Do NOT Remove
IT Italian Trattoria Collins,Rayan Checa,36,,Drinks - Collins,,9/10/26 10:29 AM,9/10/26 10:51 AM,22 minutes and 5 seconds,*Device Login *Do NOT Remove
IT Italian Trattoria Collins,Rayan Checa,36,,No print / Expo - Collins,,9/10/26 10:29 AM,9/10/26 10:51 AM,22 minutes and 5 seconds,*Device Login *Do NOT Remove
IT Italian Trattoria Collins,Rayan Checa,36,,Pasta - Collins,,9/10/26 10:29 AM,9/10/26 10:51 AM,22 minutes and 5 seconds,*Device Login *Do NOT Remove
IT Italian Trattoria Collins,Rayan Checa,36,,Pizza - Collins,,9/10/26 10:29 AM,9/10/26 10:51 AM,22 minutes and 5 seconds,*Device Login *Do NOT Remove
IT Italian Trattoria Collins,Rayan Checa,36,,No Print - Collins,,9/10/26 10:29 AM,9/10/26 10:51 AM,22 minutes and 5 seconds,*Device Login *Do NOT Remove
IT Italian Trattoria Collins,Rayan Checa,36,,Pizza Pala - Collins,,9/10/26 10:29 AM,9/10/26 10:51 AM,22 minutes and 5 seconds,*Device Login *Do NOT Remove
IT Italian Trattoria Collins,Charles Hernandez,41,,Drinks - Collins,,9/10/26 10:43 AM,9/10/26 10:51 AM,7 minutes and 34 seconds,*Device Login *Do NOT Remove
IT Italian Trattoria Collins,Charles Hernandez,41,,No print / Expo - Collins,,9/10/26 10:43 AM,9/10/26 10:51 AM,7 minutes and 34 seconds,*Device Login *Do NOT Remove
IT Italian Trattoria Collins,Charles Hernandez,41,,Pasta - Collins,,9/10/26 10:43 AM,9/10/26 10:51 AM,7 minutes and 34 seconds,*Device Login *Do NOT Remove
IT Italian Trattoria Collins,Charles Hernandez,41,,Pizza - Collins,,9/10/26 10:43 AM,9/10/26 10:51 AM,7 minutes and 34 seconds,*Device Login *Do NOT Remove
IT Italian Trattoria Collins,Charles Hernandez,41,,No Print - Collins,,9/10/26 10:43 AM,9/10/26 10:51 AM,7 minutes and 34 seconds,*Device Login *Do NOT Remove
IT Italian Trattoria Collins,Charles Hernandez,41,,Pizza Pala - Collins,,9/10/26 10:43 AM,9/10/26 10:51 AM,7 minutes and 34 seconds,*Device Login *Do NOT Remove
IT Italian Trattoria Collins,Charles Hernandez,38,,No Print - Collins,,9/10/26 10:32 AM,9/10/26 10:51 AM,18 minutes and 25 seconds,*Device Login *Do NOT Remove
IT Italian Trattoria Collins,Charles Hernandez,38,,Pizza Pala - Collins,,9/10/26 10:32 AM,9/10/26 10:51 AM,18 minutes and 25 seconds,*Device Login *Do NOT Remove
IT Italian Trattoria Collins,Rayan Checa,47,,Drinks - Collins,,9/10/26 10:55 AM,9/10/26 10:57 AM,2 minutes and 22 seconds,*Device Login *Do NOT Remove
IT Italian Trattoria Collins,Rayan Checa,47,,No print / Expo - Collins,,9/10/26 10:55 AM,9/10/26 10:57 AM,2 minutes and 22 seconds,*Device Login *Do NOT Remove
IT Italian Trattoria Collins,Rayan Checa,47,,Pasta - Collins,,9/10/26 10:55 AM,9/10/26 10:57 AM,2 minutes and 22 seconds,*Device Login *Do NOT Remove
IT Italian Trattoria Collins,Rayan Checa,47,,Pizza - Collins,,9/10/26 10:55 AM,9/10/26 10:57 AM,2 minutes and 22 seconds,*Device Login *Do NOT Remove
IT Italian Trattoria Collins,Rayan Checa,47,,No Print - Collins,,9/10/26 10:55 AM,9/10/26 10:57 AM,2 minutes and 22 seconds,*Device Login *Do NOT Remove
IT Italian Trattoria Collins,Rayan Checa,47,,Pizza Pala - Collins,,9/10/26 10:55 AM,9/10/26 10:57 AM,2 minutes and 22 seconds,*Device Login *Do NOT Remove
IT Italian Trattoria Collins,Default Online Ordering,54,,Pizza - Collins,,9/10/26 11:26 AM,9/10/26 11:35 AM,8 minutes and 24 seconds,*Device Login *Do NOT Remove
IT Italian Trattoria Collins,Charles Hernandez,61,,Pizza - Collins,,9/10/26 12:50 PM,9/10/26 12:56 PM,6 minutes and 30 seconds,*Device Login *Do NOT Remove
IT Italian Trattoria Collins,Charles Hernandez,62,,Pasta - Collins,,9/10/26 1:06 PM,9/10/26 1:08 PM,2 minutes and 14 seconds,*Device Login *Do NOT Remove
IT Italian Trattoria Collins,Charles Hernandez,56,,Pasta - Collins,,9/10/26 1:10 PM,9/10/26 1:10 PM,16 seconds,*Device Login *Do NOT Remove
IT Italian Trattoria Collins,Charles Hernandez,56,,Pizza - Collins,,9/10/26 1:10 PM,9/10/26 1:10 PM,26 seconds,*Device Login *Do NOT Remove
IT Italian Trattoria Collins,Charles Hernandez,63,,Pasta - Collins,,9/10/26 1:08 PM,9/10/26 1:14 PM,6 minutes and 24 seconds,*Device Login *Do NOT Remove
IT Italian Trattoria Collins,Charles Hernandez,66,,Pasta - Collins,,9/10/26 1:19 PM,9/10/26 1:26 PM,7 minutes and 13 seconds,*Device Login *Do NOT Remove
IT Italian Trattoria Collins,Charles Hernandez,68,,Pasta - Collins,,9/10/26 1:29 PM,9/10/26 1:29 PM,12 seconds,*Device Login *Do NOT Remove
IT Italian Trattoria Collins,Charles Hernandez,67,,Pasta - Collins,,9/10/26 1:27 PM,9/10/26 1:31 PM,3 minutes and 44 seconds,*Device Login *Do NOT Remove
IT Italian Trattoria Collins,Charles Hernandez,70,,Pizza - Collins,,9/10/26 1:44 PM,9/10/26 1:54 PM,10 minutes and 5 seconds,*Device Login *Do NOT Remove
IT Italian Trattoria Collins,Charles Hernandez,71,,Pasta - Collins,,9/10/26 2:01 PM,9/10/26 2:05 PM,4 minutes and 19 seconds,*Device Login *Do NOT Remove
IT Italian Trattoria Collins,Charles Hernandez,72,,Pasta - Collins,,9/10/26 2:05 PM,9/10/26 2:11 PM,5 minutes and 15 seconds,*Device Login *Do NOT Remove
IT Italian Trattoria Collins,Charles Hernandez,72,,Pizza - Collins,,9/10/26 2:05 PM,9/10/26 2:12 PM,7 minutes and 8 seconds,*Device Login *Do NOT Remove
IT Italian Trattoria Collins,Charles Hernandez,74,,Pasta - Collins,,9/10/26 2:14 PM,9/10/26 2:18 PM,3 minutes and 50 seconds,*Device Login *Do NOT Remove
IT Italian Trattoria Collins,Charles Hernandez,76,,Pizza - Collins,,9/10/26 2:29 PM,9/10/26 2:34 PM,4 minutes and 55 seconds,*Device Login *Do NOT Remove
IT Italian Trattoria Collins,Charles Hernandez,77,,Pasta - Collins,,9/10/26 2:35 PM,9/10/26 2:40 PM,4 minutes and 45 seconds,*Device Login *Do NOT Remove
IT Italian Trattoria Collins,Charles Hernandez,78,,Pasta - Collins,,9/10/26 2:37 PM,9/10/26 2:40 PM,3 minutes and 16 seconds,*Device Login *Do NOT Remove
IT Italian Trattoria Collins,Charles Hernandez,80,,Pasta - Collins,,9/10/26 2:39 PM,9/10/26 2:41 PM,1 minute and 49 seconds,*Device Login *Do NOT Remove
IT Italian Trattoria Collins,Charles Hernandez,81,,Pasta - Collins,,9/10/26 2:40 PM,9/10/26 2:41 PM,58 seconds,*Device Login *Do NOT Remove
IT Italian Trattoria Collins,Charles Hernandez,84,,Pasta - Collins,,9/10/26 2:42 PM,9/10/26 2:47 PM,4 minutes and 45 seconds,*Device Login *Do NOT Remove
IT Italian Trattoria Collins,Charles Hernandez,79,,Pizza - Collins,,9/10/26 2:37 PM,9/10/26 2:50 PM,12 minutes and 49 seconds,*Device Login *Do NOT Remove
IT Italian Trattoria Collins,Charles Hernandez,84,,Pizza - Collins,,9/10/26 2:42 PM,9/10/26 2:50 PM,8 minutes and 27 seconds,*Device Login *Do NOT Remove
IT Italian Trattoria Collins,Charles Hernandez,85,,Pasta - Collins,,9/10/26 2:46 PM,9/10/26 2:50 PM,4 minutes and 48 seconds,*Device Login *Do NOT Remove
IT Italian Trattoria Collins,Vivian Ducasal,86,,Pizza - Collins,,9/10/26 3:21 PM,9/10/26 3:31 PM,10 minutes and 1 second,*Device Login *Do NOT Remove
IT Italian Trattoria Collins,Charles Hernandez,88,,Pizza - Collins,,9/10/26 3:31 PM,9/10/26 3:36 PM,5 minutes and 3 seconds,*Device Login *Do NOT Remove
IT Italian Trattoria Collins,Yamila Hidalgo,90,,Pasta - Collins,,9/10/26 4:06 PM,9/10/26 4:16 PM,9 minutes and 35 seconds,*Device Login *Do NOT Remove
IT Italian Trattoria Collins,Andrea Rizzi,91,,Pasta - Collins,,9/10/26 4:08 PM,9/10/26 4:16 PM,8 minutes and 6 seconds,*Device Login *Do NOT Remove
IT Italian Trattoria Collins,Andrea Rizzi,94,,Pasta - Collins,,9/10/26 4:19 PM,9/10/26 4:25 PM,5 minutes and 55 seconds,*Device Login *Do NOT Remove
IT Italian Trattoria Collins,Andrea Rizzi,93,,Pizza - Collins,,9/10/26 4:42 PM,9/10/26 4:50 PM,7 minutes and 45 seconds,*Device Login *Do NOT Remove
IT Italian Trattoria Collins,Default Online Ordering,96,,Pizza - Collins,,9/10/26 4:42 PM,9/10/26 4:50 PM,8 minutes and 18 seconds,*Device Login *Do NOT Remove
IT Italian Trattoria Collins,Yamila Hidalgo,99,,Pasta - Collins,,9/10/26 4:54 PM,9/10/26 5:03 PM,8 minutes and 33 seconds,*Device Login *Do NOT Remove
IT Italian Trattoria Collins,Andrea Rizzi,98,,Pizza - Collins,,9/10/26 5:08 PM,9/10/26 5:15 PM,6 minutes and 37 seconds,*Device Login *Do NOT Remove
IT Italian Trattoria Collins,Andrea Rizzi,101,,Pizza - Collins,,9/10/26 5:08 PM,9/10/26 5:15 PM,7 minutes and 3 seconds,*Device Login *Do NOT Remove
IT Italian Trattoria Collins,Yamila Hidalgo,105,,Pasta - Collins,,9/10/26 5:24 PM,9/10/26 5:33 PM,9 minutes and 2 seconds,*Device Login *Do NOT Remove
IT Italian Trattoria Collins,Andrea Rizzi,109,,Pasta - Collins,,9/10/26 5:39 PM,9/10/26 5:40 PM,1 minute and 8 seconds,*Device Login *Do NOT Remove
IT Italian Trattoria Collins,Andrea Rizzi,110,,Pizza - Collins,,9/10/26 5:44 PM,9/10/26 5:50 PM,5 minutes and 58 seconds,*Device Login *Do NOT Remove
IT Italian Trattoria Collins,Andrea Rizzi,111,,Pasta - Collins,,9/10/26 6:04 PM,9/10/26 6:11 PM,6 minutes and 34 seconds,*Device Login *Do NOT Remove
IT Italian Trattoria Collins,Andrea Rizzi,114,,Pizza - Collins,,9/10/26 6:31 PM,9/10/26 6:40 PM,9 minutes and 14 seconds,*Device Login *Do NOT Remove
IT Italian Trattoria Collins,Andrea Rizzi,115,,Pasta - Collins,,9/10/26 6:32 PM,9/10/26 6:43 PM,11 minutes and 35 seconds,*Device Login *Do NOT Remove
IT Italian Trattoria Collins,Andrea Rizzi,116,,Pasta - Collins,,9/10/26 6:33 PM,9/10/26 6:43 PM,10 minutes and 9 seconds,*Device Login *Do NOT Remove
IT Italian Trattoria Collins,Andrea Rizzi,118,,Pasta - Collins,,9/10/26 6:38 PM,9/10/26 6:43 PM,4 minutes and 45 seconds,*Device Login *Do NOT Remove
IT Italian Trattoria Collins,Andrea Rizzi,119,,Pizza - Collins,,9/10/26 6:40 PM,9/10/26 6:48 PM,8 minutes and 17 seconds,*Device Login *Do NOT Remove
IT Italian Trattoria Collins,Yamila Hidalgo,121,,Pizza - Collins,,9/10/26 6:59 PM,9/10/26 7:05 PM,5 minutes and 10 seconds,*Device Login *Do NOT Remove
IT Italian Trattoria Collins,Yamila Hidalgo,123,,Pasta - Collins,,9/10/26 7:06 PM,9/10/26 7:10 PM,4 minutes and 21 seconds,*Device Login *Do NOT Remove
IT Italian Trattoria Collins,Yamila Hidalgo,124,,Pizza - Collins,,9/10/26 7:13 PM,9/10/26 7:21 PM,8 minutes and 6 seconds,*Device Login *Do NOT Remove
IT Italian Trattoria Collins,Yamila Hidalgo,125,,Pizza - Collins,,9/10/26 7:16 PM,9/10/26 7:22 PM,5 minutes and 30 seconds,*Device Login *Do NOT Remove
IT Italian Trattoria Collins,Yamila Hidalgo,126,,Pasta - Collins,,9/10/26 7:19 PM,9/10/26 7:26 PM,7 minutes and 36 seconds,*Device Login *Do NOT Remove
IT Italian Trattoria Collins,Yamila Hidalgo,126,,Pizza - Collins,,9/10/26 7:19 PM,9/10/26 7:30 PM,10 minutes and 59 seconds,*Device Login *Do NOT Remove
IT Italian Trattoria Collins,Andrea Rizzi,127,,Pasta - Collins,,9/10/26 7:31 PM,9/10/26 7:38 PM,7 minutes and 4 seconds,*Device Login *Do NOT Remove
IT Italian Trattoria Collins,Andrea Rizzi,128,,Pizza - Collins,,9/10/26 7:39 PM,9/10/26 7:44 PM,5 minutes and 34 seconds,*Device Login *Do NOT Remove
IT Italian Trattoria Collins,Default Online Ordering,131,,Pasta - Collins,,9/10/26 7:47 PM,9/10/26 7:51 PM,4 minutes and 32 seconds,*Device Login *Do NOT Remove
IT Italian Trattoria Collins,Andrea Rizzi,130,,Pasta - Collins,,9/10/26 7:48 PM,9/10/26 7:57 PM,8 minutes and 52 seconds,*Device Login *Do NOT Remove
IT Italian Trattoria Collins,Yamila Hidalgo,137,,Pasta - Collins,,9/10/26 8:11 PM,9/10/26 8:17 PM,5 minutes and 23 seconds,*Device Login *Do NOT Remove
IT Italian Trattoria Collins,Yamila Hidalgo,137,,Pizza - Collins,,9/10/26 8:11 PM,9/10/26 8:17 PM,6 minutes and 1 second,*Device Login *Do NOT Remove
IT Italian Trattoria Collins,Yamila Hidalgo,139,,Pizza - Collins,,9/10/26 8:15 PM,9/10/26 8:20 PM,4 minutes and 29 seconds,*Device Login *Do NOT Remove
IT Italian Trattoria Collins,Yamila Hidalgo,139,,Pasta - Collins,,9/10/26 8:15 PM,9/10/26 8:21 PM,5 minutes and 35 seconds,*Device Login *Do NOT Remove
IT Italian Trattoria Collins,Yamila Hidalgo,140,,Pasta - Collins,,9/10/26 8:18 PM,9/10/26 8:28 PM,10 minutes and 9 seconds,*Device Login *Do NOT Remove
IT Italian Trattoria Collins,Yamila Hidalgo,141,,Pasta - Collins,,9/10/26 8:23 PM,9/10/26 8:28 PM,4 minutes and 49 seconds,*Device Login *Do NOT Remove
IT Italian Trattoria Collins,Yamila Hidalgo,142,,Pasta - Collins,,9/10/26 8:25 PM,9/10/26 8:31 PM,5 minutes and 51 seconds,*Device Login *Do NOT Remove
IT Italian Trattoria Collins,Andrea Rizzi,145,,Pizza - Collins,,9/10/26 8:33 PM,9/10/26 8:38 PM,5 minutes and 12 seconds,*Device Login *Do NOT Remove
IT Italian Trattoria Collins,Yamila Hidalgo,144,,Pasta - Collins,,9/10/26 8:35 PM,9/10/26 8:39 PM,4 minutes and 29 seconds,*Device Login *Do NOT Remove
IT Italian Trattoria Collins,Yamila Hidalgo,144,,Pizza - Collins,,9/10/26 8:35 PM,9/10/26 8:41 PM,6 minutes and 14 seconds,*Device Login *Do NOT Remove
IT Italian Trattoria Collins,Andrea Rizzi,148,,Pizza - Collins,,9/10/26 8:38 PM,9/10/26 8:43 PM,5 minutes,*Device Login *Do NOT Remove
IT Italian Trattoria Collins,Andrea Rizzi,149,,Pasta - Collins,,9/10/26 8:42 PM,9/10/26 8:47 PM,5 minutes and 15 seconds,*Device Login *Do NOT Remove
IT Italian Trattoria Collins,Andrea Rizzi,146,,Pasta - Collins,,9/10/26 8:38 PM,9/10/26 8:47 PM,9 minutes and 31 seconds,*Device Login *Do NOT Remove
IT Italian Trattoria Collins,Yamila Hidalgo,150,,Pizza - Collins,,9/10/26 8:50 PM,9/10/26 8:55 PM,5 minutes and 36 seconds,*Device Login *Do NOT Remove
IT Italian Trattoria Collins,Davide Christopher Paredi,153,,Pasta - Collins,,9/10/26 8:55 PM,9/10/26 8:59 PM,4 minutes and 18 seconds,*Device Login *Do NOT Remove
IT Italian Trattoria Collins,Default Online Ordering,152,,Pizza - Collins,,9/10/26 8:52 PM,9/10/26 9:00 PM,8 minutes and 1 second,*Device Login *Do NOT Remove
IT Italian Trattoria Collins,Yamila Hidalgo,157,,Pasta - Collins,,9/10/26 9:11 PM,9/10/26 9:15 PM,4 minutes and 15 seconds,*Device Login *Do NOT Remove
IT Italian Trattoria Collins,Yamila Hidalgo,155,,Pizza - Collins,,9/10/26 9:10 PM,9/10/26 9:15 PM,5 minutes and 40 seconds,*Device Login *Do NOT Remove
IT Italian Trattoria Collins,Yamila Hidalgo,156,,Pizza - Collins,,9/10/26 9:10 PM,9/10/26 9:16 PM,6 minutes,*Device Login *Do NOT Remove
IT Italian Trattoria Collins,Yamila Hidalgo,158,,Pizza - Collins,,9/10/26 9:13 PM,9/10/26 9:17 PM,3 minutes and 21 seconds,*Device Login *Do NOT Remove
IT Italian Trattoria Collins,Yamila Hidalgo,159,,Pizza - Collins,,9/10/26 9:24 PM,9/10/26 9:29 PM,5 minutes and 36 seconds,*Device Login *Do NOT Remove
IT Italian Trattoria Collins,Yamila Hidalgo,159,,Pasta - Collins,,9/10/26 9:24 PM,9/10/26 9:34 PM,10 minutes,*Device Login *Do NOT Remove
IT Italian Trattoria Collins,Andrea Rizzi,162,,Pizza - Collins,,9/10/26 9:40 PM,9/10/26 9:46 PM,5 minutes and 50 seconds,*Device Login *Do NOT Remove
IT Italian Trattoria Collins,Yamila Hidalgo,147,,Pizza - Collins,,9/10/26 9:40 PM,9/10/26 9:47 PM,7 minutes and 19 seconds,*Device Login *Do NOT Remove
IT Italian Trattoria Collins,Yamila Hidalgo,165,,Pizza - Collins,,9/10/26 9:43 PM,9/10/26 9:48 PM,5 minutes and 15 seconds,*Device Login *Do NOT Remove
IT Italian Trattoria Collins,Andrea Rizzi,164,,Pizza - Collins,,9/10/26 9:43 PM,9/10/26 9:49 PM,6 minutes and 11 seconds,*Device Login *Do NOT Remove
IT Italian Trattoria Collins,Yamila Hidalgo,168,,Pizza - Collins,,9/10/26 9:45 PM,9/10/26 9:53 PM,8 minutes and 13 seconds,*Device Login *Do NOT Remove
IT Italian Trattoria Collins,Yamila Hidalgo,168,,Pasta - Collins,,9/10/26 9:45 PM,9/10/26 9:57 PM,12 minutes and 20 seconds,*Device Login *Do NOT Remove
IT Italian Trattoria Collins,Yamila Hidalgo,163,,Pasta - Collins,,9/10/26 9:41 PM,9/10/26 9:57 PM,16 minutes and 8 seconds,*Device Login *Do NOT Remove
IT Italian Trattoria Collins,Yamila Hidalgo,165,,Pasta - Collins,,9/10/26 9:43 PM,9/10/26 9:57 PM,14 minutes and 25 seconds,*Device Login *Do NOT Remove
IT Italian Trattoria Collins,Andrea Rizzi,173,,Pasta - Collins,,9/10/26 10:19 PM,9/10/26 10:26 PM,6 minutes and 32 seconds,*Device Login *Do NOT Remove
IT Italian Trattoria Collins,Andrea Rizzi,173,,Pizza - Collins,,9/10/26 10:19 PM,9/10/26 10:28 PM,8 minutes and 37 seconds,*Device Login *Do NOT Remove
IT Italian Trattoria Collins,Yamila Hidalgo,175,,Pizza - Collins,,9/10/26 10:35 PM,9/10/26 10:42 PM,6 minutes and 47 seconds,*Device Login *Do NOT Remove
IT Italian Trattoria Collins,Andrea Rizzi,180,,Pizza - Collins,,9/10/26 11:02 PM,9/10/26 11:06 PM,3 minutes and 58 seconds,*Device Login *Do NOT Remove
IT Italian Trattoria Collins,Charles Hernandez,3,,Pasta - Collins,,9/11/26 8:24 AM,9/11/26 8:30 AM,6 minutes and 1 second,*Device Login *Do NOT Remove
IT Italian Trattoria Collins,Charles Hernandez,4,,Pasta - Collins,,9/11/26 8:43 AM,9/11/26 8:44 AM,5 seconds,*Device Login *Do NOT Remove
IT Italian Trattoria Collins,Charles Hernandez,5,,Pasta - Collins,,9/11/26 8:46 AM,9/11/26 8:49 AM,3 minutes and 6 seconds,*Device Login *Do NOT Remove
IT Italian Trattoria Collins,Charles Hernandez,6,,Pasta - Collins,,9/11/26 8:56 AM,9/11/26 8:57 AM,26 seconds,*Device Login *Do NOT Remove
IT Italian Trattoria Collins,Charles Hernandez,9,,Pasta - Collins,,9/11/26 9:04 AM,9/11/26 9:04 AM,7 seconds,*Device Login *Do NOT Remove
IT Italian Trattoria Collins,Charles Hernandez,10,,Pasta - Collins,,9/11/26 9:09 AM,9/11/26 9:12 AM,2 minutes and 56 seconds,*Device Login *Do NOT Remove
IT Italian Trattoria Collins,Charles Hernandez,14,,Pasta - Collins,,9/11/26 9:26 AM,9/11/26 9:27 AM,39 seconds,*Device Login *Do NOT Remove
IT Italian Trattoria Collins,Charles Hernandez,15,,Pasta - Collins,,9/11/26 9:28 AM,9/11/26 9:29 AM,1 minute and 38 seconds,*Device Login *Do NOT Remove
IT Italian Trattoria Collins,Charles Hernandez,19,,Pasta - Collins,,9/11/26 9:43 AM,9/11/26 9:46 AM,2 minutes and 47 seconds,*Device Login *Do NOT Remove
IT Italian Trattoria Collins,Charles Hernandez,20,,Pasta - Collins,,9/11/26 9:48 AM,9/11/26 9:52 AM,3 minutes and 56 seconds,*Device Login *Do NOT Remove
IT Italian Trattoria Collins,Vivian Ducasal,21,,Pasta - Collins,,9/11/26 10:00 AM,9/11/26 10:01 AM,59 seconds,*Device Login *Do NOT Remove
IT Italian Trattoria Collins,Vivian Ducasal,22,,Pasta - Collins,,9/11/26 10:09 AM,9/11/26 10:12 AM,3 minutes and 20 seconds,*Device Login *Do NOT Remove
IT Italian Trattoria Collins,Charles Hernandez,26,,Pasta - Collins,,9/11/26 10:49 AM,9/11/26 10:49 AM,11 seconds,*Device Login *Do NOT Remove
IT Italian Trattoria Collins,Charles Hernandez,28,,Pasta - Collins,,9/11/26 10:58 AM,9/11/26 11:02 AM,3 minutes and 39 seconds,*Device Login *Do NOT Remove
IT Italian Trattoria Collins,Charles Hernandez,30,,Pizza - Collins,,9/11/26 11:16 AM,9/11/26 11:23 AM,6 minutes and 57 seconds,*Device Login *Do NOT Remove
IT Italian Trattoria Collins,Charles Hernandez,32,,Pasta - Collins,,9/11/26 11:22 AM,9/11/26 11:26 AM,4 minutes,*Device Login *Do NOT Remove
IT Italian Trattoria Collins,Charles Hernandez,33,,Pasta - Collins,,9/11/26 11:26 AM,9/11/26 11:26 AM,32 seconds,*Device Login *Do NOT Remove
IT Italian Trattoria Collins,Charles Hernandez,36,,Pasta - Collins,,9/11/26 12:00 PM,9/11/26 12:04 PM,4 minutes and 2 seconds,*Device Login *Do NOT Remove
IT Italian Trattoria Collins,Charles Hernandez,37,,Pasta - Collins,,9/11/26 12:01 PM,9/11/26 12:06 PM,5 minutes and 7 seconds,*Device Login *Do NOT Remove
IT Italian Trattoria Collins,Charles Hernandez,39,,Pasta - Collins,,9/11/26 12:14 PM,9/11/26 12:14 PM,14 seconds,*Device Login *Do NOT Remove
IT Italian Trattoria Collins,Default Online Ordering,42,,Pizza - Collins,,9/11/26 12:28 PM,9/11/26 12:33 PM,4 minutes and 19 seconds,*Device Login *Do NOT Remove
IT Italian Trattoria Collins,Charles Hernandez,43,,Pizza - Collins,,9/11/26 12:42 PM,9/11/26 12:48 PM,6 minutes and 4 seconds,*Device Login *Do NOT Remove
IT Italian Trattoria Collins,Charles Hernandez,46,,Pizza - Collins,,9/11/26 12:48 PM,9/11/26 12:53 PM,4 minutes and 41 seconds,*Device Login *Do NOT Remove
IT Italian Trattoria Collins,Charles Hernandez,47,,Pizza - Collins,,9/11/26 1:10 PM,9/11/26 1:17 PM,6 minutes and 17 seconds,*Device Login *Do NOT Remove
IT Italian Trattoria Collins,Davide Christopher Paredi,53,,Pasta - Collins,,9/11/26 1:25 PM,9/11/26 1:27 PM,1 minute and 30 seconds,*Device Login *Do NOT Remove
IT Italian Trattoria Collins,Davide Christopher Paredi,57,,Drinks - Collins,,9/11/26 1:32 PM,9/11/26 1:32 PM,31 seconds,*Device Login *Do NOT Remove
IT Italian Trattoria Collins,Davide Christopher Paredi,57,,No print / Expo - Collins,,9/11/26 1:32 PM,9/11/26 1:32 PM,31 seconds,*Device Login *Do NOT Remove
IT Italian Trattoria Collins,Davide Christopher Paredi,57,,Pasta - Collins,,9/11/26 1:32 PM,9/11/26 1:32 PM,31 seconds,*Device Login *Do NOT Remove
IT Italian Trattoria Collins,Davide Christopher Paredi,57,,Pizza - Collins,,9/11/26 1:32 PM,9/11/26 1:32 PM,31 seconds,*Device Login *Do NOT Remove
IT Italian Trattoria Collins,Davide Christopher Paredi,57,,No Print - Collins,,9/11/26 1:32 PM,9/11/26 1:32 PM,31 seconds,*Device Login *Do NOT Remove
IT Italian Trattoria Collins,Davide Christopher Paredi,57,,Pizza Pala - Collins,,9/11/26 1:32 PM,9/11/26 1:32 PM,31 seconds,*Device Login *Do NOT Remove
IT Italian Trattoria Collins,Davide Christopher Paredi,54,,Pizza - Collins,,9/11/26 1:28 PM,9/11/26 1:36 PM,7 minutes and 30 seconds,*Device Login *Do NOT Remove
IT Italian Trattoria Collins,Davide Christopher Paredi,51,,Pizza - Collins,,9/11/26 1:17 PM,9/11/26 1:38 PM,20 minutes and 46 seconds,*Device Login *Do NOT Remove
IT Italian Trattoria Collins,Davide Christopher Paredi,51,,No print / Expo - Collins,,9/11/26 1:17 PM,9/11/26 1:38 PM,20 minutes and 46 seconds,*Device Login *Do NOT Remove
IT Italian Trattoria Collins,Davide Christopher Paredi,58,,Pasta - Collins,,9/11/26 1:36 PM,9/11/26 1:39 PM,2 minutes and 11 seconds,*Device Login *Do NOT Remove
IT Italian Trattoria Collins,Davide Christopher Paredi,54,,Pasta - Collins,,9/11/26 1:28 PM,9/11/26 1:39 PM,10 minutes and 35 seconds,*Device Login *Do NOT Remove
IT Italian Trattoria Collins,Davide Christopher Paredi,51,,Pasta - Collins,,9/11/26 1:37 PM,9/11/26 1:39 PM,1 minute and 40 seconds,*Device Login *Do NOT Remove
IT Italian Trattoria Collins,Davide Christopher Paredi,58,,Pizza - Collins,,9/11/26 1:36 PM,9/11/26 1:46 PM,9 minutes and 31 seconds,*Device Login *Do NOT Remove
IT Italian Trattoria Collins,Charles Hernandez,61,,Pizza - Collins,,9/11/26 1:47 PM,9/11/26 1:56 PM,9 minutes and 24 seconds,*Device Login *Do NOT Remove
IT Italian Trattoria Collins,Davide Christopher Paredi,63,,Pasta - Collins,,9/11/26 2:04 PM,9/11/26 2:07 PM,2 minutes and 50 seconds,*Device Login *Do NOT Remove
IT Italian Trattoria Collins,Charles Hernandez,62,,Pizza - Collins,,9/11/26 1:48 PM,9/11/26 2:11 PM,23 minutes and 9 seconds,*Device Login *Do NOT Remove
IT Italian Trattoria Collins,Charles Hernandez,64,,Pizza - Collins,,9/11/26 2:04 PM,9/11/26 2:11 PM,7 minutes and 5 seconds,*Device Login *Do NOT Remove
IT Italian Trattoria Collins,Charles Hernandez,72,,Pizza - Collins,,9/11/26 2:43 PM,9/11/26 2:46 PM,2 minutes and 51 seconds,*Device Login *Do NOT Remove
IT Italian Trattoria Collins,Charles Hernandez,72,,No print / Expo - Collins,,9/11/26 2:43 PM,9/11/26 2:46 PM,2 minutes and 51 seconds,*Device Login *Do NOT Remove
IT Italian Trattoria Collins,Charles Hernandez,70,,Pasta - Collins,,9/11/26 2:37 PM,9/11/26 2:46 PM,9 minutes and 5 seconds,*Device Login *Do NOT Remove
IT Italian Trattoria Collins,Charles Hernandez,72,,Pasta - Collins,,9/11/26 2:43 PM,9/11/26 2:51 PM,7 minutes and 57 seconds,*Device Login *Do NOT Remove
IT Italian Trattoria Collins,Charles Hernandez,38,,Pizza - Collins,,9/11/26 12:05 PM,9/11/26 3:03 PM,"2 hours, 57 minutes and 44 seconds",*Device Login *Do NOT Remove
IT Italian Trattoria Collins,Charles Hernandez,38,,No print / Expo - Collins,,9/11/26 12:05 PM,9/11/26 3:03 PM,"2 hours, 57 minutes and 44 seconds",*Device Login *Do NOT Remove
IT Italian Trattoria Collins,Charles Hernandez,73,,Pizza - Collins,,9/11/26 3:13 PM,9/11/26 3:17 PM,4 minutes and 49 seconds,*Device Login *Do NOT Remove
IT Italian Trattoria Collins,Charles Hernandez,73,,Pasta - Collins,,9/11/26 3:13 PM,9/11/26 3:17 PM,4 minutes and 49 seconds,*Device Login *Do NOT Remove
IT Italian Trattoria Collins,Charles Hernandez,73,,No print / Expo - Collins,,9/11/26 3:13 PM,9/11/26 3:17 PM,4 minutes and 49 seconds,*Device Login *Do NOT Remove
IT Italian Trattoria Collins,Charles Hernandez,74,,Pizza - Collins,,9/11/26 3:34 PM,9/11/26 3:39 PM,5 minutes and 6 seconds,*Device Login *Do NOT Remove
IT Italian Trattoria Collins,Charles Hernandez,78,,Pizza - Collins,,9/11/26 3:39 PM,9/11/26 3:39 PM,18 seconds,*Device Login *Do NOT Remove
IT Italian Trattoria Collins,Charles Hernandez,78,,No print / Expo - Collins,,9/11/26 3:39 PM,9/11/26 3:39 PM,18 seconds,*Device Login *Do NOT Remove
IT Italian Trattoria Collins,Andrea Rizzi,84,,Pizza - Collins,,9/11/26 4:00 PM,9/11/26 4:01 PM,1 minute and 18 seconds,*Device Login *Do NOT Remove
IT Italian Trattoria Collins,Andrea Rizzi,84,,No print / Expo - Collins,,9/11/26 4:00 PM,9/11/26 4:01 PM,1 minute and 18 seconds,*Device Login *Do NOT Remove
IT Italian Trattoria Collins,Andrea Rizzi,84,,Pasta - Collins,,9/11/26 4:00 PM,9/11/26 4:01 PM,1 minute and 25 seconds,*Device Login *Do NOT Remove
IT Italian Trattoria Collins,Andrea Rizzi,83,,Pasta - Collins,,9/11/26 3:58 PM,9/11/26 4:01 PM,3 minutes and 13 seconds,*Device Login *Do NOT Remove
IT Italian Trattoria Collins,Andrea Rizzi,83,,Pizza - Collins,,9/11/26 3:58 PM,9/11/26 4:06 PM,8 minutes and 20 seconds,*Device Login *Do NOT Remove
IT Italian Trattoria Collins,Andrea Rizzi,86,,Pasta - Collins,,9/11/26 4:14 PM,9/11/26 4:22 PM,7 minutes and 52 seconds,*Device Login *Do NOT Remove
IT Italian Trattoria Collins,Andrea Rizzi,86,,Pizza - Collins,,9/11/26 4:14 PM,9/11/26 4:22 PM,8 minutes and 20 seconds,*Device Login *Do NOT Remove
IT Italian Trattoria Collins,Andrea Rizzi,89,,Pizza - Collins,,9/11/26 4:22 PM,9/11/26 4:28 PM,6 minutes and 22 seconds,*Device Login *Do NOT Remove
IT Italian Trattoria Collins,Andrea Rizzi,91,,Pasta - Collins,,9/11/26 4:26 PM,9/11/26 4:34 PM,8 minutes and 5 seconds,*Device Login *Do NOT Remove
IT Italian Trattoria Collins,Andrea Rizzi,92,,Pasta - Collins,,9/11/26 4:35 PM,9/11/26 4:41 PM,6 minutes and 13 seconds,*Device Login *Do NOT Remove
IT Italian Trattoria Collins,Yamila Hidalgo,94,,Pasta - Collins,,9/11/26 4:51 PM,9/11/26 4:59 PM,7 minutes and 25 seconds,*Device Login *Do NOT Remove
IT Italian Trattoria Collins,Yamila Hidalgo,98,,Pasta - Collins,,9/11/26 5:16 PM,9/11/26 5:26 PM,10 minutes and 16 seconds,*Device Login *Do NOT Remove
IT Italian Trattoria Collins,Yamila Hidalgo,97,,Pasta - Collins,,9/11/26 5:13 PM,9/11/26 5:26 PM,12 minutes and 57 seconds,*Device Login *Do NOT Remove
IT Italian Trattoria Collins,Yamila Hidalgo,99,,Pasta - Collins,,9/11/26 5:19 PM,9/11/26 5:27 PM,7 minutes and 33 seconds,*Device Login *Do NOT Remove
IT Italian Trattoria Collins,Yamila Hidalgo,99,,Pizza - Collins,,9/11/26 5:19 PM,9/11/26 5:28 PM,9 minutes and 1 second,*Device Login *Do NOT Remove
IT Italian Trattoria Collins,Andrea Rizzi,101,,Pasta - Collins,,9/11/26 5:28 PM,9/11/26 5:32 PM,3 minutes and 45 seconds,*Device Login *Do NOT Remove
IT Italian Trattoria Collins,Andrea Rizzi,105,,Pizza - Collins,,9/11/26 6:02 PM,9/11/26 6:03 PM,24 seconds,*Device Login *Do NOT Remove
IT Italian Trattoria Collins,Andrea Rizzi,105,,No print / Expo - Collins,,9/11/26 6:02 PM,9/11/26 6:03 PM,24 seconds,*Device Login *Do NOT Remove
IT Italian Trattoria Collins,Andrea Rizzi,102,,Pasta - Collins,,9/11/26 6:00 PM,9/11/26 6:05 PM,5 minutes and 8 seconds,*Device Login *Do NOT Remove
IT Italian Trattoria Collins,Andrea Rizzi,103,,Pasta - Collins,,9/11/26 5:58 PM,9/11/26 6:06 PM,7 minutes and 26 seconds,*Device Login *Do NOT Remove
IT Italian Trattoria Collins,Andrea Rizzi,107,,Pizza - Collins,,9/11/26 6:05 PM,9/11/26 6:11 PM,5 minutes and 36 seconds,*Device Login *Do NOT Remove
IT Italian Trattoria Collins,Jonathan Lucero,108,,Pizza - Collins,,9/11/26 6:06 PM,9/11/26 6:11 PM,5 minutes and 30 seconds,*Device Login *Do NOT Remove
IT Italian Trattoria Collins,Andrea Rizzi,106,,Pasta - Collins,,9/11/26 6:04 PM,9/11/26 6:14 PM,10 minutes and 2 seconds,*Device Login *Do NOT Remove
IT Italian Trattoria Collins,Andrea Rizzi,110,,Pasta - Collins,,9/11/26 6:08 PM,9/11/26 6:14 PM,6 minutes and 3 seconds,*Device Login *Do NOT Remove
IT Italian Trattoria Collins,Andrea Rizzi,109,,Pasta - Collins,,9/11/26 6:07 PM,9/11/26 6:17 PM,10 minutes and 26 seconds,*Device Login *Do NOT Remove
IT Italian Trattoria Collins,Jonathan Lucero,112,,Pasta - Collins,,9/11/26 6:11 PM,9/11/26 6:24 PM,12 minutes and 12 seconds,*Device Login *Do NOT Remove
IT Italian Trattoria Collins,Jonathan Lucero,114,,Pasta - Collins,,9/11/26 6:29 PM,9/11/26 6:35 PM,6 minutes,*Device Login *Do NOT Remove
IT Italian Trattoria Collins,Jonathan Lucero,114,,Pizza - Collins,,9/11/26 6:29 PM,9/11/26 6:41 PM,12 minutes and 1 second,*Device Login *Do NOT Remove
IT Italian Trattoria Collins,Jonathan Lucero,116,,Pasta - Collins,,9/11/26 6:39 PM,9/11/26 6:48 PM,9 minutes and 33 seconds,*Device Login *Do NOT Remove
IT Italian Trattoria Collins,Jonathan Lucero,116,,Pizza - Collins,,9/11/26 6:39 PM,9/11/26 6:51 PM,12 minutes and 19 seconds,*Device Login *Do NOT Remove
IT Italian Trattoria Collins,Yamila Hidalgo,121,,Pasta - Collins,,9/11/26 6:52 PM,9/11/26 6:58 PM,6 minutes and 6 seconds,*Device Login *Do NOT Remove
IT Italian Trattoria Collins,Yamila Hidalgo,121,,Pizza - Collins,,9/11/26 6:52 PM,9/11/26 6:58 PM,6 minutes and 18 seconds,*Device Login *Do NOT Remove
IT Italian Trattoria Collins,Jonathan Lucero,120,,Pasta - Collins,,9/11/26 6:56 PM,9/11/26 7:00 PM,3 minutes and 48 seconds,*Device Login *Do NOT Remove
IT Italian Trattoria Collins,Jonathan Lucero,123,,Pizza - Collins,,9/11/26 6:56 PM,9/11/26 7:05 PM,8 minutes and 59 seconds,*Device Login *Do NOT Remove
IT Italian Trattoria Collins,Yamila Hidalgo,126,,Pizza - Collins,,9/11/26 7:09 PM,9/11/26 7:18 PM,8 minutes and 44 seconds,*Device Login *Do NOT Remove
IT Italian Trattoria Collins,Yamila Hidalgo,127,,Pizza - Collins,,9/11/26 7:28 PM,9/11/26 7:37 PM,8 minutes and 43 seconds,*Device Login *Do NOT Remove
IT Italian Trattoria Collins,Jonathan Lucero,132,,Pasta - Collins,,9/11/26 7:34 PM,9/11/26 7:40 PM,5 minutes and 53 seconds,*Device Login *Do NOT Remove
IT Italian Trattoria Collins,Jonathan Lucero,130,,Pasta - Collins,,9/11/26 7:32 PM,9/11/26 7:46 PM,13 minutes and 35 seconds,*Device Login *Do NOT Remove
IT Italian Trattoria Collins,Jonathan Lucero,129,,Pasta - Collins,,9/11/26 7:31 PM,9/11/26 7:46 PM,14 minutes and 35 seconds,*Device Login *Do NOT Remove
IT Italian Trattoria Collins,Jonathan Lucero,133,,Pizza - Collins,,9/11/26 7:38 PM,9/11/26 7:47 PM,8 minutes and 55 seconds,*Device Login *Do NOT Remove
IT Italian Trattoria Collins,Jonathan Lucero,135,,Pizza - Collins,,9/11/26 7:47 PM,9/11/26 7:50 PM,3 minutes and 7 seconds,*Device Login *Do NOT Remove
IT Italian Trattoria Collins,Jonathan Lucero,135,,No print / Expo - Collins,,9/11/26 7:47 PM,9/11/26 7:50 PM,3 minutes and 7 seconds,*Device Login *Do NOT Remove
IT Italian Trattoria Collins,Jonathan Lucero,135,,Pasta - Collins,,9/11/26 7:47 PM,9/11/26 7:51 PM,4 minutes and 9 seconds,*Device Login *Do NOT Remove
IT Italian Trattoria Collins,Jonathan Lucero,138,,Pasta - Collins,,9/11/26 7:56 PM,9/11/26 8:01 PM,4 minutes and 36 seconds,*Device Login *Do NOT Remove
IT Italian Trattoria Collins,Jonathan Lucero,138,,Pizza - Collins,,9/11/26 7:56 PM,9/11/26 8:03 PM,6 minutes and 13 seconds,*Device Login *Do NOT Remove
IT Italian Trattoria Collins,Default Online Ordering,140,,Pasta - Collins,,9/11/26 7:57 PM,9/11/26 8:04 PM,7 minutes and 5 seconds,*Device Login *Do NOT Remove
IT Italian Trattoria Collins,Jonathan Lucero,139,,Pizza - Collins,,9/11/26 8:05 PM,9/11/26 8:13 PM,8 minutes and 17 seconds,*Device Login *Do NOT Remove
IT Italian Trattoria Collins,Jonathan Lucero,141,,Pasta - Collins,,9/11/26 8:08 PM,9/11/26 8:17 PM,9 minutes and 10 seconds,*Device Login *Do NOT Remove
IT Italian Trattoria Collins,Jonathan Lucero,145,,Pasta - Collins,,9/11/26 8:22 PM,9/11/26 8:22 PM,38 seconds,*Device Login *Do NOT Remove
IT Italian Trattoria Collins,Yamila Hidalgo,146,,Pizza - Collins,,9/11/26 8:21 PM,9/11/26 8:28 PM,7 minutes and 11 seconds,*Device Login *Do NOT Remove
IT Italian Trattoria Collins,Jonathan Lucero,145,,Pizza - Collins,,9/11/26 8:22 PM,9/11/26 8:29 PM,7 minutes and 35 seconds,*Device Login *Do NOT Remove
IT Italian Trattoria Collins,Yamila Hidalgo,147,,Pasta - Collins,,9/11/26 8:27 PM,9/11/26 8:31 PM,4 minutes and 36 seconds,*Device Login *Do NOT Remove
IT Italian Trattoria Collins,Yamila Hidalgo,147,,Pizza - Collins,,9/11/26 8:27 PM,9/11/26 8:32 PM,5 minutes and 48 seconds,*Device Login *Do NOT Remove
IT Italian Trattoria Collins,Yamila Hidalgo,149,,Pasta - Collins,,9/11/26 8:32 PM,9/11/26 8:38 PM,5 minutes and 29 seconds,*Device Login *Do NOT Remove
IT Italian Trattoria Collins,Yamila Hidalgo,149,,Pizza - Collins,,9/11/26 8:32 PM,9/11/26 8:40 PM,7 minutes and 25 seconds,*Device Login *Do NOT Remove
IT Italian Trattoria Collins,Yamila Hidalgo,150,,Pizza - Collins,,9/11/26 8:35 PM,9/11/26 8:40 PM,4 minutes and 41 seconds,*Device Login *Do NOT Remove
IT Italian Trattoria Collins,Yamila Hidalgo,150,,Pasta - Collins,,9/11/26 8:35 PM,9/11/26 8:41 PM,5 minutes and 44 seconds,*Device Login *Do NOT Remove
IT Italian Trattoria Collins,Jonathan Lucero,153,,Pizza - Collins,,9/11/26 8:43 PM,9/11/26 8:51 PM,7 minutes and 46 seconds,*Device Login *Do NOT Remove
IT Italian Trattoria Collins,Jonathan Lucero,154,,Pasta - Collins,,9/11/26 8:46 PM,9/11/26 8:52 PM,5 minutes and 38 seconds,*Device Login *Do NOT Remove
IT Italian Trattoria Collins,Jonathan Lucero,155,,Pasta - Collins,,9/11/26 8:48 PM,9/11/26 8:53 PM,5 minutes and 54 seconds,*Device Login *Do NOT Remove
IT Italian Trattoria Collins,Jonathan Lucero,157,,Pasta - Collins,,9/11/26 8:55 PM,9/11/26 8:59 PM,4 minutes and 11 seconds,*Device Login *Do NOT Remove
IT Italian Trattoria Collins,Default Online Ordering,160,,Pasta - Collins,,9/11/26 8:59 PM,9/11/26 9:03 PM,4 minutes and 10 seconds,*Device Login *Do NOT Remove
IT Italian Trattoria Collins,Jonathan Lucero,159,,Pizza - Collins,,9/11/26 9:00 PM,9/11/26 9:09 PM,8 minutes and 20 seconds,*Device Login *Do NOT Remove
IT Italian Trattoria Collins,Jonathan Lucero,162,,Pasta - Collins,,9/11/26 9:05 PM,9/11/26 9:10 PM,4 minutes and 30 seconds,*Device Login *Do NOT Remove
IT Italian Trattoria Collins,Jonathan Lucero,156,,Pasta - Collins,,9/11/26 9:06 PM,9/11/26 9:10 PM,4 minutes and 13 seconds,*Device Login *Do NOT Remove
IT Italian Trattoria Collins,Jonathan Lucero,162,,Pizza - Collins,,9/11/26 9:05 PM,9/11/26 9:11 PM,5 minutes and 34 seconds,*Device Login *Do NOT Remove
IT Italian Trattoria Collins,Jonathan Lucero,156,,Pizza - Collins,,9/11/26 9:06 PM,9/11/26 9:11 PM,4 minutes and 33 seconds,*Device Login *Do NOT Remove
IT Italian Trattoria Collins,Jonathan Lucero,165,,Pasta - Collins,,9/11/26 9:14 PM,9/11/26 9:21 PM,6 minutes and 35 seconds,*Device Login *Do NOT Remove
IT Italian Trattoria Collins,Jonathan Lucero,165,,Pizza - Collins,,9/11/26 9:14 PM,9/11/26 9:21 PM,7 minutes and 9 seconds,*Device Login *Do NOT Remove
IT Italian Trattoria Collins,Jonathan Lucero,168,,Pizza - Collins,,9/11/26 9:22 PM,9/11/26 9:29 PM,7 minutes and 30 seconds,*Device Login *Do NOT Remove
IT Italian Trattoria Collins,Jonathan Lucero,170,,Pizza - Collins,,9/11/26 9:27 PM,9/11/26 9:34 PM,6 minutes and 15 seconds,*Device Login *Do NOT Remove
IT Italian Trattoria Collins,Yamila Hidalgo,175,,Pasta - Collins,,9/11/26 9:56 PM,9/11/26 9:59 PM,2 minutes and 59 seconds,*Device Login *Do NOT Remove
IT Italian Trattoria Collins,Jonathan Lucero,179,,Pizza - Collins,,9/11/26 10:15 PM,9/11/26 10:22 PM,7 minutes and 27 seconds,*Device Login *Do NOT Remove
IT Italian Trattoria Collins,Jonathan Lucero,181,,Pasta - Collins,,9/11/26 10:18 PM,9/11/26 10:25 PM,6 minutes and 49 seconds,*Device Login *Do NOT Remove
IT Italian Trattoria Collins,Jonathan Lucero,183,,Pizza - Collins,,9/11/26 10:29 PM,9/11/26 10:39 PM,10 minutes and 20 seconds,*Device Login *Do NOT Remove
IT Italian Trattoria Collins,Jonathan Lucero,186,,Pasta - Collins,,9/11/26 10:46 PM,9/11/26 10:47 PM,41 seconds,*Device Login *Do NOT Remove
IT Italian Trattoria Collins,Jonathan Lucero,186,,Pizza - Collins,,9/11/26 10:46 PM,9/11/26 10:52 PM,5 minutes and 54 seconds,*Device Login *Do NOT Remove
IT Italian Trattoria Collins,Jonathan Lucero,189,,Pasta - Collins,,9/11/26 11:17 PM,9/11/26 11:23 PM,5 minutes and 58 seconds,*Device Login *Do NOT Remove
IT Italian Trattoria Collins,Charles Hernandez,4,,Pasta - Collins,,9/12/26 8:21 AM,9/12/26 8:31 AM,9 minutes and 19 seconds,*Device Login *Do NOT Remove
IT Italian Trattoria Collins,Charles Hernandez,5,,Pasta - Collins,,9/12/26 8:25 AM,9/12/26 8:31 AM,5 minutes and 50 seconds,*Device Login *Do NOT Remove
IT Italian Trattoria Collins,Charles Hernandez,8,,Pasta - Collins,,9/12/26 8:43 AM,9/12/26 8:49 AM,6 minutes and 54 seconds,*Device Login *Do NOT Remove
IT Italian Trattoria Collins,Charles Hernandez,10,,Pasta - Collins,,9/12/26 8:53 AM,9/12/26 9:04 AM,10 minutes and 40 seconds,*Device Login *Do NOT Remove
IT Italian Trattoria Collins,Charles Hernandez,13,,Pasta - Collins,,9/12/26 9:01 AM,9/12/26 9:04 AM,2 minutes and 6 seconds,*Device Login *Do NOT Remove
IT Italian Trattoria Collins,Charles Hernandez,14,,Pasta - Collins,,9/12/26 9:07 AM,9/12/26 9:14 AM,7 minutes and 19 seconds,*Device Login *Do NOT Remove
IT Italian Trattoria Collins,Charles Hernandez,15,,Pasta - Collins,,9/12/26 9:17 AM,9/12/26 9:17 AM,17 seconds,*Device Login *Do NOT Remove
IT Italian Trattoria Collins,Charles Hernandez,18,,Pasta - Collins,,9/12/26 9:25 AM,9/12/26 9:26 AM,1 minute and 3 seconds,*Device Login *Do NOT Remove
IT Italian Trattoria Collins,Charles Hernandez,19,,Pasta - Collins,,9/12/26 9:27 AM,9/12/26 9:32 AM,4 minutes and 57 seconds,*Device Login *Do NOT Remove
IT Italian Trattoria Collins,Charles Hernandez,22,,Pasta - Collins,,9/12/26 9:38 AM,9/12/26 9:47 AM,9 minutes and 24 seconds,*Device Login *Do NOT Remove
IT Italian Trattoria Collins,Charles Hernandez,25,,Pasta - Collins,,9/12/26 9:47 AM,9/12/26 9:53 AM,6 minutes and 2 seconds,*Device Login *Do NOT Remove
IT Italian Trattoria Collins,Charles Hernandez,28,,Pasta - Collins,,9/12/26 9:53 AM,9/12/26 9:59 AM,5 minutes and 14 seconds,*Device Login *Do NOT Remove
IT Italian Trattoria Collins,Charles Hernandez,29,,Pasta - Collins,,9/12/26 9:55 AM,9/12/26 9:59 AM,3 minutes and 27 seconds,*Device Login *Do NOT Remove
IT Italian Trattoria Collins,Charles Hernandez,31,,Pasta - Collins,,9/12/26 9:58 AM,9/12/26 9:59 AM,14 seconds,*Device Login *Do NOT Remove
IT Italian Trattoria Collins,Charles Hernandez,36,,Pasta - Collins,,9/12/26 10:12 AM,9/12/26 10:13 AM,59 seconds,*Device Login *Do NOT Remove
IT Italian Trattoria Collins,Charles Hernandez,35,,Pasta - Collins,,9/12/26 10:11 AM,9/12/26 10:18 AM,6 minutes and 55 seconds,*Device Login *Do NOT Remove
IT Italian Trattoria Collins,Charles Hernandez,37,,Pasta - Collins,,9/12/26 10:15 AM,9/12/26 10:26 AM,10 minutes and 50 seconds,*Device Login *Do NOT Remove
IT Italian Trattoria Collins,Charles Hernandez,43,,Pasta - Collins,,9/12/26 10:40 AM,9/12/26 10:43 AM,3 minutes and 20 seconds,*Device Login *Do NOT Remove
IT Italian Trattoria Collins,Charles Hernandez,44,,Pasta - Collins,,9/12/26 10:47 AM,9/12/26 10:49 AM,1 minute and 55 seconds,*Device Login *Do NOT Remove
IT Italian Trattoria Collins,Charles Hernandez,47,,Pasta - Collins,,9/12/26 10:56 AM,9/12/26 10:56 AM,6 seconds,*Device Login *Do NOT Remove
IT Italian Trattoria Collins,Charles Hernandez,46,,Pasta - Collins,,9/12/26 10:55 AM,9/12/26 11:00 AM,5 minutes and 35 seconds,*Device Login *Do NOT Remove
IT Italian Trattoria Collins,Charles Hernandez,45,,Pasta - Collins,,9/12/26 10:53 AM,9/12/26 11:00 AM,7 minutes and 21 seconds,*Device Login *Do NOT Remove
IT Italian Trattoria Collins,Charles Hernandez,51,,Pasta - Collins,,9/12/26 11:04 AM,9/12/26 11:13 AM,9 minutes and 25 seconds,*Device Login *Do NOT Remove
IT Italian Trattoria Collins,Charles Hernandez,56,,Pasta - Collins,,9/12/26 11:43 AM,9/12/26 11:50 AM,7 minutes and 14 seconds,*Device Login *Do NOT Remove
IT Italian Trattoria Collins,Charles Hernandez,58,,Pasta - Collins,,9/12/26 11:45 AM,9/12/26 11:50 AM,4 minutes and 40 seconds,*Device Login *Do NOT Remove
IT Italian Trattoria Collins,Charles Hernandez,61,,Pizza - Collins,,9/12/26 11:51 AM,9/12/26 11:52 AM,31 seconds,*Device Login *Do NOT Remove
IT Italian Trattoria Collins,Charles Hernandez,61,,No print / Expo - Collins,,9/12/26 11:51 AM,9/12/26 11:52 AM,31 seconds,*Device Login *Do NOT Remove
IT Italian Trattoria Collins,Charles Hernandez,57,,Pizza - Collins,,9/12/26 11:43 AM,9/12/26 11:52 AM,8 minutes and 42 seconds,*Device Login *Do NOT Remove
IT Italian Trattoria Collins,Charles Hernandez,57,,No print / Expo - Collins,,9/12/26 11:43 AM,9/12/26 11:52 AM,8 minutes and 42 seconds,*Device Login *Do NOT Remove
IT Italian Trattoria Collins,Charles Hernandez,56,,Pizza - Collins,,9/12/26 11:43 AM,9/12/26 11:52 AM,9 minutes and 41 seconds,*Device Login *Do NOT Remove
IT Italian Trattoria Collins,Charles Hernandez,60,,Pasta - Collins,,9/12/26 11:47 AM,9/12/26 11:54 AM,6 minutes and 55 seconds,*Device Login *Do NOT Remove
IT Italian Trattoria Collins,Charles Hernandez,63,,Pasta - Collins,,9/12/26 11:53 AM,9/12/26 11:58 AM,4 minutes and 38 seconds,*Device Login *Do NOT Remove
IT Italian Trattoria Collins,Charles Hernandez,62,,Pizza - Collins,,9/12/26 11:53 AM,9/12/26 12:02 PM,9 minutes and 24 seconds,*Device Login *Do NOT Remove
IT Italian Trattoria Collins,Charles Hernandez,69,,Pasta - Collins,,9/12/26 12:35 PM,9/12/26 12:35 PM,6 seconds,*Device Login *Do NOT Remove
IT Italian Trattoria Collins,Charles Hernandez,70,,Pizza - Collins,,9/12/26 12:35 PM,9/12/26 12:38 PM,2 minutes and 38 seconds,*Device Login *Do NOT Remove
IT Italian Trattoria Collins,Charles Hernandez,70,,No print / Expo - Collins,,9/12/26 12:35 PM,9/12/26 12:38 PM,2 minutes and 38 seconds,*Device Login *Do NOT Remove
IT Italian Trattoria Collins,Charles Hernandez,71,,Pasta - Collins,,9/12/26 12:37 PM,9/12/26 12:38 PM,48 seconds,*Device Login *Do NOT Remove
IT Italian Trattoria Collins,Charles Hernandez,69,,Pizza - Collins,,9/12/26 12:35 PM,9/12/26 12:43 PM,8 minutes and 36 seconds,*Device Login *Do NOT Remove
IT Italian Trattoria Collins,Charles Hernandez,71,,Pizza - Collins,,9/12/26 12:37 PM,9/12/26 12:43 PM,5 minutes and 42 seconds,*Device Login *Do NOT Remove
IT Italian Trattoria Collins,Charles Hernandez,72,,Pizza - Collins,,9/12/26 12:40 PM,9/12/26 12:53 PM,12 minutes and 31 seconds,*Device Login *Do NOT Remove
IT Italian Trattoria Collins,Charles Hernandez,73,,Pizza - Collins,,9/12/26 12:42 PM,9/12/26 12:53 PM,11 minutes and 9 seconds,*Device Login *Do NOT Remove
IT Italian Trattoria Collins,Charles Hernandez,75,,Pasta - Collins,,9/12/26 1:21 PM,9/12/26 1:22 PM,1 minute and 4 seconds,*Device Login *Do NOT Remove
IT Italian Trattoria Collins,Charles Hernandez,80,,Pizza - Collins,,9/12/26 2:00 PM,9/12/26 2:07 PM,6 minutes and 52 seconds,*Device Login *Do NOT Remove
IT Italian Trattoria Collins,Charles Hernandez,80,,No print / Expo - Collins,,9/12/26 2:00 PM,9/12/26 2:07 PM,6 minutes and 52 seconds,*Device Login *Do NOT Remove
IT Italian Trattoria Collins,Charles Hernandez,79,,Pizza - Collins,,9/12/26 1:55 PM,9/12/26 2:07 PM,11 minutes and 59 seconds,*Device Login *Do NOT Remove
IT Italian Trattoria Collins,Charles Hernandez,79,,No print / Expo - Collins,,9/12/26 1:55 PM,9/12/26 2:07 PM,11 minutes and 59 seconds,*Device Login *Do NOT Remove
IT Italian Trattoria Collins,Charles Hernandez,82,,Pasta - Collins,,9/12/26 2:06 PM,9/12/26 2:19 PM,12 minutes and 36 seconds,*Device Login *Do NOT Remove
IT Italian Trattoria Collins,Charles Hernandez,82,,Pizza - Collins,,9/12/26 2:06 PM,9/12/26 2:24 PM,17 minutes and 42 seconds,*Device Login *Do NOT Remove
IT Italian Trattoria Collins,Charles Hernandez,83,,Pizza - Collins,,9/12/26 2:27 PM,9/12/26 2:28 PM,20 seconds,*Device Login *Do NOT Remove
IT Italian Trattoria Collins,Charles Hernandez,83,,No print / Expo - Collins,,9/12/26 2:27 PM,9/12/26 2:28 PM,20 seconds,*Device Login *Do NOT Remove
IT Italian Trattoria Collins,Charles Hernandez,84,,Pizza - Collins,,9/12/26 2:31 PM,9/12/26 2:38 PM,7 minutes and 12 seconds,*Device Login *Do NOT Remove
IT Italian Trattoria Collins,Charles Hernandez,84,,Pasta - Collins,,9/12/26 2:31 PM,9/12/26 2:45 PM,13 minutes and 59 seconds,*Device Login *Do NOT Remove
IT Italian Trattoria Collins,Charles Hernandez,86,,Pasta - Collins,,9/12/26 2:36 PM,9/12/26 2:45 PM,8 minutes and 59 seconds,*Device Login *Do NOT Remove
IT Italian Trattoria Collins,Charles Hernandez,86,,Pizza - Collins,,9/12/26 2:36 PM,9/12/26 2:47 PM,11 minutes and 37 seconds,*Device Login *Do NOT Remove
IT Italian Trattoria Collins,Charles Hernandez,91,,Pasta - Collins,,9/12/26 2:53 PM,9/12/26 3:00 PM,6 minutes and 39 seconds,*Device Login *Do NOT Remove
IT Italian Trattoria Collins,Charles Hernandez,92,,Pasta - Collins,,9/12/26 2:56 PM,9/12/26 3:03 PM,7 minutes and 5 seconds,*Device Login *Do NOT Remove
IT Italian Trattoria Collins,Charles Hernandez,94,,Pizza - Collins,,9/12/26 3:02 PM,9/12/26 3:12 PM,10 minutes and 1 second,*Device Login *Do NOT Remove
IT Italian Trattoria Collins,Charles Hernandez,93,,Pizza - Collins,,9/12/26 3:00 PM,9/12/26 3:12 PM,12 minutes and 3 seconds,*Device Login *Do NOT Remove
IT Italian Trattoria Collins,Charles Hernandez,98,,Pasta - Collins,,9/12/26 3:23 PM,9/12/26 3:29 PM,5 minutes and 59 seconds,*Device Login *Do NOT Remove
IT Italian Trattoria Collins,Charles Hernandez,99,,Pasta - Collins,,9/12/26 3:34 PM,9/12/26 3:40 PM,6 minutes and 14 seconds,*Device Login *Do NOT Remove
IT Italian Trattoria Collins,Charles Hernandez,99,,Pizza - Collins,,9/12/26 3:34 PM,9/12/26 3:44 PM,9 minutes and 58 seconds,*Device Login *Do NOT Remove
IT Italian Trattoria Collins,Charles Hernandez,101,,Pizza - Collins,,9/12/26 3:43 PM,9/12/26 3:48 PM,5 minutes and 26 seconds,*Device Login *Do NOT Remove
IT Italian Trattoria Collins,Charles Hernandez,102,,Pasta - Collins,,9/12/26 3:45 PM,9/12/26 3:51 PM,5 minutes and 26 seconds,*Device Login *Do NOT Remove
IT Italian Trattoria Collins,Charles Hernandez,100,,Pasta - Collins,,9/12/26 3:41 PM,9/12/26 3:55 PM,13 minutes and 26 seconds,*Device Login *Do NOT Remove
IT Italian Trattoria Collins,Andrea Rizzi,106,,Pasta - Collins,,9/12/26 4:17 PM,9/12/26 4:23 PM,5 minutes and 49 seconds,*Device Login *Do NOT Remove
IT Italian Trattoria Collins,Andrea Rizzi,106,,Pizza - Collins,,9/12/26 4:17 PM,9/12/26 4:26 PM,8 minutes and 55 seconds,*Device Login *Do NOT Remove
IT Italian Trattoria Collins,Andrea Rizzi,107,,Pizza - Collins,,9/12/26 4:21 PM,9/12/26 4:35 PM,13 minutes and 37 seconds,*Device Login *Do NOT Remove
IT Italian Trattoria Collins,Yamila Hidalgo,109,,Pasta - Collins,,9/12/26 4:39 PM,9/12/26 4:46 PM,7 minutes and 2 seconds,*Device Login *Do NOT Remove
IT Italian Trattoria Collins,Andrea Rizzi,113,,Pasta - Collins,,9/12/26 5:03 PM,9/12/26 5:11 PM,8 minutes and 10 seconds,*Device Login *Do NOT Remove
IT Italian Trattoria Collins,Andrea Rizzi,113,,Pizza - Collins,,9/12/26 5:03 PM,9/12/26 5:12 PM,9 minutes and 5 seconds,*Device Login *Do NOT Remove
IT Italian Trattoria Collins,Andrea Rizzi,115,,Pizza - Collins,,9/12/26 5:09 PM,9/12/26 5:18 PM,9 minutes and 8 seconds,*Device Login *Do NOT Remove
IT Italian Trattoria Collins,Andrea Rizzi,114,,Pizza - Collins,,9/12/26 5:05 PM,9/12/26 5:21 PM,15 minutes and 59 seconds,*Device Login *Do NOT Remove
IT Italian Trattoria Collins,Andrea Rizzi,116,,Pasta - Collins,,9/12/26 5:23 PM,9/12/26 5:29 PM,6 minutes and 36 seconds,*Device Login *Do NOT Remove
IT Italian Trattoria Collins,Andrea Rizzi,117,,Pizza - Collins,,9/12/26 5:24 PM,9/12/26 5:32 PM,8 minutes and 4 seconds,*Device Login *Do NOT Remove
IT Italian Trattoria Collins,Yamila Hidalgo,109,,Drinks - Collins,,9/12/26 4:39 PM,9/12/26 5:34 PM,55 minutes and 6 seconds,Andrea Rizzi
IT Italian Trattoria Collins,Yamila Hidalgo,109,,No Print - Collins,,9/12/26 4:39 PM,9/12/26 5:34 PM,55 minutes and 6 seconds,Andrea Rizzi
IT Italian Trattoria Collins,Andrea Rizzi,118,,Pasta - Collins,,9/12/26 5:29 PM,9/12/26 5:35 PM,5 minutes and 55 seconds,*Device Login *Do NOT Remove
IT Italian Trattoria Collins,Jonathan Lucero,122,,Pizza - Collins,,9/12/26 6:03 PM,9/12/26 6:04 PM,43 seconds,*Device Login *Do NOT Remove
IT Italian Trattoria Collins,Jonathan Lucero,122,,No print / Expo - Collins,,9/12/26 6:03 PM,9/12/26 6:04 PM,43 seconds,*Device Login *Do NOT Remove
IT Italian Trattoria Collins,Yamila Hidalgo,121,,Pasta - Collins,,9/12/26 5:59 PM,9/12/26 6:04 PM,4 minutes and 53 seconds,*Device Login *Do NOT Remove
IT Italian Trattoria Collins,Yamila Hidalgo,121,,Pizza - Collins,,9/12/26 5:59 PM,9/12/26 6:06 PM,6 minutes and 46 seconds,*Device Login *Do NOT Remove
IT Italian Trattoria Collins,Jonathan Lucero,123,,Pizza - Collins,,9/12/26 6:05 PM,9/12/26 6:06 PM,1 minute and 11 seconds,*Device Login *Do NOT Remove
IT Italian Trattoria Collins,Jonathan Lucero,123,,No print / Expo - Collins,,9/12/26 6:05 PM,9/12/26 6:06 PM,1 minute and 11 seconds,*Device Login *Do NOT Remove
IT Italian Trattoria Collins,Jonathan Lucero,124,,Pasta - Collins,,9/12/26 6:06 PM,9/12/26 6:10 PM,4 minutes and 1 second,*Device Login *Do NOT Remove
IT Italian Trattoria Collins,Jonathan Lucero,123,,Pasta - Collins,,9/12/26 6:05 PM,9/12/26 6:11 PM,6 minutes and 4 seconds,*Device Login *Do NOT Remove
IT Italian Trattoria Collins,Jonathan Lucero,125,,Pasta - Collins,,9/12/26 6:12 PM,9/12/26 6:12 PM,3 seconds,*Device Login *Do NOT Remove
IT Italian Trattoria Collins,Jonathan Lucero,125,,Pizza - Collins,,9/12/26 6:12 PM,9/12/26 6:14 PM,1 minute and 39 seconds,*Device Login *Do NOT Remove
IT Italian Trattoria Collins,Jonathan Lucero,125,,No print / Expo - Collins,,9/12/26 6:12 PM,9/12/26 6:14 PM,1 minute and 39 seconds,*Device Login *Do NOT Remove
IT Italian Trattoria Collins,Yamila Hidalgo,127,,Pizza - Collins,,9/12/26 6:18 PM,9/12/26 6:25 PM,6 minutes and 27 seconds,*Device Login *Do NOT Remove
IT Italian Trattoria Collins,Yamila Hidalgo,128,,Pizza - Collins,,9/12/26 6:21 PM,9/12/26 6:27 PM,6 minutes and 34 seconds,*Device Login *Do NOT Remove
IT Italian Trattoria Collins,Jonathan Lucero,132,,Pasta - Collins,,9/12/26 6:51 PM,9/12/26 6:55 PM,4 minutes and 8 seconds,*Device Login *Do NOT Remove
IT Italian Trattoria Collins,Jonathan Lucero,132,,Pizza - Collins,,9/12/26 6:51 PM,9/12/26 6:58 PM,6 minutes and 31 seconds,*Device Login *Do NOT Remove
IT Italian Trattoria Collins,Jonathan Lucero,133,,Pasta - Collins,,9/12/26 6:58 PM,9/12/26 7:04 PM,6 minutes and 29 seconds,*Device Login *Do NOT Remove
IT Italian Trattoria Collins,Jonathan Lucero,133,,Pizza - Collins,,9/12/26 6:58 PM,9/12/26 7:05 PM,7 minutes and 2 seconds,*Device Login *Do NOT Remove
IT Italian Trattoria Collins,Jonathan Lucero,136,,Pasta - Collins,,9/12/26 7:04 PM,9/12/26 7:09 PM,5 minutes and 14 seconds,*Device Login *Do NOT Remove
IT Italian Trattoria Collins,Jonathan Lucero,136,,Pizza - Collins,,9/12/26 7:04 PM,9/12/26 7:11 PM,6 minutes and 46 seconds,*Device Login *Do NOT Remove
IT Italian Trattoria Collins,Jonathan Lucero,138,,Pizza - Collins,,9/12/26 7:10 PM,9/12/26 7:16 PM,5 minutes and 41 seconds,*Device Login *Do NOT Remove
IT Italian Trattoria Collins,Jonathan Lucero,140,,Pasta - Collins,,9/12/26 7:15 PM,9/12/26 7:21 PM,5 minutes and 21 seconds,*Device Login *Do NOT Remove
IT Italian Trattoria Collins,Jonathan Lucero,140,,Pizza - Collins,,9/12/26 7:15 PM,9/12/26 7:22 PM,6 minutes and 9 seconds,*Device Login *Do NOT Remove
IT Italian Trattoria Collins,Davide Christopher Paredi,141,,Pizza - Collins,,9/12/26 7:16 PM,9/12/26 7:22 PM,5 minutes and 38 seconds,*Device Login *Do NOT Remove
IT Italian Trattoria Collins,Jonathan Lucero,142,,Pizza - Collins,,9/12/26 7:17 PM,9/12/26 7:24 PM,6 minutes and 54 seconds,*Device Login *Do NOT Remove
IT Italian Trattoria Collins,Davide Christopher Paredi,141,,Pasta - Collins,,9/12/26 7:16 PM,9/12/26 7:27 PM,10 minutes and 49 seconds,*Device Login *Do NOT Remove
IT Italian Trattoria Collins,Jonathan Lucero,142,,Pasta - Collins,,9/12/26 7:17 PM,9/12/26 7:28 PM,11 minutes and 16 seconds,*Device Login *Do NOT Remove
IT Italian Trattoria Collins,Davide Christopher Paredi,143,,Pasta - Collins,,9/12/26 7:16 PM,9/12/26 7:30 PM,13 minutes and 35 seconds,*Device Login *Do NOT Remove
IT Italian Trattoria Collins,Davide Christopher Paredi,145,,Pizza - Collins,,9/12/26 7:22 PM,9/12/26 7:32 PM,10 minutes and 15 seconds,*Device Login *Do NOT Remove
IT Italian Trattoria Collins,Yamila Hidalgo,148,,Pasta - Collins,,9/12/26 7:31 PM,9/12/26 7:36 PM,5 minutes and 13 seconds,*Device Login *Do NOT Remove
IT Italian Trattoria Collins,Jonathan Lucero,147,,Pizza - Collins,,9/12/26 7:31 PM,9/12/26 7:38 PM,6 minutes and 46 seconds,*Device Login *Do NOT Remove
IT Italian Trattoria Collins,Yamila Hidalgo,149,,Pasta - Collins,,9/12/26 7:32 PM,9/12/26 7:38 PM,5 minutes and 51 seconds,*Device Login *Do NOT Remove
IT Italian Trattoria Collins,Jonathan Lucero,152,,Pizza - Collins,,9/12/26 7:39 PM,9/12/26 7:39 PM,4 seconds,*Device Login *Do NOT Remove
IT Italian Trattoria Collins,Jonathan Lucero,150,,Pasta - Collins,,9/12/26 7:34 PM,9/12/26 7:42 PM,7 minutes and 34 seconds,*Device Login *Do NOT Remove
IT Italian Trattoria Collins,Yamila Hidalgo,155,,Pasta - Collins,,9/12/26 7:57 PM,9/12/26 8:02 PM,4 minutes and 56 seconds,*Device Login *Do NOT Remove
IT Italian Trattoria Collins,Yamila Hidalgo,160,,Pasta - Collins,,9/12/26 8:01 PM,9/12/26 8:06 PM,4 minutes and 47 seconds,*Device Login *Do NOT Remove
IT Italian Trattoria Collins,Jonathan Lucero,157,,Pizza - Collins,,9/12/26 8:00 PM,9/12/26 8:07 PM,7 minutes and 12 seconds,*Device Login *Do NOT Remove
IT Italian Trattoria Collins,Yamila Hidalgo,156,,Pizza - Collins,,9/12/26 8:00 PM,9/12/26 8:08 PM,7 minutes and 48 seconds,*Device Login *Do NOT Remove
IT Italian Trattoria Collins,Jonathan Lucero,159,,Pasta - Collins,,9/12/26 8:04 PM,9/12/26 8:11 PM,7 minutes and 15 seconds,*Device Login *Do NOT Remove
IT Italian Trattoria Collins,Yamila Hidalgo,161,,Pizza - Collins,,9/12/26 8:26 PM,9/12/26 8:29 PM,3 minutes and 21 seconds,*Device Login *Do NOT Remove
IT Italian Trattoria Collins,Yamila Hidalgo,161,,Pasta - Collins,,9/12/26 8:26 PM,9/12/26 8:32 PM,5 minutes and 53 seconds,*Device Login *Do NOT Remove
IT Italian Trattoria Collins,Jonathan Lucero,162,,Pizza - Collins,,9/12/26 8:26 PM,9/12/26 8:36 PM,9 minutes and 10 seconds,*Device Login *Do NOT Remove
IT Italian Trattoria Collins,Jonathan Lucero,162,,Pasta - Collins,,9/12/26 8:26 PM,9/12/26 8:38 PM,11 minutes and 4 seconds,*Device Login *Do NOT Remove
IT Italian Trattoria Collins,Jonathan Lucero,164,,Pizza - Collins,,9/12/26 8:30 PM,9/12/26 8:38 PM,7 minutes and 19 seconds,*Device Login *Do NOT Remove
IT Italian Trattoria Collins,Jonathan Lucero,164,,Pasta - Collins,,9/12/26 8:30 PM,9/12/26 8:39 PM,8 minutes and 19 seconds,*Device Login *Do NOT Remove
IT Italian Trattoria Collins,Jonathan Lucero,165,,Pasta - Collins,,9/12/26 8:37 PM,9/12/26 8:43 PM,5 minutes and 54 seconds,*Device Login *Do NOT Remove
IT Italian Trattoria Collins,Yamila Hidalgo,163,,Pizza - Collins,,9/12/26 8:42 PM,9/12/26 8:49 PM,7 minutes and 21 seconds,*Device Login *Do NOT Remove
IT Italian Trattoria Collins,Jonathan Lucero,167,,Pasta - Collins,,9/12/26 8:41 PM,9/12/26 8:49 PM,8 minutes and 20 seconds,*Device Login *Do NOT Remove
IT Italian Trattoria Collins,Jonathan Lucero,171,,Pasta - Collins,,9/12/26 8:55 PM,9/12/26 8:59 PM,4 minutes and 20 seconds,*Device Login *Do NOT Remove
IT Italian Trattoria Collins,Jonathan Lucero,171,,Pizza - Collins,,9/12/26 8:55 PM,9/12/26 9:01 PM,6 minutes and 8 seconds,*Device Login *Do NOT Remove
IT Italian Trattoria Collins,Andrea Rizzi,172,,Pasta - Collins,,9/12/26 8:56 PM,9/12/26 9:01 PM,4 minutes and 54 seconds,*Device Login *Do NOT Remove
IT Italian Trattoria Collins,Andrea Rizzi,173,,Pasta - Collins,,9/12/26 9:07 PM,9/12/26 9:12 PM,4 minutes and 49 seconds,*Device Login *Do NOT Remove
IT Italian Trattoria Collins,Andrea Rizzi,179,,Pasta - Collins,,9/12/26 9:14 PM,9/12/26 9:15 PM,40 seconds,*Device Login *Do NOT Remove
IT Italian Trattoria Collins,Andrea Rizzi,178,,Pasta - Collins,,9/12/26 9:10 PM,9/12/26 9:15 PM,5 minutes and 32 seconds,*Device Login *Do NOT Remove
IT Italian Trattoria Collins,Andrea Rizzi,181,,Pasta - Collins,,9/12/26 9:15 PM,9/12/26 9:20 PM,4 minutes and 21 seconds,*Device Login *Do NOT Remove
IT Italian Trattoria Collins,Jonathan Lucero,176,,Pizza - Collins,,9/12/26 9:11 PM,9/12/26 9:20 PM,8 minutes and 36 seconds,*Device Login *Do NOT Remove
IT Italian Trattoria Collins,Jonathan Lucero,180,,Pizza - Collins,,9/12/26 9:14 PM,9/12/26 9:20 PM,6 minutes and 4 seconds,*Device Login *Do NOT Remove
IT Italian Trattoria Collins,Jonathan Lucero,182,,Pizza - Collins,,9/12/26 9:15 PM,9/12/26 9:22 PM,6 minutes and 57 seconds,*Device Login *Do NOT Remove
IT Italian Trattoria Collins,Andrea Rizzi,184,,Pasta - Collins,,9/12/26 9:19 PM,9/12/26 9:23 PM,4 minutes and 11 seconds,*Device Login *Do NOT Remove
IT Italian Trattoria Collins,Jonathan Lucero,185,,Pasta - Collins,,9/12/26 9:22 PM,9/12/26 9:27 PM,4 minutes and 57 seconds,*Device Login *Do NOT Remove
IT Italian Trattoria Collins,Andrea Rizzi,186,,Pizza - Collins,,9/12/26 9:22 PM,9/12/26 9:42 PM,20 minutes and 32 seconds,*Device Login *Do NOT Remove
IT Italian Trattoria Collins,Jonathan Lucero,185,,Pizza - Collins,,9/12/26 9:22 PM,9/12/26 9:42 PM,19 minutes and 50 seconds,*Device Login *Do NOT Remove
IT Italian Trattoria Collins,Jonathan Lucero,188,,Pasta - Collins,,9/12/26 9:38 PM,9/12/26 9:43 PM,4 minutes and 18 seconds,*Device Login *Do NOT Remove
IT Italian Trattoria Collins,Jonathan Lucero,188,,Pizza - Collins,,9/12/26 9:38 PM,9/12/26 9:48 PM,9 minutes and 22 seconds,*Device Login *Do NOT Remove
IT Italian Trattoria Collins,Jonathan Lucero,189,,Pizza - Collins,,9/12/26 9:39 PM,9/12/26 9:53 PM,13 minutes and 52 seconds,*Device Login *Do NOT Remove
IT Italian Trattoria Collins,Jonathan Lucero,190,,Pizza - Collins,,9/12/26 10:19 PM,9/12/26 10:27 PM,7 minutes and 45 seconds,*Device Login *Do NOT Remove
IT Italian Trattoria Collins,Jonathan Lucero,194,,Pasta - Collins,,9/12/26 10:26 PM,9/12/26 10:29 PM,3 minutes and 40 seconds,*Device Login *Do NOT Remove
IT Italian Trattoria Collins,Jonathan Lucero,195,,Pizza - Collins,,9/12/26 10:34 PM,9/12/26 10:40 PM,6 minutes and 4 seconds,*Device Login *Do NOT Remove
IT Italian Trattoria Collins,Jonathan Lucero,196,,Pasta - Collins,,9/12/26 10:40 PM,9/12/26 10:44 PM,3 minutes and 45 seconds,*Device Login *Do NOT Remove
IT Italian Trattoria Collins,Jonathan Lucero,196,,Pizza - Collins,,9/12/26 10:40 PM,9/12/26 10:45 PM,5 minutes and 5 seconds,*Device Login *Do NOT Remove
IT Italian Trattoria Collins,Andrea Rizzi,197,,Pizza - Collins,,9/12/26 10:41 PM,9/12/26 10:45 PM,3 minutes and 53 seconds,*Device Login *Do NOT Remove
IT Italian Trattoria Collins,Andrea Rizzi,198,,Pizza - Collins,,9/12/26 10:48 PM,9/12/26 10:56 PM,7 minutes and 53 seconds,*Device Login *Do NOT Remove
IT Italian Trattoria Collins,Andrea Rizzi,201,,Pizza - Collins,,9/12/26 10:54 PM,9/12/26 10:58 PM,4 minutes and 29 seconds,*Device Login *Do NOT Remove
IT Italian Trattoria Collins,Jonathan Lucero,203,,Pizza - Collins,,9/12/26 11:07 PM,9/12/26 11:12 PM,5 minutes and 24 seconds,*Device Login *Do NOT Remove
IT Italian Trattoria Collins,Jonathan Lucero,205,,Pasta - Collins,,9/12/26 11:14 PM,9/12/26 11:24 PM,9 minutes and 35 seconds,*Device Login *Do NOT Remove
IT Italian Trattoria Collins,Andrea Rizzi,207,,Pasta - Collins,,9/12/26 11:20 PM,9/12/26 11:29 PM,8 minutes and 53 seconds,*Device Login *Do NOT Remove
IT Italian Trattoria Collins,Andrea Rizzi,208,,Pasta - Collins,,9/12/26 11:29 PM,9/12/26 11:35 PM,6 minutes and 27 seconds,*Device Login *Do NOT Remove
IT Italian Trattoria Collins,Charles Hernandez,3,,Pasta - Collins,,9/13/26 7:47 AM,9/13/26 7:52 AM,5 minutes and 11 seconds,*Device Login *Do NOT Remove
IT Italian Trattoria Collins,Charles Hernandez,4,,Pasta - Collins,,9/13/26 8:05 AM,9/13/26 8:09 AM,3 minutes and 42 seconds,*Device Login *Do NOT Remove
IT Italian Trattoria Collins,Charles Hernandez,5,,Pasta - Collins,,9/13/26 8:23 AM,9/13/26 8:29 AM,6 minutes and 44 seconds,*Device Login *Do NOT Remove
IT Italian Trattoria Collins,Charles Hernandez,8,,Pasta - Collins,,9/13/26 8:46 AM,9/13/26 8:55 AM,8 minutes and 41 seconds,*Device Login *Do NOT Remove
IT Italian Trattoria Collins,Charles Hernandez,10,,Pasta - Collins,,9/13/26 8:49 AM,9/13/26 8:55 AM,5 minutes and 44 seconds,*Device Login *Do NOT Remove
IT Italian Trattoria Collins,Vivian Ducasal,14,,Pasta - Collins,,9/13/26 9:08 AM,9/13/26 9:09 AM,1 minute and 10 seconds,*Device Login *Do NOT Remove
IT Italian Trattoria Collins,Vivian Ducasal,13,,Pasta - Collins,,9/13/26 9:05 AM,9/13/26 9:12 AM,6 minutes and 41 seconds,*Device Login *Do NOT Remove
IT Italian Trattoria Collins,Charles Hernandez,20,,Pasta - Collins,,9/13/26 9:28 AM,9/13/26 9:37 AM,9 minutes and 49 seconds,*Device Login *Do NOT Remove
IT Italian Trattoria Collins,Charles Hernandez,21,,Pasta - Collins,,9/13/26 9:29 AM,9/13/26 9:37 AM,8 minutes and 34 seconds,*Device Login *Do NOT Remove
IT Italian Trattoria Collins,Charles Hernandez,23,,Pasta - Collins,,9/13/26 9:32 AM,9/13/26 9:37 AM,5 minutes and 52 seconds,*Device Login *Do NOT Remove
IT Italian Trattoria Collins,Charles Hernandez,22,,Pasta - Collins,,9/13/26 9:31 AM,9/13/26 9:37 AM,6 minutes and 27 seconds,*Device Login *Do NOT Remove
IT Italian Trattoria Collins,Charles Hernandez,25,,Pasta - Collins,,9/13/26 9:35 AM,9/13/26 9:39 AM,3 minutes and 58 seconds,*Device Login *Do NOT Remove
IT Italian Trattoria Collins,Charles Hernandez,27,,Pasta - Collins,,9/13/26 9:41 AM,9/13/26 9:45 AM,4 minutes and 18 seconds,*Device Login *Do NOT Remove
IT Italian Trattoria Collins,Charles Hernandez,28,,Pasta - Collins,,9/13/26 9:47 AM,9/13/26 9:53 AM,6 minutes and 2 seconds,*Device Login *Do NOT Remove
IT Italian Trattoria Collins,Charles Hernandez,30,,Pasta - Collins,,9/13/26 9:50 AM,9/13/26 9:53 AM,3 minutes and 45 seconds,*Device Login *Do NOT Remove
IT Italian Trattoria Collins,Charles Hernandez,32,,Pasta - Collins,,9/13/26 9:53 AM,9/13/26 9:57 AM,4 minutes,*Device Login *Do NOT Remove
IT Italian Trattoria Collins,Charles Hernandez,31,,Pasta - Collins,,9/13/26 9:51 AM,9/13/26 9:57 AM,5 minutes and 58 seconds,*Device Login *Do NOT Remove
IT Italian Trattoria Collins,Charles Hernandez,36,,Pasta - Collins,,9/13/26 10:07 AM,9/13/26 10:17 AM,9 minutes and 4 seconds,*Device Login *Do NOT Remove
IT Italian Trattoria Collins,Charles Hernandez,37,,Pasta - Collins,,9/13/26 10:12 AM,9/13/26 10:17 AM,4 minutes and 16 seconds,*Device Login *Do NOT Remove
IT Italian Trattoria Collins,Charles Hernandez,38,,Pasta - Collins,,9/13/26 10:14 AM,9/13/26 10:17 AM,2 minutes and 54 seconds,*Device Login *Do NOT Remove
IT Italian Trattoria Collins,Charles Hernandez,41,,Pasta - Collins,,9/13/26 10:27 AM,9/13/26 10:32 AM,4 minutes and 46 seconds,*Device Login *Do NOT Remove
IT Italian Trattoria Collins,Charles Hernandez,17,,Pasta - Collins,,9/13/26 10:40 AM,9/13/26 10:41 AM,1 minute and 16 seconds,*Device Login *Do NOT Remove
IT Italian Trattoria Collins,Charles Hernandez,51,,Pasta - Collins,,9/13/26 10:51 AM,9/13/26 10:52 AM,16 seconds,*Device Login *Do NOT Remove
IT Italian Trattoria Collins,Charles Hernandez,48,,Pasta - Collins,,9/13/26 10:46 AM,9/13/26 10:57 AM,10 minutes and 42 seconds,*Device Login *Do NOT Remove
IT Italian Trattoria Collins,Charles Hernandez,50,,Pasta - Collins,,9/13/26 10:50 AM,9/13/26 11:02 AM,11 minutes and 21 seconds,*Device Login *Do NOT Remove
IT Italian Trattoria Collins,Charles Hernandez,53,,Pasta - Collins,,9/13/26 10:57 AM,9/13/26 11:12 AM,14 minutes and 59 seconds,*Device Login *Do NOT Remove
IT Italian Trattoria Collins,Charles Hernandez,54,,Pasta - Collins,,9/13/26 10:58 AM,9/13/26 11:12 AM,13 minutes and 48 seconds,*Device Login *Do NOT Remove
IT Italian Trattoria Collins,Charles Hernandez,58,,Pasta - Collins,,9/13/26 11:21 AM,9/13/26 11:28 AM,7 minutes and 49 seconds,*Device Login *Do NOT Remove
IT Italian Trattoria Collins,Charles Hernandez,60,,Pizza - Collins,,9/13/26 11:45 AM,9/13/26 11:57 AM,12 minutes and 10 seconds,*Device Login *Do NOT Remove
IT Italian Trattoria Collins,Charles Hernandez,60,,No print / Expo - Collins,,9/13/26 11:45 AM,9/13/26 11:57 AM,12 minutes and 10 seconds,*Device Login *Do NOT Remove
IT Italian Trattoria Collins,Charles Hernandez,62,,Pasta - Collins,,9/13/26 11:56 AM,9/13/26 12:04 PM,8 minutes and 35 seconds,*Device Login *Do NOT Remove
IT Italian Trattoria Collins,Charles Hernandez,63,,Pasta - Collins,,9/13/26 11:59 AM,9/13/26 12:06 PM,7 minutes and 51 seconds,*Device Login *Do NOT Remove
IT Italian Trattoria Collins,Charles Hernandez,64,,Pasta - Collins,,9/13/26 12:11 PM,9/13/26 12:16 PM,4 minutes and 56 seconds,*Device Login *Do NOT Remove
IT Italian Trattoria Collins,Charles Hernandez,65,,Pasta - Collins,,9/13/26 12:16 PM,9/13/26 12:21 PM,4 minutes and 42 seconds,*Device Login *Do NOT Remove
IT Italian Trattoria Collins,Charles Hernandez,65,,Pizza - Collins,,9/13/26 12:16 PM,9/13/26 12:27 PM,10 minutes and 45 seconds,*Device Login *Do NOT Remove
IT Italian Trattoria Collins,Charles Hernandez,67,,Pizza - Collins,,9/13/26 12:31 PM,9/13/26 12:44 PM,13 minutes and 37 seconds,*Device Login *Do NOT Remove
IT Italian Trattoria Collins,Charles Hernandez,68,,Pizza - Collins,,9/13/26 12:43 PM,9/13/26 12:53 PM,9 minutes and 42 seconds,*Device Login *Do NOT Remove
IT Italian Trattoria Collins,Charles Hernandez,70,,Pasta - Collins,,9/13/26 12:47 PM,9/13/26 12:53 PM,6 minutes and 4 seconds,*Device Login *Do NOT Remove
IT Italian Trattoria Collins,Charles Hernandez,72,,Pasta - Collins,,9/13/26 12:52 PM,9/13/26 12:58 PM,6 minutes and 44 seconds,*Device Login *Do NOT Remove
IT Italian Trattoria Collins,Charles Hernandez,72,,Pizza - Collins,,9/13/26 12:52 PM,9/13/26 1:03 PM,11 minutes and 47 seconds,*Device Login *Do NOT Remove
IT Italian Trattoria Collins,Charles Hernandez,73,,Pizza - Collins,,9/13/26 12:55 PM,9/13/26 1:03 PM,8 minutes and 43 seconds,*Device Login *Do NOT Remove
IT Italian Trattoria Collins,Charles Hernandez,73,,Pasta - Collins,,9/13/26 12:55 PM,9/13/26 1:04 PM,9 minutes and 19 seconds,*Device Login *Do NOT Remove
IT Italian Trattoria Collins,Charles Hernandez,74,,Pizza - Collins,,9/13/26 12:58 PM,9/13/26 1:11 PM,13 minutes and 2 seconds,*Device Login *Do NOT Remove
IT Italian Trattoria Collins,Charles Hernandez,74,,No print / Expo - Collins,,9/13/26 12:58 PM,9/13/26 1:11 PM,13 minutes and 2 seconds,*Device Login *Do NOT Remove
IT Italian Trattoria Collins,Charles Hernandez,77,,Pasta - Collins,,9/13/26 1:16 PM,9/13/26 1:17 PM,1 minute and 4 seconds,*Device Login *Do NOT Remove
IT Italian Trattoria Collins,Charles Hernandez,76,,Pasta - Collins,,9/13/26 1:12 PM,9/13/26 1:17 PM,5 minutes and 4 seconds,*Device Login *Do NOT Remove
IT Italian Trattoria Collins,Charles Hernandez,75,,Pizza - Collins,,9/13/26 1:11 PM,9/13/26 1:22 PM,11 minutes and 30 seconds,*Device Login *Do NOT Remove
IT Italian Trattoria Collins,Charles Hernandez,78,,Pizza - Collins,,9/13/26 1:23 PM,9/13/26 1:27 PM,4 minutes and 45 seconds,*Device Login *Do NOT Remove
IT Italian Trattoria Collins,Charles Hernandez,78,,No print / Expo - Collins,,9/13/26 1:23 PM,9/13/26 1:27 PM,4 minutes and 45 seconds,*Device Login *Do NOT Remove
IT Italian Trattoria Collins,Charles Hernandez,81,,Pasta - Collins,,9/13/26 1:31 PM,9/13/26 1:36 PM,5 minutes,*Device Login *Do NOT Remove
IT Italian Trattoria Collins,Charles Hernandez,80,,Pasta - Collins,,9/13/26 1:29 PM,9/13/26 1:36 PM,7 minutes and 52 seconds,*Device Login *Do NOT Remove
IT Italian Trattoria Collins,Vivian Ducasal,82,,Pasta - Collins,,9/13/26 1:33 PM,9/13/26 1:40 PM,7 minutes and 20 seconds,*Device Login *Do NOT Remove
IT Italian Trattoria Collins,Default Online Ordering,86,,Pasta - Collins,,9/13/26 1:45 PM,9/13/26 1:50 PM,5 minutes and 6 seconds,*Device Login *Do NOT Remove
IT Italian Trattoria Collins,Charles Hernandez,83,,Pizza - Collins,,9/13/26 1:40 PM,9/13/26 1:52 PM,12 minutes and 21 seconds,*Device Login *Do NOT Remove
IT Italian Trattoria Collins,Charles Hernandez,85,,Pizza - Collins,,9/13/26 1:50 PM,9/13/26 1:52 PM,1 minute and 49 seconds,*Device Login *Do NOT Remove
IT Italian Trattoria Collins,Charles Hernandez,85,,No print / Expo - Collins,,9/13/26 1:50 PM,9/13/26 1:52 PM,1 minute and 49 seconds,*Device Login *Do NOT Remove
IT Italian Trattoria Collins,Charles Hernandez,87,,Pizza - Collins,,9/13/26 1:53 PM,9/13/26 1:59 PM,5 minutes and 22 seconds,*Device Login *Do NOT Remove
IT Italian Trattoria Collins,Charles Hernandez,87,,Pasta - Collins,,9/13/26 1:53 PM,9/13/26 2:00 PM,6 minutes and 30 seconds,*Device Login *Do NOT Remove
IT Italian Trattoria Collins,Charles Hernandez,91,,Pasta - Collins,,9/13/26 2:08 PM,9/13/26 2:12 PM,3 minutes and 57 seconds,*Device Login *Do NOT Remove
IT Italian Trattoria Collins,Charles Hernandez,89,,Pizza - Collins,,9/13/26 2:07 PM,9/13/26 2:13 PM,6 minutes and 28 seconds,*Device Login *Do NOT Remove
IT Italian Trattoria Collins,Charles Hernandez,91,,Pizza - Collins,,9/13/26 2:08 PM,9/13/26 2:13 PM,5 minutes and 16 seconds,*Device Login *Do NOT Remove
IT Italian Trattoria Collins,Charles Hernandez,90,,Pizza - Collins,,9/13/26 2:14 PM,9/13/26 2:18 PM,4 minutes and 10 seconds,*Device Login *Do NOT Remove
IT Italian Trattoria Collins,Charles Hernandez,90,,No print / Expo - Collins,,9/13/26 2:14 PM,9/13/26 2:18 PM,4 minutes and 10 seconds,*Device Login *Do NOT Remove
IT Italian Trattoria Collins,Charles Hernandez,90,,Pasta - Collins,,9/13/26 2:14 PM,9/13/26 2:20 PM,5 minutes and 59 seconds,*Device Login *Do NOT Remove
IT Italian Trattoria Collins,Davide Christopher Paredi,98,,Pasta - Collins,,9/13/26 2:55 PM,9/13/26 3:03 PM,8 minutes and 12 seconds,*Device Login *Do NOT Remove
IT Italian Trattoria Collins,Charles Hernandez,97,,Pizza - Collins,,9/13/26 2:53 PM,9/13/26 3:03 PM,9 minutes and 29 seconds,*Device Login *Do NOT Remove
IT Italian Trattoria Collins,Charles Hernandez,102,,Pasta - Collins,,9/13/26 3:12 PM,9/13/26 3:12 PM,6 seconds,*Device Login *Do NOT Remove
IT Italian Trattoria Collins,Charles Hernandez,103,,Pasta - Collins,,9/13/26 3:17 PM,9/13/26 3:22 PM,5 minutes and 15 seconds,*Device Login *Do NOT Remove
IT Italian Trattoria Collins,Charles Hernandez,102,,Pizza - Collins,,9/13/26 3:12 PM,9/13/26 3:25 PM,12 minutes and 57 seconds,*Device Login *Do NOT Remove
IT Italian Trattoria Collins,Default Online Ordering,106,,Pasta - Collins,,9/13/26 3:29 PM,9/13/26 3:35 PM,6 minutes and 34 seconds,*Device Login *Do NOT Remove
IT Italian Trattoria Collins,Charles Hernandez,107,,Pizza - Collins,,9/13/26 3:33 PM,9/13/26 3:39 PM,6 minutes and 51 seconds,*Device Login *Do NOT Remove
IT Italian Trattoria Collins,Charles Hernandez,105,,Pizza - Collins,,9/13/26 3:31 PM,9/13/26 3:39 PM,7 minutes and 53 seconds,*Device Login *Do NOT Remove
IT Italian Trattoria Collins,Charles Hernandez,107,,Pasta - Collins,,9/13/26 3:33 PM,9/13/26 3:40 PM,7 minutes and 30 seconds,*Device Login *Do NOT Remove
IT Italian Trattoria Collins,Charles Hernandez,108,,Pasta - Collins,,9/13/26 3:36 PM,9/13/26 3:44 PM,7 minutes and 58 seconds,*Device Login *Do NOT Remove
IT Italian Trattoria Collins,Charles Hernandez,108,,Pizza - Collins,,9/13/26 3:36 PM,9/13/26 3:47 PM,10 minutes and 19 seconds,*Device Login *Do NOT Remove
IT Italian Trattoria Collins,Charles Hernandez,109,,Pizza - Collins,,9/13/26 3:58 PM,9/13/26 4:08 PM,10 minutes and 45 seconds,*Device Login *Do NOT Remove
IT Italian Trattoria Collins,Andrea Rizzi,117,,Pizza - Collins,,9/13/26 5:16 PM,9/13/26 5:22 PM,5 minutes and 20 seconds,*Device Login *Do NOT Remove
IT Italian Trattoria Collins,Andrea Rizzi,117,,Pasta - Collins,,9/13/26 5:16 PM,9/13/26 5:24 PM,7 minutes and 11 seconds,*Device Login *Do NOT Remove
IT Italian Trattoria Collins,Jonathan Lucero,119,,Pizza - Collins,,9/13/26 5:23 PM,9/13/26 5:24 PM,1 minute and 43 seconds,*Device Login *Do NOT Remove
IT Italian Trattoria Collins,Jonathan Lucero,119,,No print / Expo - Collins,,9/13/26 5:23 PM,9/13/26 5:24 PM,1 minute and 43 seconds,*Device Login *Do NOT Remove
IT Italian Trattoria Collins,Jonathan Lucero,120,,Pasta - Collins,,9/13/26 5:32 PM,9/13/26 5:38 PM,6 minutes and 28 seconds,*Device Login *Do NOT Remove
IT Italian Trattoria Collins,Jonathan Lucero,122,,Pizza - Collins,,9/13/26 5:48 PM,9/13/26 5:50 PM,1 minute and 51 seconds,*Device Login *Do NOT Remove
IT Italian Trattoria Collins,Jonathan Lucero,122,,Pasta - Collins,,9/13/26 5:48 PM,9/13/26 5:58 PM,10 minutes and 3 seconds,*Device Login *Do NOT Remove
IT Italian Trattoria Collins,Jonathan Lucero,123,,Pasta - Collins,,9/13/26 5:52 PM,9/13/26 5:58 PM,6 minutes and 45 seconds,*Device Login *Do NOT Remove
IT Italian Trattoria Collins,Jonathan Lucero,124,,Pasta - Collins,,9/13/26 6:11 PM,9/13/26 6:15 PM,3 minutes and 51 seconds,*Device Login *Do NOT Remove
IT Italian Trattoria Collins,Jonathan Lucero,125,,Pasta - Collins,,9/13/26 6:18 PM,9/13/26 6:21 PM,3 minutes and 38 seconds,*Device Login *Do NOT Remove
IT Italian Trattoria Collins,Jonathan Lucero,126,,Pizza - Collins,,9/13/26 6:20 PM,9/13/26 6:27 PM,7 minutes and 44 seconds,*Device Login *Do NOT Remove
IT Italian Trattoria Collins,Jonathan Lucero,127,,Pasta - Collins,,9/13/26 6:21 PM,9/13/26 6:30 PM,9 minutes and 56 seconds,*Device Login *Do NOT Remove
IT Italian Trattoria Collins,Jonathan Lucero,129,,Pasta - Collins,,9/13/26 6:24 PM,9/13/26 6:31 PM,6 minutes and 59 seconds,*Device Login *Do NOT Remove
IT Italian Trattoria Collins,Jonathan Lucero,128,,Pasta - Collins,,9/13/26 6:22 PM,9/13/26 6:32 PM,9 minutes and 29 seconds,*Device Login *Do NOT Remove
IT Italian Trattoria Collins,Jonathan Lucero,131,,Pasta - Collins,,9/13/26 6:26 PM,9/13/26 6:35 PM,8 minutes and 26 seconds,*Device Login *Do NOT Remove
IT Italian Trattoria Collins,Jonathan Lucero,130,,Pizza - Collins,,9/13/26 6:26 PM,9/13/26 6:38 PM,12 minutes and 5 seconds,*Device Login *Do NOT Remove
IT Italian Trattoria Collins,Jonathan Lucero,132,,Pasta - Collins,,9/13/26 6:35 PM,9/13/26 6:41 PM,5 minutes and 51 seconds,*Device Login *Do NOT Remove
IT Italian Trattoria Collins,Jonathan Lucero,133,,Pasta - Collins,,9/13/26 6:45 PM,9/13/26 6:52 PM,7 minutes and 20 seconds,*Device Login *Do NOT Remove
IT Italian Trattoria Collins,Jonathan Lucero,133,,Pizza - Collins,,9/13/26 6:45 PM,9/13/26 6:52 PM,7 minutes and 27 seconds,*Device Login *Do NOT Remove
IT Italian Trattoria Collins,Jonathan Lucero,140,,Pizza - Collins,,9/13/26 6:59 PM,9/13/26 7:05 PM,5 minutes and 21 seconds,*Device Login *Do NOT Remove
IT Italian Trattoria Collins,Jonathan Lucero,140,,Pasta - Collins,,9/13/26 6:59 PM,9/13/26 7:06 PM,6 minutes and 35 seconds,*Device Login *Do NOT Remove
IT Italian Trattoria Collins,Yamila Hidalgo,137,,Pizza - Collins,,9/13/26 7:03 PM,9/13/26 7:12 PM,8 minutes and 29 seconds,*Device Login *Do NOT Remove
IT Italian Trattoria Collins,Jonathan Lucero,141,,Pizza - Collins,,9/13/26 7:05 PM,9/13/26 7:12 PM,7 minutes and 44 seconds,*Device Login *Do NOT Remove
IT Italian Trattoria Collins,Jonathan Lucero,143,,Pizza - Collins,,9/13/26 7:06 PM,9/13/26 7:13 PM,7 minutes and 41 seconds,*Device Login *Do NOT Remove
IT Italian Trattoria Collins,Jonathan Lucero,144,,Pizza - Collins,,9/13/26 7:07 PM,9/13/26 7:14 PM,7 minutes and 6 seconds,*Device Login *Do NOT Remove
IT Italian Trattoria Collins,Jonathan Lucero,147,,Pizza - Collins,,9/13/26 7:18 PM,9/13/26 7:22 PM,3 minutes and 23 seconds,*Device Login *Do NOT Remove
IT Italian Trattoria Collins,Jonathan Lucero,148,,Pasta - Collins,,9/13/26 7:20 PM,9/13/26 7:26 PM,6 minutes and 13 seconds,*Device Login *Do NOT Remove
IT Italian Trattoria Collins,Jonathan Lucero,149,,Pizza - Collins,,9/13/26 7:22 PM,9/13/26 7:29 PM,7 minutes and 1 second,*Device Login *Do NOT Remove
IT Italian Trattoria Collins,Yamila Hidalgo,142,,Pizza - Collins,,9/13/26 7:23 PM,9/13/26 7:30 PM,6 minutes and 30 seconds,*Device Login *Do NOT Remove
IT Italian Trattoria Collins,Yamila Hidalgo,142,,Pasta - Collins,,9/13/26 7:23 PM,9/13/26 7:31 PM,8 minutes and 6 seconds,*Device Login *Do NOT Remove
IT Italian Trattoria Collins,Yamila Hidalgo,151,,Pasta - Collins,,9/13/26 7:27 PM,9/13/26 7:36 PM,8 minutes and 28 seconds,*Device Login *Do NOT Remove
IT Italian Trattoria Collins,Yamila Hidalgo,153,,Pasta - Collins,,9/13/26 7:33 PM,9/13/26 7:38 PM,5 minutes and 30 seconds,*Device Login *Do NOT Remove
IT Italian Trattoria Collins,Jonathan Lucero,155,,Pasta - Collins,,9/13/26 7:37 PM,9/13/26 7:42 PM,5 minutes and 36 seconds,*Device Login *Do NOT Remove
IT Italian Trattoria Collins,Andrea Rizzi,154,,Pizza - Collins,,9/13/26 7:42 PM,9/13/26 7:47 PM,5 minutes and 45 seconds,*Device Login *Do NOT Remove
IT Italian Trattoria Collins,Andrea Rizzi,154,,Pasta - Collins,,9/13/26 7:42 PM,9/13/26 7:48 PM,6 minutes and 39 seconds,*Device Login *Do NOT Remove
IT Italian Trattoria Collins,Yamila Hidalgo,160,,Pizza - Collins,,9/13/26 8:03 PM,9/13/26 8:07 PM,4 minutes and 22 seconds,*Device Login *Do NOT Remove
IT Italian Trattoria Collins,Jonathan Lucero,158,,Pizza - Collins,,9/13/26 8:07 PM,9/13/26 8:12 PM,5 minutes and 31 seconds,*Device Login *Do NOT Remove
IT Italian Trattoria Collins,Jonathan Lucero,162,,Pizza - Collins,,9/13/26 8:11 PM,9/13/26 8:14 PM,2 minutes and 55 seconds,*Device Login *Do NOT Remove
IT Italian Trattoria Collins,Jonathan Lucero,164,,Pizza - Collins,,9/13/26 8:12 PM,9/13/26 8:17 PM,5 minutes and 17 seconds,*Device Login *Do NOT Remove
IT Italian Trattoria Collins,Jonathan Lucero,165,,Pasta - Collins,,9/13/26 8:17 PM,9/13/26 8:21 PM,4 minutes and 36 seconds,*Device Login *Do NOT Remove
IT Italian Trattoria Collins,Jonathan Lucero,167,,Pasta - Collins,,9/13/26 8:19 PM,9/13/26 8:23 PM,3 minutes and 36 seconds,*Device Login *Do NOT Remove
IT Italian Trattoria Collins,Yamila Hidalgo,163,,Pasta - Collins,,9/13/26 8:21 PM,9/13/26 8:27 PM,5 minutes and 38 seconds,*Device Login *Do NOT Remove
IT Italian Trattoria Collins,Yamila Hidalgo,171,,Pasta - Collins,,9/13/26 8:25 PM,9/13/26 8:32 PM,6 minutes and 29 seconds,*Device Login *Do NOT Remove
IT Italian Trattoria Collins,Yamila Hidalgo,172,,Pasta - Collins,,9/13/26 8:29 PM,9/13/26 8:35 PM,5 minutes and 53 seconds,*Device Login *Do NOT Remove
IT Italian Trattoria Collins,Jonathan Lucero,177,,Pasta - Collins,,9/13/26 8:36 PM,9/13/26 8:39 PM,2 minutes and 59 seconds,*Device Login *Do NOT Remove
IT Italian Trattoria Collins,Yamila Hidalgo,174,,Pizza - Collins,,9/13/26 8:32 PM,9/13/26 8:40 PM,8 minutes and 2 seconds,*Device Login *Do NOT Remove
IT Italian Trattoria Collins,Jonathan Lucero,179,,Pasta - Collins,,9/13/26 8:41 PM,9/13/26 8:42 PM,1 minute and 20 seconds,*Device Login *Do NOT Remove
IT Italian Trattoria Collins,Andrea Rizzi,180,,Pasta - Collins,,9/13/26 8:42 PM,9/13/26 8:46 PM,4 minutes and 36 seconds,*Device Login *Do NOT Remove
IT Italian Trattoria Collins,Jonathan Lucero,178,,Pasta - Collins,,9/13/26 8:39 PM,9/13/26 8:46 PM,6 minutes and 50 seconds,*Device Login *Do NOT Remove
IT Italian Trattoria Collins,Jonathan Lucero,178,,Pizza - Collins,,9/13/26 8:39 PM,9/13/26 8:47 PM,7 minutes and 47 seconds,*Device Login *Do NOT Remove
IT Italian Trattoria Collins,Andrea Rizzi,180,,Pizza - Collins,,9/13/26 8:42 PM,9/13/26 8:48 PM,5 minutes and 57 seconds,*Device Login *Do NOT Remove
IT Italian Trattoria Collins,Andrea Rizzi,182,,Pizza - Collins,,9/13/26 8:44 PM,9/13/26 8:51 PM,6 minutes and 32 seconds,*Device Login *Do NOT Remove
IT Italian Trattoria Collins,Andrea Rizzi,181,,Pasta - Collins,,9/13/26 8:43 PM,9/13/26 8:51 PM,8 minutes and 10 seconds,*Device Login *Do NOT Remove
IT Italian Trattoria Collins,Andrea Rizzi,182,,Pasta - Collins,,9/13/26 8:44 PM,9/13/26 8:52 PM,7 minutes and 36 seconds,*Device Login *Do NOT Remove
IT Italian Trattoria Collins,Jonathan Lucero,185,,Pizza - Collins,,9/13/26 8:46 PM,9/13/26 8:53 PM,6 minutes and 54 seconds,*Device Login *Do NOT Remove
IT Italian Trattoria Collins,Andrea Rizzi,188,,Pizza - Collins,,9/13/26 8:49 PM,9/13/26 8:54 PM,5 minutes,*Device Login *Do NOT Remove
IT Italian Trattoria Collins,Andrea Rizzi,192,,Pizza - Collins,,9/13/26 8:55 PM,9/13/26 8:56 PM,22 seconds,*Device Login *Do NOT Remove
IT Italian Trattoria Collins,Andrea Rizzi,192,,No print / Expo - Collins,,9/13/26 8:55 PM,9/13/26 8:56 PM,22 seconds,*Device Login *Do NOT Remove
IT Italian Trattoria Collins,Andrea Rizzi,190,,Pizza - Collins,,9/13/26 8:51 PM,9/13/26 8:58 PM,7 minutes and 6 seconds,*Device Login *Do NOT Remove
IT Italian Trattoria Collins,Jonathan Lucero,195,,Pasta - Collins,,9/13/26 9:07 PM,9/13/26 9:11 PM,3 minutes and 32 seconds,*Device Login *Do NOT Remove
IT Italian Trattoria Collins,Jonathan Lucero,197,,Pasta - Collins,,9/13/26 9:10 PM,9/13/26 9:15 PM,5 minutes and 21 seconds,*Device Login *Do NOT Remove
IT Italian Trattoria Collins,Jonathan Lucero,197,,Pizza - Collins,,9/13/26 9:10 PM,9/13/26 9:15 PM,5 minutes and 22 seconds,*Device Login *Do NOT Remove
IT Italian Trattoria Collins,Default Online Ordering,202,,Pizza - Collins,,9/13/26 9:27 PM,9/13/26 9:33 PM,5 minutes and 51 seconds,*Device Login *Do NOT Remove
IT Italian Trattoria Collins,Jonathan Lucero,201,,Pizza - Collins,,9/13/26 9:28 PM,9/13/26 9:34 PM,5 minutes and 52 seconds,*Device Login *Do NOT Remove
IT Italian Trattoria Collins,Jonathan Lucero,201,,Pasta - Collins,,9/13/26 9:28 PM,9/13/26 9:34 PM,6 minutes and 17 seconds,*Device Login *Do NOT Remove
IT Italian Trattoria Collins,Jonathan Lucero,203,,Pizza - Collins,,9/13/26 9:30 PM,9/13/26 9:35 PM,4 minutes and 49 seconds,*Device Login *Do NOT Remove
IT Italian Trattoria Collins,Jonathan Lucero,206,,Pizza - Collins,,9/13/26 9:36 PM,9/13/26 9:39 PM,3 minutes and 32 seconds,*Device Login *Do NOT Remove
IT Italian Trattoria Collins,Jonathan Lucero,204,,Pizza - Collins,,9/13/26 9:34 PM,9/13/26 9:39 PM,5 minutes and 29 seconds,*Device Login *Do NOT Remove
IT Italian Trattoria Collins,Yamila Hidalgo,200,,Pasta - Collins,,9/13/26 9:33 PM,9/13/26 9:40 PM,7 minutes and 11 seconds,*Device Login *Do NOT Remove
IT Italian Trattoria Collins,Jonathan Lucero,208,,Pasta - Collins,,9/13/26 9:38 PM,9/13/26 9:44 PM,6 minutes and 9 seconds,*Device Login *Do NOT Remove
IT Italian Trattoria Collins,Yamila Hidalgo,205,,Pasta - Collins,,9/13/26 9:35 PM,9/13/26 9:44 PM,9 minutes and 56 seconds,*Device Login *Do NOT Remove
IT Italian Trattoria Collins,Yamila Hidalgo,210,,Pizza - Collins,,9/13/26 9:40 PM,9/13/26 9:47 PM,7 minutes and 30 seconds,*Device Login *Do NOT Remove
IT Italian Trattoria Collins,Jonathan Lucero,209,,Pizza - Collins,,9/13/26 9:53 PM,9/13/26 10:01 PM,7 minutes and 20 seconds,*Device Login *Do NOT Remove
IT Italian Trattoria Collins,Jonathan Lucero,214,,Pasta - Collins,,9/13/26 9:59 PM,9/13/26 10:05 PM,5 minutes and 36 seconds,*Device Login *Do NOT Remove
IT Italian Trattoria Collins,Andrea Rizzi,213,,Pizza - Collins,,9/13/26 10:02 PM,9/13/26 10:08 PM,6 minutes and 22 seconds,*Device Login *Do NOT Remove
IT Italian Trattoria Collins,Andrea Rizzi,216,,Pizza - Collins,,9/13/26 10:06 PM,9/13/26 10:11 PM,4 minutes and 58 seconds,*Device Login *Do NOT Remove
IT Italian Trattoria Collins,Jonathan Lucero,215,,Pasta - Collins,,9/13/26 10:07 PM,9/13/26 10:13 PM,6 minutes and 2 seconds,*Device Login *Do NOT Remove
IT Italian Trattoria Collins,Andrea Rizzi,220,,Pizza - Collins,,9/13/26 10:17 PM,9/13/26 10:25 PM,8 minutes and 14 seconds,*Device Login *Do NOT Remove
IT Italian Trattoria Collins,Andrea Rizzi,223,,Pasta - Collins,,9/13/26 10:31 PM,9/13/26 10:35 PM,4 minutes,*Device Login *Do NOT Remove
IT Italian Trattoria Collins,Andrea Rizzi,223,,Pizza - Collins,,9/13/26 10:31 PM,9/13/26 10:36 PM,4 minutes and 57 seconds,*Device Login *Do NOT Remove
IT Italian Trattoria Collins,Jonathan Lucero,224,,Pizza - Collins,,9/13/26 10:32 PM,9/13/26 10:37 PM,5 minutes and 9 seconds,*Device Login *Do NOT Remove
IT Italian Trattoria Collins,Andrea Rizzi,225,,Pasta - Collins,,9/13/26 10:32 PM,9/13/26 10:40 PM,7 minutes and 28 seconds,*Device Login *Do NOT Remove
IT Italian Trattoria Collins,Andrea Rizzi,227,,Pizza - Collins,,9/13/26 10:43 PM,9/13/26 10:48 PM,5 minutes and 39 seconds,*Device Login *Do NOT Remove
IT Italian Trattoria Collins,Andrea Rizzi,229,,Pasta - Collins,,9/13/26 10:45 PM,9/13/26 10:49 PM,3 minutes and 49 seconds,*Device Login *Do NOT Remove
IT Italian Trattoria Collins,Andrea Rizzi,229,,Pizza - Collins,,9/13/26 10:45 PM,9/13/26 10:54 PM,9 minutes and 15 seconds,*Device Login *Do NOT Remove
IT Italian Trattoria Collins,Jonathan Lucero,231,,Pasta - Collins,,9/13/26 10:51 PM,9/13/26 10:55 PM,3 minutes and 37 seconds,*Device Login *Do NOT Remove
IT Italian Trattoria Collins,Jonathan Lucero,232,,Pasta - Collins,,9/13/26 10:56 PM,9/13/26 11:01 PM,4 minutes and 52 seconds,*Device Login *Do NOT Remove
IT Italian Trattoria Collins,Jonathan Lucero,233,,Pasta - Collins,,9/13/26 10:58 PM,9/13/26 11:01 PM,3 minutes and 17 seconds,*Device Login *Do NOT Remove
IT Italian Trattoria Collins,Andrea Rizzi,230,,Pizza - Collins,,9/13/26 11:07 PM,9/13/26 11:13 PM,5 minutes and 57 seconds,*Device Login *Do NOT Remove
IT Italian Trattoria Collins,Andrea Rizzi,236,,Pizza - Collins,,9/13/26 11:09 PM,9/13/26 11:13 PM,4 minutes and 25 seconds,*Device Login *Do NOT Remove
IT Italian Trattoria Collins,Andrea Rizzi,242,,Pizza - Collins,,9/13/26 11:53 PM,9/14/26 5:23 AM,"5 hours, 29 minutes and 20 seconds",*Device Login *Do NOT Remove
IT Italian Trattoria Collins,Andrea Rizzi,242,,No print / Expo - Collins,,9/13/26 11:53 PM,9/14/26 5:23 AM,"5 hours, 29 minutes and 20 seconds",*Device Login *Do NOT Remove
IT Italian Trattoria Collins,Vivian Ducasal,7,,Pasta - Collins,,9/14/26 7:45 AM,9/14/26 7:46 AM,14 seconds,*Device Login *Do NOT Remove
IT Italian Trattoria Collins,Yamila Hidalgo,8,,Pasta - Collins,,9/14/26 7:50 AM,9/14/26 7:50 AM,37 seconds,*Device Login *Do NOT Remove
IT Italian Trattoria Collins,Yamila Hidalgo,9,,Pasta - Collins,,9/14/26 7:55 AM,9/14/26 7:55 AM,19 seconds,*Device Login *Do NOT Remove
IT Italian Trattoria Collins,Yamila Hidalgo,10,,Pasta - Collins,,9/14/26 8:01 AM,9/14/26 8:04 AM,3 minutes and 18 seconds,*Device Login *Do NOT Remove
IT Italian Trattoria Collins,Yamila Hidalgo,13,,Pasta - Collins,,9/14/26 8:11 AM,9/14/26 8:14 AM,3 minutes and 24 seconds,*Device Login *Do NOT Remove
IT Italian Trattoria Collins,Yamila Hidalgo,15,,Pasta - Collins,,9/14/26 8:17 AM,9/14/26 8:21 AM,3 minutes and 16 seconds,*Device Login *Do NOT Remove
IT Italian Trattoria Collins,Yamila Hidalgo,16,,Pasta - Collins,,9/14/26 8:21 AM,9/14/26 8:24 AM,3 minutes and 12 seconds,*Device Login *Do NOT Remove
IT Italian Trattoria Collins,Yamila Hidalgo,17,,Pasta - Collins,,9/14/26 8:23 AM,9/14/26 8:25 AM,2 minutes and 23 seconds,*Device Login *Do NOT Remove
IT Italian Trattoria Collins,Yamila Hidalgo,18,,Pasta - Collins,,9/14/26 8:25 AM,9/14/26 8:28 AM,2 minutes and 30 seconds,*Device Login *Do NOT Remove
IT Italian Trattoria Collins,Yamila Hidalgo,21,,Pasta - Collins,,9/14/26 8:29 AM,9/14/26 8:32 AM,2 minutes and 54 seconds,*Device Login *Do NOT Remove
IT Italian Trattoria Collins,Davide Christopher Paredi,22,,Pasta - Collins,,9/14/26 8:38 AM,9/14/26 8:40 AM,2 minutes and 22 seconds,*Device Login *Do NOT Remove
IT Italian Trattoria Collins,Vivian Ducasal,25,,Pasta - Collins,,9/14/26 8:45 AM,9/14/26 8:46 AM,1 minute and 10 seconds,*Device Login *Do NOT Remove
IT Italian Trattoria Collins,Vivian Ducasal,24,,Pasta - Collins,,9/14/26 8:43 AM,9/14/26 8:48 AM,4 minutes and 13 seconds,*Device Login *Do NOT Remove
IT Italian Trattoria Collins,Vivian Ducasal,26,,Pasta - Collins,,9/14/26 8:47 AM,9/14/26 8:49 AM,2 minutes and 37 seconds,*Device Login *Do NOT Remove
IT Italian Trattoria Collins,Vivian Ducasal,28,,Pasta - Collins,,9/14/26 8:57 AM,9/14/26 9:00 AM,2 minutes and 53 seconds,*Device Login *Do NOT Remove
IT Italian Trattoria Collins,Vivian Ducasal,28,,Drinks - Collins,,9/14/26 8:57 AM,9/14/26 9:00 AM,2 minutes and 53 seconds,*Device Login *Do NOT Remove
IT Italian Trattoria Collins,Vivian Ducasal,28,,No print / Expo - Collins,,9/14/26 8:57 AM,9/14/26 9:00 AM,2 minutes and 53 seconds,*Device Login *Do NOT Remove
IT Italian Trattoria Collins,Vivian Ducasal,28,,Pizza - Collins,,9/14/26 8:57 AM,9/14/26 9:00 AM,2 minutes and 53 seconds,*Device Login *Do NOT Remove
IT Italian Trattoria Collins,Vivian Ducasal,28,,No Print - Collins,,9/14/26 8:57 AM,9/14/26 9:00 AM,2 minutes and 53 seconds,*Device Login *Do NOT Remove
IT Italian Trattoria Collins,Vivian Ducasal,28,,Pizza Pala - Collins,,9/14/26 8:57 AM,9/14/26 9:00 AM,2 minutes and 53 seconds,*Device Login *Do NOT Remove
IT Italian Trattoria Collins,Vivian Ducasal,29,,Pasta - Collins,,9/14/26 8:58 AM,9/14/26 9:01 AM,2 minutes and 39 seconds,*Device Login *Do NOT Remove
IT Italian Trattoria Collins,Vivian Ducasal,30,,Pasta - Collins,,9/14/26 9:07 AM,9/14/26 9:09 AM,2 minutes and 14 seconds,*Device Login *Do NOT Remove
IT Italian Trattoria Collins,Vivian Ducasal,33,,Drinks - Collins,,9/14/26 9:12 AM,9/14/26 9:13 AM,50 seconds,*Device Login *Do NOT Remove
IT Italian Trattoria Collins,Vivian Ducasal,33,,No print / Expo - Collins,,9/14/26 9:12 AM,9/14/26 9:13 AM,50 seconds,*Device Login *Do NOT Remove
IT Italian Trattoria Collins,Vivian Ducasal,33,,Pasta - Collins,,9/14/26 9:12 AM,9/14/26 9:13 AM,50 seconds,*Device Login *Do NOT Remove
IT Italian Trattoria Collins,Vivian Ducasal,33,,Pizza - Collins,,9/14/26 9:12 AM,9/14/26 9:13 AM,50 seconds,*Device Login *Do NOT Remove
IT Italian Trattoria Collins,Vivian Ducasal,33,,No Print - Collins,,9/14/26 9:12 AM,9/14/26 9:13 AM,50 seconds,*Device Login *Do NOT Remove
IT Italian Trattoria Collins,Vivian Ducasal,33,,Pizza Pala - Collins,,9/14/26 9:12 AM,9/14/26 9:13 AM,50 seconds,*Device Login *Do NOT Remove
IT Italian Trattoria Collins,Vivian Ducasal,32,,Pasta - Collins,,9/14/26 9:11 AM,9/14/26 9:15 AM,4 minutes and 20 seconds,*Device Login *Do NOT Remove
IT Italian Trattoria Collins,Yamila Hidalgo,35,,Pasta - Collins,,9/14/26 9:26 AM,9/14/26 9:28 AM,2 minutes and 26 seconds,*Device Login *Do NOT Remove
IT Italian Trattoria Collins,Yamila Hidalgo,36,,Pasta - Collins,,9/14/26 9:28 AM,9/14/26 9:34 AM,5 minutes and 38 seconds,*Device Login *Do NOT Remove
IT Italian Trattoria Collins,Davide Christopher Paredi,41,,Pasta - Collins,,9/14/26 9:36 AM,9/14/26 9:39 AM,3 minutes and 22 seconds,*Device Login *Do NOT Remove
IT Italian Trattoria Collins,Davide Christopher Paredi,41,,Drinks - Collins,,9/14/26 9:36 AM,9/14/26 9:39 AM,3 minutes and 22 seconds,*Device Login *Do NOT Remove
IT Italian Trattoria Collins,Davide Christopher Paredi,41,,No print / Expo - Collins,,9/14/26 9:36 AM,9/14/26 9:39 AM,3 minutes and 22 seconds,*Device Login *Do NOT Remove
IT Italian Trattoria Collins,Davide Christopher Paredi,41,,Pizza - Collins,,9/14/26 9:36 AM,9/14/26 9:39 AM,3 minutes and 22 seconds,*Device Login *Do NOT Remove
IT Italian Trattoria Collins,Davide Christopher Paredi,41,,No Print - Collins,,9/14/26 9:36 AM,9/14/26 9:39 AM,3 minutes and 22 seconds,*Device Login *Do NOT Remove
IT Italian Trattoria Collins,Davide Christopher Paredi,41,,Pizza Pala - Collins,,9/14/26 9:36 AM,9/14/26 9:39 AM,3 minutes and 22 seconds,*Device Login *Do NOT Remove
IT Italian Trattoria Collins,Davide Christopher Paredi,42,,Pasta - Collins,,9/14/26 9:41 AM,9/14/26 9:41 AM,36 seconds,*Device Login *Do NOT Remove
IT Italian Trattoria Collins,Davide Christopher Paredi,43,,Pasta - Collins,,9/14/26 9:42 AM,9/14/26 9:44 AM,2 minutes and 11 seconds,*Device Login *Do NOT Remove
IT Italian Trattoria Collins,Davide Christopher Paredi,44,,Pasta - Collins,,9/14/26 9:44 AM,9/14/26 9:44 AM,38 seconds,*Device Login *Do NOT Remove
IT Italian Trattoria Collins,Yamila Hidalgo,47,,Pasta - Collins,,9/14/26 9:57 AM,9/14/26 9:59 AM,2 minutes and 23 seconds,*Device Login *Do NOT Remove
IT Italian Trattoria Collins,Yamila Hidalgo,49,,Pasta - Collins,,9/14/26 10:03 AM,9/14/26 10:07 AM,3 minutes and 52 seconds,*Device Login *Do NOT Remove
IT Italian Trattoria Collins,Yamila Hidalgo,50,,Pasta - Collins,,9/14/26 10:08 AM,9/14/26 10:11 AM,3 minutes and 29 seconds,*Device Login *Do NOT Remove
IT Italian Trattoria Collins,Yamila Hidalgo,54,,Pasta - Collins,,9/14/26 10:11 AM,9/14/26 10:13 AM,2 minutes and 25 seconds,*Device Login *Do NOT Remove
IT Italian Trattoria Collins,Yamila Hidalgo,57,,Pasta - Collins,,9/14/26 10:21 AM,9/14/26 10:21 AM,23 seconds,*Device Login *Do NOT Remove
IT Italian Trattoria Collins,Davide Christopher Paredi,52,,Pasta - Collins,,9/14/26 10:24 AM,9/14/26 10:26 AM,2 minutes and 22 seconds,*Device Login *Do NOT Remove
IT Italian Trattoria Collins,Yamila Hidalgo,65,,Pasta - Collins,,9/14/26 10:45 AM,9/14/26 10:45 AM,23 seconds,*Device Login *Do NOT Remove
IT Italian Trattoria Collins,Yamila Hidalgo,64,,Pasta - Collins,,9/14/26 10:42 AM,9/14/26 10:46 AM,4 minutes,*Device Login *Do NOT Remove
IT Italian Trattoria Collins,Yamila Hidalgo,66,,Pasta - Collins,,9/14/26 10:46 AM,9/14/26 10:49 AM,2 minutes and 29 seconds,*Device Login *Do NOT Remove
IT Italian Trattoria Collins,Yamila Hidalgo,69,,Pizza - Collins,,9/14/26 11:10 AM,9/14/26 11:24 AM,13 minutes and 29 seconds,*Device Login *Do NOT Remove
IT Italian Trattoria Collins,Yamila Hidalgo,73,,Pasta - Collins,,9/14/26 11:47 AM,9/14/26 11:53 AM,5 minutes and 53 seconds,*Device Login *Do NOT Remove
IT Italian Trattoria Collins,Yamila Hidalgo,75,,Pasta - Collins,,9/14/26 11:59 AM,9/14/26 12:00 PM,38 seconds,*Device Login *Do NOT Remove
IT Italian Trattoria Collins,Yamila Hidalgo,76,,Pasta - Collins,,9/14/26 12:10 PM,9/14/26 12:15 PM,5 minutes and 6 seconds,*Device Login *Do NOT Remove
IT Italian Trattoria Collins,Yamila Hidalgo,79,,Pizza - Collins,,9/14/26 12:19 PM,9/14/26 12:20 PM,30 seconds,*Device Login *Do NOT Remove
IT Italian Trattoria Collins,Yamila Hidalgo,79,,No print / Expo - Collins,,9/14/26 12:19 PM,9/14/26 12:20 PM,30 seconds,*Device Login *Do NOT Remove
IT Italian Trattoria Collins,Yamila Hidalgo,76,,Pizza - Collins,,9/14/26 12:10 PM,9/14/26 12:20 PM,9 minutes and 43 seconds,*Device Login *Do NOT Remove
IT Italian Trattoria Collins,Yamila Hidalgo,80,,Pasta - Collins,,9/14/26 12:22 PM,9/14/26 12:28 PM,5 minutes and 30 seconds,*Device Login *Do NOT Remove
IT Italian Trattoria Collins,Yamila Hidalgo,85,,Pizza - Collins,,9/14/26 12:39 PM,9/14/26 12:40 PM,1 minute and 1 second,*Device Login *Do NOT Remove
IT Italian Trattoria Collins,Yamila Hidalgo,85,,No print / Expo - Collins,,9/14/26 12:39 PM,9/14/26 12:40 PM,1 minute and 1 second,*Device Login *Do NOT Remove
IT Italian Trattoria Collins,Yamila Hidalgo,82,,Pizza - Collins,,9/14/26 12:37 PM,9/14/26 12:43 PM,5 minutes and 48 seconds,*Device Login *Do NOT Remove
IT Italian Trattoria Collins,Yamila Hidalgo,88,,Pasta - Collins,,9/14/26 12:43 PM,9/14/26 12:43 PM,36 seconds,*Device Login *Do NOT Remove
IT Italian Trattoria Collins,Yamila Hidalgo,87,,Pizza - Collins,,9/14/26 12:41 PM,9/14/26 12:46 PM,4 minutes and 45 seconds,*Device Login *Do NOT Remove
IT Italian Trattoria Collins,Yamila Hidalgo,89,,Pasta - Collins,,9/14/26 12:44 PM,9/14/26 12:48 PM,4 minutes and 11 seconds,*Device Login *Do NOT Remove
IT Italian Trattoria Collins,Yamila Hidalgo,91,,Pasta - Collins,,9/14/26 12:45 PM,9/14/26 12:50 PM,5 minutes and 8 seconds,*Device Login *Do NOT Remove
IT Italian Trattoria Collins,Yamila Hidalgo,90,,Pasta - Collins,,9/14/26 12:44 PM,9/14/26 12:50 PM,5 minutes and 56 seconds,*Device Login *Do NOT Remove
IT Italian Trattoria Collins,Yamila Hidalgo,89,,Pizza - Collins,,9/14/26 12:44 PM,9/14/26 12:52 PM,8 minutes and 3 seconds,*Device Login *Do NOT Remove
IT Italian Trattoria Collins,Yamila Hidalgo,90,,Pizza - Collins,,9/14/26 12:44 PM,9/14/26 12:57 PM,12 minutes and 55 seconds,*Device Login *Do NOT Remove
IT Italian Trattoria Collins,Davide Christopher Paredi,98,,Pasta - Collins,,9/14/26 1:00 PM,9/14/26 1:00 PM,7 seconds,*Device Login *Do NOT Remove
IT Italian Trattoria Collins,Davide Christopher Paredi,97,,Pasta - Collins,,9/14/26 12:57 PM,9/14/26 1:01 PM,4 minutes and 4 seconds,*Device Login *Do NOT Remove
IT Italian Trattoria Collins,Davide Christopher Paredi,99,,Pizza - Collins,,9/14/26 1:04 PM,9/14/26 1:11 PM,7 minutes and 20 seconds,*Device Login *Do NOT Remove
IT Italian Trattoria Collins,Davide Christopher Paredi,100,,Pasta - Collins,,9/14/26 1:13 PM,9/14/26 1:19 PM,6 minutes and 15 seconds,*Device Login *Do NOT Remove
IT Italian Trattoria Collins,Davide Christopher Paredi,102,,Pasta - Collins,,9/14/26 1:16 PM,9/14/26 1:21 PM,5 minutes and 32 seconds,*Device Login *Do NOT Remove
IT Italian Trattoria Collins,Davide Christopher Paredi,105,,Pasta - Collins,,9/14/26 1:24 PM,9/14/26 1:28 PM,4 minutes and 8 seconds,*Device Login *Do NOT Remove
IT Italian Trattoria Collins,Davide Christopher Paredi,103,,Pizza - Collins,,9/14/26 1:21 PM,9/14/26 1:30 PM,8 minutes and 17 seconds,*Device Login *Do NOT Remove
IT Italian Trattoria Collins,Yamila Hidalgo,108,,Pizza - Collins,,9/14/26 1:46 PM,9/14/26 1:52 PM,6 minutes and 27 seconds,*Device Login *Do NOT Remove
IT Italian Trattoria Collins,Yamila Hidalgo,109,,Pasta - Collins,,9/14/26 1:48 PM,9/14/26 1:54 PM,6 minutes and 11 seconds,*Device Login *Do NOT Remove
IT Italian Trattoria Collins,Yamila Hidalgo,111,,Pizza - Collins,,9/14/26 2:07 PM,9/14/26 2:10 PM,3 minutes and 18 seconds,*Device Login *Do NOT Remove
IT Italian Trattoria Collins,Yamila Hidalgo,111,,No print / Expo - Collins,,9/14/26 2:07 PM,9/14/26 2:10 PM,3 minutes and 18 seconds,*Device Login *Do NOT Remove
IT Italian Trattoria Collins,Yamila Hidalgo,110,,Pasta - Collins,,9/14/26 2:04 PM,9/14/26 2:10 PM,6 minutes and 32 seconds,*Device Login *Do NOT Remove
IT Italian Trattoria Collins,Yamila Hidalgo,114,,Pasta - Collins,,9/14/26 2:30 PM,9/14/26 2:30 PM,24 seconds,*Device Login *Do NOT Remove
IT Italian Trattoria Collins,Yamila Hidalgo,113,,Pasta - Collins,,9/14/26 2:26 PM,9/14/26 2:31 PM,5 minutes and 30 seconds,*Device Login *Do NOT Remove
IT Italian Trattoria Collins,Davide Christopher Paredi,119,,Pasta - Collins,,9/14/26 2:55 PM,9/14/26 3:04 PM,9 minutes and 49 seconds,*Device Login *Do NOT Remove
IT Italian Trattoria Collins,Davide Christopher Paredi,118,,Pasta - Collins,,9/14/26 2:54 PM,9/14/26 3:04 PM,10 minutes and 43 seconds,*Device Login *Do NOT Remove
IT Italian Trattoria Collins,Davide Christopher Paredi,121,,Pasta - Collins,,9/14/26 2:56 PM,9/14/26 3:05 PM,8 minutes and 58 seconds,*Device Login *Do NOT Remove
IT Italian Trattoria Collins,Yamila Hidalgo,120,,Pasta - Collins,,9/14/26 2:58 PM,9/14/26 3:05 PM,6 minutes and 56 seconds,*Device Login *Do NOT Remove
IT Italian Trattoria Collins,Yamila Hidalgo,125,,Pasta - Collins,,9/14/26 2:58 PM,9/14/26 3:05 PM,6 minutes and 51 seconds,*Device Login *Do NOT Remove
IT Italian Trattoria Collins,Davide Christopher Paredi,122,,Pizza - Collins,,9/14/26 2:56 PM,9/14/26 3:07 PM,10 minutes and 44 seconds,*Device Login *Do NOT Remove
IT Italian Trattoria Collins,Davide Christopher Paredi,122,,Pasta - Collins,,9/14/26 2:56 PM,9/14/26 3:09 PM,12 minutes and 22 seconds,*Device Login *Do NOT Remove
IT Italian Trattoria Collins,Davide Christopher Paredi,123,,Pasta - Collins,,9/14/26 2:57 PM,9/14/26 3:10 PM,13 minutes and 7 seconds,*Device Login *Do NOT Remove
IT Italian Trattoria Collins,Davide Christopher Paredi,124,,Pasta - Collins,,9/14/26 2:58 PM,9/14/26 3:10 PM,12 minutes and 23 seconds,*Device Login *Do NOT Remove
IT Italian Trattoria Collins,Yamila Hidalgo,128,,Pasta - Collins,,9/14/26 2:59 PM,9/14/26 3:11 PM,11 minutes and 11 seconds,*Device Login *Do NOT Remove
IT Italian Trattoria Collins,Yamila Hidalgo,129,,Pizza - Collins,,9/14/26 3:03 PM,9/14/26 3:12 PM,9 minutes and 16 seconds,*Device Login *Do NOT Remove
IT Italian Trattoria Collins,Yamila Hidalgo,129,,Pasta - Collins,,9/14/26 3:03 PM,9/14/26 3:15 PM,12 minutes and 34 seconds,*Device Login *Do NOT Remove
IT Italian Trattoria Collins,Yamila Hidalgo,134,,Pizza - Collins,,9/14/26 3:16 PM,9/14/26 3:17 PM,1 minute and 28 seconds,*Device Login *Do NOT Remove
IT Italian Trattoria Collins,Yamila Hidalgo,134,,No print / Expo - Collins,,9/14/26 3:16 PM,9/14/26 3:17 PM,1 minute and 28 seconds,*Device Login *Do NOT Remove
IT Italian Trattoria Collins,Yamila Hidalgo,132,,Pasta - Collins,,9/14/26 3:12 PM,9/14/26 3:20 PM,8 minutes and 3 seconds,*Device Login *Do NOT Remove
IT Italian Trattoria Collins,Yamila Hidalgo,132,,Pizza - Collins,,9/14/26 3:12 PM,9/14/26 3:20 PM,8 minutes and 18 seconds,*Device Login *Do NOT Remove
IT Italian Trattoria Collins,Yamila Hidalgo,136,,Pizza - Collins,,9/14/26 3:20 PM,9/14/26 3:26 PM,5 minutes and 52 seconds,*Device Login *Do NOT Remove
IT Italian Trattoria Collins,Vivian Ducasal,137,,Pasta - Collins,,9/14/26 3:29 PM,9/14/26 3:33 PM,4 minutes and 31 seconds,*Device Login *Do NOT Remove
IT Italian Trattoria Collins,Vivian Ducasal,142,,Pizza - Collins,,9/14/26 3:33 PM,9/14/26 3:34 PM,51 seconds,*Device Login *Do NOT Remove
IT Italian Trattoria Collins,Vivian Ducasal,142,,No print / Expo - Collins,,9/14/26 3:33 PM,9/14/26 3:34 PM,51 seconds,*Device Login *Do NOT Remove
IT Italian Trattoria Collins,Vivian Ducasal,139,,Pizza - Collins,,9/14/26 3:30 PM,9/14/26 3:34 PM,3 minutes and 26 seconds,*Device Login *Do NOT Remove
IT Italian Trattoria Collins,Vivian Ducasal,139,,No print / Expo - Collins,,9/14/26 3:30 PM,9/14/26 3:34 PM,3 minutes and 26 seconds,*Device Login *Do NOT Remove
IT Italian Trattoria Collins,Vivian Ducasal,145,,Pasta - Collins,,9/14/26 3:41 PM,9/14/26 3:46 PM,4 minutes and 39 seconds,*Device Login *Do NOT Remove
IT Italian Trattoria Collins,Vivian Ducasal,143,,Pizza - Collins,,9/14/26 3:36 PM,9/14/26 3:48 PM,12 minutes and 1 second,*Device Login *Do NOT Remove
IT Italian Trattoria Collins,Vivian Ducasal,147,,Pizza - Collins,,9/14/26 3:48 PM,9/14/26 3:54 PM,6 minutes and 20 seconds,*Device Login *Do NOT Remove
IT Italian Trattoria Collins,Yamila Hidalgo,150,,Pizza - Collins,,9/14/26 3:57 PM,9/14/26 4:05 PM,7 minutes and 7 seconds,*Device Login *Do NOT Remove
IT Italian Trattoria Collins,Yamila Hidalgo,150,,No print / Expo - Collins,,9/14/26 3:57 PM,9/14/26 4:05 PM,7 minutes and 7 seconds,*Device Login *Do NOT Remove
IT Italian Trattoria Collins,Yamila Hidalgo,151,,Pasta - Collins,,9/14/26 4:02 PM,9/14/26 4:09 PM,6 minutes and 41 seconds,*Device Login *Do NOT Remove
IT Italian Trattoria Collins,Andrea Rizzi,155,,Pizza - Collins,,9/14/26 4:35 PM,9/14/26 4:46 PM,11 minutes and 16 seconds,*Device Login *Do NOT Remove
IT Italian Trattoria Collins,Andrea Rizzi,157,,Pasta - Collins,,9/14/26 4:59 PM,9/14/26 5:03 PM,3 minutes and 40 seconds,*Device Login *Do NOT Remove
IT Italian Trattoria Collins,Andrea Rizzi,159,,Pizza - Collins,,9/14/26 5:17 PM,9/14/26 5:20 PM,3 minutes and 20 seconds,*Device Login *Do NOT Remove
IT Italian Trattoria Collins,Andrea Rizzi,160,,Pizza - Collins,,9/14/26 5:18 PM,9/14/26 5:20 PM,1 minute and 57 seconds,*Device Login *Do NOT Remove
IT Italian Trattoria Collins,Andrea Rizzi,158,,Pasta - Collins,,9/14/26 5:15 PM,9/14/26 5:25 PM,10 minutes and 19 seconds,*Device Login *Do NOT Remove
IT Italian Trattoria Collins,Andrea Rizzi,158,,Pizza - Collins,,9/14/26 5:15 PM,9/14/26 5:25 PM,10 minutes and 25 seconds,*Device Login *Do NOT Remove
IT Italian Trattoria Collins,Davide Christopher Paredi,162,,Pasta - Collins,,9/14/26 5:40 PM,9/14/26 5:40 PM,39 seconds,*Device Login *Do NOT Remove
IT Italian Trattoria Collins,Andrea Rizzi,163,,Pasta - Collins,,9/14/26 5:41 PM,9/14/26 5:46 PM,5 minutes and 55 seconds,*Device Login *Do NOT Remove
IT Italian Trattoria Collins,Davide Christopher Paredi,167,,Pasta - Collins,,9/14/26 5:49 PM,9/14/26 5:52 PM,3 minutes and 21 seconds,*Device Login *Do NOT Remove
IT Italian Trattoria Collins,Davide Christopher Paredi,164,,Pasta - Collins,,9/14/26 5:47 PM,9/14/26 5:55 PM,8 minutes and 43 seconds,*Device Login *Do NOT Remove
IT Italian Trattoria Collins,Davide Christopher Paredi,168,,Pasta - Collins,,9/14/26 5:50 PM,9/14/26 5:55 PM,5 minutes and 17 seconds,*Device Login *Do NOT Remove
IT Italian Trattoria Collins,Davide Christopher Paredi,164,,Pizza - Collins,,9/14/26 5:47 PM,9/14/26 5:55 PM,8 minutes and 48 seconds,*Device Login *Do NOT Remove
IT Italian Trattoria Collins,Davide Christopher Paredi,173,,Pasta - Collins,,9/14/26 5:59 PM,9/14/26 6:00 PM,36 seconds,*Device Login *Do NOT Remove
IT Italian Trattoria Collins,Davide Christopher Paredi,172,,Pizza - Collins,,9/14/26 5:58 PM,9/14/26 6:03 PM,5 minutes and 5 seconds,*Device Login *Do NOT Remove
IT Italian Trattoria Collins,Davide Christopher Paredi,172,,Pasta - Collins,,9/14/26 6:03 PM,9/14/26 6:05 PM,1 minute and 18 seconds,*Device Login *Do NOT Remove
IT Italian Trattoria Collins,Davide Christopher Paredi,172,,Pasta - Collins,,9/14/26 5:58 PM,9/14/26 6:06 PM,8 minutes and 14 seconds,*Device Login *Do NOT Remove
IT Italian Trattoria Collins,Davide Christopher Paredi,177,,Pasta - Collins,,9/14/26 6:05 PM,9/14/26 6:06 PM,35 seconds,*Device Login *Do NOT Remove
IT Italian Trattoria Collins,Davide Christopher Paredi,174,,Pasta - Collins,,9/14/26 6:01 PM,9/14/26 6:10 PM,8 minutes and 9 seconds,*Device Login *Do NOT Remove
IT Italian Trattoria Collins,Andrea Rizzi,171,,Pasta - Collins,,9/14/26 6:02 PM,9/14/26 6:10 PM,8 minutes and 7 seconds,*Device Login *Do NOT Remove
IT Italian Trattoria Collins,Andrea Rizzi,178,,Pasta - Collins,,9/14/26 6:05 PM,9/14/26 6:10 PM,5 minutes and 4 seconds,*Device Login *Do NOT Remove
IT Italian Trattoria Collins,Davide Christopher Paredi,177,,Pizza - Collins,,9/14/26 6:05 PM,9/14/26 6:11 PM,5 minutes and 19 seconds,*Device Login *Do NOT Remove
IT Italian Trattoria Collins,Andrea Rizzi,180,,Pasta - Collins,,9/14/26 6:14 PM,9/14/26 6:16 PM,2 minutes and 21 seconds,*Device Login *Do NOT Remove
IT Italian Trattoria Collins,Andrea Rizzi,181,,Pasta - Collins,,9/14/26 6:15 PM,9/14/26 6:21 PM,5 minutes and 45 seconds,*Device Login *Do NOT Remove
IT Italian Trattoria Collins,Andrea Rizzi,180,,Pizza - Collins,,9/14/26 6:14 PM,9/14/26 6:22 PM,7 minutes and 52 seconds,*Device Login *Do NOT Remove
IT Italian Trattoria Collins,Andrea Rizzi,182,,Pasta - Collins,,9/14/26 6:19 PM,9/14/26 6:22 PM,3 minutes and 23 seconds,*Device Login *Do NOT Remove
IT Italian Trattoria Collins,Andrea Rizzi,179,,Pasta - Collins,,9/14/26 6:25 PM,9/14/26 6:29 PM,4 minutes and 3 seconds,*Device Login *Do NOT Remove
IT Italian Trattoria Collins,Andrea Rizzi,181,,Pizza - Collins,,9/14/26 6:15 PM,9/14/26 6:34 PM,18 minutes and 8 seconds,*Device Login *Do NOT Remove
IT Italian Trattoria Collins,Jonathan Lucero,184,,Pizza - Collins,,9/14/26 6:39 PM,9/14/26 6:43 PM,3 minutes and 54 seconds,*Device Login *Do NOT Remove
IT Italian Trattoria Collins,Andrea Rizzi,185,,Pizza - Collins,,9/14/26 6:39 PM,9/14/26 6:44 PM,5 minutes and 3 seconds,*Device Login *Do NOT Remove
IT Italian Trattoria Collins,Jonathan Lucero,184,,Pasta - Collins,,9/14/26 6:39 PM,9/14/26 6:46 PM,6 minutes and 59 seconds,*Device Login *Do NOT Remove
IT Italian Trattoria Collins,Jonathan Lucero,186,,Pizza - Collins,,9/14/26 6:50 PM,9/14/26 6:56 PM,5 minutes and 30 seconds,*Device Login *Do NOT Remove
IT Italian Trattoria Collins,Jonathan Lucero,189,,Pasta - Collins,,9/14/26 6:56 PM,9/14/26 7:02 PM,6 minutes,*Device Login *Do NOT Remove
IT Italian Trattoria Collins,Jonathan Lucero,191,,Pizza - Collins,,9/14/26 6:58 PM,9/14/26 7:06 PM,7 minutes and 51 seconds,*Device Login *Do NOT Remove
IT Italian Trattoria Collins,Jonathan Lucero,193,,Pasta - Collins,,9/14/26 7:03 PM,9/14/26 7:10 PM,7 minutes and 40 seconds,*Device Login *Do NOT Remove
IT Italian Trattoria Collins,Andrea Rizzi,196,,Pizza - Collins,,9/14/26 7:04 PM,9/14/26 7:11 PM,6 minutes and 28 seconds,*Device Login *Do NOT Remove
IT Italian Trattoria Collins,Andrea Rizzi,197,,Pizza - Collins,,9/14/26 7:09 PM,9/14/26 7:18 PM,8 minutes and 39 seconds,*Device Login *Do NOT Remove
IT Italian Trattoria Collins,Jonathan Lucero,198,,Pasta - Collins,,9/14/26 7:18 PM,9/14/26 7:24 PM,5 minutes and 57 seconds,*Device Login *Do NOT Remove
IT Italian Trattoria Collins,Jonathan Lucero,200,,Pasta - Collins,,9/14/26 7:21 PM,9/14/26 7:28 PM,6 minutes and 49 seconds,*Device Login *Do NOT Remove
IT Italian Trattoria Collins,Jonathan Lucero,202,,Pasta - Collins,,9/14/26 7:25 PM,9/14/26 7:28 PM,2 minutes and 50 seconds,*Device Login *Do NOT Remove
IT Italian Trattoria Collins,Andrea Rizzi,199,,Pasta - Collins,,9/14/26 7:20 PM,9/14/26 7:30 PM,9 minutes and 26 seconds,*Device Login *Do NOT Remove
IT Italian Trattoria Collins,Jonathan Lucero,203,,Pasta - Collins,,9/14/26 7:26 PM,9/14/26 7:30 PM,3 minutes and 34 seconds,*Device Login *Do NOT Remove
IT Italian Trattoria Collins,Jonathan Lucero,204,,Pasta - Collins,,9/14/26 7:28 PM,9/14/26 7:34 PM,6 minutes and 23 seconds,*Device Login *Do NOT Remove
IT Italian Trattoria Collins,Andrea Rizzi,201,,Pizza - Collins,,9/14/26 7:30 PM,9/14/26 7:37 PM,7 minutes and 31 seconds,*Device Login *Do NOT Remove
IT Italian Trattoria Collins,Andrea Rizzi,206,,Pizza - Collins,,9/14/26 7:32 PM,9/14/26 7:37 PM,5 minutes and 23 seconds,*Device Login *Do NOT Remove
IT Italian Trattoria Collins,Jonathan Lucero,205,,Pizza - Collins,,9/14/26 7:40 PM,9/14/26 7:44 PM,3 minutes and 39 seconds,*Device Login *Do NOT Remove
IT Italian Trattoria Collins,Jonathan Lucero,205,,Pasta - Collins,,9/14/26 7:40 PM,9/14/26 7:45 PM,5 minutes and 18 seconds,*Device Login *Do NOT Remove
IT Italian Trattoria Collins,Jonathan Lucero,208,,Pizza - Collins,,9/14/26 7:40 PM,9/14/26 7:48 PM,8 minutes and 17 seconds,*Device Login *Do NOT Remove
IT Italian Trattoria Collins,Andrea Rizzi,207,,Pizza - Collins,,9/14/26 7:43 PM,9/14/26 7:50 PM,6 minutes and 35 seconds,*Device Login *Do NOT Remove
IT Italian Trattoria Collins,Andrea Rizzi,211,,Pasta - Collins,,9/14/26 7:45 PM,9/14/26 7:50 PM,4 minutes and 57 seconds,*Device Login *Do NOT Remove
IT Italian Trattoria Collins,Jonathan Lucero,210,,Pasta - Collins,,9/14/26 7:45 PM,9/14/26 7:54 PM,9 minutes and 22 seconds,*Device Login *Do NOT Remove
IT Italian Trattoria Collins,Jonathan Lucero,209,,Pasta - Collins,,9/14/26 7:42 PM,9/14/26 7:54 PM,11 minutes and 50 seconds,*Device Login *Do NOT Remove
IT Italian Trattoria Collins,Jonathan Lucero,212,,Pasta - Collins,,9/14/26 7:46 PM,9/14/26 7:54 PM,8 minutes and 7 seconds,*Device Login *Do NOT Remove
IT Italian Trattoria Collins,Jonathan Lucero,215,,Pizza - Collins,,9/14/26 7:55 PM,9/14/26 7:56 PM,10 seconds,*Device Login *Do NOT Remove
IT Italian Trattoria Collins,Jonathan Lucero,215,,No print / Expo - Collins,,9/14/26 7:55 PM,9/14/26 7:56 PM,10 seconds,*Device Login *Do NOT Remove
IT Italian Trattoria Collins,Jonathan Lucero,214,,Pasta - Collins,,9/14/26 7:54 PM,9/14/26 7:58 PM,4 minutes and 3 seconds,*Device Login *Do NOT Remove
IT Italian Trattoria Collins,Jonathan Lucero,217,,Pizza - Collins,,9/14/26 8:00 PM,9/14/26 8:04 PM,4 minutes and 5 seconds,*Device Login *Do NOT Remove
IT Italian Trattoria Collins,Jonathan Lucero,216,,Pizza - Collins,,9/14/26 8:01 PM,9/14/26 8:05 PM,4 minutes and 39 seconds,*Device Login *Do NOT Remove
IT Italian Trattoria Collins,Jonathan Lucero,221,,Pizza - Collins,,9/14/26 8:12 PM,9/14/26 8:17 PM,5 minutes and 16 seconds,*Device Login *Do NOT Remove
IT Italian Trattoria Collins,Andrea Rizzi,223,,Pasta - Collins,,9/14/26 8:14 PM,9/14/26 8:21 PM,7 minutes and 15 seconds,*Device Login *Do NOT Remove
IT Italian Trattoria Collins,Jonathan Lucero,226,,Pasta - Collins,,9/14/26 8:27 PM,9/14/26 8:34 PM,6 minutes and 45 seconds,*Device Login *Do NOT Remove
IT Italian Trattoria Collins,Jonathan Lucero,228,,Pizza - Collins,,9/14/26 8:31 PM,9/14/26 8:37 PM,5 minutes and 22 seconds,*Device Login *Do NOT Remove
IT Italian Trattoria Collins,Jonathan Lucero,227,,Pasta - Collins,,9/14/26 8:33 PM,9/14/26 8:39 PM,6 minutes and 4 seconds,*Device Login *Do NOT Remove
IT Italian Trattoria Collins,Jonathan Lucero,227,,Pizza - Collins,,9/14/26 8:33 PM,9/14/26 8:39 PM,6 minutes and 44 seconds,*Device Login *Do NOT Remove
IT Italian Trattoria Collins,Jonathan Lucero,229,,Pizza - Collins,,9/14/26 8:35 PM,9/14/26 8:40 PM,5 minutes and 23 seconds,*Device Login *Do NOT Remove
IT Italian Trattoria Collins,Jonathan Lucero,231,,Pizza - Collins,,9/14/26 8:36 PM,9/14/26 8:44 PM,8 minutes and 26 seconds,*Device Login *Do NOT Remove
IT Italian Trattoria Collins,Jonathan Lucero,230,,Pizza - Collins,,9/14/26 8:39 PM,9/14/26 8:46 PM,6 minutes and 39 seconds,*Device Login *Do NOT Remove
IT Italian Trattoria Collins,Andrea Rizzi,233,,Pizza - Collins,,9/14/26 8:47 PM,9/14/26 8:53 PM,5 minutes and 26 seconds,*Device Login *Do NOT Remove
IT Italian Trattoria Collins,Andrea Rizzi,234,,Pizza - Collins,,9/14/26 8:48 PM,9/14/26 8:53 PM,5 minutes and 11 seconds,*Device Login *Do NOT Remove
IT Italian Trattoria Collins,Jonathan Lucero,232,,Pizza - Collins,,9/14/26 8:49 PM,9/14/26 8:55 PM,6 minutes and 34 seconds,*Device Login *Do NOT Remove
IT Italian Trattoria Collins,Andrea Rizzi,239,,Pasta - Collins,,9/14/26 9:01 PM,9/14/26 9:08 PM,6 minutes and 34 seconds,*Device Login *Do NOT Remove
IT Italian Trattoria Collins,Andrea Rizzi,241,,Pizza - Collins,,9/14/26 9:07 PM,9/14/26 9:12 PM,5 minutes and 17 seconds,*Device Login *Do NOT Remove
IT Italian Trattoria Collins,Jonathan Lucero,240,,Pasta - Collins,,9/14/26 9:12 PM,9/14/26 9:18 PM,6 minutes and 36 seconds,*Device Login *Do NOT Remove
IT Italian Trattoria Collins,Jonathan Lucero,243,,Pizza - Collins,,9/14/26 9:24 PM,9/14/26 9:28 PM,4 minutes and 26 seconds,*Device Login *Do NOT Remove
IT Italian Trattoria Collins,Jonathan Lucero,243,,Pasta - Collins,,9/14/26 9:24 PM,9/14/26 9:30 PM,6 minutes and 7 seconds,*Device Login *Do NOT Remove
IT Italian Trattoria Collins,Jonathan Lucero,245,,Pizza - Collins,,9/14/26 9:38 PM,9/14/26 9:41 PM,2 minutes and 53 seconds,*Device Login *Do NOT Remove
IT Italian Trattoria Collins,Jonathan Lucero,247,,Pasta - Collins,,9/14/26 9:52 PM,9/14/26 9:54 PM,1 minute and 47 seconds,*Device Login *Do NOT Remove
IT Italian Trattoria Collins,Jonathan Lucero,248,,Pasta - Collins,,9/14/26 9:54 PM,9/14/26 9:54 PM,15 seconds,*Device Login *Do NOT Remove
IT Italian Trattoria Collins,Jonathan Lucero,249,,Pasta - Collins,,9/14/26 9:54 PM,9/14/26 9:55 PM,57 seconds,*Device Login *Do NOT Remove
IT Italian Trattoria Collins,Jonathan Lucero,250,,Pizza - Collins,,9/14/26 9:58 PM,9/14/26 10:00 PM,2 minutes and 12 seconds,*Device Login *Do NOT Remove
IT Italian Trattoria Collins,Jonathan Lucero,250,,Pasta - Collins,,9/14/26 9:58 PM,9/14/26 10:00 PM,2 minutes and 26 seconds,*Device Login *Do NOT Remove
IT Italian Trattoria Collins,Andrea Rizzi,251,,Pizza - Collins,,9/14/26 10:02 PM,9/14/26 10:12 PM,9 minutes and 33 seconds,*Device Login *Do NOT Remove
IT Italian Trattoria Collins,Andrea Rizzi,242,,Pasta - Collins,,9/14/26 9:58 PM,9/14/26 10:12 PM,14 minutes and 18 seconds,*Device Login *Do NOT Remove
IT Italian Trattoria Collins,Jonathan Lucero,253,,Pizza - Collins,,9/14/26 10:19 PM,9/14/26 10:23 PM,4 minutes and 2 seconds,*Device Login *Do NOT Remove
IT Italian Trattoria Collins,Andrea Rizzi,252,,Pasta - Collins,,9/14/26 10:28 PM,9/14/26 10:36 PM,7 minutes and 57 seconds,*Device Login *Do NOT Remove
IT Italian Trattoria Collins,Jonathan Lucero,256,,Pizza - Collins,,9/14/26 10:36 PM,9/14/26 10:43 PM,6 minutes and 52 seconds,*Device Login *Do NOT Remove
IT Italian Trattoria Collins,Jonathan Lucero,254,,Pasta - Collins,,9/14/26 10:33 PM,9/14/26 10:44 PM,10 minutes and 34 seconds,*Device Login *Do NOT Remove
IT Italian Trattoria Collins,Jonathan Lucero,257,,Pasta - Collins,,9/14/26 10:41 PM,9/14/26 10:52 PM,11 minutes and 5 seconds,*Device Login *Do NOT Remove
IT Italian Trattoria Collins,Jonathan Lucero,259,,Pizza - Collins,,9/14/26 10:55 PM,9/14/26 11:01 PM,5 minutes and 56 seconds,*Device Login *Do NOT Remove
IT Italian Trattoria Collins,Jonathan Lucero,261,,Pizza - Collins,,9/14/26 11:17 PM,9/14/26 11:20 PM,3 minutes and 7 seconds,*Device Login *Do NOT Remove
IT Italian Trattoria Collins,Jonathan Lucero,261,,No print / Expo - Collins,,9/14/26 11:17 PM,9/14/26 11:20 PM,3 minutes and 7 seconds,*Device Login *Do NOT Remove
IT Italian Trattoria Collins,Jonathan Lucero,264,,Pizza - Collins,,9/14/26 11:29 PM,9/14/26 11:34 PM,5 minutes and 12 seconds,*Device Login *Do NOT Remove
IT Italian Trattoria Collins,Jonathan Lucero,266,,Pizza - Collins,,9/14/26 11:30 PM,9/14/26 11:37 PM,6 minutes and 23 seconds,*Device Login *Do NOT Remove
IT Italian Trattoria Collins,Andrea Rizzi,265,,Pizza - Collins,,9/14/26 11:31 PM,9/14/26 11:38 PM,6 minutes and 43 seconds,*Device Login *Do NOT Remove
IT Italian Trattoria Collins,Jonathan Lucero,267,,Pizza - Collins,,9/14/26 11:31 PM,9/14/26 11:38 PM,7 minutes and 11 seconds,*Device Login *Do NOT Remove
IT Italian Trattoria Collins,Andrea Rizzi,268,,Pizza - Collins,,9/14/26 11:32 PM,9/14/26 11:45 PM,13 minutes and 13 seconds,*Device Login *Do NOT Remove
IT Italian Trattoria Collins,Jonathan Lucero,270,,Pizza - Collins,,9/14/26 11:32 PM,9/14/26 11:46 PM,13 minutes and 26 seconds,*Device Login *Do NOT Remove
IT Italian Trattoria Collins,Andrea Rizzi,271,,Pizza - Collins,,9/14/26 11:33 PM,9/14/26 11:46 PM,13 minutes and 40 seconds,*Device Login *Do NOT Remove
IT Italian Trattoria Collins,Jonathan Lucero,274,,Pizza - Collins,,9/14/26 11:34 PM,9/14/26 11:47 PM,13 minutes and 42 seconds,*Device Login *Do NOT Remove
IT Italian Trattoria Collins,Andrea Rizzi,273,,Pizza - Collins,,9/14/26 11:33 PM,9/14/26 11:49 PM,15 minutes and 54 seconds,*Device Login *Do NOT Remove
IT Italian Trattoria Collins,Jonathan Lucero,276,,Pizza - Collins,,9/14/26 11:34 PM,9/14/26 11:52 PM,17 minutes and 56 seconds,*Device Login *Do NOT Remove
IT Italian Trattoria Collins,Jonathan Lucero,278,,Pizza - Collins,,9/14/26 11:35 PM,9/14/26 11:53 PM,17 minutes and 25 seconds,*Device Login *Do NOT Remove
IT Italian Trattoria Collins,Jonathan Lucero,282,,Pizza - Collins,,9/14/26 11:38 PM,9/14/26 11:53 PM,14 minutes and 59 seconds,*Device Login *Do NOT Remove
IT Italian Trattoria Collins,Jonathan Lucero,284,,Pizza - Collins,,9/14/26 11:41 PM,9/14/26 11:54 PM,13 minutes and 15 seconds,*Device Login *Do NOT Remove
IT Italian Trattoria Collins,Jonathan Lucero,285,,Pizza - Collins,,9/14/26 11:42 PM,9/14/26 11:55 PM,13 minutes and 9 seconds,*Device Login *Do NOT Remove
IT Italian Trattoria Collins,Andrea Rizzi,286,,Pizza - Collins,,9/14/26 11:46 PM,9/15/26 12:00 AM,14 minutes and 10 seconds,*Device Login *Do NOT Remove
IT Italian Trattoria Collins,Jonathan Lucero,269,,Pasta - Collins,,9/14/26 11:32 PM,9/15/26 12:02 AM,30 minutes and 22 seconds,*Device Login *Do NOT Remove
IT Italian Trattoria Collins,Andrea Rizzi,275,,Pasta - Collins,,9/14/26 11:34 PM,9/15/26 12:11 AM,36 minutes and 12 seconds,*Device Login *Do NOT Remove
IT Italian Trattoria Collins,Charles Hernandez,2,,Pasta - Collins,,9/15/26 7:26 AM,9/15/26 7:29 AM,2 minutes and 57 seconds,*Device Login *Do NOT Remove
IT Italian Trattoria Collins,Charles Hernandez,3,,Pasta - Collins,,9/15/26 7:31 AM,9/15/26 7:33 AM,2 minutes and 36 seconds,*Device Login *Do NOT Remove
IT Italian Trattoria Collins,Charles Hernandez,6,,Pasta - Collins,,9/15/26 7:43 AM,9/15/26 7:47 AM,4 minutes and 10 seconds,*Device Login *Do NOT Remove
IT Italian Trattoria Collins,Charles Hernandez,8,,Pasta - Collins,,9/15/26 7:48 AM,9/15/26 7:51 AM,3 minutes and 26 seconds,*Device Login *Do NOT Remove
IT Italian Trattoria Collins,Charles Hernandez,12,,Pasta - Collins,,9/15/26 8:17 AM,9/15/26 8:20 AM,2 minutes and 48 seconds,*Device Login *Do NOT Remove
IT Italian Trattoria Collins,Charles Hernandez,17,,Pasta - Collins,,9/15/26 8:22 AM,9/15/26 8:23 AM,8 seconds,*Device Login *Do NOT Remove
IT Italian Trattoria Collins,Charles Hernandez,19,,Pasta - Collins,,9/15/26 8:25 AM,9/15/26 8:25 AM,10 seconds,*Device Login *Do NOT Remove
IT Italian Trattoria Collins,Charles Hernandez,20,,Pasta - Collins,,9/15/26 8:26 AM,9/15/26 8:29 AM,3 minutes and 8 seconds,*Device Login *Do NOT Remove
IT Italian Trattoria Collins,Charles Hernandez,21,,Pasta - Collins,,9/15/26 8:33 AM,9/15/26 8:37 AM,4 minutes and 8 seconds,*Device Login *Do NOT Remove
IT Italian Trattoria Collins,Charles Hernandez,23,,Pasta - Collins,,9/15/26 8:36 AM,9/15/26 8:39 AM,2 minutes and 51 seconds,*Device Login *Do NOT Remove
IT Italian Trattoria Collins,Charles Hernandez,24,,Pasta - Collins,,9/15/26 8:39 AM,9/15/26 8:39 AM,23 seconds,*Device Login *Do NOT Remove
IT Italian Trattoria Collins,agostina lerner,29,,Pasta - Collins,,9/15/26 8:48 AM,9/15/26 8:50 AM,1 minute and 48 seconds,*Device Login *Do NOT Remove
IT Italian Trattoria Collins,agostina lerner,30,,Pasta - Collins,,9/15/26 8:53 AM,9/15/26 8:57 AM,3 minutes and 48 seconds,*Device Login *Do NOT Remove
IT Italian Trattoria Collins,Charles Hernandez,34,,Pasta - Collins,,9/15/26 9:05 AM,9/15/26 9:06 AM,1 minute and 20 seconds,*Device Login *Do NOT Remove
IT Italian Trattoria Collins,Charles Hernandez,35,,Pasta - Collins,,9/15/26 9:07 AM,9/15/26 9:07 AM,13 seconds,*Device Login *Do NOT Remove
IT Italian Trattoria Collins,Charles Hernandez,38,,Pasta - Collins,,9/15/26 9:16 AM,9/15/26 9:17 AM,1 minute and 20 seconds,*Device Login *Do NOT Remove
IT Italian Trattoria Collins,Charles Hernandez,39,,Pasta - Collins,,9/15/26 9:17 AM,9/15/26 9:23 AM,6 minutes and 28 seconds,*Device Login *Do NOT Remove
IT Italian Trattoria Collins,Charles Hernandez,40,,Pasta - Collins,,9/15/26 9:19 AM,9/15/26 9:24 AM,5 minutes and 10 seconds,*Device Login *Do NOT Remove
IT Italian Trattoria Collins,Charles Hernandez,43,,Pasta - Collins,,9/15/26 9:31 AM,9/15/26 9:32 AM,1 minute and 15 seconds,*Device Login *Do NOT Remove
IT Italian Trattoria Collins,Charles Hernandez,44,,Pasta - Collins,,9/15/26 9:32 AM,9/15/26 9:34 AM,1 minute and 53 seconds,*Device Login *Do NOT Remove
IT Italian Trattoria Collins,Charles Hernandez,45,,Pasta - Collins,,9/15/26 9:36 AM,9/15/26 9:39 AM,2 minutes and 44 seconds,*Device Login *Do NOT Remove
IT Italian Trattoria Collins,Charles Hernandez,46,,Pasta - Collins,,9/15/26 9:45 AM,9/15/26 9:48 AM,2 minutes and 24 seconds,*Device Login *Do NOT Remove
IT Italian Trattoria Collins,Charles Hernandez,48,,Pasta - Collins,,9/15/26 9:48 AM,9/15/26 9:50 AM,2 minutes and 13 seconds,*Device Login *Do NOT Remove
IT Italian Trattoria Collins,Charles Hernandez,50,,Pasta - Collins,,9/15/26 9:53 AM,9/15/26 9:54 AM,17 seconds,*Device Login *Do NOT Remove
IT Italian Trattoria Collins,Charles Hernandez,51,,Pasta - Collins,,9/15/26 9:58 AM,9/15/26 10:00 AM,2 minutes and 12 seconds,*Device Login *Do NOT Remove
IT Italian Trattoria Collins,Charles Hernandez,55,,Pasta - Collins,,9/15/26 10:23 AM,9/15/26 10:27 AM,3 minutes and 37 seconds,*Device Login *Do NOT Remove
IT Italian Trattoria Collins,Charles Hernandez,56,,Pasta - Collins,,9/15/26 10:32 AM,9/15/26 10:34 AM,1 minute and 37 seconds,*Device Login *Do NOT Remove
IT Italian Trattoria Collins,Charles Hernandez,59,,Pasta - Collins,,9/15/26 10:55 AM,9/15/26 10:59 AM,4 minutes and 46 seconds,*Device Login *Do NOT Remove
IT Italian Trattoria Collins,Charles Hernandez,60,,Pasta - Collins,,9/15/26 10:57 AM,9/15/26 11:00 AM,2 minutes and 47 seconds,*Device Login *Do NOT Remove
IT Italian Trattoria Collins,Charles Hernandez,63,,Pasta - Collins,,9/15/26 11:58 AM,9/15/26 11:58 AM,17 seconds,*Device Login *Do NOT Remove
IT Italian Trattoria Collins,Charles Hernandez,63,,Pizza - Collins,,9/15/26 11:58 AM,9/15/26 12:05 PM,6 minutes and 49 seconds,*Device Login *Do NOT Remove
IT Italian Trattoria Collins,Charles Hernandez,69,,Pasta - Collins,,9/15/26 12:08 PM,9/15/26 12:14 PM,5 minutes and 49 seconds,*Device Login *Do NOT Remove
IT Italian Trattoria Collins,Charles Hernandez,70,,Pasta - Collins,,9/15/26 12:10 PM,9/15/26 12:16 PM,5 minutes and 23 seconds,*Device Login *Do NOT Remove
IT Italian Trattoria Collins,Charles Hernandez,73,,Pizza - Collins,,9/15/26 12:31 PM,9/15/26 12:36 PM,4 minutes and 45 seconds,*Device Login *Do NOT Remove
IT Italian Trattoria Collins,agostina lerner,76,,Pasta - Collins,,9/15/26 12:57 PM,9/15/26 12:58 PM,27 seconds,*Device Login *Do NOT Remove
IT Italian Trattoria Collins,Charles Hernandez,74,,Pasta - Collins,,9/15/26 12:48 PM,9/15/26 12:59 PM,10 minutes and 30 seconds,*Device Login *Do NOT Remove
IT Italian Trattoria Collins,agostina lerner,79,,Pasta - Collins,,9/15/26 1:04 PM,9/15/26 1:06 PM,1 minute and 58 seconds,*Device Login *Do NOT Remove
IT Italian Trattoria Collins,Default Online Ordering,82,,Pasta - Collins,,9/15/26 1:07 PM,9/15/26 1:12 PM,5 minutes and 8 seconds,*Device Login *Do NOT Remove
IT Italian Trattoria Collins,Charles Hernandez,81,,Pasta - Collins,,9/15/26 1:07 PM,9/15/26 1:12 PM,5 minutes and 9 seconds,*Device Login *Do NOT Remove
IT Italian Trattoria Collins,Charles Hernandez,80,,Pizza - Collins,,9/15/26 1:05 PM,9/15/26 1:13 PM,7 minutes and 26 seconds,*Device Login *Do NOT Remove
IT Italian Trattoria Collins,Charles Hernandez,85,,Pasta - Collins,,9/15/26 1:12 PM,9/15/26 1:19 PM,7 minutes and 6 seconds,*Device Login *Do NOT Remove
IT Italian Trattoria Collins,Charles Hernandez,83,,Pasta - Collins,,9/15/26 1:09 PM,9/15/26 1:21 PM,11 minutes and 43 seconds,*Device Login *Do NOT Remove
IT Italian Trattoria Collins,Charles Hernandez,89,,Pasta - Collins,,9/15/26 1:49 PM,9/15/26 1:49 PM,13 seconds,*Device Login *Do NOT Remove
IT Italian Trattoria Collins,Charles Hernandez,96,,Pasta - Collins,,9/15/26 2:07 PM,9/15/26 2:07 PM,9 seconds,*Device Login *Do NOT Remove
IT Italian Trattoria Collins,Charles Hernandez,93,,Pizza - Collins,,9/15/26 2:03 PM,9/15/26 2:13 PM,10 minutes and 47 seconds,*Device Login *Do NOT Remove
IT Italian Trattoria Collins,Charles Hernandez,96,,Pizza - Collins,,9/15/26 2:07 PM,9/15/26 2:13 PM,6 minutes and 10 seconds,*Device Login *Do NOT Remove
IT Italian Trattoria Collins,Charles Hernandez,98,,Pizza - Collins,,9/15/26 2:26 PM,9/15/26 2:33 PM,7 minutes and 27 seconds,*Device Login *Do NOT Remove
IT Italian Trattoria Collins,Charles Hernandez,102,,Pizza - Collins,,9/15/26 2:37 PM,9/15/26 2:37 PM,26 seconds,*Device Login *Do NOT Remove
IT Italian Trattoria Collins,Charles Hernandez,102,,No print / Expo - Collins,,9/15/26 2:37 PM,9/15/26 2:37 PM,26 seconds,*Device Login *Do NOT Remove
IT Italian Trattoria Collins,Charles Hernandez,102,,Pasta - Collins,,9/15/26 2:37 PM,9/15/26 2:40 PM,3 minutes and 49 seconds,*Device Login *Do NOT Remove
IT Italian Trattoria Collins,Charles Hernandez,103,,Pizza - Collins,,9/15/26 2:41 PM,9/15/26 2:48 PM,6 minutes and 54 seconds,*Device Login *Do NOT Remove
IT Italian Trattoria Collins,Charles Hernandez,105,,Pizza - Collins,,9/15/26 2:45 PM,9/15/26 2:54 PM,9 minutes and 7 seconds,*Device Login *Do NOT Remove
IT Italian Trattoria Collins,Davide Christopher Paredi,107,,Pizza - Collins,,9/15/26 2:49 PM,9/15/26 2:57 PM,8 minutes and 37 seconds,*Device Login *Do NOT Remove
IT Italian Trattoria Collins,Charles Hernandez,104,,Pizza - Collins,,9/15/26 2:44 PM,9/15/26 2:57 PM,13 minutes and 14 seconds,*Device Login *Do NOT Remove
IT Italian Trattoria Collins,Charles Hernandez,106,,Pasta - Collins,,9/15/26 2:49 PM,9/15/26 2:57 PM,8 minutes and 29 seconds,*Device Login *Do NOT Remove
IT Italian Trattoria Collins,Charles Hernandez,109,,Pasta - Collins,,9/15/26 3:03 PM,9/15/26 3:10 PM,6 minutes and 45 seconds,*Device Login *Do NOT Remove
IT Italian Trattoria Collins,Charles Hernandez,110,,Pasta - Collins,,9/15/26 3:05 PM,9/15/26 3:10 PM,4 minutes and 53 seconds,*Device Login *Do NOT Remove
IT Italian Trattoria Collins,Default Online Ordering,111,,Pasta - Collins,,9/15/26 3:16 PM,9/15/26 3:24 PM,7 minutes and 58 seconds,*Device Login *Do NOT Remove
IT Italian Trattoria Collins,Charles Hernandez,113,,Pasta - Collins,,9/15/26 3:41 PM,9/15/26 3:47 PM,5 minutes and 19 seconds,*Device Login *Do NOT Remove
IT Italian Trattoria Collins,Jonathan Lucero,115,,Pizza - Collins,,9/15/26 4:23 PM,9/15/26 4:26 PM,2 minutes and 47 seconds,*Device Login *Do NOT Remove
IT Italian Trattoria Collins,Jonathan Lucero,118,,Pizza - Collins,,9/15/26 4:27 PM,9/15/26 4:28 PM,1 minute and 7 seconds,*Device Login *Do NOT Remove
IT Italian Trattoria Collins,Jonathan Lucero,117,,Pizza - Collins,,9/15/26 5:23 PM,9/15/26 5:30 PM,7 minutes and 12 seconds,*Device Login *Do NOT Remove
IT Italian Trattoria Collins,Jonathan Lucero,123,,Pasta - Collins,,9/15/26 5:26 PM,9/15/26 5:32 PM,5 minutes and 15 seconds,*Device Login *Do NOT Remove
IT Italian Trattoria Collins,Jonathan Lucero,125,,Pasta - Collins,,9/15/26 5:46 PM,9/15/26 5:56 PM,9 minutes and 37 seconds,*Device Login *Do NOT Remove
IT Italian Trattoria Collins,Jonathan Lucero,122,,Pasta - Collins,,9/15/26 5:41 PM,9/15/26 5:56 PM,14 minutes and 42 seconds,*Device Login *Do NOT Remove
IT Italian Trattoria Collins,Jonathan Lucero,127,,Pizza - Collins,,9/15/26 6:04 PM,9/15/26 6:12 PM,7 minutes and 25 seconds,*Device Login *Do NOT Remove
IT Italian Trattoria Collins,Camila Soldo,129,,Pasta - Collins,,9/15/26 6:09 PM,9/15/26 6:15 PM,6 minutes and 8 seconds,*Device Login *Do NOT Remove
IT Italian Trattoria Collins,Camila Soldo,129,,Drinks - Collins,,9/15/26 6:09 PM,9/15/26 6:15 PM,6 minutes and 8 seconds,*Device Login *Do NOT Remove
IT Italian Trattoria Collins,Camila Soldo,129,,No print / Expo - Collins,,9/15/26 6:09 PM,9/15/26 6:15 PM,6 minutes and 8 seconds,*Device Login *Do NOT Remove
IT Italian Trattoria Collins,Camila Soldo,129,,Pizza - Collins,,9/15/26 6:09 PM,9/15/26 6:15 PM,6 minutes and 8 seconds,*Device Login *Do NOT Remove
IT Italian Trattoria Collins,Camila Soldo,129,,No Print - Collins,,9/15/26 6:09 PM,9/15/26 6:15 PM,6 minutes and 8 seconds,*Device Login *Do NOT Remove
IT Italian Trattoria Collins,Camila Soldo,129,,Pizza Pala - Collins,,9/15/26 6:09 PM,9/15/26 6:15 PM,6 minutes and 8 seconds,*Device Login *Do NOT Remove
IT Italian Trattoria Collins,Camila Soldo,129,,Pizza - Collins,,9/15/26 6:09 PM,9/15/26 6:16 PM,7 minutes and 13 seconds,*Device Login *Do NOT Remove
IT Italian Trattoria Collins,Jonathan Lucero,131,,Pizza - Collins,,9/15/26 6:12 PM,9/15/26 6:20 PM,7 minutes and 8 seconds,*Device Login *Do NOT Remove
IT Italian Trattoria Collins,Camila Soldo,130,,Pizza - Collins,,9/15/26 6:19 PM,9/15/26 6:28 PM,8 minutes and 46 seconds,*Device Login *Do NOT Remove
IT Italian Trattoria Collins,Jonathan Lucero,132,,Pizza - Collins,,9/15/26 6:21 PM,9/15/26 6:29 PM,7 minutes and 55 seconds,*Device Login *Do NOT Remove
IT Italian Trattoria Collins,Jonathan Lucero,134,,Pasta - Collins,,9/15/26 6:28 PM,9/15/26 6:35 PM,7 minutes and 2 seconds,*Device Login *Do NOT Remove
IT Italian Trattoria Collins,Camila Soldo,133,,Pasta - Collins,,9/15/26 6:28 PM,9/15/26 6:35 PM,6 minutes and 24 seconds,*Device Login *Do NOT Remove
IT Italian Trattoria Collins,Camila Soldo,133,,Pizza - Collins,,9/15/26 6:28 PM,9/15/26 6:36 PM,8 minutes and 6 seconds,*Device Login *Do NOT Remove
IT Italian Trattoria Collins,Jonathan Lucero,137,,Pasta - Collins,,9/15/26 6:30 PM,9/15/26 6:40 PM,10 minutes and 11 seconds,*Device Login *Do NOT Remove
IT Italian Trattoria Collins,Jonathan Lucero,138,,Pizza - Collins,,9/15/26 6:37 PM,9/15/26 6:48 PM,10 minutes and 33 seconds,*Device Login *Do NOT Remove
IT Italian Trattoria Collins,Jonathan Lucero,140,,Pasta - Collins,,9/15/26 6:46 PM,9/15/26 6:50 PM,4 minutes and 11 seconds,*Device Login *Do NOT Remove
IT Italian Trattoria Collins,Jonathan Lucero,139,,Pizza - Collins,,9/15/26 6:45 PM,9/15/26 6:53 PM,8 minutes and 43 seconds,*Device Login *Do NOT Remove
IT Italian Trattoria Collins,Jonathan Lucero,141,,Pizza - Collins,,9/15/26 6:47 PM,9/15/26 6:53 PM,6 minutes and 36 seconds,*Device Login *Do NOT Remove
IT Italian Trattoria Collins,Camila Soldo,136,,Pasta - Collins,,9/15/26 6:49 PM,9/15/26 6:56 PM,7 minutes and 30 seconds,*Device Login *Do NOT Remove
IT Italian Trattoria Collins,Jonathan Lucero,145,,Pizza - Collins,,9/15/26 6:52 PM,9/15/26 6:57 PM,5 minutes and 21 seconds,*Device Login *Do NOT Remove
IT Italian Trattoria Collins,Default Online Ordering,149,,Pasta - Collins,,9/15/26 6:58 PM,9/15/26 7:05 PM,6 minutes and 18 seconds,*Device Login *Do NOT Remove
IT Italian Trattoria Collins,Jonathan Lucero,152,,Pasta - Collins,,9/15/26 7:10 PM,9/15/26 7:11 PM,1 minute and 21 seconds,*Device Login *Do NOT Remove
IT Italian Trattoria Collins,Jonathan Lucero,151,,Pizza - Collins,,9/15/26 7:07 PM,9/15/26 7:14 PM,6 minutes and 43 seconds,*Device Login *Do NOT Remove
IT Italian Trattoria Collins,Jonathan Lucero,153,,Pasta - Collins,,9/15/26 7:12 PM,9/15/26 7:16 PM,4 minutes and 15 seconds,*Device Login *Do NOT Remove
IT Italian Trattoria Collins,Camila Soldo,147,,Pizza - Collins,,9/15/26 7:16 PM,9/15/26 7:17 PM,52 seconds,*Device Login *Do NOT Remove
IT Italian Trattoria Collins,Camila Soldo,147,,No print / Expo - Collins,,9/15/26 7:16 PM,9/15/26 7:17 PM,52 seconds,*Device Login *Do NOT Remove
IT Italian Trattoria Collins,Jonathan Lucero,154,,Pizza - Collins,,9/15/26 7:13 PM,9/15/26 7:22 PM,9 minutes and 48 seconds,*Device Login *Do NOT Remove
IT Italian Trattoria Collins,Jonathan Lucero,155,,Pasta - Collins,,9/15/26 7:16 PM,9/15/26 7:22 PM,6 minutes and 34 seconds,*Device Login *Do NOT Remove
IT Italian Trattoria Collins,Jonathan Lucero,156,,Pasta - Collins,,9/15/26 7:20 PM,9/15/26 7:26 PM,6 minutes and 28 seconds,*Device Login *Do NOT Remove
IT Italian Trattoria Collins,Default Online Ordering,158,,Pizza - Collins,,9/15/26 7:20 PM,9/15/26 7:27 PM,7 minutes and 9 seconds,*Device Login *Do NOT Remove
IT Italian Trattoria Collins,Default Online Ordering,158,,Pasta - Collins,,9/15/26 7:20 PM,9/15/26 7:29 PM,9 minutes and 31 seconds,*Device Login *Do NOT Remove
IT Italian Trattoria Collins,Jonathan Lucero,159,,Pizza - Collins,,9/15/26 7:25 PM,9/15/26 7:31 PM,6 minutes and 28 seconds,*Device Login *Do NOT Remove
IT Italian Trattoria Collins,Jonathan Lucero,164,,Pasta - Collins,,9/15/26 7:41 PM,9/15/26 7:41 PM,21 seconds,*Device Login *Do NOT Remove
IT Italian Trattoria Collins,Camila Soldo,157,,Pasta - Collins,,9/15/26 7:37 PM,9/15/26 7:43 PM,6 minutes and 9 seconds,*Device Login *Do NOT Remove
IT Italian Trattoria Collins,Jonathan Lucero,161,,Pasta - Collins,,9/15/26 7:37 PM,9/15/26 7:43 PM,6 minutes and 13 seconds,*Device Login *Do NOT Remove
IT Italian Trattoria Collins,Jonathan Lucero,165,,Pasta - Collins,,9/15/26 7:48 PM,9/15/26 7:52 PM,3 minutes and 57 seconds,*Device Login *Do NOT Remove
IT Italian Trattoria Collins,Jonathan Lucero,166,,Pasta - Collins,,9/15/26 8:01 PM,9/15/26 8:03 PM,1 minute and 59 seconds,*Device Login *Do NOT Remove
IT Italian Trattoria Collins,Jonathan Lucero,166,,Pizza - Collins,,9/15/26 8:01 PM,9/15/26 8:09 PM,8 minutes and 2 seconds,*Device Login *Do NOT Remove
IT Italian Trattoria Collins,Jonathan Lucero,168,,Pizza - Collins,,9/15/26 8:09 PM,9/15/26 8:12 PM,2 minutes and 34 seconds,*Device Login *Do NOT Remove
IT Italian Trattoria Collins,Jonathan Lucero,168,,No print / Expo - Collins,,9/15/26 8:09 PM,9/15/26 8:12 PM,2 minutes and 34 seconds,*Device Login *Do NOT Remove
IT Italian Trattoria Collins,Jonathan Lucero,169,,Pizza - Collins,,9/15/26 8:11 PM,9/15/26 8:18 PM,7 minutes and 2 seconds,*Device Login *Do NOT Remove
IT Italian Trattoria Collins,Camila Soldo,171,,Pasta - Collins,,9/15/26 8:18 PM,9/15/26 8:22 PM,4 minutes and 38 seconds,*Device Login *Do NOT Remove
IT Italian Trattoria Collins,Jonathan Lucero,173,,Pizza - Collins,,9/15/26 8:23 PM,9/15/26 8:23 PM,8 seconds,*Device Login *Do NOT Remove
IT Italian Trattoria Collins,Jonathan Lucero,173,,No print / Expo - Collins,,9/15/26 8:23 PM,9/15/26 8:23 PM,8 seconds,*Device Login *Do NOT Remove
IT Italian Trattoria Collins,Camila Soldo,171,,Pizza - Collins,,9/15/26 8:18 PM,9/15/26 8:23 PM,5 minutes and 36 seconds,*Device Login *Do NOT Remove
IT Italian Trattoria Collins,Jonathan Lucero,170,,Pizza - Collins,,9/15/26 8:20 PM,9/15/26 8:25 PM,5 minutes,*Device Login *Do NOT Remove
IT Italian Trattoria Collins,Jonathan Lucero,174,,Pasta - Collins,,9/15/26 8:25 PM,9/15/26 8:29 PM,4 minutes and 11 seconds,*Device Login *Do NOT Remove
IT Italian Trattoria Collins,Jonathan Lucero,174,,Pizza - Collins,,9/15/26 8:25 PM,9/15/26 8:30 PM,5 minutes and 48 seconds,*Device Login *Do NOT Remove
IT Italian Trattoria Collins,Jonathan Lucero,175,,Pasta - Collins,,9/15/26 8:36 PM,9/15/26 8:39 PM,3 minutes and 22 seconds,*Device Login *Do NOT Remove
IT Italian Trattoria Collins,Default Online Ordering,178,,Pasta - Collins,,9/15/26 8:48 PM,9/15/26 8:54 PM,5 minutes and 59 seconds,*Device Login *Do NOT Remove
IT Italian Trattoria Collins,Camila Soldo,177,,Pasta - Collins,,9/15/26 8:59 PM,9/15/26 9:08 PM,8 minutes and 56 seconds,*Device Login *Do NOT Remove
IT Italian Trattoria Collins,Davide Christopher Paredi,180,,Pizza - Collins,,9/15/26 9:04 PM,9/15/26 9:10 PM,6 minutes and 8 seconds,*Device Login *Do NOT Remove
IT Italian Trattoria Collins,Davide Christopher Paredi,182,,Pizza - Collins,,9/15/26 9:13 PM,9/15/26 9:19 PM,6 minutes and 36 seconds,*Device Login *Do NOT Remove
IT Italian Trattoria Collins,Davide Christopher Paredi,183,,Pasta - Collins,,9/15/26 9:15 PM,9/15/26 9:22 PM,6 minutes and 12 seconds,*Device Login *Do NOT Remove
IT Italian Trattoria Collins,Davide Christopher Paredi,183,,Pizza - Collins,,9/15/26 9:15 PM,9/15/26 9:23 PM,7 minutes and 52 seconds,*Device Login *Do NOT Remove
IT Italian Trattoria Collins,Davide Christopher Paredi,184,,Pizza - Collins,,9/15/26 9:19 PM,9/15/26 9:26 PM,6 minutes and 40 seconds,*Device Login *Do NOT Remove
IT Italian Trattoria Collins,Davide Christopher Paredi,186,,Pizza - Collins,,9/15/26 9:21 PM,9/15/26 9:26 PM,4 minutes and 43 seconds,*Device Login *Do NOT Remove
IT Italian Trattoria Collins,Camila Soldo,185,,Pasta - Collins,,9/15/26 9:22 PM,9/15/26 9:29 PM,7 minutes and 24 seconds,*Device Login *Do NOT Remove
IT Italian Trattoria Collins,Camila Soldo,179,,Pasta - Collins,,9/15/26 9:19 PM,9/15/26 9:30 PM,11 minutes and 26 seconds,*Device Login *Do NOT Remove
IT Italian Trattoria Collins,Davide Christopher Paredi,187,,Pasta - Collins,,9/15/26 9:31 PM,9/15/26 9:34 PM,3 minutes and 17 seconds,*Device Login *Do NOT Remove
IT Italian Trattoria Collins,Camila Soldo,190,,Pasta - Collins,,9/15/26 9:32 PM,9/15/26 9:37 PM,4 minutes and 22 seconds,*Device Login *Do NOT Remove
IT Italian Trattoria Collins,Davide Christopher Paredi,191,,Pizza - Collins,,9/15/26 9:34 PM,9/15/26 9:38 PM,3 minutes and 25 seconds,*Device Login *Do NOT Remove
IT Italian Trattoria Collins,Davide Christopher Paredi,187,,Pizza - Collins,,9/15/26 9:31 PM,9/15/26 9:38 PM,6 minutes and 39 seconds,*Device Login *Do NOT Remove
IT Italian Trattoria Collins,Davide Christopher Paredi,193,,Pasta - Collins,,9/15/26 9:37 PM,9/15/26 9:42 PM,5 minutes and 23 seconds,*Device Login *Do NOT Remove
IT Italian Trattoria Collins,Davide Christopher Paredi,194,,Pasta - Collins,,9/15/26 9:37 PM,9/15/26 9:42 PM,4 minutes and 38 seconds,*Device Login *Do NOT Remove
IT Italian Trattoria Collins,Jonathan Lucero,196,,Pizza - Collins,,9/15/26 9:50 PM,9/15/26 9:57 PM,7 minutes and 1 second,*Device Login *Do NOT Remove
IT Italian Trattoria Collins,Camila Soldo,192,,Pizza - Collins,,9/15/26 9:49 PM,9/15/26 9:58 PM,8 minutes and 50 seconds,*Device Login *Do NOT Remove
IT Italian Trattoria Collins,Jonathan Lucero,199,,Pizza - Collins,,9/15/26 9:55 PM,9/15/26 9:59 PM,3 minutes and 59 seconds,*Device Login *Do NOT Remove
IT Italian Trattoria Collins,Jonathan Lucero,200,,Pasta - Collins,,9/15/26 9:58 PM,9/15/26 10:03 PM,5 minutes,*Device Login *Do NOT Remove
IT Italian Trattoria Collins,Jonathan Lucero,201,,Pasta - Collins,,9/15/26 10:18 PM,9/15/26 10:25 PM,7 minutes and 2 seconds,*Device Login *Do NOT Remove
IT Italian Trattoria Collins,Jonathan Lucero,205,,Pizza - Collins,,9/15/26 10:55 PM,9/15/26 11:01 PM,6 minutes and 17 seconds,*Device Login *Do NOT Remove
IT Italian Trattoria Collins,Jonathan Lucero,205,,No print / Expo - Collins,,9/15/26 10:55 PM,9/15/26 11:01 PM,6 minutes and 17 seconds,*Device Login *Do NOT Remove
IT Italian Trattoria Collins,Camila Soldo,208,,Pasta - Collins,,9/15/26 10:56 PM,9/15/26 11:02 PM,6 minutes and 12 seconds,*Device Login *Do NOT Remove
IT Italian Trattoria Collins,Camila Soldo,209,,Pasta - Collins,,9/15/26 10:57 PM,9/15/26 11:03 PM,5 minutes and 34 seconds,*Device Login *Do NOT Remove
IT Italian Trattoria Collins,Jonathan Lucero,207,,Pizza - Collins,,9/15/26 11:07 PM,9/15/26 11:13 PM,6 minutes and 1 second,*Device Login *Do NOT Remove
IT Italian Trattoria Collins,Jonathan Lucero,207,,Pasta - Collins,,9/15/26 11:07 PM,9/15/26 11:13 PM,6 minutes and 8 seconds,*Device Login *Do NOT Remove
IT Italian Trattoria Collins,Jonathan Lucero,212,,Pizza - Collins,,9/15/26 11:14 PM,9/15/26 11:20 PM,6 minutes and 1 second,*Device Login *Do NOT Remove
IT Italian Trattoria Collins,Jonathan Lucero,212,,No print / Expo - Collins,,9/15/26 11:14 PM,9/15/26 11:20 PM,6 minutes and 1 second,*Device Login *Do NOT Remove
IT Italian Trattoria Collins,Jonathan Lucero,213,,Pasta - Collins,,9/15/26 11:17 PM,9/15/26 11:21 PM,3 minutes and 57 seconds,*Device Login *Do NOT Remove
IT Italian Trattoria Collins,Jonathan Lucero,214,,Pizza - Collins,,9/15/26 11:21 PM,9/15/26 11:27 PM,6 minutes and 3 seconds,*Device Login *Do NOT Remove
IT Italian Trattoria Collins,Charles Hernandez,1,,Pasta - Collins,,9/16/26 7:16 AM,9/16/26 7:23 AM,7 minutes and 39 seconds,*Device Login *Do NOT Remove
IT Italian Trattoria Collins,Charles Hernandez,2,,Pasta - Collins,,9/16/26 7:23 AM,9/16/26 7:33 AM,9 minutes and 45 seconds,*Device Login *Do NOT Remove
IT Italian Trattoria Collins,Charles Hernandez,4,,Pasta - Collins,,9/16/26 7:30 AM,9/16/26 7:40 AM,10 minutes and 48 seconds,*Device Login *Do NOT Remove
IT Italian Trattoria Collins,Charles Hernandez,6,,Pasta - Collins,,9/16/26 7:40 AM,9/16/26 7:45 AM,4 minutes and 57 seconds,*Device Login *Do NOT Remove
IT Italian Trattoria Collins,Charles Hernandez,9,,Pasta - Collins,,9/16/26 7:53 AM,9/16/26 7:58 AM,4 minutes and 37 seconds,*Device Login *Do NOT Remove
IT Italian Trattoria Collins,Charles Hernandez,10,,Pasta - Collins,,9/16/26 7:56 AM,9/16/26 7:58 AM,1 minute and 46 seconds,*Device Login *Do NOT Remove
IT Italian Trattoria Collins,Charles Hernandez,7,,Pasta - Collins,,9/16/26 7:48 AM,9/16/26 7:58 AM,9 minutes and 57 seconds,*Device Login *Do NOT Remove
IT Italian Trattoria Collins,Charles Hernandez,15,,Pasta - Collins,,9/16/26 8:08 AM,9/16/26 8:11 AM,2 minutes and 15 seconds,*Device Login *Do NOT Remove
IT Italian Trattoria Collins,Charles Hernandez,13,,Pasta - Collins,,9/16/26 8:03 AM,9/16/26 8:11 AM,7 minutes and 11 seconds,*Device Login *Do NOT Remove
IT Italian Trattoria Collins,Charles Hernandez,17,,Pasta - Collins,,9/16/26 8:14 AM,9/16/26 8:18 AM,3 minutes and 46 seconds,*Device Login *Do NOT Remove
IT Italian Trattoria Collins,Charles Hernandez,19,,Pasta - Collins,,9/16/26 8:26 AM,9/16/26 8:36 AM,9 minutes and 34 seconds,*Device Login *Do NOT Remove
IT Italian Trattoria Collins,Charles Hernandez,22,,Pasta - Collins,,9/16/26 8:37 AM,9/16/26 8:38 AM,22 seconds,*Device Login *Do NOT Remove
IT Italian Trattoria Collins,Charles Hernandez,24,,Pasta - Collins,,9/16/26 8:51 AM,9/16/26 8:55 AM,4 minutes and 22 seconds,*Device Login *Do NOT Remove
IT Italian Trattoria Collins,Charles Hernandez,25,,Pasta - Collins,,9/16/26 8:54 AM,9/16/26 9:00 AM,5 minutes and 50 seconds,*Device Login *Do NOT Remove
IT Italian Trattoria Collins,Charles Hernandez,27,,Pasta - Collins,,9/16/26 8:58 AM,9/16/26 9:00 AM,1 minute and 57 seconds,*Device Login *Do NOT Remove
IT Italian Trattoria Collins,Charles Hernandez,30,,Pasta - Collins,,9/16/26 9:06 AM,9/16/26 9:15 AM,9 minutes and 13 seconds,*Device Login *Do NOT Remove
IT Italian Trattoria Collins,Charles Hernandez,29,,Pasta - Collins,,9/16/26 9:02 AM,9/16/26 9:15 AM,12 minutes and 36 seconds,*Device Login *Do NOT Remove
IT Italian Trattoria Collins,Vivian Ducasal,34,,Pasta - Collins,,9/16/26 9:11 AM,9/16/26 9:19 AM,8 minutes and 8 seconds,*Device Login *Do NOT Remove
IT Italian Trattoria Collins,Charles Hernandez,35,,Pasta - Collins,,9/16/26 9:14 AM,9/16/26 9:19 AM,5 minutes and 35 seconds,*Device Login *Do NOT Remove
IT Italian Trattoria Collins,Charles Hernandez,40,,Pasta - Collins,,9/16/26 9:26 AM,9/16/26 9:40 AM,14 minutes and 44 seconds,*Device Login *Do NOT Remove
IT Italian Trattoria Collins,Charles Hernandez,41,,Pasta - Collins,,9/16/26 9:38 AM,9/16/26 9:49 AM,11 minutes and 20 seconds,*Device Login *Do NOT Remove
IT Italian Trattoria Collins,Charles Hernandez,43,,Pasta - Collins,,9/16/26 9:52 AM,9/16/26 9:55 AM,2 minutes and 49 seconds,*Device Login *Do NOT Remove
IT Italian Trattoria Collins,Charles Hernandez,44,,Pasta - Collins,,9/16/26 9:56 AM,9/16/26 10:01 AM,4 minutes and 48 seconds,*Device Login *Do NOT Remove
IT Italian Trattoria Collins,Charles Hernandez,46,,Pasta - Collins,,9/16/26 10:09 AM,9/16/26 10:12 AM,3 minutes and 21 seconds,*Device Login *Do NOT Remove
IT Italian Trattoria Collins,Charles Hernandez,48,,Pasta - Collins,,9/16/26 10:35 AM,9/16/26 10:39 AM,3 minutes and 26 seconds,*Device Login *Do NOT Remove
IT Italian Trattoria Collins,Charles Hernandez,47,,Pasta - Collins,,9/16/26 10:34 AM,9/16/26 10:42 AM,8 minutes and 6 seconds,*Device Login *Do NOT Remove
IT Italian Trattoria Collins,Charles Hernandez,49,,Pasta - Collins,,9/16/26 10:41 AM,9/16/26 10:42 AM,59 seconds,*Device Login *Do NOT Remove
IT Italian Trattoria Collins,Charles Hernandez,51,,Pasta - Collins,,9/16/26 10:46 AM,9/16/26 10:55 AM,9 minutes and 41 seconds,*Device Login *Do NOT Remove
IT Italian Trattoria Collins,Charles Hernandez,54,,Pizza - Collins,,9/16/26 11:08 AM,9/16/26 11:15 AM,6 minutes and 51 seconds,*Device Login *Do NOT Remove
IT Italian Trattoria Collins,Vivian Ducasal,56,,Pasta - Collins,,9/16/26 12:05 PM,9/16/26 12:08 PM,3 minutes and 21 seconds,*Device Login *Do NOT Remove
IT Italian Trattoria Collins,Vivian Ducasal,57,,Pasta - Collins,,9/16/26 12:13 PM,9/16/26 12:16 PM,2 minutes and 57 seconds,*Device Login *Do NOT Remove
IT Italian Trattoria Collins,Vivian Ducasal,57,,Pizza - Collins,,9/16/26 12:13 PM,9/16/26 12:19 PM,6 minutes and 12 seconds,*Device Login *Do NOT Remove
IT Italian Trattoria Collins,Vivian Ducasal,58,,Pasta - Collins,,9/16/26 12:15 PM,9/16/26 12:23 PM,8 minutes and 37 seconds,*Device Login *Do NOT Remove
IT Italian Trattoria Collins,Vivian Ducasal,61,,Pasta - Collins,,9/16/26 12:23 PM,9/16/26 12:31 PM,7 minutes and 47 seconds,*Device Login *Do NOT Remove
IT Italian Trattoria Collins,Vivian Ducasal,59,,Pizza - Collins,,9/16/26 12:19 PM,9/16/26 12:32 PM,13 minutes and 17 seconds,*Device Login *Do NOT Remove
IT Italian Trattoria Collins,Vivian Ducasal,65,,Pasta - Collins,,9/16/26 12:41 PM,9/16/26 12:49 PM,8 minutes and 4 seconds,*Device Login *Do NOT Remove
IT Italian Trattoria Collins,Vivian Ducasal,68,,Pasta - Collins,,9/16/26 12:51 PM,9/16/26 12:59 PM,7 minutes and 30 seconds,*Device Login *Do NOT Remove
IT Italian Trattoria Collins,Vivian Ducasal,67,,Pasta - Collins,,9/16/26 12:50 PM,9/16/26 12:59 PM,8 minutes and 45 seconds,*Device Login *Do NOT Remove
IT Italian Trattoria Collins,Charles Hernandez,72,,Pizza - Collins,,9/16/26 1:11 PM,9/16/26 1:21 PM,9 minutes and 20 seconds,*Device Login *Do NOT Remove
IT Italian Trattoria Collins,Charles Hernandez,73,,Pasta - Collins,,9/16/26 1:35 PM,9/16/26 1:43 PM,7 minutes and 44 seconds,*Device Login *Do NOT Remove
IT Italian Trattoria Collins,Charles Hernandez,76,,Pasta - Collins,,9/16/26 1:58 PM,9/16/26 2:03 PM,4 minutes and 45 seconds,*Device Login *Do NOT Remove
IT Italian Trattoria Collins,Charles Hernandez,77,,Pasta - Collins,,9/16/26 1:59 PM,9/16/26 2:10 PM,10 minutes and 22 seconds,*Device Login *Do NOT Remove
IT Italian Trattoria Collins,Charles Hernandez,75,,Pasta - Collins,,9/16/26 2:01 PM,9/16/26 2:10 PM,8 minutes and 37 seconds,*Device Login *Do NOT Remove
IT Italian Trattoria Collins,Charles Hernandez,79,,Pasta - Collins,,9/16/26 2:04 PM,9/16/26 2:11 PM,6 minutes and 50 seconds,*Device Login *Do NOT Remove
IT Italian Trattoria Collins,Charles Hernandez,77,,Pizza - Collins,,9/16/26 1:59 PM,9/16/26 2:12 PM,13 minutes and 2 seconds,*Device Login *Do NOT Remove
IT Italian Trattoria Collins,Charles Hernandez,75,,Pizza - Collins,,9/16/26 2:01 PM,9/16/26 2:13 PM,11 minutes and 17 seconds,*Device Login *Do NOT Remove
IT Italian Trattoria Collins,Charles Hernandez,80,,Pizza - Collins,,9/16/26 2:06 PM,9/16/26 2:13 PM,6 minutes and 45 seconds,*Device Login *Do NOT Remove
IT Italian Trattoria Collins,Charles Hernandez,81,,Pizza - Collins,,9/16/26 2:07 PM,9/16/26 2:13 PM,5 minutes and 34 seconds,*Device Login *Do NOT Remove
IT Italian Trattoria Collins,Charles Hernandez,81,,No print / Expo - Collins,,9/16/26 2:07 PM,9/16/26 2:13 PM,5 minutes and 34 seconds,*Device Login *Do NOT Remove
IT Italian Trattoria Collins,Charles Hernandez,82,,Pizza - Collins,,9/16/26 2:09 PM,9/16/26 2:13 PM,3 minutes and 43 seconds,*Device Login *Do NOT Remove
IT Italian Trattoria Collins,Charles Hernandez,82,,No print / Expo - Collins,,9/16/26 2:09 PM,9/16/26 2:13 PM,3 minutes and 43 seconds,*Device Login *Do NOT Remove
IT Italian Trattoria Collins,Charles Hernandez,83,,Pasta - Collins,,9/16/26 2:11 PM,9/16/26 2:15 PM,4 minutes and 12 seconds,*Device Login *Do NOT Remove
IT Italian Trattoria Collins,Charles Hernandez,85,,Pizza - Collins,,9/16/26 2:14 PM,9/16/26 2:16 PM,2 minutes and 3 seconds,*Device Login *Do NOT Remove
IT Italian Trattoria Collins,Charles Hernandez,85,,No print / Expo - Collins,,9/16/26 2:14 PM,9/16/26 2:16 PM,2 minutes and 3 seconds,*Device Login *Do NOT Remove
IT Italian Trattoria Collins,Charles Hernandez,83,,Pizza - Collins,,9/16/26 2:11 PM,9/16/26 2:16 PM,5 minutes and 9 seconds,*Device Login *Do NOT Remove
IT Italian Trattoria Collins,Charles Hernandez,89,,Pasta - Collins,,9/16/26 2:46 PM,9/16/26 2:48 PM,1 minute and 41 seconds,*Device Login *Do NOT Remove
IT Italian Trattoria Collins,Charles Hernandez,91,,Pasta - Collins,,9/16/26 2:57 PM,9/16/26 3:15 PM,17 minutes and 11 seconds,*Device Login *Do NOT Remove
IT Italian Trattoria Collins,Charles Hernandez,93,,Pasta - Collins,,9/16/26 3:03 PM,9/16/26 3:15 PM,11 minutes and 42 seconds,*Device Login *Do NOT Remove
IT Italian Trattoria Collins,Charles Hernandez,94,,Pizza - Collins,,9/16/26 3:34 PM,9/16/26 3:41 PM,6 minutes and 45 seconds,*Device Login *Do NOT Remove
IT Italian Trattoria Collins,Charles Hernandez,96,,Pasta - Collins,,9/16/26 3:36 PM,9/16/26 3:45 PM,8 minutes and 17 seconds,*Device Login *Do NOT Remove
IT Italian Trattoria Collins,Charles Hernandez,96,,Pizza - Collins,,9/16/26 3:36 PM,9/16/26 3:47 PM,10 minutes and 10 seconds,*Device Login *Do NOT Remove
IT Italian Trattoria Collins,Charles Hernandez,97,,Pizza - Collins,,9/16/26 3:48 PM,9/16/26 3:56 PM,7 minutes and 46 seconds,*Device Login *Do NOT Remove
IT Italian Trattoria Collins,Charles Hernandez,97,,Pasta - Collins,,9/16/26 3:48 PM,9/16/26 3:56 PM,8 minutes and 8 seconds,*Device Login *Do NOT Remove
IT Italian Trattoria Collins,Andrea Rizzi,98,,Pizza - Collins,,9/16/26 4:13 PM,9/16/26 4:22 PM,9 minutes and 4 seconds,*Device Login *Do NOT Remove
IT Italian Trattoria Collins,Andrea Rizzi,98,,Pasta - Collins,,9/16/26 4:13 PM,9/16/26 4:24 PM,10 minutes and 48 seconds,*Device Login *Do NOT Remove
IT Italian Trattoria Collins,Andrea Rizzi,99,,Pasta - Collins,,9/16/26 4:18 PM,9/16/26 4:28 PM,9 minutes and 40 seconds,*Device Login *Do NOT Remove
IT Italian Trattoria Collins,Andrea Rizzi,100,,Pizza - Collins,,9/16/26 4:19 PM,9/16/26 4:31 PM,11 minutes and 12 seconds,*Device Login *Do NOT Remove
IT Italian Trattoria Collins,Andrea Rizzi,102,,Pasta - Collins,,9/16/26 4:32 PM,9/16/26 4:35 PM,3 minutes and 26 seconds,*Device Login *Do NOT Remove
IT Italian Trattoria Collins,Andrea Rizzi,106,,Pizza - Collins,,9/16/26 4:49 PM,9/16/26 4:54 PM,5 minutes and 33 seconds,*Device Login *Do NOT Remove
IT Italian Trattoria Collins,Andrea Rizzi,108,,Pasta - Collins,,9/16/26 5:40 PM,9/16/26 5:50 PM,10 minutes and 31 seconds,*Device Login *Do NOT Remove
IT Italian Trattoria Collins,Camila Soldo,109,,Pizza - Collins,,9/16/26 5:50 PM,9/16/26 5:56 PM,5 minutes and 48 seconds,*Device Login *Do NOT Remove
IT Italian Trattoria Collins,Andrea Rizzi,111,,Pasta - Collins,,9/16/26 6:04 PM,9/16/26 6:06 PM,1 minute and 13 seconds,*Device Login *Do NOT Remove
IT Italian Trattoria Collins,Camila Soldo,110,,Pizza - Collins,,9/16/26 6:01 PM,9/16/26 6:12 PM,11 minutes and 14 seconds,*Device Login *Do NOT Remove
IT Italian Trattoria Collins,Andrea Rizzi,112,,Pasta - Collins,,9/16/26 6:05 PM,9/16/26 6:13 PM,7 minutes and 35 seconds,*Device Login *Do NOT Remove
IT Italian Trattoria Collins,Andrea Rizzi,113,,Pasta - Collins,,9/16/26 6:17 PM,9/16/26 6:23 PM,6 minutes and 2 seconds,*Device Login *Do NOT Remove
IT Italian Trattoria Collins,Andrea Rizzi,114,,Pizza - Collins,,9/16/26 6:18 PM,9/16/26 6:23 PM,4 minutes and 56 seconds,*Device Login *Do NOT Remove
IT Italian Trattoria Collins,Andrea Rizzi,115,,Pasta - Collins,,9/16/26 6:23 PM,9/16/26 6:23 PM,45 seconds,*Device Login *Do NOT Remove
IT Italian Trattoria Collins,Andrea Rizzi,116,,Pasta - Collins,,9/16/26 6:26 PM,9/16/26 6:26 PM,26 seconds,*Device Login *Do NOT Remove
IT Italian Trattoria Collins,Andrea Rizzi,115,,Pizza - Collins,,9/16/26 6:23 PM,9/16/26 6:32 PM,9 minutes and 15 seconds,*Device Login *Do NOT Remove
IT Italian Trattoria Collins,Camila Soldo,117,,Pasta - Collins,,9/16/26 6:28 PM,9/16/26 6:33 PM,5 minutes and 1 second,*Device Login *Do NOT Remove
IT Italian Trattoria Collins,Andrea Rizzi,118,,Pasta - Collins,,9/16/26 6:30 PM,9/16/26 6:34 PM,4 minutes and 31 seconds,*Device Login *Do NOT Remove
IT Italian Trattoria Collins,Andrea Rizzi,116,,Pizza - Collins,,9/16/26 6:26 PM,9/16/26 6:34 PM,8 minutes and 22 seconds,*Device Login *Do NOT Remove
IT Italian Trattoria Collins,Andrea Rizzi,120,,Pizza - Collins,,9/16/26 6:31 PM,9/16/26 6:39 PM,8 minutes and 4 seconds,*Device Login *Do NOT Remove
IT Italian Trattoria Collins,Andrea Rizzi,121,,Pizza - Collins,,9/16/26 6:33 PM,9/16/26 6:41 PM,8 minutes and 16 seconds,*Device Login *Do NOT Remove
IT Italian Trattoria Collins,Default Online Ordering,123,,Pizza - Collins,,9/16/26 6:41 PM,9/16/26 6:48 PM,7 minutes and 3 seconds,*Device Login *Do NOT Remove
IT Italian Trattoria Collins,Andrea Rizzi,122,,Pasta - Collins,,9/16/26 6:42 PM,9/16/26 6:48 PM,6 minutes and 4 seconds,*Device Login *Do NOT Remove
IT Italian Trattoria Collins,Default Online Ordering,123,,Pasta - Collins,,9/16/26 6:41 PM,9/16/26 6:48 PM,7 minutes and 4 seconds,*Device Login *Do NOT Remove
IT Italian Trattoria Collins,Andrea Rizzi,125,,Pizza - Collins,,9/16/26 6:46 PM,9/16/26 6:52 PM,6 minutes and 10 seconds,*Device Login *Do NOT Remove
IT Italian Trattoria Collins,Andrea Rizzi,125,,Pasta - Collins,,9/16/26 6:46 PM,9/16/26 6:52 PM,6 minutes and 37 seconds,*Device Login *Do NOT Remove
IT Italian Trattoria Collins,Andrea Rizzi,126,,Pizza - Collins,,9/16/26 7:05 PM,9/16/26 7:14 PM,9 minutes and 1 second,*Device Login *Do NOT Remove
IT Italian Trattoria Collins,Andrea Rizzi,126,,Pasta - Collins,,9/16/26 7:05 PM,9/16/26 7:14 PM,9 minutes and 7 seconds,*Device Login *Do NOT Remove
IT Italian Trattoria Collins,Andrea Rizzi,127,,Pasta - Collins,,9/16/26 7:11 PM,9/16/26 7:21 PM,10 minutes and 8 seconds,*Device Login *Do NOT Remove
IT Italian Trattoria Collins,Camila Soldo,119,,Pizza - Collins,,9/16/26 7:14 PM,9/16/26 7:22 PM,7 minutes and 52 seconds,*Device Login *Do NOT Remove
IT Italian Trattoria Collins,Andrea Rizzi,128,,Pasta - Collins,,9/16/26 7:13 PM,9/16/26 7:22 PM,8 minutes and 55 seconds,*Device Login *Do NOT Remove
IT Italian Trattoria Collins,Camila Soldo,131,,Pasta - Collins,,9/16/26 7:24 PM,9/16/26 7:28 PM,4 minutes and 5 seconds,*Device Login *Do NOT Remove
IT Italian Trattoria Collins,Camila Soldo,130,,Pasta - Collins,,9/16/26 7:26 PM,9/16/26 7:34 PM,7 minutes and 51 seconds,*Device Login *Do NOT Remove
IT Italian Trattoria Collins,Andrea Rizzi,134,,Pizza - Collins,,9/16/26 7:35 PM,9/16/26 7:39 PM,3 minutes and 43 seconds,*Device Login *Do NOT Remove
IT Italian Trattoria Collins,Andrea Rizzi,136,,Pizza - Collins,,9/16/26 7:36 PM,9/16/26 7:41 PM,5 minutes and 5 seconds,*Device Login *Do NOT Remove
IT Italian Trattoria Collins,Andrea Rizzi,137,,Pizza - Collins,,9/16/26 7:38 PM,9/16/26 7:43 PM,5 minutes and 9 seconds,*Device Login *Do NOT Remove
IT Italian Trattoria Collins,Andrea Rizzi,138,,Pizza - Collins,,9/16/26 7:39 PM,9/16/26 7:43 PM,3 minutes and 29 seconds,*Device Login *Do NOT Remove
IT Italian Trattoria Collins,Andrea Rizzi,141,,Pasta - Collins,,9/16/26 7:49 PM,9/16/26 7:49 PM,4 seconds,*Device Login *Do NOT Remove
IT Italian Trattoria Collins,Camila Soldo,140,,Pizza - Collins,,9/16/26 7:46 PM,9/16/26 7:51 PM,5 minutes and 2 seconds,*Device Login *Do NOT Remove
IT Italian Trattoria Collins,Andrea Rizzi,139,,Pasta - Collins,,9/16/26 7:46 PM,9/16/26 7:52 PM,5 minutes and 54 seconds,*Device Login *Do NOT Remove
IT Italian Trattoria Collins,Andrea Rizzi,141,,Pizza - Collins,,9/16/26 7:49 PM,9/16/26 7:53 PM,4 minutes and 20 seconds,*Device Login *Do NOT Remove
IT Italian Trattoria Collins,Default Online Ordering,143,,Pasta - Collins,,9/16/26 7:48 PM,9/16/26 7:58 PM,9 minutes and 19 seconds,*Device Login *Do NOT Remove
IT Italian Trattoria Collins,Andrea Rizzi,146,,Pizza - Collins,,9/16/26 8:00 PM,9/16/26 8:01 PM,39 seconds,*Device Login *Do NOT Remove
IT Italian Trattoria Collins,Andrea Rizzi,146,,No print / Expo - Collins,,9/16/26 8:00 PM,9/16/26 8:01 PM,39 seconds,*Device Login *Do NOT Remove
IT Italian Trattoria Collins,Andrea Rizzi,147,,Pasta - Collins,,9/16/26 8:02 PM,9/16/26 8:02 PM,18 seconds,*Device Login *Do NOT Remove
IT Italian Trattoria Collins,Andrea Rizzi,145,,Pizza - Collins,,9/16/26 7:59 PM,9/16/26 8:03 PM,4 minutes and 13 seconds,*Device Login *Do NOT Remove
IT Italian Trattoria Collins,Andrea Rizzi,145,,Pasta - Collins,,9/16/26 7:59 PM,9/16/26 8:04 PM,5 minutes and 10 seconds,*Device Login *Do NOT Remove
IT Italian Trattoria Collins,Andrea Rizzi,146,,Pasta - Collins,,9/16/26 8:00 PM,9/16/26 8:04 PM,4 minutes and 29 seconds,*Device Login *Do NOT Remove
IT Italian Trattoria Collins,Andrea Rizzi,147,,Pizza - Collins,,9/16/26 8:02 PM,9/16/26 8:09 PM,6 minutes and 58 seconds,*Device Login *Do NOT Remove
IT Italian Trattoria Collins,Andrea Rizzi,153,,Pizza - Collins,,9/16/26 8:45 PM,9/16/26 8:50 PM,5 minutes and 1 second,*Device Login *Do NOT Remove
IT Italian Trattoria Collins,Andrea Rizzi,153,,Pasta - Collins,,9/16/26 8:45 PM,9/16/26 8:51 PM,5 minutes and 26 seconds,*Device Login *Do NOT Remove
IT Italian Trattoria Collins,Andrea Rizzi,154,,Pasta - Collins,,9/16/26 9:06 PM,9/16/26 9:12 PM,5 minutes and 44 seconds,*Device Login *Do NOT Remove
IT Italian Trattoria Collins,Andrea Rizzi,155,,Pizza - Collins,,9/16/26 9:08 PM,9/16/26 9:15 PM,7 minutes and 35 seconds,*Device Login *Do NOT Remove
IT Italian Trattoria Collins,Andrea Rizzi,156,,Pasta - Collins,,9/16/26 9:11 PM,9/16/26 9:19 PM,8 minutes and 10 seconds,*Device Login *Do NOT Remove
IT Italian Trattoria Collins,Andrea Rizzi,161,,Pizza - Collins,,9/16/26 9:34 PM,9/16/26 9:39 PM,5 minutes and 24 seconds,*Device Login *Do NOT Remove
IT Italian Trattoria Collins,Andrea Rizzi,163,,Pasta - Collins,,9/16/26 9:36 PM,9/16/26 9:42 PM,5 minutes and 55 seconds,*Device Login *Do NOT Remove
IT Italian Trattoria Collins,Andrea Rizzi,164,,Pizza - Collins,,9/16/26 9:45 PM,9/16/26 9:50 PM,4 minutes and 46 seconds,*Device Login *Do NOT Remove
IT Italian Trattoria Collins,Andrea Rizzi,167,,Pasta - Collins,,9/16/26 9:49 PM,9/16/26 9:50 PM,1 minute and 18 seconds,*Device Login *Do NOT Remove
IT Italian Trattoria Collins,Andrea Rizzi,165,,Pasta - Collins,,9/16/26 9:47 PM,9/16/26 9:53 PM,6 minutes and 13 seconds,*Device Login *Do NOT Remove
IT Italian Trattoria Collins,Andrea Rizzi,167,,Pizza - Collins,,9/16/26 9:49 PM,9/16/26 9:54 PM,5 minutes,*Device Login *Do NOT Remove
IT Italian Trattoria Collins,Andrea Rizzi,166,,Pasta - Collins,,9/16/26 9:47 PM,9/16/26 9:55 PM,7 minutes and 28 seconds,*Device Login *Do NOT Remove
IT Italian Trattoria Collins,Andrea Rizzi,168,,Pizza - Collins,,9/16/26 9:51 PM,9/16/26 9:57 PM,6 minutes and 32 seconds,*Device Login *Do NOT Remove
IT Italian Trattoria Collins,Andrea Rizzi,169,,Pasta - Collins,,9/16/26 9:54 PM,9/16/26 9:58 PM,3 minutes and 41 seconds,*Device Login *Do NOT Remove
IT Italian Trattoria Collins,Camila Soldo,171,,Pasta - Collins,,9/16/26 10:08 PM,9/16/26 10:12 PM,4 minutes and 31 seconds,*Device Login *Do NOT Remove
IT Italian Trattoria Collins,Camila Soldo,173,,Pasta - Collins,,9/16/26 10:19 PM,9/16/26 10:22 PM,3 minutes and 12 seconds,*Device Login *Do NOT Remove
IT Italian Trattoria Collins,Camila Soldo,172,,Pizza - Collins,,9/16/26 10:21 PM,9/16/26 10:29 PM,7 minutes and 48 seconds,*Device Login *Do NOT Remove
IT Italian Trattoria Collins,Camila Soldo,172,,Pasta - Collins,,9/16/26 10:21 PM,9/16/26 10:29 PM,7 minutes and 57 seconds,*Device Login *Do NOT Remove
IT Italian Trattoria Collins,Camila Soldo,176,,Pasta - Collins,,9/16/26 10:24 PM,9/16/26 10:29 PM,5 minutes and 20 seconds,*Device Login *Do NOT Remove
IT Italian Trattoria Collins,Camila Soldo,177,,Pizza - Collins,,9/16/26 10:25 PM,9/16/26 10:34 PM,8 minutes and 30 seconds,*Device Login *Do NOT Remove
IT Italian Trattoria Collins,Andrea Rizzi,180,,Pizza - Collins,,9/16/26 10:32 PM,9/16/26 10:36 PM,3 minutes and 32 seconds,*Device Login *Do NOT Remove
IT Italian Trattoria Collins,Andrea Rizzi,181,,Pizza - Collins,,9/16/26 10:33 PM,9/16/26 10:38 PM,4 minutes and 31 seconds,*Device Login *Do NOT Remove
IT Italian Trattoria Collins,Andrea Rizzi,180,,Pasta - Collins,,9/16/26 10:32 PM,9/16/26 10:43 PM,10 minutes and 16 seconds,*Device Login *Do NOT Remove
IT Italian Trattoria Collins,Camila Soldo,182,,Pizza - Collins,,9/16/26 10:46 PM,9/16/26 10:51 PM,4 minutes and 26 seconds,*Device Login *Do NOT Remove
IT Italian Trattoria Collins,Andrea Rizzi,183,,Pizza - Collins,,9/16/26 11:05 PM,9/16/26 11:13 PM,7 minutes and 51 seconds,*Device Login *Do NOT Remove
IT Italian Trattoria Collins,Andrea Rizzi,184,,Pasta - Collins,,9/16/26 11:11 PM,9/16/26 11:19 PM,7 minutes and 51 seconds,*Device Login *Do NOT Remove
IT Italian Trattoria Collins,Andrea Rizzi,184,,Pizza - Collins,,9/16/26 11:11 PM,9/16/26 11:22 PM,10 minutes and 59 seconds,*Device Login *Do NOT Remove
IT Italian Trattoria Collins,Camila Soldo,188,,Pasta - Collins,,9/16/26 11:44 PM,9/16/26 11:56 PM,11 minutes and 45 seconds,*Device Login *Do NOT Remove
IT Italian Trattoria Collins,Charles Hernandez,1,,Pasta - Collins,,9/17/26 7:05 AM,9/17/26 7:10 AM,4 minutes and 58 seconds,*Device Login *Do NOT Remove
IT Italian Trattoria Collins,Charles Hernandez,10,,Pasta - Collins,,9/17/26 8:00 AM,9/17/26 8:11 AM,11 minutes and 11 seconds,*Device Login *Do NOT Remove
IT Italian Trattoria Collins,Vivian Ducasal,12,,Pasta - Collins,,9/17/26 8:34 AM,9/17/26 8:38 AM,4 minutes and 19 seconds,*Device Login *Do NOT Remove
IT Italian Trattoria Collins,Vivian Ducasal,19,,Pasta - Collins,,9/17/26 8:48 AM,9/17/26 8:52 AM,3 minutes and 28 seconds,*Device Login *Do NOT Remove
IT Italian Trattoria Collins,Vivian Ducasal,20,,Pasta - Collins,,9/17/26 8:50 AM,9/17/26 8:55 AM,5 minutes and 13 seconds,*Device Login *Do NOT Remove
IT Italian Trattoria Collins,Charles Hernandez,28,,Pasta - Collins,,9/17/26 9:04 AM,9/17/26 9:07 AM,2 minutes and 29 seconds,*Device Login *Do NOT Remove
IT Italian Trattoria Collins,Charles Hernandez,32,,Pasta - Collins,,9/17/26 9:18 AM,9/17/26 9:22 AM,3 minutes and 33 seconds,*Device Login *Do NOT Remove
IT Italian Trattoria Collins,Charles Hernandez,36,,Pasta - Collins,,9/17/26 9:34 AM,9/17/26 9:37 AM,2 minutes and 57 seconds,*Device Login *Do NOT Remove
IT Italian Trattoria Collins,Charles Hernandez,39,,Pasta - Collins,,9/17/26 9:43 AM,9/17/26 9:47 AM,4 minutes and 43 seconds,*Device Login *Do NOT Remove
IT Italian Trattoria Collins,Charles Hernandez,38,,Pasta - Collins,,9/17/26 9:40 AM,9/17/26 9:51 AM,11 minutes and 44 seconds,*Device Login *Do NOT Remove
IT Italian Trattoria Collins,Charles Hernandez,45,,Pasta - Collins,,9/17/26 10:10 AM,9/17/26 10:15 AM,5 minutes and 41 seconds,*Device Login *Do NOT Remove
IT Italian Trattoria Collins,Charles Hernandez,47,,Pasta - Collins,,9/17/26 10:15 AM,9/17/26 10:19 AM,3 minutes and 26 seconds,*Device Login *Do NOT Remove
IT Italian Trattoria Collins,Charles Hernandez,49,,Pasta - Collins,,9/17/26 10:27 AM,9/17/26 10:27 AM,18 seconds,*Device Login *Do NOT Remove
IT Italian Trattoria Collins,Charles Hernandez,50,,Pasta - Collins,,9/17/26 10:29 AM,9/17/26 10:33 AM,3 minutes and 28 seconds,*Device Login *Do NOT Remove
IT Italian Trattoria Collins,Charles Hernandez,51,,Pasta - Collins,,9/17/26 10:31 AM,9/17/26 10:35 AM,3 minutes and 43 seconds,*Device Login *Do NOT Remove
IT Italian Trattoria Collins,Charles Hernandez,57,,Pasta - Collins,,9/17/26 10:46 AM,9/17/26 10:46 AM,6 seconds,*Device Login *Do NOT Remove
IT Italian Trattoria Collins,Charles Hernandez,55,,Pasta - Collins,,9/17/26 10:43 AM,9/17/26 10:49 AM,5 minutes and 57 seconds,*Device Login *Do NOT Remove
IT Italian Trattoria Collins,Charles Hernandez,58,,Pasta - Collins,,9/17/26 10:47 AM,9/17/26 10:50 AM,2 minutes and 53 seconds,*Device Login *Do NOT Remove
IT Italian Trattoria Collins,Charles Hernandez,59,,Pasta - Collins,,9/17/26 10:49 AM,9/17/26 10:51 AM,2 minutes and 49 seconds,*Device Login *Do NOT Remove
IT Italian Trattoria Collins,Charles Hernandez,63,,Pasta - Collins,,9/17/26 11:11 AM,9/17/26 11:15 AM,3 minutes and 9 seconds,*Device Login *Do NOT Remove
IT Italian Trattoria Collins,Charles Hernandez,68,,Pizza - Collins,,9/17/26 12:07 PM,9/17/26 12:15 PM,7 minutes and 55 seconds,*Device Login *Do NOT Remove
IT Italian Trattoria Collins,Charles Hernandez,69,,Pasta - Collins,,9/17/26 12:16 PM,9/17/26 12:20 PM,4 minutes and 5 seconds,*Device Login *Do NOT Remove
IT Italian Trattoria Collins,Charles Hernandez,69,,Pizza - Collins,,9/17/26 12:16 PM,9/17/26 12:22 PM,5 minutes and 57 seconds,*Device Login *Do NOT Remove
IT Italian Trattoria Collins,Charles Hernandez,70,,Pasta - Collins,,9/17/26 12:51 PM,9/17/26 12:52 PM,1 minute and 24 seconds,*Device Login *Do NOT Remove
IT Italian Trattoria Collins,Charles Hernandez,71,,Pizza - Collins,,9/17/26 12:53 PM,9/17/26 12:57 PM,4 minutes and 42 seconds,*Device Login *Do NOT Remove
IT Italian Trattoria Collins,Charles Hernandez,74,,Pasta - Collins,,9/17/26 12:56 PM,9/17/26 12:58 PM,1 minute and 4 seconds,*Device Login *Do NOT Remove
IT Italian Trattoria Collins,Charles Hernandez,73,,Pasta - Collins,,9/17/26 12:55 PM,9/17/26 1:01 PM,6 minutes and 9 seconds,*Device Login *Do NOT Remove
IT Italian Trattoria Collins,Charles Hernandez,72,,Pizza - Collins,,9/17/26 12:54 PM,9/17/26 1:03 PM,8 minutes and 34 seconds,*Device Login *Do NOT Remove
IT Italian Trattoria Collins,Charles Hernandez,75,,Pasta - Collins,,9/17/26 12:59 PM,9/17/26 1:04 PM,4 minutes and 58 seconds,*Device Login *Do NOT Remove
IT Italian Trattoria Collins,Default Online Ordering,78,,Pasta - Collins,,9/17/26 1:03 PM,9/17/26 1:09 PM,5 minutes and 41 seconds,*Device Login *Do NOT Remove
IT Italian Trattoria Collins,Default Online Ordering,78,,Pizza - Collins,,9/17/26 1:03 PM,9/17/26 1:10 PM,6 minutes and 26 seconds,*Device Login *Do NOT Remove
IT Italian Trattoria Collins,Charles Hernandez,77,,Pizza - Collins,,9/17/26 1:12 PM,9/17/26 1:19 PM,6 minutes and 51 seconds,*Device Login *Do NOT Remove
IT Italian Trattoria Collins,Charles Hernandez,79,,Pizza - Collins,,9/17/26 1:35 PM,9/17/26 1:37 PM,2 minutes and 10 seconds,*Device Login *Do NOT Remove
IT Italian Trattoria Collins,Charles Hernandez,79,,No print / Expo - Collins,,9/17/26 1:35 PM,9/17/26 1:37 PM,2 minutes and 10 seconds,*Device Login *Do NOT Remove
IT Italian Trattoria Collins,Charles Hernandez,80,,Pasta - Collins,,9/17/26 1:38 PM,9/17/26 1:43 PM,4 minutes and 27 seconds,*Device Login *Do NOT Remove
IT Italian Trattoria Collins,Charles Hernandez,81,,Pasta - Collins,,9/17/26 1:44 PM,9/17/26 1:49 PM,5 minutes and 22 seconds,*Device Login *Do NOT Remove
IT Italian Trattoria Collins,Charles Hernandez,83,,Pasta - Collins,,9/17/26 1:54 PM,9/17/26 2:00 PM,5 minutes and 7 seconds,*Device Login *Do NOT Remove
IT Italian Trattoria Collins,Charles Hernandez,84,,Pasta - Collins,,9/17/26 1:57 PM,9/17/26 2:03 PM,6 minutes and 13 seconds,*Device Login *Do NOT Remove
IT Italian Trattoria Collins,Charles Hernandez,85,,Pasta - Collins,,9/17/26 2:00 PM,9/17/26 2:04 PM,4 minutes and 46 seconds,*Device Login *Do NOT Remove
IT Italian Trattoria Collins,Charles Hernandez,83,,Pizza - Collins,,9/17/26 1:54 PM,9/17/26 2:05 PM,10 minutes and 31 seconds,*Device Login *Do NOT Remove
IT Italian Trattoria Collins,Charles Hernandez,86,,Pizza - Collins,,9/17/26 2:12 PM,9/17/26 2:18 PM,6 minutes and 10 seconds,*Device Login *Do NOT Remove
IT Italian Trattoria Collins,Charles Hernandez,86,,Pasta - Collins,,9/17/26 2:12 PM,9/17/26 2:18 PM,6 minutes and 22 seconds,*Device Login *Do NOT Remove
IT Italian Trattoria Collins,Charles Hernandez,88,,Pasta - Collins,,9/17/26 2:15 PM,9/17/26 2:19 PM,3 minutes and 39 seconds,*Device Login *Do NOT Remove
IT Italian Trattoria Collins,Charles Hernandez,89,,Pasta - Collins,,9/17/26 2:39 PM,9/17/26 2:42 PM,2 minutes and 34 seconds,*Device Login *Do NOT Remove
IT Italian Trattoria Collins,Charles Hernandez,91,,Pasta - Collins,,9/17/26 2:40 PM,9/17/26 2:47 PM,6 minutes and 23 seconds,*Device Login *Do NOT Remove
IT Italian Trattoria Collins,Default Online Ordering,90,,Pizza - Collins,,9/17/26 2:38 PM,9/17/26 2:49 PM,11 minutes and 4 seconds,*Device Login *Do NOT Remove
IT Italian Trattoria Collins,Charles Hernandez,89,,Pizza - Collins,,9/17/26 2:39 PM,9/17/26 2:50 PM,10 minutes and 58 seconds,*Device Login *Do NOT Remove
IT Italian Trattoria Collins,Charles Hernandez,92,,Pasta - Collins,,9/17/26 2:58 PM,9/17/26 3:01 PM,3 minutes and 3 seconds,*Device Login *Do NOT Remove
IT Italian Trattoria Collins,Charles Hernandez,93,,Pasta - Collins,,9/17/26 2:59 PM,9/17/26 3:07 PM,7 minutes and 22 seconds,*Device Login *Do NOT Remove
IT Italian Trattoria Collins,Charles Hernandez,94,,Pasta - Collins,,9/17/26 3:02 PM,9/17/26 3:10 PM,8 minutes and 11 seconds,*Device Login *Do NOT Remove
IT Italian Trattoria Collins,Charles Hernandez,95,,Pizza - Collins,,9/17/26 3:19 PM,9/17/26 3:27 PM,8 minutes and 20 seconds,*Device Login *Do NOT Remove
IT Italian Trattoria Collins,Charles Hernandez,97,,No print / Expo - Collins,,9/17/26 3:41 PM,9/17/26 3:42 PM,1 minute and 1 second,*Device Login *Do NOT Remove
IT Italian Trattoria Collins,Charles Hernandez,97,,Pasta - Collins,,9/17/26 3:41 PM,9/17/26 3:42 PM,1 minute and 1 second,*Device Login *Do NOT Remove
IT Italian Trattoria Collins,Charles Hernandez,97,,Pizza - Collins,,9/17/26 3:41 PM,9/17/26 3:42 PM,1 minute and 1 second,*Device Login *Do NOT Remove
IT Italian Trattoria Collins,Charles Hernandez,87,,Pizza - Collins,,9/17/26 3:42 PM,9/17/26 3:45 PM,2 minutes and 48 seconds,*Device Login *Do NOT Remove
IT Italian Trattoria Collins,Charles Hernandez,87,,Pasta - Collins,,9/17/26 3:42 PM,9/17/26 3:45 PM,2 minutes and 48 seconds,*Device Login *Do NOT Remove
IT Italian Trattoria Collins,Charles Hernandez,87,,No print / Expo - Collins,,9/17/26 3:42 PM,9/17/26 3:45 PM,2 minutes and 48 seconds,*Device Login *Do NOT Remove
IT Italian Trattoria Collins,Charles Hernandez,100,,Pasta - Collins,,9/17/26 3:44 PM,9/17/26 3:51 PM,7 minutes and 18 seconds,*Device Login *Do NOT Remove
IT Italian Trattoria Collins,Charles Hernandez,98,,Pasta - Collins,,9/17/26 3:43 PM,9/17/26 3:53 PM,10 minutes and 13 seconds,*Device Login *Do NOT Remove
IT Italian Trattoria Collins,Charles Hernandez,98,,Pizza - Collins,,9/17/26 3:43 PM,9/17/26 3:58 PM,15 minutes and 9 seconds,*Device Login *Do NOT Remove
IT Italian Trattoria Collins,Andrea Rizzi,105,,Pasta - Collins,,9/17/26 4:12 PM,9/17/26 4:18 PM,6 minutes and 30 seconds,*Device Login *Do NOT Remove
IT Italian Trattoria Collins,Andrea Rizzi,108,,Pizza - Collins,,9/17/26 4:21 PM,9/17/26 4:48 PM,27 minutes and 12 seconds,*Device Login *Do NOT Remove
IT Italian Trattoria Collins,Andrea Rizzi,113,,Pasta - Collins,,9/17/26 4:53 PM,9/17/26 4:55 PM,2 minutes and 16 seconds,*Device Login *Do NOT Remove
IT Italian Trattoria Collins,Yamila Hidalgo,110,,Pizza - Collins,,9/17/26 4:46 PM,9/17/26 4:58 PM,11 minutes and 47 seconds,*Device Login *Do NOT Remove
IT Italian Trattoria Collins,Andrea Rizzi,107,,Pasta - Collins,,9/17/26 4:48 PM,9/17/26 5:01 PM,12 minutes and 51 seconds,*Device Login *Do NOT Remove
IT Italian Trattoria Collins,Andrea Rizzi,114,,Pasta - Collins,,9/17/26 4:55 PM,9/17/26 5:06 PM,10 minutes and 22 seconds,*Device Login *Do NOT Remove
IT Italian Trattoria Collins,Andrea Rizzi,114,,Pizza - Collins,,9/17/26 4:55 PM,9/17/26 5:06 PM,10 minutes and 28 seconds,*Device Login *Do NOT Remove
IT Italian Trattoria Collins,Davide Christopher Paredi,115,,Pasta - Collins,,9/17/26 5:09 PM,9/17/26 5:15 PM,5 minutes and 24 seconds,*Device Login *Do NOT Remove
IT Italian Trattoria Collins,Davide Christopher Paredi,115,,Pizza - Collins,,9/17/26 5:09 PM,9/17/26 5:15 PM,5 minutes and 49 seconds,*Device Login *Do NOT Remove
IT Italian Trattoria Collins,Andrea Rizzi,118,,Pasta - Collins,,9/17/26 5:23 PM,9/17/26 5:28 PM,4 minutes and 17 seconds,*Device Login *Do NOT Remove
IT Italian Trattoria Collins,Andrea Rizzi,120,,Pizza - Collins,,9/17/26 5:46 PM,9/17/26 5:53 PM,6 minutes and 46 seconds,*Device Login *Do NOT Remove
IT Italian Trattoria Collins,Andrea Rizzi,119,,Pasta - Collins,,9/17/26 5:44 PM,9/17/26 5:53 PM,8 minutes and 24 seconds,*Device Login *Do NOT Remove
IT Italian Trattoria Collins,Yamila Hidalgo,121,,Pasta - Collins,,9/17/26 5:59 PM,9/17/26 6:05 PM,6 minutes and 3 seconds,*Device Login *Do NOT Remove
IT Italian Trattoria Collins,Yamila Hidalgo,121,,Pizza - Collins,,9/17/26 5:59 PM,9/17/26 6:07 PM,7 minutes and 46 seconds,*Device Login *Do NOT Remove
IT Italian Trattoria Collins,Andrea Rizzi,122,,Pasta - Collins,,9/17/26 6:11 PM,9/17/26 6:19 PM,8 minutes and 5 seconds,*Device Login *Do NOT Remove
IT Italian Trattoria Collins,Andrea Rizzi,123,,Pizza - Collins,,9/17/26 6:17 PM,9/17/26 6:28 PM,10 minutes and 13 seconds,*Device Login *Do NOT Remove
IT Italian Trattoria Collins,Yamila Hidalgo,124,,Pizza - Collins,,9/17/26 6:19 PM,9/17/26 6:28 PM,9 minutes and 7 seconds,*Device Login *Do NOT Remove
IT Italian Trattoria Collins,Andrea Rizzi,125,,Pizza - Collins,,9/17/26 6:19 PM,9/17/26 6:28 PM,8 minutes and 33 seconds,*Device Login *Do NOT Remove
IT Italian Trattoria Collins,Andrea Rizzi,127,,Pizza - Collins,,9/17/26 6:20 PM,9/17/26 6:28 PM,7 minutes and 50 seconds,*Device Login *Do NOT Remove
IT Italian Trattoria Collins,Yamila Hidalgo,126,,Pasta - Collins,,9/17/26 6:34 PM,9/17/26 6:39 PM,4 minutes and 52 seconds,*Device Login *Do NOT Remove
IT Italian Trattoria Collins,Yamila Hidalgo,126,,Pizza - Collins,,9/17/26 6:34 PM,9/17/26 6:41 PM,6 minutes and 34 seconds,*Device Login *Do NOT Remove
IT Italian Trattoria Collins,Yamila Hidalgo,132,,Pasta - Collins,,9/17/26 7:07 PM,9/17/26 7:12 PM,5 minutes and 16 seconds,*Device Login *Do NOT Remove
IT Italian Trattoria Collins,Yamila Hidalgo,132,,Pizza - Collins,,9/17/26 7:07 PM,9/17/26 7:14 PM,7 minutes and 26 seconds,*Device Login *Do NOT Remove
IT Italian Trattoria Collins,Yamila Hidalgo,134,,Pasta - Collins,,9/17/26 7:30 PM,9/17/26 7:34 PM,3 minutes and 34 seconds,*Device Login *Do NOT Remove
IT Italian Trattoria Collins,Andrea Rizzi,139,,Pasta - Collins,,9/17/26 7:45 PM,9/17/26 7:54 PM,8 minutes and 27 seconds,*Device Login *Do NOT Remove
IT Italian Trattoria Collins,Yamila Hidalgo,140,,Pasta - Collins,,9/17/26 7:53 PM,9/17/26 7:56 PM,3 minutes and 12 seconds,*Device Login *Do NOT Remove
IT Italian Trattoria Collins,Andrea Rizzi,147,,Pasta - Collins,,9/17/26 8:09 PM,9/17/26 8:14 PM,4 minutes and 31 seconds,*Device Login *Do NOT Remove
IT Italian Trattoria Collins,Andrea Rizzi,146,,Pizza - Collins,,9/17/26 8:06 PM,9/17/26 8:14 PM,7 minutes and 55 seconds,*Device Login *Do NOT Remove
IT Italian Trattoria Collins,Andrea Rizzi,148,,Pasta - Collins,,9/17/26 8:14 PM,9/17/26 8:20 PM,5 minutes and 16 seconds,*Device Login *Do NOT Remove
IT Italian Trattoria Collins,Andrea Rizzi,152,,Pizza - Collins,,9/17/26 8:21 PM,9/17/26 8:27 PM,6 minutes and 2 seconds,*Device Login *Do NOT Remove
IT Italian Trattoria Collins,Andrea Rizzi,154,,Pizza - Collins,,9/17/26 8:39 PM,9/17/26 8:45 PM,5 minutes and 44 seconds,*Device Login *Do NOT Remove
IT Italian Trattoria Collins,Yamila Hidalgo,149,,Pasta - Collins,,9/17/26 8:36 PM,9/17/26 8:49 PM,12 minutes and 22 seconds,*Device Login *Do NOT Remove
IT Italian Trattoria Collins,Andrea Rizzi,153,,Pasta - Collins,,9/17/26 8:35 PM,9/17/26 8:49 PM,13 minutes and 28 seconds,*Device Login *Do NOT Remove
IT Italian Trattoria Collins,Yamila Hidalgo,158,,Pasta - Collins,,9/17/26 8:58 PM,9/17/26 9:05 PM,7 minutes and 28 seconds,*Device Login *Do NOT Remove
IT Italian Trattoria Collins,Yamila Hidalgo,160,,Pasta - Collins,,9/17/26 9:04 PM,9/17/26 9:10 PM,6 minutes and 37 seconds,*Device Login *Do NOT Remove
IT Italian Trattoria Collins,Yamila Hidalgo,159,,Pasta - Collins,,9/17/26 9:00 PM,9/17/26 9:10 PM,10 minutes and 29 seconds,*Device Login *Do NOT Remove
IT Italian Trattoria Collins,Yamila Hidalgo,162,,Pasta - Collins,,9/17/26 9:24 PM,9/17/26 9:27 PM,3 minutes and 34 seconds,*Device Login *Do NOT Remove
IT Italian Trattoria Collins,Andrea Rizzi,163,,Pasta - Collins,,9/17/26 9:30 PM,9/17/26 9:37 PM,6 minutes and 37 seconds,*Device Login *Do NOT Remove
IT Italian Trattoria Collins,Andrea Rizzi,165,,Pasta - Collins,,9/17/26 9:36 PM,9/17/26 9:37 PM,1 minute,*Device Login *Do NOT Remove
IT Italian Trattoria Collins,Andrea Rizzi,164,,Pasta - Collins,,9/17/26 9:32 PM,9/17/26 9:38 PM,6 minutes and 41 seconds,*Device Login *Do NOT Remove
IT Italian Trattoria Collins,Andrea Rizzi,169,,Pizza - Collins,,9/17/26 9:48 PM,9/17/26 9:54 PM,6 minutes and 26 seconds,*Device Login *Do NOT Remove
IT Italian Trattoria Collins,Andrea Rizzi,166,,Pizza - Collins,,9/17/26 9:40 PM,9/17/26 9:55 PM,14 minutes and 38 seconds,*Device Login *Do NOT Remove
IT Italian Trattoria Collins,Andrea Rizzi,168,,Pizza - Collins,,9/17/26 9:50 PM,9/17/26 9:56 PM,6 minutes,*Device Login *Do NOT Remove
IT Italian Trattoria Collins,Yamila Hidalgo,174,,Pizza - Collins,,9/17/26 10:01 PM,9/17/26 10:04 PM,3 minutes and 37 seconds,*Device Login *Do NOT Remove
IT Italian Trattoria Collins,Yamila Hidalgo,174,,No print / Expo - Collins,,9/17/26 10:01 PM,9/17/26 10:04 PM,3 minutes and 37 seconds,*Device Login *Do NOT Remove
IT Italian Trattoria Collins,Yamila Hidalgo,177,,Pizza - Collins,,9/17/26 10:15 PM,9/17/26 10:22 PM,6 minutes and 32 seconds,*Device Login *Do NOT Remove
IT Italian Trattoria Collins,Yamila Hidalgo,176,,Pasta - Collins,,9/17/26 10:13 PM,9/17/26 10:22 PM,9 minutes and 38 seconds,*Device Login *Do NOT Remove
IT Italian Trattoria Collins,Yamila Hidalgo,175,,Pasta - Collins,,9/17/26 10:09 PM,9/17/26 10:22 PM,13 minutes and 10 seconds,*Device Login *Do NOT Remove
IT Italian Trattoria Collins,Andrea Rizzi,170,,Pasta - Collins,,9/17/26 10:33 PM,9/17/26 10:41 PM,7 minutes and 23 seconds,*Device Login *Do NOT Remove
IT Italian Trattoria Collins,Yamila Hidalgo,180,,Pizza - Collins,,9/17/26 10:32 PM,9/17/26 10:53 PM,21 minutes,*Device Login *Do NOT Remove
IT Italian Trattoria Collins,Charles Hernandez,7,,Pasta - Collins,,9/18/26 8:18 AM,9/18/26 8:22 AM,4 minutes and 12 seconds,*Device Login *Do NOT Remove
IT Italian Trattoria Collins,Charles Hernandez,8,,Pasta - Collins,,9/18/26 8:31 AM,9/18/26 8:35 AM,3 minutes and 57 seconds,*Device Login *Do NOT Remove
IT Italian Trattoria Collins,Charles Hernandez,9,,Pasta - Collins,,9/18/26 8:34 AM,9/18/26 8:36 AM,1 minute and 39 seconds,*Device Login *Do NOT Remove
IT Italian Trattoria Collins,Charles Hernandez,17,,Pasta - Collins,,9/18/26 9:08 AM,9/18/26 9:10 AM,2 minutes and 5 seconds,*Device Login *Do NOT Remove
IT Italian Trattoria Collins,Charles Hernandez,19,,Pasta - Collins,,9/18/26 9:27 AM,9/18/26 9:30 AM,3 minutes,*Device Login *Do NOT Remove
IT Italian Trattoria Collins,Charles Hernandez,6,,Pasta - Collins,,9/18/26 9:26 AM,9/18/26 9:31 AM,4 minutes and 27 seconds,*Device Login *Do NOT Remove
IT Italian Trattoria Collins,Charles Hernandez,21,,Pasta - Collins,,9/18/26 9:32 AM,9/18/26 9:34 AM,2 minutes and 23 seconds,*Device Login *Do NOT Remove
IT Italian Trattoria Collins,Charles Hernandez,24,,Pasta - Collins,,9/18/26 9:33 AM,9/18/26 9:36 AM,2 minutes and 25 seconds,*Device Login *Do NOT Remove
IT Italian Trattoria Collins,Charles Hernandez,25,,Pasta - Collins,,9/18/26 9:40 AM,9/18/26 9:48 AM,7 minutes and 49 seconds,*Device Login *Do NOT Remove
IT Italian Trattoria Collins,Charles Hernandez,28,,Pasta - Collins,,9/18/26 10:02 AM,9/18/26 10:05 AM,2 minutes and 36 seconds,*Device Login *Do NOT Remove
IT Italian Trattoria Collins,Charles Hernandez,32,,Pasta - Collins,,9/18/26 10:18 AM,9/18/26 10:21 AM,3 minutes and 24 seconds,*Device Login *Do NOT Remove
IT Italian Trattoria Collins,Charles Hernandez,35,,Pasta - Collins,,9/18/26 10:25 AM,9/18/26 10:29 AM,3 minutes and 33 seconds,*Device Login *Do NOT Remove
IT Italian Trattoria Collins,Charles Hernandez,39,,Pasta - Collins,,9/18/26 10:40 AM,9/18/26 10:41 AM,1 minute and 59 seconds,*Device Login *Do NOT Remove
IT Italian Trattoria Collins,Charles Hernandez,41,,Pasta - Collins,,9/18/26 10:57 AM,9/18/26 11:01 AM,3 minutes and 15 seconds,*Device Login *Do NOT Remove
IT Italian Trattoria Collins,Charles Hernandez,44,,Pasta - Collins,,9/18/26 11:07 AM,9/18/26 11:09 AM,2 minutes and 21 seconds,*Device Login *Do NOT Remove
IT Italian Trattoria Collins,Charles Hernandez,45,,Pasta - Collins,,9/18/26 11:10 AM,9/18/26 11:13 AM,2 minutes and 43 seconds,*Device Login *Do NOT Remove
IT Italian Trattoria Collins,Charles Hernandez,46,,Pasta - Collins,,9/18/26 11:12 AM,9/18/26 11:14 AM,1 minute and 57 seconds,*Device Login *Do NOT Remove
IT Italian Trattoria Collins,Charles Hernandez,48,,Pasta - Collins,,9/18/26 11:16 AM,9/18/26 11:22 AM,5 minutes and 41 seconds,*Device Login *Do NOT Remove
IT Italian Trattoria Collins,Charles Hernandez,49,,Pasta - Collins,,9/18/26 11:17 AM,9/18/26 11:22 AM,4 minutes and 35 seconds,*Device Login *Do NOT Remove
IT Italian Trattoria Collins,Charles Hernandez,52,,Pasta - Collins,,9/18/26 11:19 AM,9/18/26 11:22 AM,2 minutes and 53 seconds,*Device Login *Do NOT Remove
IT Italian Trattoria Collins,Default Online Ordering,51,,Pasta - Collins,,9/18/26 11:18 AM,9/18/26 11:24 AM,6 minutes and 21 seconds,*Device Login *Do NOT Remove
IT Italian Trattoria Collins,Charles Hernandez,54,,Pasta - Collins,,9/18/26 11:31 AM,9/18/26 11:36 AM,4 minutes and 5 seconds,*Device Login *Do NOT Remove
IT Italian Trattoria Collins,Charles Hernandez,58,,Pasta - Collins,,9/18/26 11:39 AM,9/18/26 11:46 AM,6 minutes and 39 seconds,*Device Login *Do NOT Remove
IT Italian Trattoria Collins,Charles Hernandez,60,,Pasta - Collins,,9/18/26 11:48 AM,9/18/26 11:51 AM,2 minutes and 55 seconds,*Device Login *Do NOT Remove
IT Italian Trattoria Collins,Charles Hernandez,59,,Pasta - Collins,,9/18/26 11:47 AM,9/18/26 11:54 AM,7 minutes and 1 second,*Device Login *Do NOT Remove
IT Italian Trattoria Collins,Vivian Ducasal,67,,Pasta - Collins,,9/18/26 12:18 PM,9/18/26 12:18 PM,5 seconds,*Device Login *Do NOT Remove
IT Italian Trattoria Collins,Vivian Ducasal,65,,Pasta - Collins,,9/18/26 12:11 PM,9/18/26 12:18 PM,6 minutes and 21 seconds,*Device Login *Do NOT Remove
IT Italian Trattoria Collins,Vivian Ducasal,67,,Pizza - Collins,,9/18/26 12:18 PM,9/18/26 12:19 PM,1 minute and 28 seconds,*Device Login *Do NOT Remove
IT Italian Trattoria Collins,Vivian Ducasal,67,,No print / Expo - Collins,,9/18/26 12:18 PM,9/18/26 12:19 PM,1 minute and 28 seconds,*Device Login *Do NOT Remove
IT Italian Trattoria Collins,Vivian Ducasal,68,,Pasta - Collins,,9/18/26 12:21 PM,9/18/26 12:26 PM,5 minutes and 5 seconds,*Device Login *Do NOT Remove
IT Italian Trattoria Collins,Charles Hernandez,75,,Pasta - Collins,,9/18/26 12:41 PM,9/18/26 12:41 PM,7 seconds,*Device Login *Do NOT Remove
IT Italian Trattoria Collins,Charles Hernandez,72,,Pizza - Collins,,9/18/26 12:42 PM,9/18/26 12:43 PM,48 seconds,*Device Login *Do NOT Remove
IT Italian Trattoria Collins,Charles Hernandez,72,,No print / Expo - Collins,,9/18/26 12:42 PM,9/18/26 12:43 PM,48 seconds,*Device Login *Do NOT Remove
IT Italian Trattoria Collins,Charles Hernandez,80,,Pasta - Collins,,9/18/26 12:52 PM,9/18/26 12:54 PM,1 minute and 54 seconds,*Device Login *Do NOT Remove
IT Italian Trattoria Collins,Charles Hernandez,76,,Pasta - Collins,,9/18/26 12:51 PM,9/18/26 12:56 PM,4 minutes and 20 seconds,*Device Login *Do NOT Remove
IT Italian Trattoria Collins,Charles Hernandez,80,,Pizza - Collins,,9/18/26 12:52 PM,9/18/26 12:59 PM,7 minutes and 16 seconds,*Device Login *Do NOT Remove
IT Italian Trattoria Collins,Charles Hernandez,83,,Pasta - Collins,,9/18/26 1:06 PM,9/18/26 1:11 PM,5 minutes and 37 seconds,*Device Login *Do NOT Remove
IT Italian Trattoria Collins,Charles Hernandez,84,,Pizza - Collins,,9/18/26 1:15 PM,9/18/26 1:20 PM,5 minutes and 8 seconds,*Device Login *Do NOT Remove
IT Italian Trattoria Collins,Charles Hernandez,86,,Pizza - Collins,,9/18/26 1:32 PM,9/18/26 1:38 PM,5 minutes and 36 seconds,*Device Login *Do NOT Remove
IT Italian Trattoria Collins,Charles Hernandez,87,,Pizza - Collins,,9/18/26 1:33 PM,9/18/26 1:40 PM,6 minutes and 23 seconds,*Device Login *Do NOT Remove
IT Italian Trattoria Collins,Charles Hernandez,88,,Pasta - Collins,,9/18/26 1:36 PM,9/18/26 1:43 PM,7 minutes and 12 seconds,*Device Login *Do NOT Remove
IT Italian Trattoria Collins,Charles Hernandez,88,,Pizza - Collins,,9/18/26 1:36 PM,9/18/26 1:44 PM,8 minutes and 7 seconds,*Device Login *Do NOT Remove
IT Italian Trattoria Collins,Charles Hernandez,92,,Pizza - Collins,,9/18/26 1:50 PM,9/18/26 2:00 PM,10 minutes and 8 seconds,*Device Login *Do NOT Remove
IT Italian Trattoria Collins,Charles Hernandez,92,,No print / Expo - Collins,,9/18/26 1:50 PM,9/18/26 2:00 PM,10 minutes and 8 seconds,*Device Login *Do NOT Remove
IT Italian Trattoria Collins,Charles Hernandez,93,,Pasta - Collins,,9/18/26 1:57 PM,9/18/26 2:05 PM,8 minutes and 28 seconds,*Device Login *Do NOT Remove
IT Italian Trattoria Collins,Charles Hernandez,94,,Pasta - Collins,,9/18/26 2:04 PM,9/18/26 2:08 PM,3 minutes and 42 seconds,*Device Login *Do NOT Remove
IT Italian Trattoria Collins,Charles Hernandez,94,,Pizza - Collins,,9/18/26 2:04 PM,9/18/26 2:09 PM,5 minutes and 16 seconds,*Device Login *Do NOT Remove
IT Italian Trattoria Collins,Charles Hernandez,98,,Pizza - Collins,,9/18/26 2:36 PM,9/18/26 2:36 PM,46 seconds,*Device Login *Do NOT Remove
IT Italian Trattoria Collins,Charles Hernandez,98,,No print / Expo - Collins,,9/18/26 2:36 PM,9/18/26 2:36 PM,46 seconds,*Device Login *Do NOT Remove
IT Italian Trattoria Collins,Charles Hernandez,99,,Pizza - Collins,,9/18/26 2:36 PM,9/18/26 2:36 PM,19 seconds,*Device Login *Do NOT Remove
IT Italian Trattoria Collins,Charles Hernandez,99,,No print / Expo - Collins,,9/18/26 2:36 PM,9/18/26 2:36 PM,19 seconds,*Device Login *Do NOT Remove
IT Italian Trattoria Collins,Charles Hernandez,98,,Pasta - Collins,,9/18/26 2:36 PM,9/18/26 2:40 PM,4 minutes and 47 seconds,*Device Login *Do NOT Remove
IT Italian Trattoria Collins,Charles Hernandez,100,,Pasta - Collins,,9/18/26 2:51 PM,9/18/26 2:59 PM,7 minutes and 5 seconds,*Device Login *Do NOT Remove
IT Italian Trattoria Collins,Charles Hernandez,105,,Pasta - Collins,,9/18/26 3:11 PM,9/18/26 3:31 PM,20 minutes,*Device Login *Do NOT Remove
IT Italian Trattoria Collins,Charles Hernandez,104,,Pasta - Collins,,9/18/26 3:10 PM,9/18/26 3:31 PM,20 minutes and 42 seconds,*Device Login *Do NOT Remove
IT Italian Trattoria Collins,Charles Hernandez,108,,Pasta - Collins,,9/18/26 3:37 PM,9/18/26 3:44 PM,6 minutes and 26 seconds,*Device Login *Do NOT Remove
IT Italian Trattoria Collins,Charles Hernandez,109,,Pasta - Collins,,9/18/26 3:43 PM,9/18/26 3:50 PM,6 minutes and 50 seconds,*Device Login *Do NOT Remove
IT Italian Trattoria Collins,Charles Hernandez,110,,Pizza - Collins,,9/18/26 3:46 PM,9/18/26 3:53 PM,7 minutes and 2 seconds,*Device Login *Do NOT Remove
IT Italian Trattoria Collins,Charles Hernandez,111,,Pizza - Collins,,9/18/26 3:50 PM,9/18/26 3:57 PM,6 minutes and 54 seconds,*Device Login *Do NOT Remove
IT Italian Trattoria Collins,Charles Hernandez,112,,Pizza - Collins,,9/18/26 3:52 PM,9/18/26 4:00 PM,7 minutes and 53 seconds,*Device Login *Do NOT Remove
IT Italian Trattoria Collins,Davide Christopher Paredi,113,,Pizza - Collins,,9/18/26 3:53 PM,9/18/26 4:00 PM,7 minutes and 29 seconds,*Device Login *Do NOT Remove
IT Italian Trattoria Collins,Andrea Rizzi,118,,Pizza - Collins,,9/18/26 4:19 PM,9/18/26 4:24 PM,5 minutes and 10 seconds,*Device Login *Do NOT Remove
IT Italian Trattoria Collins,Andrea Rizzi,119,,Pasta - Collins,,9/18/26 4:20 PM,9/18/26 4:28 PM,7 minutes and 35 seconds,*Device Login *Do NOT Remove
IT Italian Trattoria Collins,Andrea Rizzi,120,,Pasta - Collins,,9/18/26 4:21 PM,9/18/26 4:28 PM,6 minutes and 48 seconds,*Device Login *Do NOT Remove
IT Italian Trattoria Collins,Andrea Rizzi,123,,Pasta - Collins,,9/18/26 4:40 PM,9/18/26 4:43 PM,3 minutes and 52 seconds,*Device Login *Do NOT Remove
IT Italian Trattoria Collins,Andrea Rizzi,125,,Pizza - Collins,,9/18/26 4:43 PM,9/18/26 4:44 PM,49 seconds,*Device Login *Do NOT Remove
IT Italian Trattoria Collins,Andrea Rizzi,125,,No print / Expo - Collins,,9/18/26 4:43 PM,9/18/26 4:44 PM,49 seconds,*Device Login *Do NOT Remove
IT Italian Trattoria Collins,Andrea Rizzi,125,,Pasta - Collins,,9/18/26 4:43 PM,9/18/26 4:49 PM,5 minutes and 53 seconds,*Device Login *Do NOT Remove
IT Italian Trattoria Collins,Yamila Hidalgo,127,,Pasta - Collins,,9/18/26 5:01 PM,9/18/26 5:02 PM,37 seconds,*Device Login *Do NOT Remove
IT Italian Trattoria Collins,Yamila Hidalgo,127,,Pizza - Collins,,9/18/26 5:01 PM,9/18/26 5:08 PM,6 minutes and 10 seconds,*Device Login *Do NOT Remove
IT Italian Trattoria Collins,Default Online Ordering,129,,Pizza - Collins,,9/18/26 5:04 PM,9/18/26 5:08 PM,4 minutes and 44 seconds,*Device Login *Do NOT Remove
IT Italian Trattoria Collins,Default Online Ordering,129,,Pasta - Collins,,9/18/26 5:04 PM,9/18/26 5:09 PM,5 minutes and 7 seconds,*Device Login *Do NOT Remove
IT Italian Trattoria Collins,Yamila Hidalgo,130,,Pasta - Collins,,9/18/26 5:10 PM,9/18/26 5:15 PM,5 minutes and 14 seconds,*Device Login *Do NOT Remove
IT Italian Trattoria Collins,Yamila Hidalgo,130,,Pizza - Collins,,9/18/26 5:10 PM,9/18/26 5:17 PM,6 minutes and 24 seconds,*Device Login *Do NOT Remove
IT Italian Trattoria Collins,Yamila Hidalgo,132,,Pizza - Collins,,9/18/26 5:29 PM,9/18/26 5:33 PM,4 minutes and 1 second,*Device Login *Do NOT Remove
IT Italian Trattoria Collins,Andrea Rizzi,124,,Pasta - Collins,,9/18/26 5:40 PM,9/18/26 5:45 PM,5 minutes and 31 seconds,*Device Login *Do NOT Remove
IT Italian Trattoria Collins,Yamila Hidalgo,139,,Pizza - Collins,,9/18/26 5:54 PM,9/18/26 6:00 PM,5 minutes and 55 seconds,*Device Login *Do NOT Remove
IT Italian Trattoria Collins,Yamila Hidalgo,139,,Pasta - Collins,,9/18/26 5:54 PM,9/18/26 6:01 PM,7 minutes and 23 seconds,*Device Login *Do NOT Remove
IT Italian Trattoria Collins,Andrea Rizzi,143,,Pasta - Collins,,9/18/26 6:16 PM,9/18/26 6:21 PM,4 minutes and 53 seconds,*Device Login *Do NOT Remove
IT Italian Trattoria Collins,Default Online Ordering,142,,Pizza - Collins,,9/18/26 6:13 PM,9/18/26 6:23 PM,9 minutes and 58 seconds,*Device Login *Do NOT Remove
IT Italian Trattoria Collins,Andrea Rizzi,145,,Pizza - Collins,,9/18/26 6:29 PM,9/18/26 6:36 PM,7 minutes and 4 seconds,*Device Login *Do NOT Remove
IT Italian Trattoria Collins,Jonathan Lucero,146,,Pizza - Collins,,9/18/26 6:25 PM,9/18/26 6:36 PM,10 minutes and 30 seconds,*Device Login *Do NOT Remove
IT Italian Trattoria Collins,Andrea Rizzi,148,,Pizza - Collins,,9/18/26 6:31 PM,9/18/26 6:37 PM,5 minutes and 36 seconds,*Device Login *Do NOT Remove
IT Italian Trattoria Collins,Andrea Rizzi,148,,Pasta - Collins,,9/18/26 6:31 PM,9/18/26 6:37 PM,5 minutes and 56 seconds,*Device Login *Do NOT Remove
IT Italian Trattoria Collins,Jonathan Lucero,147,,Pizza - Collins,,9/18/26 6:41 PM,9/18/26 6:48 PM,6 minutes and 30 seconds,*Device Login *Do NOT Remove
IT Italian Trattoria Collins,Jonathan Lucero,153,,Pasta - Collins,,9/18/26 6:48 PM,9/18/26 6:53 PM,4 minutes and 43 seconds,*Device Login *Do NOT Remove
IT Italian Trattoria Collins,Default Online Ordering,160,,Pasta - Collins,,9/18/26 7:01 PM,9/18/26 7:05 PM,4 minutes and 52 seconds,*Device Login *Do NOT Remove
IT Italian Trattoria Collins,Default Online Ordering,158,,Pasta - Collins,,9/18/26 6:53 PM,9/18/26 7:05 PM,12 minutes and 34 seconds,*Device Login *Do NOT Remove
IT Italian Trattoria Collins,Default Online Ordering,157,,Pasta - Collins,,9/18/26 6:49 PM,9/18/26 7:05 PM,16 minutes and 29 seconds,*Device Login *Do NOT Remove
IT Italian Trattoria Collins,Yamila Hidalgo,156,,Pizza - Collins,,9/18/26 7:03 PM,9/18/26 7:06 PM,2 minutes and 53 seconds,*Device Login *Do NOT Remove
IT Italian Trattoria Collins,Yamila Hidalgo,156,,No print / Expo - Collins,,9/18/26 7:03 PM,9/18/26 7:06 PM,2 minutes and 53 seconds,*Device Login *Do NOT Remove
IT Italian Trattoria Collins,Yamila Hidalgo,161,,Pizza - Collins,,9/18/26 7:05 PM,9/18/26 7:06 PM,24 seconds,*Device Login *Do NOT Remove
IT Italian Trattoria Collins,Yamila Hidalgo,161,,No print / Expo - Collins,,9/18/26 7:05 PM,9/18/26 7:06 PM,24 seconds,*Device Login *Do NOT Remove
IT Italian Trattoria Collins,Default Online Ordering,158,,Pizza - Collins,,9/18/26 6:53 PM,9/18/26 7:06 PM,12 minutes and 41 seconds,*Device Login *Do NOT Remove
IT Italian Trattoria Collins,Jonathan Lucero,163,,Pasta - Collins,,9/18/26 7:08 PM,9/18/26 7:16 PM,8 minutes and 22 seconds,*Device Login *Do NOT Remove
IT Italian Trattoria Collins,Jonathan Lucero,163,,Pizza - Collins,,9/18/26 7:08 PM,9/18/26 7:18 PM,10 minutes and 1 second,*Device Login *Do NOT Remove
IT Italian Trattoria Collins,Jonathan Lucero,165,,Pizza - Collins,,9/18/26 7:10 PM,9/18/26 7:23 PM,12 minutes and 11 seconds,*Device Login *Do NOT Remove
IT Italian Trattoria Collins,Jonathan Lucero,166,,Pasta - Collins,,9/18/26 7:23 PM,9/18/26 7:29 PM,6 minutes and 38 seconds,*Device Login *Do NOT Remove
IT Italian Trattoria Collins,Andrea Rizzi,169,,Pasta - Collins,,9/18/26 7:36 PM,9/18/26 7:38 PM,1 minute and 41 seconds,*Device Login *Do NOT Remove
IT Italian Trattoria Collins,Andrea Rizzi,170,,Pasta - Collins,,9/18/26 7:38 PM,9/18/26 7:42 PM,4 minutes and 18 seconds,*Device Login *Do NOT Remove
IT Italian Trattoria Collins,Jonathan Lucero,171,,Pasta - Collins,,9/18/26 7:38 PM,9/18/26 7:42 PM,4 minutes and 31 seconds,*Device Login *Do NOT Remove
IT Italian Trattoria Collins,Andrea Rizzi,170,,Pizza - Collins,,9/18/26 7:38 PM,9/18/26 7:44 PM,6 minutes and 32 seconds,*Device Login *Do NOT Remove
IT Italian Trattoria Collins,Jonathan Lucero,174,,Pasta - Collins,,9/18/26 7:46 PM,9/18/26 7:53 PM,6 minutes and 36 seconds,*Device Login *Do NOT Remove
IT Italian Trattoria Collins,Jonathan Lucero,175,,Pasta - Collins,,9/18/26 7:48 PM,9/18/26 7:53 PM,4 minutes and 37 seconds,*Device Login *Do NOT Remove
IT Italian Trattoria Collins,Jonathan Lucero,175,,Pizza - Collins,,9/18/26 7:48 PM,9/18/26 7:55 PM,6 minutes and 27 seconds,*Device Login *Do NOT Remove
IT Italian Trattoria Collins,Andrea Rizzi,173,,Pizza - Collins,,9/18/26 7:50 PM,9/18/26 7:55 PM,4 minutes and 44 seconds,*Device Login *Do NOT Remove
IT Italian Trattoria Collins,Andrea Rizzi,173,,No print / Expo - Collins,,9/18/26 7:50 PM,9/18/26 7:55 PM,4 minutes and 44 seconds,*Device Login *Do NOT Remove
IT Italian Trattoria Collins,Jonathan Lucero,176,,Pizza - Collins,,9/18/26 7:50 PM,9/18/26 7:55 PM,4 minutes and 2 seconds,*Device Login *Do NOT Remove
IT Italian Trattoria Collins,Jonathan Lucero,176,,Pasta - Collins,,9/18/26 7:50 PM,9/18/26 7:58 PM,7 minutes and 26 seconds,*Device Login *Do NOT Remove
IT Italian Trattoria Collins,Andrea Rizzi,177,,Pasta - Collins,,9/18/26 7:51 PM,9/18/26 7:58 PM,7 minutes and 17 seconds,*Device Login *Do NOT Remove
IT Italian Trattoria Collins,Jonathan Lucero,178,,Pizza - Collins,,9/18/26 7:55 PM,9/18/26 8:00 PM,4 minutes and 43 seconds,*Device Login *Do NOT Remove
IT Italian Trattoria Collins,Jonathan Lucero,178,,No print / Expo - Collins,,9/18/26 7:55 PM,9/18/26 8:00 PM,4 minutes and 43 seconds,*Device Login *Do NOT Remove
IT Italian Trattoria Collins,Jonathan Lucero,183,,Pasta - Collins,,9/18/26 8:00 PM,9/18/26 8:06 PM,6 minutes and 2 seconds,*Device Login *Do NOT Remove
IT Italian Trattoria Collins,Jonathan Lucero,183,,Pizza - Collins,,9/18/26 8:00 PM,9/18/26 8:06 PM,6 minutes and 21 seconds,*Device Login *Do NOT Remove
IT Italian Trattoria Collins,Jonathan Lucero,186,,Pizza - Collins,,9/18/26 8:07 PM,9/18/26 8:08 PM,6 seconds,*Device Login *Do NOT Remove
IT Italian Trattoria Collins,Jonathan Lucero,186,,No print / Expo - Collins,,9/18/26 8:07 PM,9/18/26 8:08 PM,6 seconds,*Device Login *Do NOT Remove
IT Italian Trattoria Collins,Jonathan Lucero,187,,Pasta - Collins,,9/18/26 8:09 PM,9/18/26 8:13 PM,4 minutes and 15 seconds,*Device Login *Do NOT Remove
IT Italian Trattoria Collins,Andrea Rizzi,189,,Pasta - Collins,,9/18/26 8:12 PM,9/18/26 8:16 PM,4 minutes and 21 seconds,*Device Login *Do NOT Remove
IT Italian Trattoria Collins,Jonathan Lucero,188,,Pasta - Collins,,9/18/26 8:16 PM,9/18/26 8:20 PM,3 minutes and 30 seconds,*Device Login *Do NOT Remove
IT Italian Trattoria Collins,Andrea Rizzi,190,,Pizza - Collins,,9/18/26 8:12 PM,9/18/26 8:21 PM,8 minutes and 51 seconds,*Device Login *Do NOT Remove
IT Italian Trattoria Collins,Andrea Rizzi,191,,Pizza - Collins,,9/18/26 8:14 PM,9/18/26 8:21 PM,6 minutes and 59 seconds,*Device Login *Do NOT Remove
IT Italian Trattoria Collins,Default Online Ordering,196,,Pizza - Collins,,9/18/26 8:22 PM,9/18/26 8:28 PM,6 minutes and 4 seconds,*Device Login *Do NOT Remove
IT Italian Trattoria Collins,Jonathan Lucero,192,,Pasta - Collins,,9/18/26 8:19 PM,9/18/26 8:30 PM,11 minutes and 44 seconds,*Device Login *Do NOT Remove
IT Italian Trattoria Collins,Jonathan Lucero,194,,Pasta - Collins,,9/18/26 8:19 PM,9/18/26 8:30 PM,10 minutes and 47 seconds,*Device Login *Do NOT Remove
IT Italian Trattoria Collins,Default Online Ordering,196,,Pasta - Collins,,9/18/26 8:22 PM,9/18/26 8:30 PM,7 minutes and 56 seconds,*Device Login *Do NOT Remove
IT Italian Trattoria Collins,Jonathan Lucero,195,,Pasta - Collins,,9/18/26 8:29 PM,9/18/26 8:37 PM,7 minutes and 28 seconds,*Device Login *Do NOT Remove
IT Italian Trattoria Collins,Jonathan Lucero,200,,Pasta - Collins,,9/18/26 8:34 PM,9/18/26 8:40 PM,5 minutes and 53 seconds,*Device Login *Do NOT Remove
IT Italian Trattoria Collins,Yamila Hidalgo,197,,Pizza - Collins,,9/18/26 8:31 PM,9/18/26 8:41 PM,9 minutes and 53 seconds,*Device Login *Do NOT Remove
IT Italian Trattoria Collins,Jonathan Lucero,200,,Pizza - Collins,,9/18/26 8:34 PM,9/18/26 8:41 PM,6 minutes and 25 seconds,*Device Login *Do NOT Remove
IT Italian Trattoria Collins,Yamila Hidalgo,198,,Pizza - Collins,,9/18/26 8:32 PM,9/18/26 8:41 PM,8 minutes and 36 seconds,*Device Login *Do NOT Remove
IT Italian Trattoria Collins,Jonathan Lucero,202,,Pizza - Collins,,9/18/26 8:37 PM,9/18/26 8:45 PM,8 minutes and 52 seconds,*Device Login *Do NOT Remove
IT Italian Trattoria Collins,Jonathan Lucero,202,,No print / Expo - Collins,,9/18/26 8:37 PM,9/18/26 8:45 PM,8 minutes and 52 seconds,*Device Login *Do NOT Remove
IT Italian Trattoria Collins,Jonathan Lucero,204,,Pizza - Collins,,9/18/26 8:45 PM,9/18/26 8:51 PM,5 minutes and 34 seconds,*Device Login *Do NOT Remove
IT Italian Trattoria Collins,Andrea Rizzi,209,,Pasta - Collins,,9/18/26 9:05 PM,9/18/26 9:08 PM,3 minutes and 36 seconds,*Device Login *Do NOT Remove
IT Italian Trattoria Collins,Jonathan Lucero,210,,Pasta - Collins,,9/18/26 9:07 PM,9/18/26 9:10 PM,3 minutes and 46 seconds,*Device Login *Do NOT Remove
IT Italian Trattoria Collins,Jonathan Lucero,207,,Pizza - Collins,,9/18/26 9:04 PM,9/18/26 9:11 PM,7 minutes and 29 seconds,*Device Login *Do NOT Remove
IT Italian Trattoria Collins,Andrea Rizzi,208,,Pizza - Collins,,9/18/26 9:04 PM,9/18/26 9:11 PM,7 minutes and 37 seconds,*Device Login *Do NOT Remove
IT Italian Trattoria Collins,Jonathan Lucero,212,,Pasta - Collins,,9/18/26 9:10 PM,9/18/26 9:14 PM,4 minutes and 4 seconds,*Device Login *Do NOT Remove
IT Italian Trattoria Collins,Jonathan Lucero,213,,Pasta - Collins,,9/18/26 9:23 PM,9/18/26 9:24 PM,28 seconds,*Device Login *Do NOT Remove
IT Italian Trattoria Collins,Yamila Hidalgo,214,,Pizza - Collins,,9/18/26 9:22 PM,9/18/26 9:31 PM,9 minutes and 16 seconds,*Device Login *Do NOT Remove
IT Italian Trattoria Collins,Jonathan Lucero,220,,Pasta - Collins,,9/18/26 9:38 PM,9/18/26 9:44 PM,5 minutes and 38 seconds,*Device Login *Do NOT Remove
IT Italian Trattoria Collins,Andrea Rizzi,219,,Pizza - Collins,,9/18/26 9:39 PM,9/18/26 9:46 PM,6 minutes and 52 seconds,*Device Login *Do NOT Remove
IT Italian Trattoria Collins,Andrea Rizzi,223,,Pizza - Collins,,9/18/26 9:43 PM,9/18/26 9:47 PM,4 minutes and 7 seconds,*Device Login *Do NOT Remove
IT Italian Trattoria Collins,Jonathan Lucero,221,,Pizza - Collins,,9/18/26 9:41 PM,9/18/26 9:47 PM,5 minutes and 58 seconds,*Device Login *Do NOT Remove
IT Italian Trattoria Collins,Andrea Rizzi,219,,Pasta - Collins,,9/18/26 9:39 PM,9/18/26 9:48 PM,8 minutes and 41 seconds,*Device Login *Do NOT Remove
IT Italian Trattoria Collins,Andrea Rizzi,222,,Pasta - Collins,,9/18/26 9:41 PM,9/18/26 9:51 PM,10 minutes and 8 seconds,*Device Login *Do NOT Remove
IT Italian Trattoria Collins,Andrea Rizzi,227,,Pasta - Collins,,9/18/26 9:49 PM,9/18/26 9:54 PM,4 minutes and 37 seconds,*Device Login *Do NOT Remove
IT Italian Trattoria Collins,Andrea Rizzi,227,,Pizza - Collins,,9/18/26 9:49 PM,9/18/26 9:55 PM,5 minutes and 37 seconds,*Device Login *Do NOT Remove
IT Italian Trattoria Collins,Jonathan Lucero,224,,Pasta - Collins,,9/18/26 9:57 PM,9/18/26 9:58 PM,1 minute and 45 seconds,*Device Login *Do NOT Remove
IT Italian Trattoria Collins,Jonathan Lucero,224,,Pizza - Collins,,9/18/26 9:57 PM,9/18/26 10:04 PM,7 minutes and 4 seconds,*Device Login *Do NOT Remove
IT Italian Trattoria Collins,Andrea Rizzi,228,,Pizza - Collins,,9/18/26 10:02 PM,9/18/26 10:10 PM,7 minutes and 40 seconds,*Device Login *Do NOT Remove
IT Italian Trattoria Collins,Jonathan Lucero,231,,Pizza - Collins,,9/18/26 10:09 PM,9/18/26 10:14 PM,5 minutes and 7 seconds,*Device Login *Do NOT Remove
IT Italian Trattoria Collins,Andrea Rizzi,230,,Pizza - Collins,,9/18/26 10:14 PM,9/18/26 10:20 PM,6 minutes,*Device Login *Do NOT Remove
IT Italian Trattoria Collins,Jonathan Lucero,232,,Pasta - Collins,,9/18/26 10:18 PM,9/18/26 10:26 PM,7 minutes and 20 seconds,*Device Login *Do NOT Remove
IT Italian Trattoria Collins,Andrea Rizzi,240,,Pasta - Collins,,9/18/26 10:33 PM,9/18/26 10:38 PM,5 minutes and 16 seconds,*Device Login *Do NOT Remove
IT Italian Trattoria Collins,Jonathan Lucero,238,,Pizza - Collins,,9/18/26 10:30 PM,9/18/26 10:40 PM,10 minutes and 9 seconds,*Device Login *Do NOT Remove
IT Italian Trattoria Collins,Jonathan Lucero,237,,Pizza - Collins,,9/18/26 10:29 PM,9/18/26 10:40 PM,10 minutes and 50 seconds,*Device Login *Do NOT Remove
IT Italian Trattoria Collins,Andrea Rizzi,240,,Pizza - Collins,,9/18/26 10:33 PM,9/18/26 10:40 PM,7 minutes and 16 seconds,*Device Login *Do NOT Remove
IT Italian Trattoria Collins,Jonathan Lucero,245,,Pizza - Collins,,9/18/26 11:03 PM,9/18/26 11:06 PM,2 minutes and 49 seconds,*Device Login *Do NOT Remove
IT Italian Trattoria Collins,Jonathan Lucero,245,,No print / Expo - Collins,,9/18/26 11:03 PM,9/18/26 11:06 PM,2 minutes and 49 seconds,*Device Login *Do NOT Remove
IT Italian Trattoria Collins,Andrea Rizzi,247,,Pasta - Collins,,9/18/26 11:26 PM,9/18/26 11:29 PM,3 minutes and 25 seconds,*Device Login *Do NOT Remove
IT Italian Trattoria Collins,Andrea Rizzi,248,,Pizza - Collins,,9/18/26 11:27 PM,9/18/26 11:35 PM,7 minutes and 56 seconds,*Device Login *Do NOT Remove
IT Italian Trattoria Collins,Jonathan Lucero,246,,Pizza - Collins,,9/18/26 11:27 PM,9/18/26 11:36 PM,8 minutes and 48 seconds,*Device Login *Do NOT Remove
IT Italian Trattoria Collins,Andrea Rizzi,252,,Pizza - Collins,,9/18/26 11:29 PM,9/18/26 11:37 PM,7 minutes and 25 seconds,*Device Login *Do NOT Remove
IT Italian Trattoria Collins,Jonathan Lucero,249,,Pizza - Collins,,9/18/26 11:48 PM,9/18/26 11:51 PM,3 minutes and 56 seconds,*Device Login *Do NOT Remove
IT Italian Trattoria Collins,Jonathan Lucero,249,,No print / Expo - Collins,,9/18/26 11:48 PM,9/18/26 11:51 PM,3 minutes and 56 seconds,*Device Login *Do NOT Remove
IT Italian Trattoria Collins,Charles Hernandez,1,,Pasta - Collins,,9/19/26 7:57 AM,9/19/26 8:01 AM,4 minutes and 22 seconds,*Device Login *Do NOT Remove
IT Italian Trattoria Collins,Charles Hernandez,3,,Pasta - Collins,,9/19/26 8:26 AM,9/19/26 8:33 AM,6 minutes and 50 seconds,*Device Login *Do NOT Remove
IT Italian Trattoria Collins,Charles Hernandez,12,,Pasta - Collins,,9/19/26 8:42 AM,9/19/26 8:47 AM,4 minutes and 35 seconds,*Device Login *Do NOT Remove
IT Italian Trattoria Collins,Charles Hernandez,14,,Pasta - Collins,,9/19/26 8:48 AM,9/19/26 8:50 AM,1 minute and 51 seconds,*Device Login *Do NOT Remove
IT Italian Trattoria Collins,Charles Hernandez,15,,Pasta - Collins,,9/19/26 8:50 AM,9/19/26 8:52 AM,1 minute and 41 seconds,*Device Login *Do NOT Remove
IT Italian Trattoria Collins,Charles Hernandez,16,,Pasta - Collins,,9/19/26 8:53 AM,9/19/26 8:59 AM,5 minutes and 57 seconds,*Device Login *Do NOT Remove
IT Italian Trattoria Collins,Charles Hernandez,17,,Pasta - Collins,,9/19/26 8:55 AM,9/19/26 8:59 AM,3 minutes and 17 seconds,*Device Login *Do NOT Remove
IT Italian Trattoria Collins,Charles Hernandez,22,,Pasta - Collins,,9/19/26 9:09 AM,9/19/26 9:12 AM,3 minutes and 18 seconds,*Device Login *Do NOT Remove
IT Italian Trattoria Collins,Charles Hernandez,24,,Pasta - Collins,,9/19/26 9:11 AM,9/19/26 9:12 AM,39 seconds,*Device Login *Do NOT Remove
IT Italian Trattoria Collins,Charles Hernandez,27,,Pasta - Collins,,9/19/26 9:20 AM,9/19/26 9:28 AM,8 minutes,*Device Login *Do NOT Remove
IT Italian Trattoria Collins,Charles Hernandez,28,,Pasta - Collins,,9/19/26 9:23 AM,9/19/26 9:31 AM,8 minutes and 28 seconds,*Device Login *Do NOT Remove
IT Italian Trattoria Collins,Charles Hernandez,30,,Pasta - Collins,,9/19/26 9:25 AM,9/19/26 9:31 AM,6 minutes and 28 seconds,*Device Login *Do NOT Remove
IT Italian Trattoria Collins,Vivian Ducasal,29,,Pasta - Collins,,9/19/26 9:24 AM,9/19/26 9:32 AM,7 minutes and 48 seconds,*Device Login *Do NOT Remove
IT Italian Trattoria Collins,Charles Hernandez,33,,Pasta - Collins,,9/19/26 9:28 AM,9/19/26 9:32 AM,3 minutes and 43 seconds,*Device Login *Do NOT Remove
IT Italian Trattoria Collins,Charles Hernandez,34,,Pasta - Collins,,9/19/26 9:31 AM,9/19/26 9:35 AM,3 minutes and 55 seconds,*Device Login *Do NOT Remove
IT Italian Trattoria Collins,Charles Hernandez,32,,Pasta - Collins,,9/19/26 9:27 AM,9/19/26 9:35 AM,8 minutes and 8 seconds,*Device Login *Do NOT Remove
IT Italian Trattoria Collins,Charles Hernandez,39,,Pasta - Collins,,9/19/26 9:39 AM,9/19/26 9:41 AM,2 minutes and 38 seconds,*Device Login *Do NOT Remove
IT Italian Trattoria Collins,Charles Hernandez,42,,Pasta - Collins,,9/19/26 9:50 AM,9/19/26 9:54 AM,3 minutes and 26 seconds,*Device Login *Do NOT Remove
IT Italian Trattoria Collins,Charles Hernandez,43,,Pasta - Collins,,9/19/26 10:00 AM,9/19/26 10:05 AM,5 minutes and 19 seconds,*Device Login *Do NOT Remove
IT Italian Trattoria Collins,Charles Hernandez,48,,Pasta - Collins,,9/19/26 10:15 AM,9/19/26 10:24 AM,8 minutes and 55 seconds,*Device Login *Do NOT Remove
IT Italian Trattoria Collins,Default Online Ordering,52,,Pasta - Collins,,9/19/26 10:33 AM,9/19/26 10:44 AM,11 minutes and 45 seconds,*Device Login *Do NOT Remove
IT Italian Trattoria Collins,Charles Hernandez,60,,Pasta - Collins,,9/19/26 11:12 AM,9/19/26 11:18 AM,5 minutes and 14 seconds,*Device Login *Do NOT Remove
IT Italian Trattoria Collins,Charles Hernandez,62,,Pasta - Collins,,9/19/26 11:15 AM,9/19/26 11:23 AM,8 minutes and 34 seconds,*Device Login *Do NOT Remove
IT Italian Trattoria Collins,Charles Hernandez,64,,Pasta - Collins,,9/19/26 11:16 AM,9/19/26 11:23 AM,6 minutes and 59 seconds,*Device Login *Do NOT Remove
IT Italian Trattoria Collins,Davide Christopher Paredi,70,,Pasta - Collins,,9/19/26 11:30 AM,9/19/26 11:34 AM,3 minutes and 21 seconds,*Device Login *Do NOT Remove
IT Italian Trattoria Collins,Vivian Ducasal,68,,Pasta - Collins,,9/19/26 11:30 AM,9/19/26 11:36 AM,6 minutes and 20 seconds,*Device Login *Do NOT Remove
IT Italian Trattoria Collins,Vivian Ducasal,69,,Pizza - Collins,,9/19/26 11:30 AM,9/19/26 11:40 AM,9 minutes and 56 seconds,*Device Login *Do NOT Remove
IT Italian Trattoria Collins,Vivian Ducasal,67,,Pizza - Collins,,9/19/26 11:29 AM,9/19/26 11:40 AM,11 minutes and 34 seconds,*Device Login *Do NOT Remove
IT Italian Trattoria Collins,Default Online Ordering,74,,Pizza - Collins,,9/19/26 11:36 AM,9/19/26 11:43 AM,6 minutes and 56 seconds,*Device Login *Do NOT Remove
IT Italian Trattoria Collins,Default Online Ordering,77,,Pasta - Collins,,9/19/26 11:51 AM,9/19/26 12:00 PM,8 minutes and 36 seconds,*Device Login *Do NOT Remove
IT Italian Trattoria Collins,Davide Christopher Paredi,78,,Pasta - Collins,,9/19/26 12:08 PM,9/19/26 12:12 PM,4 minutes and 29 seconds,*Device Login *Do NOT Remove
IT Italian Trattoria Collins,Charles Hernandez,80,,Pizza - Collins,,9/19/26 12:22 PM,9/19/26 12:31 PM,8 minutes and 53 seconds,*Device Login *Do NOT Remove
IT Italian Trattoria Collins,Charles Hernandez,80,,Pasta - Collins,,9/19/26 12:22 PM,9/19/26 12:35 PM,12 minutes and 27 seconds,*Device Login *Do NOT Remove
IT Italian Trattoria Collins,Charles Hernandez,83,,Pasta - Collins,,9/19/26 12:35 PM,9/19/26 12:37 PM,1 minute and 28 seconds,*Device Login *Do NOT Remove
IT Italian Trattoria Collins,Charles Hernandez,82,,Pizza - Collins,,9/19/26 12:32 PM,9/19/26 12:41 PM,9 minutes and 37 seconds,*Device Login *Do NOT Remove
IT Italian Trattoria Collins,Charles Hernandez,83,,Pizza - Collins,,9/19/26 12:35 PM,9/19/26 12:41 PM,6 minutes and 15 seconds,*Device Login *Do NOT Remove
IT Italian Trattoria Collins,Charles Hernandez,88,,Pasta - Collins,,9/19/26 1:13 PM,9/19/26 1:22 PM,9 minutes and 8 seconds,*Device Login *Do NOT Remove
IT Italian Trattoria Collins,Charles Hernandez,88,,Pizza - Collins,,9/19/26 1:13 PM,9/19/26 1:24 PM,11 minutes and 2 seconds,*Device Login *Do NOT Remove
IT Italian Trattoria Collins,Charles Hernandez,90,,Pasta - Collins,,9/19/26 1:18 PM,9/19/26 1:29 PM,11 minutes and 21 seconds,*Device Login *Do NOT Remove
IT Italian Trattoria Collins,Charles Hernandez,91,,Pasta - Collins,,9/19/26 1:18 PM,9/19/26 1:29 PM,10 minutes and 38 seconds,*Device Login *Do NOT Remove
IT Italian Trattoria Collins,Charles Hernandez,89,,Pasta - Collins,,9/19/26 1:16 PM,9/19/26 1:29 PM,12 minutes and 28 seconds,*Device Login *Do NOT Remove
IT Italian Trattoria Collins,Charles Hernandez,92,,Pizza - Collins,,9/19/26 1:21 PM,9/19/26 1:31 PM,9 minutes and 28 seconds,*Device Login *Do NOT Remove
IT Italian Trattoria Collins,Davide Christopher Paredi,72,,Pasta - Collins,,9/19/26 1:30 PM,9/19/26 1:32 PM,1 minute and 10 seconds,*Device Login *Do NOT Remove
IT Italian Trattoria Collins,Davide Christopher Paredi,95,,Pasta - Collins,,9/19/26 1:33 PM,9/19/26 1:33 PM,11 seconds,*Device Login *Do NOT Remove
IT Italian Trattoria Collins,Davide Christopher Paredi,95,,Pizza - Collins,,9/19/26 1:33 PM,9/19/26 1:33 PM,26 seconds,*Device Login *Do NOT Remove
IT Italian Trattoria Collins,Charles Hernandez,94,,Pasta - Collins,,9/19/26 1:31 PM,9/19/26 1:39 PM,7 minutes and 55 seconds,*Device Login *Do NOT Remove
IT Italian Trattoria Collins,Charles Hernandez,98,,Pasta - Collins,,9/19/26 1:44 PM,9/19/26 1:52 PM,7 minutes and 51 seconds,*Device Login *Do NOT Remove
IT Italian Trattoria Collins,Charles Hernandez,101,,Pizza - Collins,,9/19/26 1:55 PM,9/19/26 1:59 PM,3 minutes and 23 seconds,*Device Login *Do NOT Remove
IT Italian Trattoria Collins,Charles Hernandez,101,,No print / Expo - Collins,,9/19/26 1:55 PM,9/19/26 1:59 PM,3 minutes and 23 seconds,*Device Login *Do NOT Remove
IT Italian Trattoria Collins,Charles Hernandez,102,,Pizza - Collins,,9/19/26 1:57 PM,9/19/26 1:59 PM,1 minute and 36 seconds,*Device Login *Do NOT Remove
IT Italian Trattoria Collins,Charles Hernandez,102,,No print / Expo - Collins,,9/19/26 1:57 PM,9/19/26 1:59 PM,1 minute and 36 seconds,*Device Login *Do NOT Remove
IT Italian Trattoria Collins,Charles Hernandez,106,,Pizza - Collins,,9/19/26 2:02 PM,9/19/26 2:12 PM,9 minutes and 34 seconds,*Device Login *Do NOT Remove
IT Italian Trattoria Collins,Charles Hernandez,105,,Pizza - Collins,,9/19/26 2:01 PM,9/19/26 2:12 PM,10 minutes and 44 seconds,*Device Login *Do NOT Remove
IT Italian Trattoria Collins,Charles Hernandez,107,,Pizza - Collins,,9/19/26 2:03 PM,9/19/26 2:12 PM,8 minutes and 30 seconds,*Device Login *Do NOT Remove
IT Italian Trattoria Collins,Charles Hernandez,108,,Pasta - Collins,,9/19/26 2:05 PM,9/19/26 2:13 PM,8 minutes and 8 seconds,*Device Login *Do NOT Remove
IT Italian Trattoria Collins,Charles Hernandez,109,,Pasta - Collins,,9/19/26 2:06 PM,9/19/26 2:13 PM,6 minutes and 54 seconds,*Device Login *Do NOT Remove
IT Italian Trattoria Collins,Charles Hernandez,110,,Pizza - Collins,,9/19/26 2:08 PM,9/19/26 2:15 PM,7 minutes and 1 second,*Device Login *Do NOT Remove
IT Italian Trattoria Collins,Charles Hernandez,112,,Pasta - Collins,,9/19/26 2:13 PM,9/19/26 2:18 PM,4 minutes and 47 seconds,*Device Login *Do NOT Remove
IT Italian Trattoria Collins,Charles Hernandez,114,,Pasta - Collins,,9/19/26 2:18 PM,9/19/26 2:24 PM,5 minutes and 53 seconds,*Device Login *Do NOT Remove
IT Italian Trattoria Collins,Charles Hernandez,116,,Pasta - Collins,,9/19/26 2:23 PM,9/19/26 2:24 PM,1 minute and 43 seconds,*Device Login *Do NOT Remove
IT Italian Trattoria Collins,Charles Hernandez,111,,Pizza - Collins,,9/19/26 2:17 PM,9/19/26 2:26 PM,9 minutes and 51 seconds,*Device Login *Do NOT Remove
IT Italian Trattoria Collins,Charles Hernandez,111,,Pasta - Collins,,9/19/26 2:17 PM,9/19/26 2:27 PM,10 minutes and 22 seconds,*Device Login *Do NOT Remove
IT Italian Trattoria Collins,Charles Hernandez,115,,Pizza - Collins,,9/19/26 2:22 PM,9/19/26 2:28 PM,6 minutes and 32 seconds,*Device Login *Do NOT Remove
IT Italian Trattoria Collins,Charles Hernandez,115,,No print / Expo - Collins,,9/19/26 2:22 PM,9/19/26 2:28 PM,6 minutes and 32 seconds,*Device Login *Do NOT Remove
IT Italian Trattoria Collins,Charles Hernandez,118,,Pasta - Collins,,9/19/26 2:35 PM,9/19/26 2:39 PM,4 minutes and 3 seconds,*Device Login *Do NOT Remove
IT Italian Trattoria Collins,Charles Hernandez,117,,Pasta - Collins,,9/19/26 2:34 PM,9/19/26 2:39 PM,5 minutes and 22 seconds,*Device Login *Do NOT Remove
IT Italian Trattoria Collins,Charles Hernandez,117,,Pizza - Collins,,9/19/26 2:34 PM,9/19/26 2:41 PM,7 minutes and 49 seconds,*Device Login *Do NOT Remove
IT Italian Trattoria Collins,Charles Hernandez,120,,Pasta - Collins,,9/19/26 2:42 PM,9/19/26 2:52 PM,9 minutes and 5 seconds,*Device Login *Do NOT Remove
IT Italian Trattoria Collins,Charles Hernandez,120,,Pizza - Collins,,9/19/26 2:42 PM,9/19/26 2:57 PM,14 minutes and 16 seconds,*Device Login *Do NOT Remove
IT Italian Trattoria Collins,Charles Hernandez,123,,Pasta - Collins,,9/19/26 2:56 PM,9/19/26 3:01 PM,5 minutes and 42 seconds,*Device Login *Do NOT Remove
IT Italian Trattoria Collins,Charles Hernandez,122,,Pasta - Collins,,9/19/26 2:54 PM,9/19/26 3:06 PM,11 minutes and 10 seconds,*Device Login *Do NOT Remove
IT Italian Trattoria Collins,Charles Hernandez,124,,Pasta - Collins,,9/19/26 2:56 PM,9/19/26 3:06 PM,9 minutes and 24 seconds,*Device Login *Do NOT Remove
IT Italian Trattoria Collins,Charles Hernandez,125,,Pasta - Collins,,9/19/26 2:57 PM,9/19/26 3:06 PM,8 minutes and 52 seconds,*Device Login *Do NOT Remove
IT Italian Trattoria Collins,Charles Hernandez,126,,Pizza - Collins,,9/19/26 2:59 PM,9/19/26 3:06 PM,7 minutes and 7 seconds,*Device Login *Do NOT Remove
IT Italian Trattoria Collins,Charles Hernandez,127,,Pizza - Collins,,9/19/26 3:00 PM,9/19/26 3:06 PM,6 minutes and 15 seconds,*Device Login *Do NOT Remove
IT Italian Trattoria Collins,Charles Hernandez,128,,Pizza - Collins,,9/19/26 3:02 PM,9/19/26 3:09 PM,6 minutes and 47 seconds,*Device Login *Do NOT Remove
IT Italian Trattoria Collins,Charles Hernandez,130,,Pizza - Collins,,9/19/26 3:06 PM,9/19/26 3:12 PM,6 minutes and 39 seconds,*Device Login *Do NOT Remove
IT Italian Trattoria Collins,Charles Hernandez,132,,Pasta - Collins,,9/19/26 3:14 PM,9/19/26 3:20 PM,5 minutes and 25 seconds,*Device Login *Do NOT Remove
IT Italian Trattoria Collins,Charles Hernandez,132,,Pizza - Collins,,9/19/26 3:14 PM,9/19/26 3:20 PM,6 minutes and 8 seconds,*Device Login *Do NOT Remove
IT Italian Trattoria Collins,Charles Hernandez,132,,No print / Expo - Collins,,9/19/26 3:14 PM,9/19/26 3:20 PM,6 minutes and 8 seconds,*Device Login *Do NOT Remove
IT Italian Trattoria Collins,Charles Hernandez,133,,Pizza - Collins,,9/19/26 3:15 PM,9/19/26 3:21 PM,5 minutes and 45 seconds,*Device Login *Do NOT Remove
IT Italian Trattoria Collins,Charles Hernandez,134,,Pizza - Collins,,9/19/26 3:17 PM,9/19/26 3:23 PM,5 minutes and 15 seconds,*Device Login *Do NOT Remove
IT Italian Trattoria Collins,Charles Hernandez,135,,Pasta - Collins,,9/19/26 3:21 PM,9/19/26 3:26 PM,4 minutes and 58 seconds,*Device Login *Do NOT Remove
IT Italian Trattoria Collins,Charles Hernandez,135,,Pizza - Collins,,9/19/26 3:21 PM,9/19/26 3:28 PM,7 minutes and 23 seconds,*Device Login *Do NOT Remove
IT Italian Trattoria Collins,Charles Hernandez,138,,Pasta - Collins,,9/19/26 3:33 PM,9/19/26 3:35 PM,2 minutes and 8 seconds,*Device Login *Do NOT Remove
IT Italian Trattoria Collins,Charles Hernandez,139,,Pasta - Collins,,9/19/26 3:34 PM,9/19/26 3:35 PM,20 seconds,*Device Login *Do NOT Remove
IT Italian Trattoria Collins,Default Online Ordering,142,,Pasta - Collins,,9/19/26 3:48 PM,9/19/26 3:48 PM,8 seconds,*Device Login *Do NOT Remove
IT Italian Trattoria Collins,Charles Hernandez,140,,Pasta - Collins,,9/19/26 3:47 PM,9/19/26 3:52 PM,4 minutes and 32 seconds,*Device Login *Do NOT Remove
IT Italian Trattoria Collins,Default Online Ordering,142,,Pizza - Collins,,9/19/26 3:48 PM,9/19/26 3:58 PM,10 minutes and 2 seconds,*Device Login *Do NOT Remove
IT Italian Trattoria Collins,Andrea Rizzi,146,,Pasta - Collins,,9/19/26 4:14 PM,9/19/26 4:22 PM,7 minutes and 34 seconds,*Device Login *Do NOT Remove
IT Italian Trattoria Collins,Andrea Rizzi,148,,Pasta - Collins,,9/19/26 4:15 PM,9/19/26 4:22 PM,6 minutes and 58 seconds,*Device Login *Do NOT Remove
IT Italian Trattoria Collins,Andrea Rizzi,149,,Pasta - Collins,,9/19/26 4:18 PM,9/19/26 4:26 PM,8 minutes and 24 seconds,*Device Login *Do NOT Remove
IT Italian Trattoria Collins,Andrea Rizzi,150,,Pasta - Collins,,9/19/26 4:25 PM,9/19/26 4:30 PM,4 minutes and 58 seconds,*Device Login *Do NOT Remove
IT Italian Trattoria Collins,Andrea Rizzi,152,,Pasta - Collins,,9/19/26 4:28 PM,9/19/26 4:35 PM,7 minutes and 40 seconds,*Device Login *Do NOT Remove
IT Italian Trattoria Collins,Andrea Rizzi,151,,Pasta - Collins,,9/19/26 4:27 PM,9/19/26 4:36 PM,9 minutes and 22 seconds,*Device Login *Do NOT Remove
IT Italian Trattoria Collins,Andrea Rizzi,153,,Pizza - Collins,,9/19/26 4:28 PM,9/19/26 4:38 PM,9 minutes and 11 seconds,*Device Login *Do NOT Remove
IT Italian Trattoria Collins,Andrea Rizzi,147,,Pizza - Collins,,9/19/26 4:38 PM,9/19/26 4:44 PM,5 minutes and 40 seconds,*Device Login *Do NOT Remove
IT Italian Trattoria Collins,Yamila Hidalgo,154,,Pizza - Collins,,9/19/26 4:38 PM,9/19/26 4:44 PM,6 minutes and 24 seconds,*Device Login *Do NOT Remove
IT Italian Trattoria Collins,Andrea Rizzi,166,,Pasta - Collins,,9/19/26 5:44 PM,9/19/26 5:56 PM,12 minutes and 50 seconds,*Device Login *Do NOT Remove
IT Italian Trattoria Collins,Andrea Rizzi,167,,Pasta - Collins,,9/19/26 5:49 PM,9/19/26 5:58 PM,9 minutes and 37 seconds,*Device Login *Do NOT Remove
IT Italian Trattoria Collins,Andrea Rizzi,167,,Pasta - Collins,,9/19/26 5:59 PM,9/19/26 5:59 PM,32 seconds,*Device Login *Do NOT Remove
IT Italian Trattoria Collins,Andrea Rizzi,170,,Pasta - Collins,,9/19/26 6:11 PM,9/19/26 6:13 PM,1 minute and 28 seconds,*Device Login *Do NOT Remove
IT Italian Trattoria Collins,Andrea Rizzi,175,,Pasta - Collins,,9/19/26 6:22 PM,9/19/26 6:22 PM,36 seconds,*Device Login *Do NOT Remove
IT Italian Trattoria Collins,Andrea Rizzi,174,,Pasta - Collins,,9/19/26 6:20 PM,9/19/26 6:25 PM,4 minutes and 44 seconds,*Device Login *Do NOT Remove
IT Italian Trattoria Collins,Andrea Rizzi,175,,Pizza - Collins,,9/19/26 6:22 PM,9/19/26 6:29 PM,6 minutes and 47 seconds,*Device Login *Do NOT Remove
IT Italian Trattoria Collins,Andrea Rizzi,174,,Pizza - Collins,,9/19/26 6:20 PM,9/19/26 6:31 PM,11 minutes and 12 seconds,*Device Login *Do NOT Remove
IT Italian Trattoria Collins,Andrea Rizzi,176,,Pasta - Collins,,9/19/26 6:34 PM,9/19/26 6:34 PM,13 seconds,*Device Login *Do NOT Remove
IT Italian Trattoria Collins,Jonathan Lucero,178,,Pizza - Collins,,9/19/26 6:45 PM,9/19/26 6:50 PM,4 minutes and 43 seconds,*Device Login *Do NOT Remove
IT Italian Trattoria Collins,Jonathan Lucero,178,,Pasta - Collins,,9/19/26 6:45 PM,9/19/26 6:51 PM,6 minutes and 1 second,*Device Login *Do NOT Remove
IT Italian Trattoria Collins,Jonathan Lucero,179,,Pasta - Collins,,9/19/26 6:56 PM,9/19/26 7:03 PM,7 minutes and 21 seconds,*Device Login *Do NOT Remove
IT Italian Trattoria Collins,Jonathan Lucero,179,,Pizza - Collins,,9/19/26 6:56 PM,9/19/26 7:03 PM,7 minutes and 31 seconds,*Device Login *Do NOT Remove
IT Italian Trattoria Collins,Jonathan Lucero,182,,Pizza - Collins,,9/19/26 7:15 PM,9/19/26 7:16 PM,22 seconds,*Device Login *Do NOT Remove
IT Italian Trattoria Collins,Jonathan Lucero,182,,No print / Expo - Collins,,9/19/26 7:15 PM,9/19/26 7:16 PM,22 seconds,*Device Login *Do NOT Remove
IT Italian Trattoria Collins,Jonathan Lucero,181,,Pasta - Collins,,9/19/26 7:12 PM,9/19/26 7:17 PM,5 minutes,*Device Login *Do NOT Remove
IT Italian Trattoria Collins,Jonathan Lucero,183,,Pasta - Collins,,9/19/26 7:39 PM,9/19/26 7:40 PM,1 minute and 1 second,*Device Login *Do NOT Remove
IT Italian Trattoria Collins,Jonathan Lucero,184,,Pizza - Collins,,9/19/26 7:41 PM,9/19/26 7:43 PM,2 minutes and 20 seconds,*Device Login *Do NOT Remove
IT Italian Trattoria Collins,Yamila Hidalgo,187,,Pasta - Collins,,9/19/26 7:46 PM,9/19/26 7:46 PM,9 seconds,*Device Login *Do NOT Remove
IT Italian Trattoria Collins,Jonathan Lucero,185,,Pasta - Collins,,9/19/26 7:45 PM,9/19/26 7:50 PM,5 minutes and 39 seconds,*Device Login *Do NOT Remove
IT Italian Trattoria Collins,Jonathan Lucero,184,,Pasta - Collins,,9/19/26 7:41 PM,9/19/26 7:51 PM,10 minutes and 22 seconds,*Device Login *Do NOT Remove
IT Italian Trattoria Collins,Jonathan Lucero,186,,Pizza - Collins,,9/19/26 7:46 PM,9/19/26 7:52 PM,6 minutes and 48 seconds,*Device Login *Do NOT Remove
IT Italian Trattoria Collins,Yamila Hidalgo,189,,Pasta - Collins,,9/19/26 7:54 PM,9/19/26 7:58 PM,4 minutes and 12 seconds,*Device Login *Do NOT Remove
IT Italian Trattoria Collins,Jonathan Lucero,188,,Pizza - Collins,,9/19/26 7:56 PM,9/19/26 8:00 PM,4 minutes and 32 seconds,*Device Login *Do NOT Remove
IT Italian Trattoria Collins,Yamila Hidalgo,192,,Pasta - Collins,,9/19/26 8:00 PM,9/19/26 8:01 PM,1 minute and 8 seconds,*Device Login *Do NOT Remove
IT Italian Trattoria Collins,Yamila Hidalgo,190,,Pizza - Collins,,9/19/26 7:57 PM,9/19/26 8:02 PM,5 minutes and 36 seconds,*Device Login *Do NOT Remove
IT Italian Trattoria Collins,Jonathan Lucero,191,,Pasta - Collins,,9/19/26 7:58 PM,9/19/26 8:03 PM,4 minutes and 45 seconds,*Device Login *Do NOT Remove
IT Italian Trattoria Collins,Jonathan Lucero,188,,Pasta - Collins,,9/19/26 7:56 PM,9/19/26 8:04 PM,8 minutes and 40 seconds,*Device Login *Do NOT Remove
IT Italian Trattoria Collins,Jonathan Lucero,191,,Pizza - Collins,,9/19/26 7:58 PM,9/19/26 8:05 PM,6 minutes and 48 seconds,*Device Login *Do NOT Remove
IT Italian Trattoria Collins,Yamila Hidalgo,192,,Pizza - Collins,,9/19/26 8:00 PM,9/19/26 8:05 PM,5 minutes and 6 seconds,*Device Login *Do NOT Remove
IT Italian Trattoria Collins,Jonathan Lucero,193,,Pizza - Collins,,9/19/26 8:05 PM,9/19/26 8:08 PM,3 minutes and 35 seconds,*Device Login *Do NOT Remove
IT Italian Trattoria Collins,Jonathan Lucero,193,,Pasta - Collins,,9/19/26 8:05 PM,9/19/26 8:10 PM,5 minutes and 28 seconds,*Device Login *Do NOT Remove
IT Italian Trattoria Collins,Jonathan Lucero,196,,Pizza - Collins,,9/19/26 8:10 PM,9/19/26 8:14 PM,4 minutes and 5 seconds,*Device Login *Do NOT Remove
IT Italian Trattoria Collins,Jonathan Lucero,198,,Pasta - Collins,,9/19/26 8:14 PM,9/19/26 8:14 PM,3 seconds,*Device Login *Do NOT Remove
IT Italian Trattoria Collins,Jonathan Lucero,195,,Pasta - Collins,,9/19/26 8:09 PM,9/19/26 8:16 PM,6 minutes and 59 seconds,*Device Login *Do NOT Remove
IT Italian Trattoria Collins,Jonathan Lucero,198,,Pizza - Collins,,9/19/26 8:14 PM,9/19/26 8:18 PM,3 minutes and 58 seconds,*Device Login *Do NOT Remove
IT Italian Trattoria Collins,Jonathan Lucero,199,,Pizza - Collins,,9/19/26 8:16 PM,9/19/26 8:20 PM,3 minutes and 54 seconds,*Device Login *Do NOT Remove
IT Italian Trattoria Collins,Yamila Hidalgo,197,,Pasta - Collins,,9/19/26 8:23 PM,9/19/26 8:26 PM,3 minutes and 13 seconds,*Device Login *Do NOT Remove
IT Italian Trattoria Collins,Jonathan Lucero,202,,Pizza - Collins,,9/19/26 8:27 PM,9/19/26 8:31 PM,4 minutes and 27 seconds,*Device Login *Do NOT Remove
IT Italian Trattoria Collins,Jonathan Lucero,203,,Pasta - Collins,,9/19/26 8:29 PM,9/19/26 8:33 PM,4 minutes and 14 seconds,*Device Login *Do NOT Remove
IT Italian Trattoria Collins,Jonathan Lucero,203,,Pizza - Collins,,9/19/26 8:29 PM,9/19/26 8:34 PM,4 minutes and 48 seconds,*Device Login *Do NOT Remove
IT Italian Trattoria Collins,Jonathan Lucero,204,,Pizza - Collins,,9/19/26 8:31 PM,9/19/26 8:36 PM,5 minutes and 18 seconds,*Device Login *Do NOT Remove
IT Italian Trattoria Collins,Yamila Hidalgo,200,,Pizza - Collins,,9/19/26 8:31 PM,9/19/26 8:37 PM,5 minutes and 23 seconds,*Device Login *Do NOT Remove
IT Italian Trattoria Collins,Jonathan Lucero,204,,Pasta - Collins,,9/19/26 8:31 PM,9/19/26 8:38 PM,6 minutes and 41 seconds,*Device Login *Do NOT Remove
IT Italian Trattoria Collins,Yamila Hidalgo,207,,Pizza - Collins,,9/19/26 8:33 PM,9/19/26 8:38 PM,5 minutes and 2 seconds,*Device Login *Do NOT Remove
IT Italian Trattoria Collins,Yamila Hidalgo,200,,Pasta - Collins,,9/19/26 8:31 PM,9/19/26 8:39 PM,7 minutes and 15 seconds,*Device Login *Do NOT Remove
IT Italian Trattoria Collins,Yamila Hidalgo,206,,Pasta - Collins,,9/19/26 8:32 PM,9/19/26 8:41 PM,8 minutes and 55 seconds,*Device Login *Do NOT Remove
IT Italian Trattoria Collins,Andrea Rizzi,208,,Pasta - Collins,,9/19/26 8:34 PM,9/19/26 8:42 PM,7 minutes and 41 seconds,*Device Login *Do NOT Remove
IT Italian Trattoria Collins,Andrea Rizzi,209,,Pasta - Collins,,9/19/26 8:41 PM,9/19/26 8:42 PM,1 minute and 21 seconds,*Device Login *Do NOT Remove
IT Italian Trattoria Collins,Jonathan Lucero,205,,Pizza - Collins,,9/19/26 8:38 PM,9/19/26 8:43 PM,4 minutes and 53 seconds,*Device Login *Do NOT Remove
IT Italian Trattoria Collins,Andrea Rizzi,211,,Pizza - Collins,,9/19/26 8:45 PM,9/19/26 8:49 PM,4 minutes and 33 seconds,*Device Login *Do NOT Remove
IT Italian Trattoria Collins,Jonathan Lucero,210,,Pasta - Collins,,9/19/26 8:47 PM,9/19/26 8:53 PM,5 minutes and 36 seconds,*Device Login *Do NOT Remove
IT Italian Trattoria Collins,Jonathan Lucero,210,,Pizza - Collins,,9/19/26 8:47 PM,9/19/26 8:55 PM,7 minutes and 6 seconds,*Device Login *Do NOT Remove
IT Italian Trattoria Collins,Jonathan Lucero,214,,Pasta - Collins,,9/19/26 8:56 PM,9/19/26 9:02 PM,6 minutes and 22 seconds,*Device Login *Do NOT Remove
IT Italian Trattoria Collins,Jonathan Lucero,217,,Pasta - Collins,,9/19/26 9:00 PM,9/19/26 9:04 PM,4 minutes and 23 seconds,*Device Login *Do NOT Remove
IT Italian Trattoria Collins,Jonathan Lucero,216,,Pasta - Collins,,9/19/26 8:58 PM,9/19/26 9:05 PM,7 minutes and 29 seconds,*Device Login *Do NOT Remove
IT Italian Trattoria Collins,Andrea Rizzi,219,,Pasta - Collins,,9/19/26 9:07 PM,9/19/26 9:11 PM,3 minutes and 42 seconds,*Device Login *Do NOT Remove
IT Italian Trattoria Collins,Andrea Rizzi,221,,Pasta - Collins,,9/19/26 9:09 PM,9/19/26 9:15 PM,6 minutes and 2 seconds,*Device Login *Do NOT Remove
IT Italian Trattoria Collins,Andrea Rizzi,223,,Pizza - Collins,,9/19/26 9:15 PM,9/19/26 9:20 PM,5 minutes and 8 seconds,*Device Login *Do NOT Remove
IT Italian Trattoria Collins,Jonathan Lucero,225,,Pasta - Collins,,9/19/26 9:23 PM,9/19/26 9:23 PM,5 seconds,*Device Login *Do NOT Remove
IT Italian Trattoria Collins,Andrea Rizzi,223,,Pasta - Collins,,9/19/26 9:15 PM,9/19/26 9:24 PM,8 minutes and 54 seconds,*Device Login *Do NOT Remove
IT Italian Trattoria Collins,Jonathan Lucero,227,,Pizza - Collins,,9/19/26 9:25 PM,9/19/26 9:26 PM,1 minute and 33 seconds,*Device Login *Do NOT Remove
IT Italian Trattoria Collins,Jonathan Lucero,227,,No print / Expo - Collins,,9/19/26 9:25 PM,9/19/26 9:26 PM,1 minute and 33 seconds,*Device Login *Do NOT Remove
IT Italian Trattoria Collins,Jonathan Lucero,228,,Pizza - Collins,,9/19/26 9:26 PM,9/19/26 9:31 PM,4 minutes and 8 seconds,*Device Login *Do NOT Remove
IT Italian Trattoria Collins,Jonathan Lucero,230,,Pasta - Collins,,9/19/26 9:29 PM,9/19/26 9:32 PM,3 minutes and 25 seconds,*Device Login *Do NOT Remove
IT Italian Trattoria Collins,Jonathan Lucero,236,,Pasta - Collins,,9/19/26 9:36 PM,9/19/26 9:41 PM,5 minutes and 17 seconds,*Device Login *Do NOT Remove
IT Italian Trattoria Collins,Andrea Rizzi,238,,Pizza - Collins,,9/19/26 9:39 PM,9/19/26 9:44 PM,4 minutes and 44 seconds,*Device Login *Do NOT Remove
IT Italian Trattoria Collins,Andrea Rizzi,238,,Pasta - Collins,,9/19/26 9:39 PM,9/19/26 9:46 PM,6 minutes and 31 seconds,*Device Login *Do NOT Remove
IT Italian Trattoria Collins,Jonathan Lucero,237,,Pizza - Collins,,9/19/26 9:41 PM,9/19/26 9:46 PM,5 minutes and 41 seconds,*Device Login *Do NOT Remove
IT Italian Trattoria Collins,Default Online Ordering,239,,Pasta - Collins,,9/19/26 9:40 PM,9/19/26 9:50 PM,10 minutes and 17 seconds,*Device Login *Do NOT Remove
IT Italian Trattoria Collins,Jonathan Lucero,246,,Pizza - Collins,,9/19/26 10:06 PM,9/19/26 10:13 PM,6 minutes and 36 seconds,*Device Login *Do NOT Remove
IT Italian Trattoria Collins,Jonathan Lucero,246,,Pasta - Collins,,9/19/26 10:06 PM,9/19/26 10:14 PM,7 minutes and 45 seconds,*Device Login *Do NOT Remove
IT Italian Trattoria Collins,Andrea Rizzi,248,,Pizza - Collins,,9/19/26 10:12 PM,9/19/26 10:17 PM,5 minutes and 34 seconds,*Device Login *Do NOT Remove
IT Italian Trattoria Collins,Andrea Rizzi,251,,Pasta - Collins,,9/19/26 10:17 PM,9/19/26 10:22 PM,5 minutes and 21 seconds,*Device Login *Do NOT Remove
IT Italian Trattoria Collins,Andrea Rizzi,252,,Pizza - Collins,,9/19/26 10:25 PM,9/19/26 10:25 PM,9 seconds,*Device Login *Do NOT Remove
IT Italian Trattoria Collins,Andrea Rizzi,252,,No print / Expo - Collins,,9/19/26 10:25 PM,9/19/26 10:25 PM,9 seconds,*Device Login *Do NOT Remove
IT Italian Trattoria Collins,Andrea Rizzi,254,,Pasta - Collins,,9/19/26 10:26 PM,9/19/26 10:32 PM,5 minutes and 50 seconds,*Device Login *Do NOT Remove
IT Italian Trattoria Collins,Yamila Hidalgo,256,,Pizza - Collins,,9/19/26 10:51 PM,9/19/26 10:57 PM,6 minutes,*Device Login *Do NOT Remove
IT Italian Trattoria Collins,Jonathan Lucero,253,,Pizza - Collins,,9/19/26 11:17 PM,9/19/26 11:25 PM,7 minutes and 27 seconds,*Device Login *Do NOT Remove
IT Italian Trattoria Collins,Jonathan Lucero,253,,Pasta - Collins,,9/19/26 11:17 PM,9/19/26 11:25 PM,7 minutes and 40 seconds,*Device Login *Do NOT Remove
IT Italian Trattoria Collins,Charles Hernandez,4,,Pasta - Collins,,9/20/26 7:51 AM,9/20/26 7:54 AM,3 minutes and 19 seconds,*Device Login *Do NOT Remove
IT Italian Trattoria Collins,Charles Hernandez,9,,Pasta - Collins,,9/20/26 8:19 AM,9/20/26 8:24 AM,5 minutes and 7 seconds,*Device Login *Do NOT Remove
IT Italian Trattoria Collins,Charles Hernandez,10,,Pasta - Collins,,9/20/26 8:24 AM,9/20/26 8:27 AM,2 minutes and 38 seconds,*Device Login *Do NOT Remove
IT Italian Trattoria Collins,Charles Hernandez,13,,Pasta - Collins,,9/20/26 8:39 AM,9/20/26 8:40 AM,32 seconds,*Device Login *Do NOT Remove
IT Italian Trattoria Collins,Charles Hernandez,12,,Pasta - Collins,,9/20/26 8:38 AM,9/20/26 8:44 AM,5 minutes and 5 seconds,*Device Login *Do NOT Remove
IT Italian Trattoria Collins,Charles Hernandez,15,,Pasta - Collins,,9/20/26 8:46 AM,9/20/26 8:50 AM,4 minutes and 55 seconds,*Device Login *Do NOT Remove
IT Italian Trattoria Collins,Charles Hernandez,19,,Pasta - Collins,,9/20/26 9:03 AM,9/20/26 9:13 AM,9 minutes and 4 seconds,*Device Login *Do NOT Remove
IT Italian Trattoria Collins,Charles Hernandez,22,,Pasta - Collins,,9/20/26 9:13 AM,9/20/26 9:17 AM,4 minutes and 16 seconds,*Device Login *Do NOT Remove
IT Italian Trattoria Collins,Charles Hernandez,23,,Pasta - Collins,,9/20/26 9:14 AM,9/20/26 9:17 AM,2 minutes and 41 seconds,*Device Login *Do NOT Remove
IT Italian Trattoria Collins,Charles Hernandez,26,,Pasta - Collins,,9/20/26 9:21 AM,9/20/26 9:22 AM,59 seconds,*Device Login *Do NOT Remove
IT Italian Trattoria Collins,Charles Hernandez,25,,Pasta - Collins,,9/20/26 9:19 AM,9/20/26 9:23 AM,4 minutes and 31 seconds,*Device Login *Do NOT Remove
IT Italian Trattoria Collins,Charles Hernandez,28,,Pasta - Collins,,9/20/26 9:30 AM,9/20/26 9:31 AM,27 seconds,*Device Login *Do NOT Remove
IT Italian Trattoria Collins,Charles Hernandez,27,,Pasta - Collins,,9/20/26 9:28 AM,9/20/26 9:34 AM,5 minutes and 39 seconds,*Device Login *Do NOT Remove
IT Italian Trattoria Collins,Charles Hernandez,31,,Pasta - Collins,,9/20/26 9:36 AM,9/20/26 9:37 AM,59 seconds,*Device Login *Do NOT Remove
IT Italian Trattoria Collins,Charles Hernandez,32,,No print / Expo - Collins,,9/20/26 9:40 AM,9/20/26 9:42 AM,2 minutes and 34 seconds,*Device Login *Do NOT Remove
IT Italian Trattoria Collins,Charles Hernandez,32,,Pasta - Collins,,9/20/26 9:40 AM,9/20/26 9:42 AM,2 minutes and 34 seconds,*Device Login *Do NOT Remove
IT Italian Trattoria Collins,Charles Hernandez,32,,Pizza - Collins,,9/20/26 9:40 AM,9/20/26 9:42 AM,2 minutes and 34 seconds,*Device Login *Do NOT Remove
IT Italian Trattoria Collins,Charles Hernandez,34,,Pasta - Collins,,9/20/26 9:41 AM,9/20/26 9:46 AM,4 minutes and 55 seconds,*Device Login *Do NOT Remove
IT Italian Trattoria Collins,Charles Hernandez,35,,Pasta - Collins,,9/20/26 9:43 AM,9/20/26 9:46 AM,3 minutes and 43 seconds,*Device Login *Do NOT Remove
IT Italian Trattoria Collins,Charles Hernandez,36,,Pasta - Collins,,9/20/26 9:44 AM,9/20/26 9:47 AM,2 minutes and 48 seconds,*Device Login *Do NOT Remove
IT Italian Trattoria Collins,Charles Hernandez,38,,Pasta - Collins,,9/20/26 9:46 AM,9/20/26 9:52 AM,6 minutes and 3 seconds,*Device Login *Do NOT Remove
IT Italian Trattoria Collins,Charles Hernandez,37,,Pasta - Collins,,9/20/26 9:45 AM,9/20/26 9:52 AM,6 minutes and 25 seconds,*Device Login *Do NOT Remove
IT Italian Trattoria Collins,Charles Hernandez,40,,Pasta - Collins,,9/20/26 9:59 AM,9/20/26 10:00 AM,30 seconds,*Device Login *Do NOT Remove
IT Italian Trattoria Collins,Charles Hernandez,41,,Pasta - Collins,,9/20/26 10:02 AM,9/20/26 10:08 AM,6 minutes and 12 seconds,*Device Login *Do NOT Remove
IT Italian Trattoria Collins,Charles Hernandez,42,,Pasta - Collins,,9/20/26 10:06 AM,9/20/26 10:09 AM,2 minutes and 17 seconds,*Device Login *Do NOT Remove
IT Italian Trattoria Collins,Charles Hernandez,43,,Pasta - Collins,,9/20/26 10:16 AM,9/20/26 10:17 AM,1 minute and 23 seconds,*Device Login *Do NOT Remove
IT Italian Trattoria Collins,Charles Hernandez,44,,Pasta - Collins,,9/20/26 10:18 AM,9/20/26 10:24 AM,5 minutes and 24 seconds,*Device Login *Do NOT Remove
IT Italian Trattoria Collins,Charles Hernandez,46,,Pasta - Collins,,9/20/26 10:29 AM,9/20/26 10:30 AM,1 minute and 15 seconds,*Device Login *Do NOT Remove
IT Italian Trattoria Collins,Charles Hernandez,45,,Pasta - Collins,,9/20/26 10:26 AM,9/20/26 10:34 AM,7 minutes and 10 seconds,*Device Login *Do NOT Remove
IT Italian Trattoria Collins,Charles Hernandez,47,,Pasta - Collins,,9/20/26 10:30 AM,9/20/26 10:34 AM,4 minutes and 1 second,*Device Login *Do NOT Remove
IT Italian Trattoria Collins,Charles Hernandez,55,,Pasta - Collins,,9/20/26 10:47 AM,9/20/26 10:49 AM,2 minutes and 39 seconds,*Device Login *Do NOT Remove
IT Italian Trattoria Collins,Charles Hernandez,54,,Pasta - Collins,,9/20/26 10:46 AM,9/20/26 10:55 AM,9 minutes and 16 seconds,*Device Login *Do NOT Remove
IT Italian Trattoria Collins,Charles Hernandez,51,,Pasta - Collins,,9/20/26 10:40 AM,9/20/26 10:55 AM,14 minutes and 21 seconds,*Device Login *Do NOT Remove
IT Italian Trattoria Collins,Charles Hernandez,60,,Pasta - Collins,,9/20/26 10:54 AM,9/20/26 10:58 AM,3 minutes and 7 seconds,*Device Login *Do NOT Remove
IT Italian Trattoria Collins,Charles Hernandez,61,,Pasta - Collins,,9/20/26 10:58 AM,9/20/26 11:03 AM,4 minutes and 55 seconds,*Device Login *Do NOT Remove
IT Italian Trattoria Collins,Charles Hernandez,69,,Pizza - Collins,,9/20/26 11:17 AM,9/20/26 11:19 AM,1 minute and 47 seconds,*Device Login *Do NOT Remove
IT Italian Trattoria Collins,Charles Hernandez,69,,No print / Expo - Collins,,9/20/26 11:17 AM,9/20/26 11:19 AM,1 minute and 47 seconds,*Device Login *Do NOT Remove
IT Italian Trattoria Collins,Charles Hernandez,64,,Pasta - Collins,,9/20/26 11:13 AM,9/20/26 11:21 AM,8 minutes and 6 seconds,*Device Login *Do NOT Remove
IT Italian Trattoria Collins,Charles Hernandez,69,,Pasta - Collins,,9/20/26 11:17 AM,9/20/26 11:23 AM,6 minutes and 10 seconds,*Device Login *Do NOT Remove
IT Italian Trattoria Collins,Charles Hernandez,70,,Pasta - Collins,,9/20/26 11:19 AM,9/20/26 11:23 AM,4 minutes and 12 seconds,*Device Login *Do NOT Remove
IT Italian Trattoria Collins,Charles Hernandez,78,,Pasta - Collins,,9/20/26 12:12 PM,9/20/26 12:12 PM,7 seconds,*Device Login *Do NOT Remove
IT Italian Trattoria Collins,Charles Hernandez,80,,Pasta - Collins,,9/20/26 12:16 PM,9/20/26 12:23 PM,6 minutes and 22 seconds,*Device Login *Do NOT Remove
IT Italian Trattoria Collins,Charles Hernandez,81,,Pizza - Collins,,9/20/26 12:18 PM,9/20/26 12:30 PM,11 minutes and 22 seconds,*Device Login *Do NOT Remove
IT Italian Trattoria Collins,Charles Hernandez,82,,Pasta - Collins,,9/20/26 12:30 PM,9/20/26 12:36 PM,6 minutes and 4 seconds,*Device Login *Do NOT Remove
IT Italian Trattoria Collins,Charles Hernandez,83,,Pizza - Collins,,9/20/26 12:34 PM,9/20/26 12:37 PM,3 minutes and 15 seconds,*Device Login *Do NOT Remove
IT Italian Trattoria Collins,Charles Hernandez,83,,No print / Expo - Collins,,9/20/26 12:34 PM,9/20/26 12:37 PM,3 minutes and 15 seconds,*Device Login *Do NOT Remove
IT Italian Trattoria Collins,Charles Hernandez,84,,Pasta - Collins,,9/20/26 12:41 PM,9/20/26 12:47 PM,5 minutes and 29 seconds,*Device Login *Do NOT Remove
IT Italian Trattoria Collins,Charles Hernandez,84,,Pizza - Collins,,9/20/26 12:41 PM,9/20/26 12:57 PM,15 minutes and 49 seconds,*Device Login *Do NOT Remove
IT Italian Trattoria Collins,Charles Hernandez,84,,No print / Expo - Collins,,9/20/26 12:41 PM,9/20/26 12:57 PM,15 minutes and 49 seconds,*Device Login *Do NOT Remove
IT Italian Trattoria Collins,Charles Hernandez,87,,Pasta - Collins,,9/20/26 12:59 PM,9/20/26 1:13 PM,13 minutes and 52 seconds,*Device Login *Do NOT Remove
IT Italian Trattoria Collins,Charles Hernandez,88,,Pasta - Collins,,9/20/26 1:04 PM,9/20/26 1:13 PM,8 minutes and 48 seconds,*Device Login *Do NOT Remove
IT Italian Trattoria Collins,Charles Hernandez,87,,Pizza - Collins,,9/20/26 12:59 PM,9/20/26 1:13 PM,14 minutes,*Device Login *Do NOT Remove
IT Italian Trattoria Collins,Charles Hernandez,90,,Pasta - Collins,,9/20/26 1:14 PM,9/20/26 1:22 PM,8 minutes and 20 seconds,*Device Login *Do NOT Remove
IT Italian Trattoria Collins,Charles Hernandez,92,,Pasta - Collins,,9/20/26 1:28 PM,9/20/26 1:29 PM,1 minute and 25 seconds,*Device Login *Do NOT Remove
IT Italian Trattoria Collins,Charles Hernandez,91,,Pasta - Collins,,9/20/26 1:24 PM,9/20/26 1:30 PM,6 minutes and 41 seconds,*Device Login *Do NOT Remove
IT Italian Trattoria Collins,Charles Hernandez,93,,Pasta - Collins,,9/20/26 1:31 PM,9/20/26 1:37 PM,6 minutes and 2 seconds,*Device Login *Do NOT Remove
IT Italian Trattoria Collins,Charles Hernandez,94,,Pizza - Collins,,9/20/26 1:35 PM,9/20/26 1:47 PM,12 minutes and 40 seconds,*Device Login *Do NOT Remove
IT Italian Trattoria Collins,Charles Hernandez,98,,Pasta - Collins,,9/20/26 1:57 PM,9/20/26 2:04 PM,7 minutes and 32 seconds,*Device Login *Do NOT Remove
IT Italian Trattoria Collins,Charles Hernandez,97,,Pizza - Collins,,9/20/26 1:55 PM,9/20/26 2:06 PM,10 minutes and 9 seconds,*Device Login *Do NOT Remove
IT Italian Trattoria Collins,Charles Hernandez,101,,Pizza - Collins,,9/20/26 2:05 PM,9/20/26 2:12 PM,7 minutes and 11 seconds,*Device Login *Do NOT Remove
IT Italian Trattoria Collins,Charles Hernandez,102,,Pasta - Collins,,9/20/26 2:09 PM,9/20/26 2:18 PM,8 minutes and 11 seconds,*Device Login *Do NOT Remove
IT Italian Trattoria Collins,Charles Hernandez,103,,Pasta - Collins,,9/20/26 2:19 PM,9/20/26 2:25 PM,6 minutes and 2 seconds,*Device Login *Do NOT Remove
IT Italian Trattoria Collins,Charles Hernandez,104,,Pasta - Collins,,9/20/26 2:30 PM,9/20/26 2:35 PM,4 minutes and 51 seconds,*Device Login *Do NOT Remove
IT Italian Trattoria Collins,Charles Hernandez,105,,Pasta - Collins,,9/20/26 2:37 PM,9/20/26 2:42 PM,4 minutes and 45 seconds,*Device Login *Do NOT Remove
IT Italian Trattoria Collins,Davide Christopher Paredi,110,,Pizza - Collins,,9/20/26 2:52 PM,9/20/26 3:02 PM,9 minutes and 35 seconds,*Device Login *Do NOT Remove
IT Italian Trattoria Collins,Davide Christopher Paredi,110,,No print / Expo - Collins,,9/20/26 2:52 PM,9/20/26 3:02 PM,9 minutes and 35 seconds,*Device Login *Do NOT Remove
IT Italian Trattoria Collins,Davide Christopher Paredi,112,,Pizza - Collins,,9/20/26 2:56 PM,9/20/26 3:02 PM,5 minutes and 22 seconds,*Device Login *Do NOT Remove
IT Italian Trattoria Collins,Davide Christopher Paredi,112,,No print / Expo - Collins,,9/20/26 2:56 PM,9/20/26 3:02 PM,5 minutes and 22 seconds,*Device Login *Do NOT Remove
IT Italian Trattoria Collins,Davide Christopher Paredi,109,,Pasta - Collins,,9/20/26 2:49 PM,9/20/26 3:03 PM,13 minutes and 37 seconds,*Device Login *Do NOT Remove
IT Italian Trattoria Collins,Yamila Hidalgo,114,,Pasta - Collins,,9/20/26 3:06 PM,9/20/26 3:11 PM,4 minutes and 58 seconds,*Device Login *Do NOT Remove
IT Italian Trattoria Collins,Yamila Hidalgo,115,,Pasta - Collins,,9/20/26 3:11 PM,9/20/26 3:18 PM,6 minutes and 36 seconds,*Device Login *Do NOT Remove
IT Italian Trattoria Collins,Yamila Hidalgo,116,,Pasta - Collins,,9/20/26 3:13 PM,9/20/26 3:18 PM,4 minutes and 56 seconds,*Device Login *Do NOT Remove
IT Italian Trattoria Collins,Yamila Hidalgo,116,,Pizza - Collins,,9/20/26 3:13 PM,9/20/26 3:20 PM,7 minutes and 29 seconds,*Device Login *Do NOT Remove
IT Italian Trattoria Collins,Yamila Hidalgo,118,,Pasta - Collins,,9/20/26 3:18 PM,9/20/26 3:22 PM,4 minutes and 1 second,*Device Login *Do NOT Remove
IT Italian Trattoria Collins,Yamila Hidalgo,119,,Pasta - Collins,,9/20/26 3:23 PM,9/20/26 3:26 PM,2 minutes and 48 seconds,*Device Login *Do NOT Remove
IT Italian Trattoria Collins,Yamila Hidalgo,117,,Pizza - Collins,,9/20/26 3:16 PM,9/20/26 3:26 PM,10 minutes and 2 seconds,*Device Login *Do NOT Remove
IT Italian Trattoria Collins,Yamila Hidalgo,120,,Pasta - Collins,,9/20/26 3:28 PM,9/20/26 3:35 PM,7 minutes and 12 seconds,*Device Login *Do NOT Remove
IT Italian Trattoria Collins,Yamila Hidalgo,121,,Pizza - Collins,,9/20/26 3:38 PM,9/20/26 3:46 PM,8 minutes and 13 seconds,*Device Login *Do NOT Remove
IT Italian Trattoria Collins,Yamila Hidalgo,125,,Pizza - Collins,,9/20/26 3:51 PM,9/20/26 3:51 PM,29 seconds,*Device Login *Do NOT Remove
IT Italian Trattoria Collins,Yamila Hidalgo,125,,No print / Expo - Collins,,9/20/26 3:51 PM,9/20/26 3:51 PM,29 seconds,*Device Login *Do NOT Remove
IT Italian Trattoria Collins,Yamila Hidalgo,123,,Pasta - Collins,,9/20/26 3:46 PM,9/20/26 3:52 PM,6 minutes and 29 seconds,*Device Login *Do NOT Remove
IT Italian Trattoria Collins,Davide Christopher Paredi,126,,Pasta - Collins,,9/20/26 4:10 PM,9/20/26 4:19 PM,9 minutes and 3 seconds,*Device Login *Do NOT Remove
IT Italian Trattoria Collins,Andrea Rizzi,127,,Pizza - Collins,,9/20/26 4:19 PM,9/20/26 4:21 PM,1 minute and 34 seconds,*Device Login *Do NOT Remove
IT Italian Trattoria Collins,Andrea Rizzi,127,,No print / Expo - Collins,,9/20/26 4:19 PM,9/20/26 4:21 PM,1 minute and 34 seconds,*Device Login *Do NOT Remove
IT Italian Trattoria Collins,Andrea Rizzi,127,,Pasta - Collins,,9/20/26 4:19 PM,9/20/26 4:21 PM,2 minutes and 8 seconds,*Device Login *Do NOT Remove
IT Italian Trattoria Collins,Andrea Rizzi,128,,Pizza - Collins,,9/20/26 4:21 PM,9/20/26 4:22 PM,42 seconds,*Device Login *Do NOT Remove
IT Italian Trattoria Collins,Andrea Rizzi,128,,No print / Expo - Collins,,9/20/26 4:21 PM,9/20/26 4:22 PM,42 seconds,*Device Login *Do NOT Remove
IT Italian Trattoria Collins,Davide Christopher Paredi,129,,Pizza - Collins,,9/20/26 4:21 PM,9/20/26 4:29 PM,8 minutes and 11 seconds,*Device Login *Do NOT Remove
IT Italian Trattoria Collins,Andrea Rizzi,132,,Pizza - Collins,,9/20/26 4:35 PM,9/20/26 4:38 PM,2 minutes and 21 seconds,*Device Login *Do NOT Remove
IT Italian Trattoria Collins,Andrea Rizzi,132,,No print / Expo - Collins,,9/20/26 4:35 PM,9/20/26 4:38 PM,2 minutes and 21 seconds,*Device Login *Do NOT Remove
IT Italian Trattoria Collins,Andrea Rizzi,134,,Pizza - Collins,,9/20/26 4:58 PM,9/20/26 5:04 PM,6 minutes and 5 seconds,*Device Login *Do NOT Remove
IT Italian Trattoria Collins,Andrea Rizzi,134,,Pasta - Collins,,9/20/26 4:58 PM,9/20/26 5:05 PM,7 minutes and 14 seconds,*Device Login *Do NOT Remove
IT Italian Trattoria Collins,Default Online Ordering,136,,Pizza - Collins,,9/20/26 5:04 PM,9/20/26 5:12 PM,8 minutes and 37 seconds,*Device Login *Do NOT Remove
IT Italian Trattoria Collins,Andrea Rizzi,137,,Pasta - Collins,,9/20/26 5:14 PM,9/20/26 5:22 PM,8 minutes and 30 seconds,*Device Login *Do NOT Remove
IT Italian Trattoria Collins,Andrea Rizzi,139,,Pasta - Collins,,9/20/26 5:18 PM,9/20/26 5:25 PM,7 minutes and 19 seconds,*Device Login *Do NOT Remove
IT Italian Trattoria Collins,Andrea Rizzi,140,,Pasta - Collins,,9/20/26 5:19 PM,9/20/26 5:26 PM,7 minutes and 47 seconds,*Device Login *Do NOT Remove
IT Italian Trattoria Collins,Andrea Rizzi,141,,Pasta - Collins,,9/20/26 5:20 PM,9/20/26 5:31 PM,10 minutes and 50 seconds,*Device Login *Do NOT Remove
IT Italian Trattoria Collins,Andrea Rizzi,146,,Pasta - Collins,,9/20/26 5:54 PM,9/20/26 6:01 PM,7 minutes and 7 seconds,*Device Login *Do NOT Remove
IT Italian Trattoria Collins,Andrea Rizzi,147,,Pizza - Collins,,9/20/26 5:57 PM,9/20/26 6:04 PM,6 minutes and 55 seconds,*Device Login *Do NOT Remove
IT Italian Trattoria Collins,Andrea Rizzi,149,,Pizza - Collins,,9/20/26 6:04 PM,9/20/26 6:11 PM,6 minutes and 24 seconds,*Device Login *Do NOT Remove
IT Italian Trattoria Collins,Andrea Rizzi,150,,Pasta - Collins,,9/20/26 6:13 PM,9/20/26 6:17 PM,4 minutes and 15 seconds,*Device Login *Do NOT Remove
IT Italian Trattoria Collins,Jonathan Lucero,153,,Pasta - Collins,,9/20/26 6:37 PM,9/20/26 6:38 PM,50 seconds,*Device Login *Do NOT Remove
IT Italian Trattoria Collins,Jonathan Lucero,156,,Pizza - Collins,,9/20/26 6:54 PM,9/20/26 7:00 PM,6 minutes and 10 seconds,*Device Login *Do NOT Remove
IT Italian Trattoria Collins,Jonathan Lucero,157,,Pasta - Collins,,9/20/26 7:11 PM,9/20/26 7:15 PM,3 minutes and 15 seconds,*Device Login *Do NOT Remove
IT Italian Trattoria Collins,Jonathan Lucero,160,,Pizza - Collins,,9/20/26 7:12 PM,9/20/26 7:18 PM,5 minutes and 37 seconds,*Device Login *Do NOT Remove
IT Italian Trattoria Collins,Jonathan Lucero,161,,Pasta - Collins,,9/20/26 7:19 PM,9/20/26 7:24 PM,4 minutes and 50 seconds,*Device Login *Do NOT Remove
IT Italian Trattoria Collins,Andrea Rizzi,159,,Pasta - Collins,,9/20/26 7:18 PM,9/20/26 7:24 PM,6 minutes and 16 seconds,*Device Login *Do NOT Remove
IT Italian Trattoria Collins,Jonathan Lucero,163,,Pizza - Collins,,9/20/26 7:22 PM,9/20/26 7:27 PM,5 minutes,*Device Login *Do NOT Remove
IT Italian Trattoria Collins,Andrea Rizzi,162,,Pizza - Collins,,9/20/26 7:24 PM,9/20/26 7:29 PM,4 minutes and 59 seconds,*Device Login *Do NOT Remove
IT Italian Trattoria Collins,Jonathan Lucero,163,,Pasta - Collins,,9/20/26 7:22 PM,9/20/26 7:30 PM,8 minutes and 26 seconds,*Device Login *Do NOT Remove
IT Italian Trattoria Collins,Andrea Rizzi,165,,Pasta - Collins,,9/20/26 7:28 PM,9/20/26 7:34 PM,6 minutes and 16 seconds,*Device Login *Do NOT Remove
IT Italian Trattoria Collins,Andrea Rizzi,165,,Pizza - Collins,,9/20/26 7:28 PM,9/20/26 7:35 PM,7 minutes and 2 seconds,*Device Login *Do NOT Remove
IT Italian Trattoria Collins,Andrea Rizzi,166,,Pizza - Collins,,9/20/26 7:34 PM,9/20/26 7:38 PM,3 minutes and 38 seconds,*Device Login *Do NOT Remove
IT Italian Trattoria Collins,Andrea Rizzi,166,,Pasta - Collins,,9/20/26 7:34 PM,9/20/26 7:39 PM,4 minutes and 30 seconds,*Device Login *Do NOT Remove
IT Italian Trattoria Collins,Andrea Rizzi,167,,Pizza - Collins,,9/20/26 7:43 PM,9/20/26 7:48 PM,5 minutes and 6 seconds,*Device Login *Do NOT Remove
IT Italian Trattoria Collins,Andrea Rizzi,168,,Pasta - Collins,,9/20/26 7:46 PM,9/20/26 7:50 PM,3 minutes and 51 seconds,*Device Login *Do NOT Remove
IT Italian Trattoria Collins,Andrea Rizzi,169,,Pasta - Collins,,9/20/26 7:48 PM,9/20/26 7:52 PM,3 minutes and 42 seconds,*Device Login *Do NOT Remove
IT Italian Trattoria Collins,Andrea Rizzi,170,,Pizza - Collins,,9/20/26 7:52 PM,9/20/26 7:53 PM,23 seconds,*Device Login *Do NOT Remove
IT Italian Trattoria Collins,Andrea Rizzi,170,,No print / Expo - Collins,,9/20/26 7:52 PM,9/20/26 7:53 PM,23 seconds,*Device Login *Do NOT Remove
IT Italian Trattoria Collins,Andrea Rizzi,170,,Pasta - Collins,,9/20/26 7:52 PM,9/20/26 7:56 PM,3 minutes and 35 seconds,*Device Login *Do NOT Remove
IT Italian Trattoria Collins,Andrea Rizzi,171,,Pizza - Collins,,9/20/26 7:55 PM,9/20/26 8:01 PM,5 minutes and 46 seconds,*Device Login *Do NOT Remove
IT Italian Trattoria Collins,Andrea Rizzi,171,,Pasta - Collins,,9/20/26 7:55 PM,9/20/26 8:06 PM,11 minutes and 23 seconds,*Device Login *Do NOT Remove
IT Italian Trattoria Collins,Andrea Rizzi,173,,Pasta - Collins,,9/20/26 8:03 PM,9/20/26 8:07 PM,3 minutes and 19 seconds,*Device Login *Do NOT Remove
IT Italian Trattoria Collins,Andrea Rizzi,177,,Pizza - Collins,,9/20/26 8:05 PM,9/20/26 8:09 PM,3 minutes and 56 seconds,*Device Login *Do NOT Remove
IT Italian Trattoria Collins,Jonathan Lucero,174,,Pizza - Collins,,9/20/26 8:08 PM,9/20/26 8:13 PM,4 minutes and 48 seconds,*Device Login *Do NOT Remove
IT Italian Trattoria Collins,Jonathan Lucero,180,,Pizza - Collins,,9/20/26 8:09 PM,9/20/26 8:15 PM,5 minutes and 26 seconds,*Device Login *Do NOT Remove
IT Italian Trattoria Collins,Jonathan Lucero,174,,Pasta - Collins,,9/20/26 8:08 PM,9/20/26 8:15 PM,6 minutes and 43 seconds,*Device Login *Do NOT Remove
IT Italian Trattoria Collins,Jonathan Lucero,180,,Pasta - Collins,,9/20/26 8:09 PM,9/20/26 8:19 PM,9 minutes and 54 seconds,*Device Login *Do NOT Remove
IT Italian Trattoria Collins,Andrea Rizzi,179,,Pasta - Collins,,9/20/26 8:20 PM,9/20/26 8:20 PM,13 seconds,*Device Login *Do NOT Remove
IT Italian Trattoria Collins,Jonathan Lucero,181,,Pasta - Collins,,9/20/26 8:22 PM,9/20/26 8:27 PM,4 minutes and 40 seconds,*Device Login *Do NOT Remove
IT Italian Trattoria Collins,Jonathan Lucero,181,,Pizza - Collins,,9/20/26 8:22 PM,9/20/26 8:30 PM,7 minutes and 13 seconds,*Device Login *Do NOT Remove
IT Italian Trattoria Collins,Andrea Rizzi,185,,Pasta - Collins,,9/20/26 8:27 PM,9/20/26 8:33 PM,5 minutes and 43 seconds,*Device Login *Do NOT Remove
IT Italian Trattoria Collins,Jonathan Lucero,184,,Pasta - Collins,,9/20/26 8:25 PM,9/20/26 8:34 PM,8 minutes and 44 seconds,*Device Login *Do NOT Remove
IT Italian Trattoria Collins,Jonathan Lucero,188,,Pizza - Collins,,9/20/26 8:36 PM,9/20/26 8:41 PM,5 minutes and 26 seconds,*Device Login *Do NOT Remove
IT Italian Trattoria Collins,Andrea Rizzi,190,,Pasta - Collins,,9/20/26 8:44 PM,9/20/26 8:46 PM,1 minute and 17 seconds,*Device Login *Do NOT Remove
IT Italian Trattoria Collins,Jonathan Lucero,189,,Pasta - Collins,,9/20/26 8:43 PM,9/20/26 8:49 PM,6 minutes and 2 seconds,*Device Login *Do NOT Remove
IT Italian Trattoria Collins,Andrea Rizzi,187,,Pizza - Collins,,9/20/26 8:42 PM,9/20/26 8:49 PM,7 minutes and 5 seconds,*Device Login *Do NOT Remove
IT Italian Trattoria Collins,Andrea Rizzi,190,,Pizza - Collins,,9/20/26 8:44 PM,9/20/26 8:50 PM,5 minutes and 44 seconds,*Device Login *Do NOT Remove
IT Italian Trattoria Collins,Andrea Rizzi,194,,Pizza - Collins,,9/20/26 8:50 PM,9/20/26 8:50 PM,20 seconds,*Device Login *Do NOT Remove
IT Italian Trattoria Collins,Andrea Rizzi,194,,No print / Expo - Collins,,9/20/26 8:50 PM,9/20/26 8:50 PM,20 seconds,*Device Login *Do NOT Remove
IT Italian Trattoria Collins,Andrea Rizzi,192,,Pizza - Collins,,9/20/26 8:46 PM,9/20/26 8:51 PM,5 minutes and 10 seconds,*Device Login *Do NOT Remove
IT Italian Trattoria Collins,Andrea Rizzi,193,,Pasta - Collins,,9/20/26 8:48 PM,9/20/26 8:52 PM,3 minutes and 50 seconds,*Device Login *Do NOT Remove
IT Italian Trattoria Collins,Jonathan Lucero,191,,Pizza - Collins,,9/20/26 8:50 PM,9/20/26 8:53 PM,3 minutes and 18 seconds,*Device Login *Do NOT Remove
IT Italian Trattoria Collins,Jonathan Lucero,198,,Pizza - Collins,,9/20/26 8:56 PM,9/20/26 9:00 PM,4 minutes and 28 seconds,*Device Login *Do NOT Remove
IT Italian Trattoria Collins,Andrea Rizzi,194,,Pasta - Collins,,9/20/26 8:50 PM,9/20/26 9:04 PM,14 minutes and 7 seconds,*Device Login *Do NOT Remove
IT Italian Trattoria Collins,Jonathan Lucero,191,,Pasta - Collins,,9/20/26 8:50 PM,9/20/26 9:04 PM,14 minutes and 3 seconds,*Device Login *Do NOT Remove
IT Italian Trattoria Collins,Jonathan Lucero,199,,Pasta - Collins,,9/20/26 9:03 PM,9/20/26 9:04 PM,1 minute and 7 seconds,*Device Login *Do NOT Remove
IT Italian Trattoria Collins,Jonathan Lucero,195,,Pasta - Collins,,9/20/26 8:54 PM,9/20/26 9:07 PM,12 minutes and 26 seconds,*Device Login *Do NOT Remove
IT Italian Trattoria Collins,Jonathan Lucero,198,,Pasta - Collins,,9/20/26 8:56 PM,9/20/26 9:07 PM,11 minutes and 10 seconds,*Device Login *Do NOT Remove
IT Italian Trattoria Collins,Jonathan Lucero,202,,Pasta - Collins,,9/20/26 9:14 PM,9/20/26 9:18 PM,3 minutes and 31 seconds,*Device Login *Do NOT Remove
IT Italian Trattoria Collins,Jonathan Lucero,203,,Pasta - Collins,,9/20/26 9:19 PM,9/20/26 9:21 PM,2 minutes and 41 seconds,*Device Login *Do NOT Remove
IT Italian Trattoria Collins,Jonathan Lucero,202,,Pizza - Collins,,9/20/26 9:14 PM,9/20/26 9:23 PM,8 minutes and 38 seconds,*Device Login *Do NOT Remove
IT Italian Trattoria Collins,Jonathan Lucero,204,,Pizza - Collins,,9/20/26 9:22 PM,9/20/26 9:27 PM,4 minutes and 28 seconds,*Device Login *Do NOT Remove
IT Italian Trattoria Collins,Andrea Rizzi,209,,Pizza - Collins,,9/20/26 9:45 PM,9/20/26 9:51 PM,5 minutes and 13 seconds,*Device Login *Do NOT Remove
IT Italian Trattoria Collins,Andrea Rizzi,208,,Pasta - Collins,,9/20/26 9:49 PM,9/20/26 9:53 PM,4 minutes and 34 seconds,*Device Login *Do NOT Remove
IT Italian Trattoria Collins,Andrea Rizzi,208,,Pizza - Collins,,9/20/26 9:49 PM,9/20/26 9:58 PM,8 minutes and 54 seconds,*Device Login *Do NOT Remove
IT Italian Trattoria Collins,Jonathan Lucero,214,,Pizza - Collins,,9/20/26 10:01 PM,9/20/26 10:08 PM,7 minutes and 26 seconds,*Device Login *Do NOT Remove
IT Italian Trattoria Collins,Andrea Rizzi,218,,Pasta - Collins,,9/20/26 10:13 PM,9/20/26 10:13 PM,17 seconds,*Device Login *Do NOT Remove
IT Italian Trattoria Collins,Jonathan Lucero,215,,Pasta - Collins,,9/20/26 10:07 PM,9/20/26 10:16 PM,8 minutes and 14 seconds,*Device Login *Do NOT Remove
IT Italian Trattoria Collins,Andrea Rizzi,217,,Pizza - Collins,,9/20/26 10:11 PM,9/20/26 10:18 PM,7 minutes and 5 seconds,*Device Login *Do NOT Remove
IT Italian Trattoria Collins,Jonathan Lucero,216,,Pasta - Collins,,9/20/26 10:26 PM,9/20/26 10:30 PM,3 minutes and 44 seconds,*Device Login *Do NOT Remove
IT Italian Trattoria Collins,Jonathan Lucero,220,,Pizza - Collins,,9/20/26 10:35 PM,9/20/26 10:41 PM,6 minutes and 43 seconds,*Device Login *Do NOT Remove
IT Italian Trattoria Collins,Jonathan Lucero,221,,Pizza - Collins,,9/20/26 10:35 PM,9/20/26 10:41 PM,6 minutes and 5 seconds,*Device Login *Do NOT Remove
IT Italian Trattoria Collins,Andrea Rizzi,227,,Pasta - Collins,,9/20/26 11:10 PM,9/20/26 11:15 PM,4 minutes and 58 seconds,*Device Login *Do NOT Remove
IT Italian Trattoria Collins,Jonathan Lucero,231,,Pizza - Collins,,9/20/26 11:17 PM,9/20/26 11:25 PM,8 minutes and 17 seconds,*Device Login *Do NOT Remove
IT Italian Trattoria Collins,Yamila Hidalgo,11,,Pasta - Collins,,9/21/26 8:31 AM,9/21/26 8:33 AM,2 minutes and 15 seconds,*Device Login *Do NOT Remove
IT Italian Trattoria Collins,Yamila Hidalgo,12,,Pasta - Collins,,9/21/26 8:32 AM,9/21/26 8:38 AM,6 minutes and 22 seconds,*Device Login *Do NOT Remove
IT Italian Trattoria Collins,Yamila Hidalgo,13,,Pasta - Collins,,9/21/26 8:33 AM,9/21/26 8:39 AM,5 minutes and 7 seconds,*Device Login *Do NOT Remove
IT Italian Trattoria Collins,Yamila Hidalgo,16,,Pasta - Collins,,9/21/26 8:41 AM,9/21/26 8:44 AM,3 minutes and 9 seconds,*Device Login *Do NOT Remove
IT Italian Trattoria Collins,Yamila Hidalgo,19,,Pasta - Collins,,9/21/26 8:54 AM,9/21/26 8:56 AM,2 minutes and 8 seconds,*Device Login *Do NOT Remove
IT Italian Trattoria Collins,Yamila Hidalgo,23,,Pasta - Collins,,9/21/26 9:23 AM,9/21/26 9:24 AM,26 seconds,*Device Login *Do NOT Remove
IT Italian Trattoria Collins,Vivian Ducasal,24,,Pasta - Collins,,9/21/26 9:34 AM,9/21/26 9:39 AM,4 minutes and 33 seconds,*Device Login *Do NOT Remove
IT Italian Trattoria Collins,Yamila Hidalgo,33,,Pasta - Collins,,9/21/26 10:05 AM,9/21/26 10:08 AM,2 minutes and 10 seconds,*Device Login *Do NOT Remove
IT Italian Trattoria Collins,Yamila Hidalgo,32,,Pasta - Collins,,9/21/26 10:03 AM,9/21/26 10:08 AM,4 minutes and 59 seconds,*Device Login *Do NOT Remove
IT Italian Trattoria Collins,Yamila Hidalgo,34,,Pasta - Collins,,9/21/26 10:07 AM,9/21/26 10:11 AM,4 minutes and 13 seconds,*Device Login *Do NOT Remove
IT Italian Trattoria Collins,Yamila Hidalgo,35,,Pasta - Collins,,9/21/26 10:09 AM,9/21/26 10:11 AM,2 minutes and 30 seconds,*Device Login *Do NOT Remove
IT Italian Trattoria Collins,Yamila Hidalgo,36,,Pasta - Collins,,9/21/26 10:12 AM,9/21/26 10:14 AM,2 minutes and 26 seconds,*Device Login *Do NOT Remove
IT Italian Trattoria Collins,Yamila Hidalgo,39,,Pasta - Collins,,9/21/26 10:21 AM,9/21/26 10:22 AM,1 minute and 27 seconds,*Device Login *Do NOT Remove
IT Italian Trattoria Collins,Yamila Hidalgo,40,,Pasta - Collins,,9/21/26 10:28 AM,9/21/26 10:30 AM,2 minutes and 17 seconds,*Device Login *Do NOT Remove
IT Italian Trattoria Collins,Yamila Hidalgo,43,,Pasta - Collins,,9/21/26 10:30 AM,9/21/26 10:32 AM,1 minute and 46 seconds,*Device Login *Do NOT Remove
IT Italian Trattoria Collins,Yamila Hidalgo,45,,Pasta - Collins,,9/21/26 10:36 AM,9/21/26 10:37 AM,47 seconds,*Device Login *Do NOT Remove
IT Italian Trattoria Collins,Yamila Hidalgo,46,,Pasta - Collins,,9/21/26 11:01 AM,9/21/26 11:06 AM,5 minutes and 1 second,*Device Login *Do NOT Remove
IT Italian Trattoria Collins,Yamila Hidalgo,46,,Pizza - Collins,,9/21/26 11:01 AM,9/21/26 11:07 AM,5 minutes and 39 seconds,*Device Login *Do NOT Remove
IT Italian Trattoria Collins,Yamila Hidalgo,48,,Pasta - Collins,,9/21/26 11:13 AM,9/21/26 11:15 AM,1 minute and 34 seconds,*Device Login *Do NOT Remove
IT Italian Trattoria Collins,Yamila Hidalgo,49,,Pasta - Collins,,9/21/26 11:14 AM,9/21/26 11:15 AM,32 seconds,*Device Login *Do NOT Remove
IT Italian Trattoria Collins,Yamila Hidalgo,50,,Pasta - Collins,,9/21/26 11:29 AM,9/21/26 11:31 AM,1 minute and 12 seconds,*Device Login *Do NOT Remove
IT Italian Trattoria Collins,Yamila Hidalgo,51,,Pizza - Collins,,9/21/26 11:32 AM,9/21/26 11:38 AM,5 minutes and 56 seconds,*Device Login *Do NOT Remove
IT Italian Trattoria Collins,Yamila Hidalgo,54,,Pizza - Collins,,9/21/26 11:34 AM,9/21/26 11:38 AM,3 minutes and 54 seconds,*Device Login *Do NOT Remove
IT Italian Trattoria Collins,Yamila Hidalgo,54,,Pasta - Collins,,9/21/26 11:34 AM,9/21/26 11:39 AM,4 minutes and 48 seconds,*Device Login *Do NOT Remove
IT Italian Trattoria Collins,Yamila Hidalgo,57,,Pizza - Collins,,9/21/26 11:52 AM,9/21/26 11:58 AM,5 minutes and 46 seconds,*Device Login *Do NOT Remove
IT Italian Trattoria Collins,Yamila Hidalgo,59,,Pizza - Collins,,9/21/26 12:01 PM,9/21/26 12:06 PM,5 minutes and 19 seconds,*Device Login *Do NOT Remove
IT Italian Trattoria Collins,Yamila Hidalgo,58,,Pizza - Collins,,9/21/26 11:59 AM,9/21/26 12:06 PM,6 minutes and 53 seconds,*Device Login *Do NOT Remove
IT Italian Trattoria Collins,Yamila Hidalgo,58,,Pasta - Collins,,9/21/26 11:59 AM,9/21/26 12:07 PM,7 minutes and 58 seconds,*Device Login *Do NOT Remove
IT Italian Trattoria Collins,Yamila Hidalgo,60,,Pasta - Collins,,9/21/26 12:01 PM,9/21/26 12:08 PM,6 minutes and 20 seconds,*Device Login *Do NOT Remove
IT Italian Trattoria Collins,Yamila Hidalgo,59,,Pasta - Collins,,9/21/26 12:01 PM,9/21/26 12:08 PM,7 minutes and 16 seconds,*Device Login *Do NOT Remove
IT Italian Trattoria Collins,Yamila Hidalgo,61,,Pasta - Collins,,9/21/26 12:20 PM,9/21/26 12:26 PM,5 minutes and 53 seconds,*Device Login *Do NOT Remove
IT Italian Trattoria Collins,Yamila Hidalgo,65,,Pizza - Collins,,9/21/26 12:27 PM,9/21/26 12:37 PM,10 minutes and 4 seconds,*Device Login *Do NOT Remove
IT Italian Trattoria Collins,Yamila Hidalgo,66,,Pizza - Collins,,9/21/26 12:29 PM,9/21/26 12:38 PM,9 minutes and 23 seconds,*Device Login *Do NOT Remove
IT Italian Trattoria Collins,Davide Christopher Paredi,73,,Pasta - Collins,,9/21/26 12:54 PM,9/21/26 12:54 PM,18 seconds,*Device Login *Do NOT Remove
IT Italian Trattoria Collins,Davide Christopher Paredi,72,,Pizza - Collins,,9/21/26 12:53 PM,9/21/26 12:58 PM,5 minutes and 40 seconds,*Device Login *Do NOT Remove
IT Italian Trattoria Collins,Davide Christopher Paredi,74,,Pizza - Collins,,9/21/26 12:56 PM,9/21/26 1:02 PM,5 minutes and 30 seconds,*Device Login *Do NOT Remove
IT Italian Trattoria Collins,Davide Christopher Paredi,75,,Pasta - Collins,,9/21/26 1:03 PM,9/21/26 1:08 PM,4 minutes and 54 seconds,*Device Login *Do NOT Remove
IT Italian Trattoria Collins,Davide Christopher Paredi,75,,Pizza - Collins,,9/21/26 1:03 PM,9/21/26 1:10 PM,6 minutes and 41 seconds,*Device Login *Do NOT Remove
IT Italian Trattoria Collins,Davide Christopher Paredi,78,,Pasta - Collins,,9/21/26 1:13 PM,9/21/26 1:14 PM,1 minute and 42 seconds,*Device Login *Do NOT Remove
IT Italian Trattoria Collins,Davide Christopher Paredi,77,,Pasta - Collins,,9/21/26 1:10 PM,9/21/26 1:16 PM,5 minutes and 40 seconds,*Device Login *Do NOT Remove
IT Italian Trattoria Collins,Davide Christopher Paredi,77,,Pizza - Collins,,9/21/26 1:10 PM,9/21/26 1:16 PM,6 minutes and 32 seconds,*Device Login *Do NOT Remove
IT Italian Trattoria Collins,Davide Christopher Paredi,83,,Drinks - Collins,,9/21/26 1:30 PM,9/21/26 1:31 PM,1 minute and 7 seconds,*Device Login *Do NOT Remove
IT Italian Trattoria Collins,Davide Christopher Paredi,83,,No print / Expo - Collins,,9/21/26 1:30 PM,9/21/26 1:31 PM,1 minute and 7 seconds,*Device Login *Do NOT Remove
IT Italian Trattoria Collins,Davide Christopher Paredi,83,,Pasta - Collins,,9/21/26 1:30 PM,9/21/26 1:31 PM,1 minute and 7 seconds,*Device Login *Do NOT Remove
IT Italian Trattoria Collins,Davide Christopher Paredi,83,,Pizza - Collins,,9/21/26 1:30 PM,9/21/26 1:31 PM,1 minute and 7 seconds,*Device Login *Do NOT Remove
IT Italian Trattoria Collins,Davide Christopher Paredi,83,,No Print - Collins,,9/21/26 1:30 PM,9/21/26 1:31 PM,1 minute and 7 seconds,*Device Login *Do NOT Remove
IT Italian Trattoria Collins,Davide Christopher Paredi,83,,Pizza Pala - Collins,,9/21/26 1:30 PM,9/21/26 1:31 PM,1 minute and 7 seconds,*Device Login *Do NOT Remove
IT Italian Trattoria Collins,Davide Christopher Paredi,82,,Pasta - Collins,,9/21/26 1:28 PM,9/21/26 1:32 PM,4 minutes and 37 seconds,*Device Login *Do NOT Remove
IT Italian Trattoria Collins,Davide Christopher Paredi,83,,Pasta - Collins,,9/21/26 1:30 PM,9/21/26 1:34 PM,3 minutes and 40 seconds,*Device Login *Do NOT Remove
IT Italian Trattoria Collins,Davide Christopher Paredi,77,,Pasta - Collins,,9/21/26 1:35 PM,9/21/26 1:39 PM,3 minutes and 43 seconds,*Device Login *Do NOT Remove
IT Italian Trattoria Collins,Davide Christopher Paredi,84,,Pasta - Collins,,9/21/26 1:36 PM,9/21/26 1:45 PM,8 minutes and 56 seconds,*Device Login *Do NOT Remove
IT Italian Trattoria Collins,Yamila Hidalgo,87,,Pasta - Collins,,9/21/26 1:55 PM,9/21/26 2:00 PM,4 minutes and 48 seconds,*Device Login *Do NOT Remove
IT Italian Trattoria Collins,Yamila Hidalgo,88,,Pasta - Collins,,9/21/26 1:56 PM,9/21/26 2:00 PM,4 minutes and 4 seconds,*Device Login *Do NOT Remove
IT Italian Trattoria Collins,Yamila Hidalgo,89,,Pasta - Collins,,9/21/26 1:58 PM,9/21/26 2:03 PM,4 minutes and 44 seconds,*Device Login *Do NOT Remove
IT Italian Trattoria Collins,Yamila Hidalgo,92,,Pasta - Collins,,9/21/26 2:33 PM,9/21/26 2:37 PM,3 minutes and 26 seconds,*Device Login *Do NOT Remove
IT Italian Trattoria Collins,Yamila Hidalgo,92,,Drinks - Collins,,9/21/26 2:33 PM,9/21/26 2:37 PM,3 minutes and 26 seconds,*Device Login *Do NOT Remove
IT Italian Trattoria Collins,Yamila Hidalgo,92,,No print / Expo - Collins,,9/21/26 2:33 PM,9/21/26 2:37 PM,3 minutes and 26 seconds,*Device Login *Do NOT Remove
IT Italian Trattoria Collins,Yamila Hidalgo,92,,Pizza - Collins,,9/21/26 2:33 PM,9/21/26 2:37 PM,3 minutes and 26 seconds,*Device Login *Do NOT Remove
IT Italian Trattoria Collins,Yamila Hidalgo,92,,No Print - Collins,,9/21/26 2:33 PM,9/21/26 2:37 PM,3 minutes and 26 seconds,*Device Login *Do NOT Remove
IT Italian Trattoria Collins,Yamila Hidalgo,92,,Pizza Pala - Collins,,9/21/26 2:33 PM,9/21/26 2:37 PM,3 minutes and 26 seconds,*Device Login *Do NOT Remove
IT Italian Trattoria Collins,Yamila Hidalgo,97,,Pizza - Collins,,9/21/26 2:39 PM,9/21/26 2:55 PM,16 minutes,*Device Login *Do NOT Remove
IT Italian Trattoria Collins,Yamila Hidalgo,100,,Pizza - Collins,,9/21/26 2:47 PM,9/21/26 2:55 PM,7 minutes and 35 seconds,*Device Login *Do NOT Remove
IT Italian Trattoria Collins,Yamila Hidalgo,102,,Pasta - Collins,,9/21/26 2:58 PM,9/21/26 3:04 PM,6 minutes and 11 seconds,*Device Login *Do NOT Remove
IT Italian Trattoria Collins,Yamila Hidalgo,101,,Pizza - Collins,,9/21/26 2:53 PM,9/21/26 3:05 PM,12 minutes and 18 seconds,*Device Login *Do NOT Remove
IT Italian Trattoria Collins,Vivian Ducasal,105,,Pizza - Collins,,9/21/26 3:32 PM,9/21/26 3:40 PM,7 minutes and 53 seconds,*Device Login *Do NOT Remove
IT Italian Trattoria Collins,Vivian Ducasal,106,,Pizza - Collins,,9/21/26 3:36 PM,9/21/26 3:40 PM,4 minutes and 21 seconds,*Device Login *Do NOT Remove
IT Italian Trattoria Collins,Vivian Ducasal,106,,Drinks - Collins,,9/21/26 3:36 PM,9/21/26 3:40 PM,4 minutes and 21 seconds,*Device Login *Do NOT Remove
IT Italian Trattoria Collins,Vivian Ducasal,106,,No print / Expo - Collins,,9/21/26 3:36 PM,9/21/26 3:40 PM,4 minutes and 21 seconds,*Device Login *Do NOT Remove
IT Italian Trattoria Collins,Vivian Ducasal,106,,Pasta - Collins,,9/21/26 3:36 PM,9/21/26 3:40 PM,4 minutes and 21 seconds,*Device Login *Do NOT Remove
IT Italian Trattoria Collins,Vivian Ducasal,106,,No Print - Collins,,9/21/26 3:36 PM,9/21/26 3:40 PM,4 minutes and 21 seconds,*Device Login *Do NOT Remove
IT Italian Trattoria Collins,Vivian Ducasal,106,,Pizza Pala - Collins,,9/21/26 3:36 PM,9/21/26 3:40 PM,4 minutes and 21 seconds,*Device Login *Do NOT Remove
IT Italian Trattoria Collins,Vivian Ducasal,106,,Pasta - Collins,,9/21/26 3:36 PM,9/21/26 3:41 PM,4 minutes and 51 seconds,*Device Login *Do NOT Remove
IT Italian Trattoria Collins,Vivian Ducasal,109,,Pizza - Collins,,9/21/26 3:47 PM,9/21/26 3:57 PM,10 minutes and 16 seconds,*Device Login *Do NOT Remove
IT Italian Trattoria Collins,Andrea Rizzi,118,,Pasta - Collins,,9/21/26 4:19 PM,9/21/26 4:24 PM,4 minutes and 39 seconds,*Device Login *Do NOT Remove
IT Italian Trattoria Collins,Andrea Rizzi,120,,Pasta - Collins,,9/21/26 4:51 PM,9/21/26 5:00 PM,8 minutes and 9 seconds,*Device Login *Do NOT Remove
IT Italian Trattoria Collins,Andrea Rizzi,121,,Pizza - Collins,,9/21/26 5:06 PM,9/21/26 5:11 PM,5 minutes and 35 seconds,*Device Login *Do NOT Remove
IT Italian Trattoria Collins,Andrea Rizzi,122,,Pasta - Collins,,9/21/26 5:09 PM,9/21/26 5:14 PM,5 minutes and 35 seconds,*Device Login *Do NOT Remove
IT Italian Trattoria Collins,Andrea Rizzi,127,,Pizza - Collins,,9/21/26 5:26 PM,9/21/26 5:30 PM,4 minutes and 1 second,*Device Login *Do NOT Remove
IT Italian Trattoria Collins,Andrea Rizzi,125,,Pizza - Collins,,9/21/26 5:23 PM,9/21/26 5:30 PM,7 minutes and 2 seconds,*Device Login *Do NOT Remove
IT Italian Trattoria Collins,Andrea Rizzi,124,,Pasta - Collins,,9/21/26 5:22 PM,9/21/26 5:35 PM,13 minutes and 36 seconds,*Device Login *Do NOT Remove
IT Italian Trattoria Collins,Andrea Rizzi,126,,Pasta - Collins,,9/21/26 5:25 PM,9/21/26 5:38 PM,13 minutes and 16 seconds,*Device Login *Do NOT Remove
IT Italian Trattoria Collins,Andrea Rizzi,131,,Pasta - Collins,,9/21/26 5:41 PM,9/21/26 5:48 PM,7 minutes and 11 seconds,*Device Login *Do NOT Remove
IT Italian Trattoria Collins,Andrea Rizzi,130,,Pasta - Collins,,9/21/26 5:40 PM,9/21/26 5:48 PM,8 minutes and 7 seconds,*Device Login *Do NOT Remove
IT Italian Trattoria Collins,Andrea Rizzi,134,,Pizza - Collins,,9/21/26 6:16 PM,9/21/26 6:21 PM,5 minutes and 12 seconds,*Device Login *Do NOT Remove
IT Italian Trattoria Collins,Jonathan Lucero,136,,Pizza - Collins,,9/21/26 6:35 PM,9/21/26 6:41 PM,6 minutes and 41 seconds,*Device Login *Do NOT Remove
IT Italian Trattoria Collins,Jonathan Lucero,138,,Drinks - Collins,,9/21/26 6:42 PM,9/21/26 6:45 PM,3 minutes and 42 seconds,*Device Login *Do NOT Remove
IT Italian Trattoria Collins,Jonathan Lucero,138,,No print / Expo - Collins,,9/21/26 6:42 PM,9/21/26 6:45 PM,3 minutes and 42 seconds,*Device Login *Do NOT Remove
IT Italian Trattoria Collins,Jonathan Lucero,138,,Pasta - Collins,,9/21/26 6:42 PM,9/21/26 6:45 PM,3 minutes and 42 seconds,*Device Login *Do NOT Remove
IT Italian Trattoria Collins,Jonathan Lucero,138,,Pizza - Collins,,9/21/26 6:42 PM,9/21/26 6:45 PM,3 minutes and 42 seconds,*Device Login *Do NOT Remove
IT Italian Trattoria Collins,Jonathan Lucero,138,,No Print - Collins,,9/21/26 6:42 PM,9/21/26 6:45 PM,3 minutes and 42 seconds,*Device Login *Do NOT Remove
IT Italian Trattoria Collins,Jonathan Lucero,138,,Pizza Pala - Collins,,9/21/26 6:42 PM,9/21/26 6:45 PM,3 minutes and 42 seconds,*Device Login *Do NOT Remove
IT Italian Trattoria Collins,Andrea Rizzi,140,,Drinks - Collins,,9/21/26 6:47 PM,9/21/26 6:47 PM,5 seconds,*Device Login *Do NOT Remove
IT Italian Trattoria Collins,Andrea Rizzi,140,,No print / Expo - Collins,,9/21/26 6:47 PM,9/21/26 6:47 PM,5 seconds,*Device Login *Do NOT Remove
IT Italian Trattoria Collins,Andrea Rizzi,140,,Pasta - Collins,,9/21/26 6:47 PM,9/21/26 6:47 PM,5 seconds,*Device Login *Do NOT Remove
IT Italian Trattoria Collins,Andrea Rizzi,140,,Pizza - Collins,,9/21/26 6:47 PM,9/21/26 6:47 PM,5 seconds,*Device Login *Do NOT Remove
IT Italian Trattoria Collins,Andrea Rizzi,140,,No Print - Collins,,9/21/26 6:47 PM,9/21/26 6:47 PM,5 seconds,*Device Login *Do NOT Remove
IT Italian Trattoria Collins,Andrea Rizzi,140,,Pizza Pala - Collins,,9/21/26 6:47 PM,9/21/26 6:47 PM,5 seconds,*Device Login *Do NOT Remove
IT Italian Trattoria Collins,Jonathan Lucero,138,,Pasta - Collins,,9/21/26 6:42 PM,9/21/26 6:48 PM,6 minutes and 24 seconds,*Device Login *Do NOT Remove
IT Italian Trattoria Collins,Jonathan Lucero,137,,Pizza - Collins,,9/21/26 6:38 PM,9/21/26 6:49 PM,10 minutes and 47 seconds,*Device Login *Do NOT Remove
IT Italian Trattoria Collins,Jonathan Lucero,137,,Pasta - Collins,,9/21/26 6:38 PM,9/21/26 6:49 PM,11 minutes and 6 seconds,*Device Login *Do NOT Remove
IT Italian Trattoria Collins,Andrea Rizzi,142,,Pasta - Collins,,9/21/26 6:53 PM,9/21/26 6:57 PM,4 minutes and 44 seconds,*Device Login *Do NOT Remove
IT Italian Trattoria Collins,Andrea Rizzi,142,,Pizza - Collins,,9/21/26 6:53 PM,9/21/26 7:00 PM,6 minutes and 57 seconds,*Device Login *Do NOT Remove
IT Italian Trattoria Collins,Andrea Rizzi,144,,Pizza - Collins,,9/21/26 6:54 PM,9/21/26 7:00 PM,5 minutes and 44 seconds,*Device Login *Do NOT Remove
IT Italian Trattoria Collins,Andrea Rizzi,145,,Pasta - Collins,,9/21/26 6:55 PM,9/21/26 7:04 PM,9 minutes and 14 seconds,*Device Login *Do NOT Remove
IT Italian Trattoria Collins,Andrea Rizzi,146,,Pizza - Collins,,9/21/26 6:56 PM,9/21/26 7:06 PM,9 minutes and 29 seconds,*Device Login *Do NOT Remove
IT Italian Trattoria Collins,Andrea Rizzi,146,,Drinks - Collins,,9/21/26 6:56 PM,9/21/26 7:06 PM,9 minutes and 29 seconds,*Device Login *Do NOT Remove
IT Italian Trattoria Collins,Andrea Rizzi,146,,No print / Expo - Collins,,9/21/26 6:56 PM,9/21/26 7:06 PM,9 minutes and 29 seconds,*Device Login *Do NOT Remove
IT Italian Trattoria Collins,Andrea Rizzi,146,,Pasta - Collins,,9/21/26 6:56 PM,9/21/26 7:06 PM,9 minutes and 29 seconds,*Device Login *Do NOT Remove
IT Italian Trattoria Collins,Andrea Rizzi,146,,No Print - Collins,,9/21/26 6:56 PM,9/21/26 7:06 PM,9 minutes and 29 seconds,*Device Login *Do NOT Remove
IT Italian Trattoria Collins,Andrea Rizzi,146,,Pizza Pala - Collins,,9/21/26 6:56 PM,9/21/26 7:06 PM,9 minutes and 29 seconds,*Device Login *Do NOT Remove
IT Italian Trattoria Collins,Andrea Rizzi,146,,Pasta - Collins,,9/21/26 6:56 PM,9/21/26 7:09 PM,12 minutes and 12 seconds,*Device Login *Do NOT Remove
IT Italian Trattoria Collins,Jonathan Lucero,149,,Pizza - Collins,,9/21/26 7:14 PM,9/21/26 7:20 PM,6 minutes and 30 seconds,*Device Login *Do NOT Remove
IT Italian Trattoria Collins,Jonathan Lucero,150,,Pizza - Collins,,9/21/26 7:26 PM,9/21/26 7:34 PM,7 minutes and 24 seconds,*Device Login *Do NOT Remove
IT Italian Trattoria Collins,Andrea Rizzi,152,,Pizza - Collins,,9/21/26 7:28 PM,9/21/26 7:35 PM,7 minutes and 17 seconds,*Device Login *Do NOT Remove
IT Italian Trattoria Collins,Andrea Rizzi,154,,Pasta - Collins,,9/21/26 7:34 PM,9/21/26 7:41 PM,7 minutes and 10 seconds,*Device Login *Do NOT Remove
IT Italian Trattoria Collins,Andrea Rizzi,155,,Pasta - Collins,,9/21/26 7:35 PM,9/21/26 7:41 PM,6 minutes and 35 seconds,*Device Login *Do NOT Remove
IT Italian Trattoria Collins,Jonathan Lucero,153,,Pizza - Collins,,9/21/26 7:40 PM,9/21/26 7:48 PM,8 minutes and 50 seconds,*Device Login *Do NOT Remove
IT Italian Trattoria Collins,Jonathan Lucero,157,,Pizza - Collins,,9/21/26 7:45 PM,9/21/26 7:51 PM,5 minutes and 44 seconds,*Device Login *Do NOT Remove
IT Italian Trattoria Collins,Jonathan Lucero,161,,Drinks - Collins,,9/21/26 7:54 PM,9/21/26 7:57 PM,3 minutes,*Device Login *Do NOT Remove
IT Italian Trattoria Collins,Jonathan Lucero,161,,No print / Expo - Collins,,9/21/26 7:54 PM,9/21/26 7:57 PM,3 minutes,*Device Login *Do NOT Remove
IT Italian Trattoria Collins,Jonathan Lucero,161,,Pasta - Collins,,9/21/26 7:54 PM,9/21/26 7:57 PM,3 minutes,*Device Login *Do NOT Remove
IT Italian Trattoria Collins,Jonathan Lucero,161,,Pizza - Collins,,9/21/26 7:54 PM,9/21/26 7:57 PM,3 minutes,*Device Login *Do NOT Remove
IT Italian Trattoria Collins,Jonathan Lucero,161,,Pizza Pala - Collins,,9/21/26 7:54 PM,9/21/26 7:57 PM,3 minutes,*Device Login *Do NOT Remove
IT Italian Trattoria Collins,Jonathan Lucero,161,,No Print - Collins,,9/21/26 7:54 PM,9/21/26 7:57 PM,3 minutes,*Device Login *Do NOT Remove
IT Italian Trattoria Collins,Jonathan Lucero,162,,Drinks - Collins,,9/21/26 7:56 PM,9/21/26 7:57 PM,1 minute and 14 seconds,*Device Login *Do NOT Remove
IT Italian Trattoria Collins,Jonathan Lucero,162,,No print / Expo - Collins,,9/21/26 7:56 PM,9/21/26 7:57 PM,1 minute and 14 seconds,*Device Login *Do NOT Remove
IT Italian Trattoria Collins,Jonathan Lucero,162,,Pasta - Collins,,9/21/26 7:56 PM,9/21/26 7:57 PM,1 minute and 14 seconds,*Device Login *Do NOT Remove
IT Italian Trattoria Collins,Jonathan Lucero,162,,Pizza - Collins,,9/21/26 7:56 PM,9/21/26 7:57 PM,1 minute and 14 seconds,*Device Login *Do NOT Remove
IT Italian Trattoria Collins,Jonathan Lucero,162,,No Print - Collins,,9/21/26 7:56 PM,9/21/26 7:57 PM,1 minute and 14 seconds,*Device Login *Do NOT Remove
IT Italian Trattoria Collins,Jonathan Lucero,162,,Pizza Pala - Collins,,9/21/26 7:56 PM,9/21/26 7:57 PM,1 minute and 14 seconds,*Device Login *Do NOT Remove
IT Italian Trattoria Collins,Andrea Rizzi,156,,Pasta - Collins,,9/21/26 7:47 PM,9/21/26 7:58 PM,10 minutes and 39 seconds,*Device Login *Do NOT Remove
IT Italian Trattoria Collins,Jonathan Lucero,158,,Pasta - Collins,,9/21/26 7:49 PM,9/21/26 7:59 PM,10 minutes and 27 seconds,*Device Login *Do NOT Remove
IT Italian Trattoria Collins,Andrea Rizzi,156,,Pizza - Collins,,9/21/26 7:47 PM,9/21/26 8:00 PM,13 minutes and 14 seconds,*Device Login *Do NOT Remove
IT Italian Trattoria Collins,Jonathan Lucero,161,,Pizza - Collins,,9/21/26 7:54 PM,9/21/26 8:01 PM,6 minutes and 24 seconds,*Device Login *Do NOT Remove
IT Italian Trattoria Collins,Andrea Rizzi,160,,Pizza - Collins,,9/21/26 7:55 PM,9/21/26 8:03 PM,7 minutes and 55 seconds,*Device Login *Do NOT Remove
IT Italian Trattoria Collins,Andrea Rizzi,163,,Pizza - Collins,,9/21/26 7:56 PM,9/21/26 8:05 PM,8 minutes and 22 seconds,*Device Login *Do NOT Remove
IT Italian Trattoria Collins,Andrea Rizzi,167,,Pasta - Collins,,9/21/26 8:02 PM,9/21/26 8:11 PM,9 minutes and 19 seconds,*Device Login *Do NOT Remove
IT Italian Trattoria Collins,Andrea Rizzi,165,,Pasta - Collins,,9/21/26 8:02 PM,9/21/26 8:11 PM,9 minutes and 39 seconds,*Device Login *Do NOT Remove
IT Italian Trattoria Collins,Jonathan Lucero,166,,Pasta - Collins,,9/21/26 8:05 PM,9/21/26 8:15 PM,9 minutes and 32 seconds,*Device Login *Do NOT Remove
IT Italian Trattoria Collins,Andrea Rizzi,168,,Drinks - Collins,,9/21/26 8:15 PM,9/21/26 8:16 PM,26 seconds,*Device Login *Do NOT Remove
IT Italian Trattoria Collins,Andrea Rizzi,168,,No print / Expo - Collins,,9/21/26 8:15 PM,9/21/26 8:16 PM,26 seconds,*Device Login *Do NOT Remove
IT Italian Trattoria Collins,Andrea Rizzi,168,,Pasta - Collins,,9/21/26 8:15 PM,9/21/26 8:16 PM,26 seconds,*Device Login *Do NOT Remove
IT Italian Trattoria Collins,Andrea Rizzi,168,,Pizza - Collins,,9/21/26 8:15 PM,9/21/26 8:16 PM,26 seconds,*Device Login *Do NOT Remove
IT Italian Trattoria Collins,Andrea Rizzi,168,,No Print - Collins,,9/21/26 8:15 PM,9/21/26 8:16 PM,26 seconds,*Device Login *Do NOT Remove
IT Italian Trattoria Collins,Andrea Rizzi,168,,Pizza Pala - Collins,,9/21/26 8:15 PM,9/21/26 8:16 PM,26 seconds,*Device Login *Do NOT Remove
IT Italian Trattoria Collins,Andrea Rizzi,168,,Pasta - Collins,,9/21/26 8:15 PM,9/21/26 8:21 PM,5 minutes and 3 seconds,*Device Login *Do NOT Remove
IT Italian Trattoria Collins,Andrea Rizzi,170,,Pizza - Collins,,9/21/26 8:20 PM,9/21/26 8:26 PM,6 minutes and 19 seconds,*Device Login *Do NOT Remove
IT Italian Trattoria Collins,Andrea Rizzi,171,,Pasta - Collins,,9/21/26 8:24 PM,9/21/26 8:32 PM,7 minutes and 57 seconds,*Device Login *Do NOT Remove
IT Italian Trattoria Collins,Jonathan Lucero,169,,Pasta - Collins,,9/21/26 8:44 PM,9/21/26 8:50 PM,6 minutes and 7 seconds,*Device Login *Do NOT Remove
IT Italian Trattoria Collins,Jonathan Lucero,174,,Pizza - Collins,,9/21/26 8:54 PM,9/21/26 9:04 PM,9 minutes and 7 seconds,*Device Login *Do NOT Remove
IT Italian Trattoria Collins,Jonathan Lucero,177,,Drinks - Collins,,9/21/26 9:02 PM,9/21/26 9:04 PM,1 minute and 6 seconds,*Device Login *Do NOT Remove
IT Italian Trattoria Collins,Jonathan Lucero,177,,No print / Expo - Collins,,9/21/26 9:02 PM,9/21/26 9:04 PM,1 minute and 6 seconds,*Device Login *Do NOT Remove
IT Italian Trattoria Collins,Jonathan Lucero,177,,Pasta - Collins,,9/21/26 9:02 PM,9/21/26 9:04 PM,1 minute and 6 seconds,*Device Login *Do NOT Remove
IT Italian Trattoria Collins,Jonathan Lucero,177,,Pizza - Collins,,9/21/26 9:02 PM,9/21/26 9:04 PM,1 minute and 6 seconds,*Device Login *Do NOT Remove
IT Italian Trattoria Collins,Jonathan Lucero,177,,No Print - Collins,,9/21/26 9:02 PM,9/21/26 9:04 PM,1 minute and 6 seconds,*Device Login *Do NOT Remove
IT Italian Trattoria Collins,Jonathan Lucero,177,,Pizza Pala - Collins,,9/21/26 9:02 PM,9/21/26 9:04 PM,1 minute and 6 seconds,*Device Login *Do NOT Remove
IT Italian Trattoria Collins,Jonathan Lucero,177,,Pasta - Collins,,9/21/26 9:02 PM,9/21/26 9:09 PM,6 minutes and 10 seconds,*Device Login *Do NOT Remove
IT Italian Trattoria Collins,Andrea Rizzi,180,,Pizza - Collins,,9/21/26 9:14 PM,9/21/26 9:21 PM,6 minutes and 51 seconds,*Device Login *Do NOT Remove
IT Italian Trattoria Collins,Jonathan Lucero,183,,Pizza - Collins,,9/21/26 9:19 PM,9/21/26 9:26 PM,7 minutes and 22 seconds,*Device Login *Do NOT Remove
IT Italian Trattoria Collins,Andrea Rizzi,186,,Pasta - Collins,,9/21/26 9:26 PM,9/21/26 9:31 PM,5 minutes and 6 seconds,*Device Login *Do NOT Remove
IT Italian Trattoria Collins,Jonathan Lucero,188,,Pizza - Collins,,9/21/26 10:09 PM,9/21/26 10:17 PM,7 minutes and 41 seconds,*Device Login *Do NOT Remove
IT Italian Trattoria Collins,Jonathan Lucero,188,,Pasta - Collins,,9/21/26 10:09 PM,9/21/26 10:17 PM,7 minutes and 56 seconds,*Device Login *Do NOT Remove
IT Italian Trattoria Collins,Jonathan Lucero,189,,Pizza - Collins,,9/21/26 10:19 PM,9/21/26 10:26 PM,6 minutes and 37 seconds,*Device Login *Do NOT Remove
IT Italian Trattoria Collins,Jonathan Lucero,190,,Pizza - Collins,,9/21/26 10:30 PM,9/21/26 10:36 PM,6 minutes and 43 seconds,*Device Login *Do NOT Remove
IT Italian Trattoria Collins,Andrea Rizzi,193,,Pasta - Collins,,9/21/26 10:39 PM,9/21/26 10:46 PM,6 minutes and 16 seconds,*Device Login *Do NOT Remove
IT Italian Trattoria Collins,Andrea Rizzi,193,,Pizza - Collins,,9/21/26 10:39 PM,9/21/26 10:46 PM,7 minutes,*Device Login *Do NOT Remove
IT Italian Trattoria Collins,Andrea Rizzi,194,,Pizza - Collins,,9/21/26 10:43 PM,9/21/26 10:53 PM,10 minutes and 48 seconds,*Device Login *Do NOT Remove
IT Italian Trattoria Collins,Andrea Rizzi,195,,Pizza - Collins,,9/21/26 10:45 PM,9/21/26 10:54 PM,8 minutes and 45 seconds,*Device Login *Do NOT Remove
IT Italian Trattoria Collins,Jonathan Lucero,200,,Pasta - Collins,,9/21/26 11:04 PM,9/21/26 11:14 PM,9 minutes and 57 seconds,*Device Login *Do NOT Remove
IT Italian Trattoria Collins,Jonathan Lucero,199,,Pasta - Collins,,9/21/26 11:04 PM,9/21/26 11:14 PM,10 minutes and 24 seconds,*Device Login *Do NOT Remove
IT Italian Trattoria Collins,Jonathan Lucero,192,,Pizza - Collins,,9/21/26 11:02 PM,9/21/26 11:15 PM,12 minutes and 24 seconds,*Device Login *Do NOT Remove
IT Italian Trattoria Collins,Charles Hernandez,4,,Pasta - Collins,,9/22/26 8:04 AM,9/22/26 8:07 AM,2 minutes and 36 seconds,*Device Login *Do NOT Remove
IT Italian Trattoria Collins,Charles Hernandez,5,,Pasta - Collins,,9/22/26 8:07 AM,9/22/26 8:10 AM,2 minutes and 38 seconds,*Device Login *Do NOT Remove
IT Italian Trattoria Collins,Charles Hernandez,10,,Pasta - Collins,,9/22/26 8:24 AM,9/22/26 8:27 AM,2 minutes and 34 seconds,*Device Login *Do NOT Remove
IT Italian Trattoria Collins,Charles Hernandez,11,,Pasta - Collins,,9/22/26 8:25 AM,9/22/26 8:27 AM,2 minutes and 14 seconds,*Device Login *Do NOT Remove
IT Italian Trattoria Collins,Charles Hernandez,13,,Pasta - Collins,,9/22/26 8:31 AM,9/22/26 8:34 AM,3 minutes and 29 seconds,*Device Login *Do NOT Remove
IT Italian Trattoria Collins,Charles Hernandez,18,,Pasta - Collins,,9/22/26 8:52 AM,9/22/26 8:53 AM,1 minute and 4 seconds,*Device Login *Do NOT Remove
IT Italian Trattoria Collins,Charles Hernandez,20,,Pasta - Collins,,9/22/26 8:54 AM,9/22/26 9:03 AM,9 minutes and 37 seconds,*Device Login *Do NOT Remove
IT Italian Trattoria Collins,Charles Hernandez,27,,Pasta - Collins,,9/22/26 9:38 AM,9/22/26 9:45 AM,7 minutes and 22 seconds,*Device Login *Do NOT Remove
IT Italian Trattoria Collins,Charles Hernandez,26,,Pasta - Collins,,9/22/26 9:37 AM,9/22/26 9:45 AM,8 minutes,*Device Login *Do NOT Remove
IT Italian Trattoria Collins,Charles Hernandez,28,,Pasta - Collins,,9/22/26 9:42 AM,9/22/26 9:48 AM,6 minutes and 2 seconds,*Device Login *Do NOT Remove
IT Italian Trattoria Collins,Charles Hernandez,30,,Pasta - Collins,,9/22/26 9:47 AM,9/22/26 9:48 AM,46 seconds,*Device Login *Do NOT Remove
IT Italian Trattoria Collins,Charles Hernandez,29,,Pasta - Collins,,9/22/26 9:46 AM,9/22/26 9:51 AM,4 minutes and 28 seconds,*Device Login *Do NOT Remove
IT Italian Trattoria Collins,Charles Hernandez,33,,Pasta - Collins,,9/22/26 10:00 AM,9/22/26 10:02 AM,2 minutes and 24 seconds,*Device Login *Do NOT Remove
IT Italian Trattoria Collins,Charles Hernandez,31,,Pasta - Collins,,9/22/26 9:56 AM,9/22/26 10:05 AM,8 minutes and 52 seconds,*Device Login *Do NOT Remove
IT Italian Trattoria Collins,Charles Hernandez,32,,Pasta - Collins,,9/22/26 9:58 AM,9/22/26 10:05 AM,7 minutes and 12 seconds,*Device Login *Do NOT Remove
IT Italian Trattoria Collins,Charles Hernandez,35,,Pasta - Collins,,9/22/26 10:24 AM,9/22/26 10:24 AM,29 seconds,*Device Login *Do NOT Remove
IT Italian Trattoria Collins,Charles Hernandez,36,,Pasta - Collins,,9/22/26 10:34 AM,9/22/26 10:39 AM,5 minutes,*Device Login *Do NOT Remove
IT Italian Trattoria Collins,Davide Christopher Paredi,37,,Drinks - Collins,,9/22/26 10:44 AM,9/22/26 10:46 AM,1 minute and 8 seconds,*Device Login *Do NOT Remove
IT Italian Trattoria Collins,Davide Christopher Paredi,37,,Pasta - Collins,,9/22/26 10:44 AM,9/22/26 10:46 AM,1 minute and 8 seconds,*Device Login *Do NOT Remove
IT Italian Trattoria Collins,Davide Christopher Paredi,37,,No print / Expo - Collins,,9/22/26 10:44 AM,9/22/26 10:46 AM,1 minute and 8 seconds,*Device Login *Do NOT Remove
IT Italian Trattoria Collins,Davide Christopher Paredi,37,,Pizza - Collins,,9/22/26 10:44 AM,9/22/26 10:46 AM,1 minute and 8 seconds,*Device Login *Do NOT Remove
IT Italian Trattoria Collins,Davide Christopher Paredi,37,,No Print - Collins,,9/22/26 10:44 AM,9/22/26 10:46 AM,1 minute and 8 seconds,*Device Login *Do NOT Remove
IT Italian Trattoria Collins,Davide Christopher Paredi,37,,Pizza Pala - Collins,,9/22/26 10:44 AM,9/22/26 10:46 AM,1 minute and 8 seconds,*Device Login *Do NOT Remove
IT Italian Trattoria Collins,Charles Hernandez,38,,Pizza - Collins,,9/22/26 11:03 AM,9/22/26 11:15 AM,12 minutes,*Device Login *Do NOT Remove
IT Italian Trattoria Collins,Charles Hernandez,41,,Pizza - Collins,,9/22/26 11:17 AM,9/22/26 11:27 AM,10 minutes and 30 seconds,*Device Login *Do NOT Remove
IT Italian Trattoria Collins,Davide Christopher Paredi,37,,No Print - Collins,,9/22/26 10:44 AM,9/22/26 11:32 AM,47 minutes and 58 seconds,Davide Christopher Paredi
IT Italian Trattoria Collins,Charles Hernandez,43,,Pasta - Collins,,9/22/26 11:54 AM,9/22/26 12:02 PM,8 minutes and 7 seconds,*Device Login *Do NOT Remove
IT Italian Trattoria Collins,Charles Hernandez,44,,Pasta - Collins,,9/22/26 12:02 PM,9/22/26 12:07 PM,5 minutes and 12 seconds,*Device Login *Do NOT Remove
IT Italian Trattoria Collins,Charles Hernandez,45,,Pasta - Collins,,9/22/26 12:19 PM,9/22/26 12:29 PM,10 minutes and 23 seconds,*Device Login *Do NOT Remove
IT Italian Trattoria Collins,Charles Hernandez,48,,Pasta - Collins,,9/22/26 12:34 PM,9/22/26 12:40 PM,6 minutes and 6 seconds,*Device Login *Do NOT Remove
IT Italian Trattoria Collins,Charles Hernandez,52,,Pasta - Collins,,9/22/26 12:48 PM,9/22/26 12:54 PM,6 minutes and 5 seconds,*Device Login *Do NOT Remove
IT Italian Trattoria Collins,Charles Hernandez,52,,Pizza - Collins,,9/22/26 12:48 PM,9/22/26 12:54 PM,6 minutes and 12 seconds,*Device Login *Do NOT Remove
IT Italian Trattoria Collins,Charles Hernandez,56,,Pasta - Collins,,9/22/26 1:04 PM,9/22/26 1:10 PM,6 minutes and 16 seconds,*Device Login *Do NOT Remove
IT Italian Trattoria Collins,Charles Hernandez,59,,Drinks - Collins,,9/22/26 1:28 PM,9/22/26 1:30 PM,1 minute and 49 seconds,*Device Login *Do NOT Remove
IT Italian Trattoria Collins,Charles Hernandez,59,,No print / Expo - Collins,,9/22/26 1:28 PM,9/22/26 1:30 PM,1 minute and 49 seconds,*Device Login *Do NOT Remove
IT Italian Trattoria Collins,Charles Hernandez,59,,Pasta - Collins,,9/22/26 1:28 PM,9/22/26 1:30 PM,1 minute and 49 seconds,*Device Login *Do NOT Remove
IT Italian Trattoria Collins,Charles Hernandez,59,,Pizza - Collins,,9/22/26 1:28 PM,9/22/26 1:30 PM,1 minute and 49 seconds,*Device Login *Do NOT Remove
IT Italian Trattoria Collins,Charles Hernandez,59,,No Print - Collins,,9/22/26 1:28 PM,9/22/26 1:30 PM,1 minute and 49 seconds,*Device Login *Do NOT Remove
IT Italian Trattoria Collins,Charles Hernandez,59,,Pizza Pala - Collins,,9/22/26 1:28 PM,9/22/26 1:30 PM,1 minute and 49 seconds,*Device Login *Do NOT Remove
IT Italian Trattoria Collins,Charles Hernandez,58,,Pizza - Collins,,9/22/26 1:25 PM,9/22/26 1:30 PM,5 minutes and 17 seconds,*Device Login *Do NOT Remove
IT Italian Trattoria Collins,Charles Hernandez,59,,Pasta - Collins,,9/22/26 1:28 PM,9/22/26 1:34 PM,6 minutes and 8 seconds,*Device Login *Do NOT Remove
IT Italian Trattoria Collins,Charles Hernandez,68,,Pizza - Collins,,9/22/26 2:11 PM,9/22/26 2:22 PM,10 minutes and 26 seconds,*Device Login *Do NOT Remove
IT Italian Trattoria Collins,Charles Hernandez,69,,Pasta - Collins,,9/22/26 2:18 PM,9/22/26 2:24 PM,5 minutes and 58 seconds,*Device Login *Do NOT Remove
IT Italian Trattoria Collins,Charles Hernandez,70,,Pasta - Collins,,9/22/26 2:40 PM,9/22/26 2:45 PM,5 minutes and 5 seconds,*Device Login *Do NOT Remove
IT Italian Trattoria Collins,Charles Hernandez,71,,Pizza - Collins,,9/22/26 2:49 PM,9/22/26 2:56 PM,7 minutes and 51 seconds,*Device Login *Do NOT Remove
IT Italian Trattoria Collins,Charles Hernandez,75,,Pasta - Collins,,9/22/26 3:07 PM,9/22/26 3:13 PM,5 minutes and 39 seconds,*Device Login *Do NOT Remove
IT Italian Trattoria Collins,Charles Hernandez,79,,Pizza - Collins,,9/22/26 3:10 PM,9/22/26 3:20 PM,10 minutes and 15 seconds,*Device Login *Do NOT Remove
IT Italian Trattoria Collins,Charles Hernandez,84,,Pasta - Collins,,9/22/26 3:31 PM,9/22/26 3:38 PM,7 minutes and 1 second,*Device Login *Do NOT Remove
IT Italian Trattoria Collins,Jonathan Lucero,86,,Pasta - Collins,,9/22/26 4:13 PM,9/22/26 4:17 PM,4 minutes and 31 seconds,*Device Login *Do NOT Remove
IT Italian Trattoria Collins,Jonathan Lucero,88,,Pasta - Collins,,9/22/26 4:48 PM,9/22/26 4:53 PM,4 minutes and 41 seconds,*Device Login *Do NOT Remove
IT Italian Trattoria Collins,Jonathan Lucero,90,,Drinks - Collins,,9/22/26 5:02 PM,9/22/26 5:07 PM,5 minutes and 4 seconds,*Device Login *Do NOT Remove
IT Italian Trattoria Collins,Jonathan Lucero,90,,No print / Expo - Collins,,9/22/26 5:02 PM,9/22/26 5:07 PM,5 minutes and 4 seconds,*Device Login *Do NOT Remove
IT Italian Trattoria Collins,Jonathan Lucero,90,,Pasta - Collins,,9/22/26 5:02 PM,9/22/26 5:07 PM,5 minutes and 4 seconds,*Device Login *Do NOT Remove
IT Italian Trattoria Collins,Jonathan Lucero,90,,Pizza - Collins,,9/22/26 5:02 PM,9/22/26 5:07 PM,5 minutes and 4 seconds,*Device Login *Do NOT Remove
IT Italian Trattoria Collins,Jonathan Lucero,90,,No Print - Collins,,9/22/26 5:02 PM,9/22/26 5:07 PM,5 minutes and 4 seconds,*Device Login *Do NOT Remove
IT Italian Trattoria Collins,Jonathan Lucero,90,,Pizza Pala - Collins,,9/22/26 5:02 PM,9/22/26 5:07 PM,5 minutes and 4 seconds,*Device Login *Do NOT Remove
IT Italian Trattoria Collins,Jonathan Lucero,90,,Pasta - Collins,,9/22/26 5:02 PM,9/22/26 5:07 PM,5 minutes and 15 seconds,*Device Login *Do NOT Remove
IT Italian Trattoria Collins,Jonathan Lucero,91,,Pizza - Collins,,9/22/26 5:12 PM,9/22/26 5:21 PM,8 minutes and 16 seconds,*Device Login *Do NOT Remove
IT Italian Trattoria Collins,Camila Soldo,95,,Pasta - Collins,,9/22/26 6:04 PM,9/22/26 6:12 PM,8 minutes and 8 seconds,*Device Login *Do NOT Remove
IT Italian Trattoria Collins,Camila Soldo,95,,Pizza - Collins,,9/22/26 6:04 PM,9/22/26 6:14 PM,10 minutes and 4 seconds,*Device Login *Do NOT Remove
IT Italian Trattoria Collins,Jonathan Lucero,94,,Pizza - Collins,,9/22/26 6:21 PM,9/22/26 6:30 PM,9 minutes and 4 seconds,*Device Login *Do NOT Remove
IT Italian Trattoria Collins,Davide Christopher Paredi,98,,Pasta - Collins,,9/22/26 6:38 PM,9/22/26 6:44 PM,5 minutes and 49 seconds,*Device Login *Do NOT Remove
IT Italian Trattoria Collins,Davide Christopher Paredi,100,,Pasta - Collins,,9/22/26 6:41 PM,9/22/26 6:47 PM,6 minutes and 20 seconds,*Device Login *Do NOT Remove
IT Italian Trattoria Collins,Davide Christopher Paredi,101,,Pasta - Collins,,9/22/26 6:42 PM,9/22/26 6:52 PM,9 minutes and 35 seconds,*Device Login *Do NOT Remove
IT Italian Trattoria Collins,Davide Christopher Paredi,102,,Pasta - Collins,,9/22/26 6:44 PM,9/22/26 6:54 PM,10 minutes and 45 seconds,*Device Login *Do NOT Remove
IT Italian Trattoria Collins,Davide Christopher Paredi,105,,Pasta - Collins,,9/22/26 6:49 PM,9/22/26 6:54 PM,5 minutes and 26 seconds,*Device Login *Do NOT Remove
IT Italian Trattoria Collins,Davide Christopher Paredi,104,,Pizza - Collins,,9/22/26 6:48 PM,9/22/26 6:57 PM,9 minutes and 40 seconds,*Device Login *Do NOT Remove
IT Italian Trattoria Collins,Jonathan Lucero,111,,Pasta - Collins,,9/22/26 7:21 PM,9/22/26 7:24 PM,3 minutes and 16 seconds,*Device Login *Do NOT Remove
IT Italian Trattoria Collins,Jonathan Lucero,113,,Pizza - Collins,,9/22/26 7:25 PM,9/22/26 7:25 PM,9 seconds,*Device Login *Do NOT Remove
IT Italian Trattoria Collins,Jonathan Lucero,113,,Drinks - Collins,,9/22/26 7:25 PM,9/22/26 7:25 PM,9 seconds,*Device Login *Do NOT Remove
IT Italian Trattoria Collins,Jonathan Lucero,113,,No print / Expo - Collins,,9/22/26 7:25 PM,9/22/26 7:25 PM,9 seconds,*Device Login *Do NOT Remove
IT Italian Trattoria Collins,Jonathan Lucero,113,,Pasta - Collins,,9/22/26 7:25 PM,9/22/26 7:25 PM,9 seconds,*Device Login *Do NOT Remove
IT Italian Trattoria Collins,Jonathan Lucero,113,,No Print - Collins,,9/22/26 7:25 PM,9/22/26 7:25 PM,9 seconds,*Device Login *Do NOT Remove
IT Italian Trattoria Collins,Jonathan Lucero,113,,Pizza Pala - Collins,,9/22/26 7:25 PM,9/22/26 7:25 PM,9 seconds,*Device Login *Do NOT Remove
IT Italian Trattoria Collins,Jonathan Lucero,110,,Drinks - Collins,,9/22/26 7:27 PM,9/22/26 7:30 PM,3 minutes and 42 seconds,*Device Login *Do NOT Remove
IT Italian Trattoria Collins,Jonathan Lucero,110,,Pasta - Collins,,9/22/26 7:27 PM,9/22/26 7:30 PM,3 minutes and 42 seconds,*Device Login *Do NOT Remove
IT Italian Trattoria Collins,Jonathan Lucero,110,,No print / Expo - Collins,,9/22/26 7:27 PM,9/22/26 7:30 PM,3 minutes and 42 seconds,*Device Login *Do NOT Remove
IT Italian Trattoria Collins,Jonathan Lucero,110,,Pizza - Collins,,9/22/26 7:27 PM,9/22/26 7:30 PM,3 minutes and 42 seconds,*Device Login *Do NOT Remove
IT Italian Trattoria Collins,Jonathan Lucero,110,,No Print - Collins,,9/22/26 7:27 PM,9/22/26 7:30 PM,3 minutes and 42 seconds,*Device Login *Do NOT Remove
IT Italian Trattoria Collins,Jonathan Lucero,113,,Pasta - Collins,,9/22/26 7:25 PM,9/22/26 7:30 PM,5 minutes and 3 seconds,*Device Login *Do NOT Remove
IT Italian Trattoria Collins,Jonathan Lucero,110,,Pizza Pala - Collins,,9/22/26 7:27 PM,9/22/26 7:30 PM,3 minutes and 42 seconds,*Device Login *Do NOT Remove
IT Italian Trattoria Collins,Jonathan Lucero,110,,Pizza - Collins,,9/22/26 7:27 PM,9/22/26 7:32 PM,4 minutes and 56 seconds,*Device Login *Do NOT Remove
IT Italian Trattoria Collins,Jonathan Lucero,115,,Pizza - Collins,,9/22/26 7:30 PM,9/22/26 7:32 PM,1 minute and 5 seconds,*Device Login *Do NOT Remove
IT Italian Trattoria Collins,Jonathan Lucero,115,,Drinks - Collins,,9/22/26 7:30 PM,9/22/26 7:32 PM,1 minute and 5 seconds,*Device Login *Do NOT Remove
IT Italian Trattoria Collins,Jonathan Lucero,115,,No print / Expo - Collins,,9/22/26 7:30 PM,9/22/26 7:32 PM,1 minute and 5 seconds,*Device Login *Do NOT Remove
IT Italian Trattoria Collins,Jonathan Lucero,115,,Pasta - Collins,,9/22/26 7:30 PM,9/22/26 7:32 PM,1 minute and 5 seconds,*Device Login *Do NOT Remove
IT Italian Trattoria Collins,Jonathan Lucero,115,,No Print - Collins,,9/22/26 7:30 PM,9/22/26 7:32 PM,1 minute and 5 seconds,*Device Login *Do NOT Remove
IT Italian Trattoria Collins,Jonathan Lucero,115,,Pizza Pala - Collins,,9/22/26 7:30 PM,9/22/26 7:32 PM,1 minute and 5 seconds,*Device Login *Do NOT Remove
IT Italian Trattoria Collins,Jonathan Lucero,116,,Pizza - Collins,,9/22/26 7:32 PM,9/22/26 7:38 PM,6 minutes and 25 seconds,*Device Login *Do NOT Remove
IT Italian Trattoria Collins,Jonathan Lucero,120,,Pizza - Collins,,9/22/26 7:34 PM,9/22/26 7:39 PM,5 minutes and 6 seconds,*Device Login *Do NOT Remove
IT Italian Trattoria Collins,Jonathan Lucero,114,,Pasta - Collins,,9/22/26 7:28 PM,9/22/26 7:39 PM,11 minutes and 10 seconds,*Device Login *Do NOT Remove
IT Italian Trattoria Collins,Jonathan Lucero,115,,Pasta - Collins,,9/22/26 7:30 PM,9/22/26 7:39 PM,8 minutes and 54 seconds,*Device Login *Do NOT Remove
IT Italian Trattoria Collins,Jonathan Lucero,120,,Drinks - Collins,,9/22/26 7:34 PM,9/22/26 7:39 PM,5 minutes and 6 seconds,*Device Login *Do NOT Remove
IT Italian Trattoria Collins,Jonathan Lucero,120,,No print / Expo - Collins,,9/22/26 7:34 PM,9/22/26 7:39 PM,5 minutes and 6 seconds,*Device Login *Do NOT Remove
IT Italian Trattoria Collins,Jonathan Lucero,120,,Pasta - Collins,,9/22/26 7:34 PM,9/22/26 7:39 PM,5 minutes and 6 seconds,*Device Login *Do NOT Remove
IT Italian Trattoria Collins,Jonathan Lucero,120,,No Print - Collins,,9/22/26 7:34 PM,9/22/26 7:39 PM,5 minutes and 6 seconds,*Device Login *Do NOT Remove
IT Italian Trattoria Collins,Jonathan Lucero,120,,Pizza Pala - Collins,,9/22/26 7:34 PM,9/22/26 7:39 PM,5 minutes and 6 seconds,*Device Login *Do NOT Remove
IT Italian Trattoria Collins,Jonathan Lucero,118,,Pasta - Collins,,9/22/26 7:33 PM,9/22/26 7:39 PM,6 minutes and 43 seconds,*Device Login *Do NOT Remove
IT Italian Trattoria Collins,Jonathan Lucero,117,,Pasta - Collins,,9/22/26 7:32 PM,9/22/26 7:39 PM,7 minutes and 5 seconds,*Device Login *Do NOT Remove
IT Italian Trattoria Collins,Jonathan Lucero,121,,Drinks - Collins,,9/22/26 7:45 PM,9/22/26 7:47 PM,1 minute and 32 seconds,*Device Login *Do NOT Remove
IT Italian Trattoria Collins,Jonathan Lucero,121,,Pasta - Collins,,9/22/26 7:45 PM,9/22/26 7:47 PM,1 minute and 32 seconds,*Device Login *Do NOT Remove
IT Italian Trattoria Collins,Jonathan Lucero,121,,No print / Expo - Collins,,9/22/26 7:45 PM,9/22/26 7:47 PM,1 minute and 32 seconds,*Device Login *Do NOT Remove
IT Italian Trattoria Collins,Jonathan Lucero,121,,Pizza - Collins,,9/22/26 7:45 PM,9/22/26 7:47 PM,1 minute and 32 seconds,*Device Login *Do NOT Remove
IT Italian Trattoria Collins,Jonathan Lucero,121,,No Print - Collins,,9/22/26 7:45 PM,9/22/26 7:47 PM,1 minute and 32 seconds,*Device Login *Do NOT Remove
IT Italian Trattoria Collins,Jonathan Lucero,121,,Pizza Pala - Collins,,9/22/26 7:45 PM,9/22/26 7:47 PM,1 minute and 32 seconds,*Device Login *Do NOT Remove
IT Italian Trattoria Collins,Jonathan Lucero,121,,Pizza - Collins,,9/22/26 7:45 PM,9/22/26 7:52 PM,7 minutes and 13 seconds,*Device Login *Do NOT Remove
IT Italian Trattoria Collins,Jonathan Lucero,122,,Pizza - Collins,,9/22/26 7:47 PM,9/22/26 7:55 PM,7 minutes and 19 seconds,*Device Login *Do NOT Remove
IT Italian Trattoria Collins,Jonathan Lucero,124,,Pasta - Collins,,9/22/26 7:54 PM,9/22/26 8:02 PM,7 minutes and 34 seconds,*Device Login *Do NOT Remove
IT Italian Trattoria Collins,Camila Soldo,128,,Pizza - Collins,,9/22/26 8:01 PM,9/22/26 8:05 PM,3 minutes and 47 seconds,*Device Login *Do NOT Remove
IT Italian Trattoria Collins,Camila Soldo,128,,Pasta - Collins,,9/22/26 8:01 PM,9/22/26 8:05 PM,3 minutes and 58 seconds,*Device Login *Do NOT Remove
IT Italian Trattoria Collins,Camila Soldo,129,,Pizza - Collins,,9/22/26 8:04 PM,9/22/26 8:08 PM,4 minutes and 14 seconds,*Device Login *Do NOT Remove
IT Italian Trattoria Collins,Camila Soldo,129,,Drinks - Collins,,9/22/26 8:04 PM,9/22/26 8:08 PM,4 minutes and 14 seconds,*Device Login *Do NOT Remove
IT Italian Trattoria Collins,Camila Soldo,129,,No print / Expo - Collins,,9/22/26 8:04 PM,9/22/26 8:08 PM,4 minutes and 14 seconds,*Device Login *Do NOT Remove
IT Italian Trattoria Collins,Camila Soldo,129,,Pasta - Collins,,9/22/26 8:04 PM,9/22/26 8:08 PM,4 minutes and 14 seconds,*Device Login *Do NOT Remove
IT Italian Trattoria Collins,Camila Soldo,129,,No Print - Collins,,9/22/26 8:04 PM,9/22/26 8:08 PM,4 minutes and 14 seconds,*Device Login *Do NOT Remove
IT Italian Trattoria Collins,Camila Soldo,129,,Pizza Pala - Collins,,9/22/26 8:04 PM,9/22/26 8:08 PM,4 minutes and 14 seconds,*Device Login *Do NOT Remove
IT Italian Trattoria Collins,Camila Soldo,129,,Pasta - Collins,,9/22/26 8:04 PM,9/22/26 8:15 PM,11 minutes and 18 seconds,*Device Login *Do NOT Remove
IT Italian Trattoria Collins,Camila Soldo,130,,Pizza - Collins,,9/22/26 8:10 PM,9/22/26 8:16 PM,6 minutes and 8 seconds,*Device Login *Do NOT Remove
IT Italian Trattoria Collins,Jonathan Lucero,133,,Pasta - Collins,,9/22/26 8:13 PM,9/22/26 8:18 PM,4 minutes and 11 seconds,*Device Login *Do NOT Remove
IT Italian Trattoria Collins,Camila Soldo,131,,Pizza - Collins,,9/22/26 8:13 PM,9/22/26 8:18 PM,4 minutes and 24 seconds,*Device Login *Do NOT Remove
IT Italian Trattoria Collins,Jonathan Lucero,135,,Drinks - Collins,,9/22/26 8:17 PM,9/22/26 8:19 PM,1 minute and 11 seconds,*Device Login *Do NOT Remove
IT Italian Trattoria Collins,Jonathan Lucero,135,,No print / Expo - Collins,,9/22/26 8:17 PM,9/22/26 8:19 PM,1 minute and 11 seconds,*Device Login *Do NOT Remove
IT Italian Trattoria Collins,Jonathan Lucero,135,,Pasta - Collins,,9/22/26 8:17 PM,9/22/26 8:19 PM,1 minute and 11 seconds,*Device Login *Do NOT Remove
IT Italian Trattoria Collins,Jonathan Lucero,135,,Pizza - Collins,,9/22/26 8:17 PM,9/22/26 8:19 PM,1 minute and 11 seconds,*Device Login *Do NOT Remove
IT Italian Trattoria Collins,Jonathan Lucero,135,,No Print - Collins,,9/22/26 8:17 PM,9/22/26 8:19 PM,1 minute and 11 seconds,*Device Login *Do NOT Remove
IT Italian Trattoria Collins,Jonathan Lucero,135,,Pizza Pala - Collins,,9/22/26 8:17 PM,9/22/26 8:19 PM,1 minute and 11 seconds,*Device Login *Do NOT Remove
IT Italian Trattoria Collins,Camila Soldo,134,,Pizza - Collins,,9/22/26 8:15 PM,9/22/26 8:20 PM,5 minutes and 22 seconds,*Device Login *Do NOT Remove
IT Italian Trattoria Collins,Camila Soldo,139,,Pasta - Collins,,9/22/26 8:19 PM,9/22/26 8:22 PM,3 minutes,*Device Login *Do NOT Remove
IT Italian Trattoria Collins,Jonathan Lucero,135,,Pasta - Collins,,9/22/26 8:17 PM,9/22/26 8:22 PM,4 minutes and 56 seconds,*Device Login *Do NOT Remove
IT Italian Trattoria Collins,Camila Soldo,141,,Pizza - Collins,,9/22/26 8:22 PM,9/22/26 8:22 PM,24 seconds,*Device Login *Do NOT Remove
IT Italian Trattoria Collins,Camila Soldo,141,,Drinks - Collins,,9/22/26 8:22 PM,9/22/26 8:22 PM,24 seconds,*Device Login *Do NOT Remove
IT Italian Trattoria Collins,Camila Soldo,141,,No print / Expo - Collins,,9/22/26 8:22 PM,9/22/26 8:22 PM,24 seconds,*Device Login *Do NOT Remove
IT Italian Trattoria Collins,Camila Soldo,141,,Pasta - Collins,,9/22/26 8:22 PM,9/22/26 8:22 PM,24 seconds,*Device Login *Do NOT Remove
IT Italian Trattoria Collins,Camila Soldo,141,,No Print - Collins,,9/22/26 8:22 PM,9/22/26 8:22 PM,24 seconds,*Device Login *Do NOT Remove
IT Italian Trattoria Collins,Camila Soldo,141,,Pizza Pala - Collins,,9/22/26 8:22 PM,9/22/26 8:22 PM,24 seconds,*Device Login *Do NOT Remove
IT Italian Trattoria Collins,Camila Soldo,136,,Pizza - Collins,,9/22/26 8:19 PM,9/22/26 8:23 PM,4 minutes and 3 seconds,*Device Login *Do NOT Remove
IT Italian Trattoria Collins,Camila Soldo,141,,Pasta - Collins,,9/22/26 8:22 PM,9/22/26 8:26 PM,3 minutes and 53 seconds,*Device Login *Do NOT Remove
IT Italian Trattoria Collins,Jonathan Lucero,144,,Pasta - Collins,,9/22/26 8:39 PM,9/22/26 8:45 PM,6 minutes and 49 seconds,*Device Login *Do NOT Remove
IT Italian Trattoria Collins,Jonathan Lucero,146,,Pasta - Collins,,9/22/26 8:40 PM,9/22/26 8:47 PM,6 minutes and 28 seconds,*Device Login *Do NOT Remove
IT Italian Trattoria Collins,Jonathan Lucero,146,,Pizza - Collins,,9/22/26 8:40 PM,9/22/26 8:50 PM,9 minutes and 54 seconds,*Device Login *Do NOT Remove
IT Italian Trattoria Collins,Camila Soldo,148,,Pizza - Collins,,9/22/26 8:51 PM,9/22/26 8:51 PM,26 seconds,*Device Login *Do NOT Remove
IT Italian Trattoria Collins,Camila Soldo,148,,Drinks - Collins,,9/22/26 8:51 PM,9/22/26 8:51 PM,26 seconds,*Device Login *Do NOT Remove
IT Italian Trattoria Collins,Camila Soldo,148,,No print / Expo - Collins,,9/22/26 8:51 PM,9/22/26 8:51 PM,26 seconds,*Device Login *Do NOT Remove
IT Italian Trattoria Collins,Camila Soldo,148,,Pasta - Collins,,9/22/26 8:51 PM,9/22/26 8:51 PM,26 seconds,*Device Login *Do NOT Remove
IT Italian Trattoria Collins,Camila Soldo,148,,No Print - Collins,,9/22/26 8:51 PM,9/22/26 8:51 PM,26 seconds,*Device Login *Do NOT Remove
IT Italian Trattoria Collins,Camila Soldo,148,,Pizza Pala - Collins,,9/22/26 8:51 PM,9/22/26 8:51 PM,26 seconds,*Device Login *Do NOT Remove
IT Italian Trattoria Collins,Jonathan Lucero,147,,Pasta - Collins,,9/22/26 8:45 PM,9/22/26 8:52 PM,6 minutes and 48 seconds,*Device Login *Do NOT Remove
IT Italian Trattoria Collins,Jonathan Lucero,149,,Pasta - Collins,,9/22/26 8:47 PM,9/22/26 8:52 PM,5 minutes and 5 seconds,*Device Login *Do NOT Remove
IT Italian Trattoria Collins,Jonathan Lucero,151,,Pizza - Collins,,9/22/26 8:53 PM,9/22/26 8:53 PM,11 seconds,*Device Login *Do NOT Remove
IT Italian Trattoria Collins,Jonathan Lucero,151,,Drinks - Collins,,9/22/26 8:53 PM,9/22/26 8:53 PM,11 seconds,*Device Login *Do NOT Remove
IT Italian Trattoria Collins,Jonathan Lucero,151,,No print / Expo - Collins,,9/22/26 8:53 PM,9/22/26 8:53 PM,11 seconds,*Device Login *Do NOT Remove
IT Italian Trattoria Collins,Jonathan Lucero,151,,Pasta - Collins,,9/22/26 8:53 PM,9/22/26 8:53 PM,11 seconds,*Device Login *Do NOT Remove
IT Italian Trattoria Collins,Jonathan Lucero,151,,No Print - Collins,,9/22/26 8:53 PM,9/22/26 8:53 PM,11 seconds,*Device Login *Do NOT Remove
IT Italian Trattoria Collins,Jonathan Lucero,151,,Pizza Pala - Collins,,9/22/26 8:53 PM,9/22/26 8:53 PM,11 seconds,*Device Login *Do NOT Remove
IT Italian Trattoria Collins,Jonathan Lucero,150,,Pasta - Collins,,9/22/26 8:51 PM,9/22/26 8:56 PM,4 minutes and 26 seconds,*Device Login *Do NOT Remove
IT Italian Trattoria Collins,Jonathan Lucero,153,,Pizza - Collins,,9/22/26 8:55 PM,9/22/26 9:00 PM,5 minutes,*Device Login *Do NOT Remove
IT Italian Trattoria Collins,Jonathan Lucero,155,,Pasta - Collins,,9/22/26 8:58 PM,9/22/26 9:01 PM,2 minutes and 32 seconds,*Device Login *Do NOT Remove
IT Italian Trattoria Collins,Jonathan Lucero,152,,Pizza - Collins,,9/22/26 8:54 PM,9/22/26 9:03 PM,8 minutes and 31 seconds,*Device Login *Do NOT Remove
IT Italian Trattoria Collins,Jonathan Lucero,157,,Pizza - Collins,,9/22/26 9:04 PM,9/22/26 9:10 PM,6 minutes and 13 seconds,*Device Login *Do NOT Remove
IT Italian Trattoria Collins,Jonathan Lucero,161,,Pasta - Collins,,9/22/26 9:12 PM,9/22/26 9:12 PM,39 seconds,*Device Login *Do NOT Remove
IT Italian Trattoria Collins,Jonathan Lucero,162,,Pizza - Collins,,9/22/26 9:16 PM,9/22/26 9:21 PM,4 minutes and 56 seconds,*Device Login *Do NOT Remove
IT Italian Trattoria Collins,Jonathan Lucero,162,,Pasta - Collins,,9/22/26 9:16 PM,9/22/26 9:23 PM,6 minutes and 24 seconds,*Device Login *Do NOT Remove
IT Italian Trattoria Collins,Jonathan Lucero,163,,Pizza - Collins,,9/22/26 9:17 PM,9/22/26 9:23 PM,5 minutes and 22 seconds,*Device Login *Do NOT Remove
IT Italian Trattoria Collins,Camila Soldo,165,,Pizza - Collins,,9/22/26 9:19 PM,9/22/26 9:24 PM,4 minutes and 45 seconds,*Device Login *Do NOT Remove
IT Italian Trattoria Collins,Jonathan Lucero,170,,Drinks - Collins,,9/22/26 9:24 PM,9/22/26 9:24 PM,33 seconds,*Device Login *Do NOT Remove
IT Italian Trattoria Collins,Jonathan Lucero,170,,Pasta - Collins,,9/22/26 9:24 PM,9/22/26 9:24 PM,33 seconds,*Device Login *Do NOT Remove
IT Italian Trattoria Collins,Jonathan Lucero,170,,No print / Expo - Collins,,9/22/26 9:24 PM,9/22/26 9:24 PM,33 seconds,*Device Login *Do NOT Remove
IT Italian Trattoria Collins,Jonathan Lucero,170,,Pizza - Collins,,9/22/26 9:24 PM,9/22/26 9:24 PM,33 seconds,*Device Login *Do NOT Remove
IT Italian Trattoria Collins,Jonathan Lucero,170,,No Print - Collins,,9/22/26 9:24 PM,9/22/26 9:24 PM,33 seconds,*Device Login *Do NOT Remove
IT Italian Trattoria Collins,Jonathan Lucero,170,,Pizza Pala - Collins,,9/22/26 9:24 PM,9/22/26 9:24 PM,33 seconds,*Device Login *Do NOT Remove
IT Italian Trattoria Collins,Jonathan Lucero,167,,Pasta - Collins,,9/22/26 9:21 PM,9/22/26 9:24 PM,3 minutes and 17 seconds,*Device Login *Do NOT Remove
IT Italian Trattoria Collins,Camila Soldo,169,,Pasta - Collins,,9/22/26 9:23 PM,9/22/26 9:26 PM,3 minutes and 40 seconds,*Device Login *Do NOT Remove
IT Italian Trattoria Collins,Camila Soldo,166,,Pizza - Collins,,9/22/26 9:21 PM,9/22/26 9:28 PM,6 minutes and 43 seconds,*Device Login *Do NOT Remove
IT Italian Trattoria Collins,Jonathan Lucero,168,,Pasta - Collins,,9/22/26 9:22 PM,9/22/26 9:28 PM,6 minutes and 10 seconds,*Device Login *Do NOT Remove
IT Italian Trattoria Collins,Jonathan Lucero,164,,Pasta - Collins,,9/22/26 9:20 PM,9/22/26 9:31 PM,11 minutes and 36 seconds,*Device Login *Do NOT Remove
IT Italian Trattoria Collins,Jonathan Lucero,172,,Pizza - Collins,,9/22/26 9:28 PM,9/22/26 9:33 PM,5 minutes and 36 seconds,*Device Login *Do NOT Remove
IT Italian Trattoria Collins,Jonathan Lucero,172,,Pasta - Collins,,9/22/26 9:28 PM,9/22/26 9:35 PM,6 minutes and 56 seconds,*Device Login *Do NOT Remove
IT Italian Trattoria Collins,Jonathan Lucero,173,,Pasta - Collins,,9/22/26 9:29 PM,9/22/26 9:35 PM,5 minutes and 21 seconds,*Device Login *Do NOT Remove
IT Italian Trattoria Collins,Jonathan Lucero,174,,Drinks - Collins,,9/22/26 9:39 PM,9/22/26 9:39 PM,7 seconds,*Device Login *Do NOT Remove
IT Italian Trattoria Collins,Jonathan Lucero,174,,No print / Expo - Collins,,9/22/26 9:39 PM,9/22/26 9:39 PM,7 seconds,*Device Login *Do NOT Remove
IT Italian Trattoria Collins,Jonathan Lucero,174,,Pasta - Collins,,9/22/26 9:39 PM,9/22/26 9:39 PM,7 seconds,*Device Login *Do NOT Remove
IT Italian Trattoria Collins,Jonathan Lucero,174,,Pizza - Collins,,9/22/26 9:39 PM,9/22/26 9:39 PM,7 seconds,*Device Login *Do NOT Remove
IT Italian Trattoria Collins,Jonathan Lucero,174,,No Print - Collins,,9/22/26 9:39 PM,9/22/26 9:39 PM,7 seconds,*Device Login *Do NOT Remove
IT Italian Trattoria Collins,Jonathan Lucero,174,,Pizza Pala - Collins,,9/22/26 9:39 PM,9/22/26 9:39 PM,7 seconds,*Device Login *Do NOT Remove
IT Italian Trattoria Collins,Jonathan Lucero,174,,Pasta - Collins,,9/22/26 9:39 PM,9/22/26 9:43 PM,4 minutes and 4 seconds,*Device Login *Do NOT Remove
IT Italian Trattoria Collins,Jonathan Lucero,176,,Pizza - Collins,,9/22/26 9:55 PM,9/22/26 10:00 PM,5 minutes and 33 seconds,*Device Login *Do NOT Remove
IT Italian Trattoria Collins,Camila Soldo,181,,Pasta - Collins,,9/22/26 10:03 PM,9/22/26 10:10 PM,7 minutes and 6 seconds,*Device Login *Do NOT Remove
IT Italian Trattoria Collins,Jonathan Lucero,184,,Pizza - Collins,,9/22/26 10:24 PM,9/22/26 10:30 PM,6 minutes and 13 seconds,*Device Login *Do NOT Remove
IT Italian Trattoria Collins,Jonathan Lucero,190,,Pizza - Collins,,9/22/26 11:06 PM,9/22/26 11:11 PM,4 minutes and 42 seconds,*Device Login *Do NOT Remove
IT Italian Trattoria Collins,Jonathan Lucero,190,,Pasta - Collins,,9/22/26 11:06 PM,9/22/26 11:14 PM,8 minutes and 13 seconds,*Device Login *Do NOT Remove
IT Italian Trattoria Collins,Jonathan Lucero,191,,Pizza - Collins,,9/22/26 11:08 PM,9/22/26 11:15 PM,6 minutes and 30 seconds,*Device Login *Do NOT Remove
IT Italian Trattoria Collins,Camila Soldo,188,,Pasta - Collins,,9/22/26 11:13 PM,9/22/26 11:20 PM,7 minutes and 11 seconds,*Device Login *Do NOT Remove
IT Italian Trattoria Collins,Jonathan Lucero,192,,Pasta - Collins,,9/22/26 11:16 PM,9/22/26 11:25 PM,8 minutes and 53 seconds,*Device Login *Do NOT Remove
IT Italian Trattoria Collins,Jonathan Lucero,194,,Pizza - Collins,,9/22/26 11:17 PM,9/22/26 11:25 PM,8 minutes and 18 seconds,*Device Login *Do NOT Remove
IT Italian Trattoria Collins,Camila Soldo,193,,Pizza - Collins,,9/22/26 11:19 PM,9/22/26 11:27 PM,8 minutes and 32 seconds,*Device Login *Do NOT Remove
IT Italian Trattoria Collins,Camila Soldo,193,,Pasta - Collins,,9/22/26 11:19 PM,9/22/26 11:29 PM,10 minutes and 8 seconds,*Device Login *Do NOT Remove
IT Italian Trattoria Collins,Camila Soldo,196,,Pasta - Collins,,9/22/26 11:23 PM,9/22/26 11:35 PM,11 minutes and 32 seconds,*Device Login *Do NOT Remove
IT Italian Trattoria Collins,Jonathan Lucero,195,,Pizza - Collins,,9/22/26 11:30 PM,9/22/26 11:37 PM,7 minutes and 5 seconds,*Device Login *Do NOT Remove
IT Italian Trattoria Collins,Jonathan Lucero,199,,Pizza - Collins,,9/22/26 11:30 PM,9/22/26 11:45 PM,14 minutes and 24 seconds,*Device Login *Do NOT Remove
IT Italian Trattoria Collins,Jonathan Lucero,200,,Pizza - Collins,,9/22/26 11:31 PM,9/22/26 11:46 PM,14 minutes and 57 seconds,*Device Login *Do NOT Remove
IT Italian Trattoria Collins,Charles Hernandez,4,,Pasta - Collins,,9/23/26 8:14 AM,9/23/26 8:41 AM,26 minutes and 47 seconds,*Device Login *Do NOT Remove
IT Italian Trattoria Collins,Charles Hernandez,8,,Pasta - Collins,,9/23/26 8:41 AM,9/23/26 8:44 AM,3 minutes and 25 seconds,*Device Login *Do NOT Remove
IT Italian Trattoria Collins,Charles Hernandez,10,,Pasta - Collins,,9/23/26 8:56 AM,9/23/26 8:56 AM,11 seconds,*Device Login *Do NOT Remove
IT Italian Trattoria Collins,Charles Hernandez,16,,Pasta - Collins,,9/23/26 9:05 AM,9/23/26 9:14 AM,8 minutes and 20 seconds,*Device Login *Do NOT Remove
IT Italian Trattoria Collins,Charles Hernandez,15,,Pasta - Collins,,9/23/26 9:03 AM,9/23/26 9:14 AM,10 minutes and 34 seconds,*Device Login *Do NOT Remove
IT Italian Trattoria Collins,Charles Hernandez,19,,Pasta - Collins,,9/23/26 9:31 AM,9/23/26 9:39 AM,8 minutes and 32 seconds,*Device Login *Do NOT Remove
IT Italian Trattoria Collins,Charles Hernandez,18,,Pasta - Collins,,9/23/26 9:29 AM,9/23/26 9:39 AM,10 minutes and 18 seconds,*Device Login *Do NOT Remove
IT Italian Trattoria Collins,Charles Hernandez,24,,Pasta - Collins,,9/23/26 9:54 AM,9/23/26 9:59 AM,5 minutes and 41 seconds,*Device Login *Do NOT Remove
IT Italian Trattoria Collins,Charles Hernandez,24,,No print / Expo - Collins,,9/23/26 9:54 AM,9/23/26 9:59 AM,5 minutes and 41 seconds,*Device Login *Do NOT Remove
IT Italian Trattoria Collins,Charles Hernandez,24,,Pizza - Collins,,9/23/26 9:54 AM,9/23/26 9:59 AM,5 minutes and 41 seconds,*Device Login *Do NOT Remove
IT Italian Trattoria Collins,Charles Hernandez,27,,Pasta - Collins,,9/23/26 10:07 AM,9/23/26 10:13 AM,6 minutes and 24 seconds,*Device Login *Do NOT Remove
IT Italian Trattoria Collins,Charles Hernandez,28,,Pasta - Collins,,9/23/26 10:12 AM,9/23/26 10:16 AM,3 minutes and 33 seconds,*Device Login *Do NOT Remove
IT Italian Trattoria Collins,Charles Hernandez,29,,Pasta - Collins,,9/23/26 10:18 AM,9/23/26 10:28 AM,9 minutes and 51 seconds,*Device Login *Do NOT Remove
IT Italian Trattoria Collins,Charles Hernandez,30,,Pasta - Collins,,9/23/26 10:23 AM,9/23/26 10:28 AM,4 minutes and 57 seconds,*Device Login *Do NOT Remove
IT Italian Trattoria Collins,Charles Hernandez,33,,Pasta - Collins,,9/23/26 10:43 AM,9/23/26 10:44 AM,1 minute and 8 seconds,*Device Login *Do NOT Remove
IT Italian Trattoria Collins,Charles Hernandez,32,,Pasta - Collins,,9/23/26 10:40 AM,9/23/26 10:44 AM,4 minutes and 2 seconds,*Device Login *Do NOT Remove
IT Italian Trattoria Collins,Charles Hernandez,26,,Pasta - Collins,,9/23/26 10:44 AM,9/23/26 10:54 AM,9 minutes and 59 seconds,*Device Login *Do NOT Remove
IT Italian Trattoria Collins,Charles Hernandez,36,,Pasta - Collins,,9/23/26 11:07 AM,9/23/26 11:19 AM,12 minutes and 32 seconds,*Device Login *Do NOT Remove
IT Italian Trattoria Collins,Charles Hernandez,37,,Pasta - Collins,,9/23/26 11:25 AM,9/23/26 11:34 AM,9 minutes and 33 seconds,*Device Login *Do NOT Remove
IT Italian Trattoria Collins,Default Online Ordering,38,,Pasta - Collins,,9/23/26 11:21 AM,9/23/26 11:34 AM,13 minutes and 34 seconds,*Device Login *Do NOT Remove
IT Italian Trattoria Collins,Charles Hernandez,35,,Pasta - Collins,,9/23/26 11:35 AM,9/23/26 11:35 AM,17 seconds,*Device Login *Do NOT Remove
IT Italian Trattoria Collins,Default Online Ordering,48,,Pasta - Collins,,9/23/26 12:00 PM,9/23/26 12:03 PM,3 minutes and 4 seconds,*Device Login *Do NOT Remove
IT Italian Trattoria Collins,Vivian Ducasal,49,,Pasta - Collins,,9/23/26 12:02 PM,9/23/26 12:08 PM,5 minutes and 58 seconds,*Device Login *Do NOT Remove
IT Italian Trattoria Collins,Vivian Ducasal,51,,Pasta - Collins,,9/23/26 12:06 PM,9/23/26 12:10 PM,4 minutes and 43 seconds,*Device Login *Do NOT Remove
IT Italian Trattoria Collins,Vivian Ducasal,52,,Pasta - Collins,,9/23/26 12:06 PM,9/23/26 12:10 PM,3 minutes and 58 seconds,*Device Login *Do NOT Remove
IT Italian Trattoria Collins,Davide Christopher Paredi,53,,Pizza - Collins,,9/23/26 12:25 PM,9/23/26 12:32 PM,6 minutes and 25 seconds,*Device Login *Do NOT Remove
IT Italian Trattoria Collins,Davide Christopher Paredi,53,,Pasta - Collins,,9/23/26 12:25 PM,9/23/26 12:34 PM,8 minutes and 4 seconds,*Device Login *Do NOT Remove
IT Italian Trattoria Collins,Davide Christopher Paredi,57,,Pasta - Collins,,9/23/26 1:29 PM,9/23/26 1:30 PM,1 minute and 23 seconds,*Device Login *Do NOT Remove
IT Italian Trattoria Collins,Davide Christopher Paredi,57,,Drinks - Collins,,9/23/26 1:29 PM,9/23/26 1:30 PM,1 minute and 23 seconds,*Device Login *Do NOT Remove
IT Italian Trattoria Collins,Davide Christopher Paredi,57,,No print / Expo - Collins,,9/23/26 1:29 PM,9/23/26 1:30 PM,1 minute and 23 seconds,*Device Login *Do NOT Remove
IT Italian Trattoria Collins,Davide Christopher Paredi,57,,Pizza - Collins,,9/23/26 1:29 PM,9/23/26 1:30 PM,1 minute and 23 seconds,*Device Login *Do NOT Remove
IT Italian Trattoria Collins,Davide Christopher Paredi,57,,No Print - Collins,,9/23/26 1:29 PM,9/23/26 1:30 PM,1 minute and 23 seconds,*Device Login *Do NOT Remove
IT Italian Trattoria Collins,Davide Christopher Paredi,57,,Pizza Pala - Collins,,9/23/26 1:29 PM,9/23/26 1:30 PM,1 minute and 23 seconds,*Device Login *Do NOT Remove
IT Italian Trattoria Collins,Davide Christopher Paredi,61,,Pizza - Collins,,9/23/26 1:34 PM,9/23/26 1:42 PM,7 minutes and 21 seconds,*Device Login *Do NOT Remove
IT Italian Trattoria Collins,Davide Christopher Paredi,62,,Pizza - Collins,,9/23/26 1:48 PM,9/23/26 1:55 PM,7 minutes and 56 seconds,*Device Login *Do NOT Remove
IT Italian Trattoria Collins,Davide Christopher Paredi,63,,Pizza - Collins,,9/23/26 1:49 PM,9/23/26 1:55 PM,6 minutes and 25 seconds,*Device Login *Do NOT Remove
IT Italian Trattoria Collins,Davide Christopher Paredi,64,,Pizza - Collins,,9/23/26 1:51 PM,9/23/26 1:58 PM,7 minutes and 14 seconds,*Device Login *Do NOT Remove
IT Italian Trattoria Collins,Davide Christopher Paredi,68,,Pasta - Collins,,9/23/26 2:16 PM,9/23/26 2:22 PM,5 minutes and 45 seconds,*Device Login *Do NOT Remove
IT Italian Trattoria Collins,Davide Christopher Paredi,68,,Pizza - Collins,,9/23/26 2:16 PM,9/23/26 2:23 PM,7 minutes and 6 seconds,*Device Login *Do NOT Remove
IT Italian Trattoria Collins,Davide Christopher Paredi,70,,Pasta - Collins,,9/23/26 2:20 PM,9/23/26 2:29 PM,9 minutes and 43 seconds,*Device Login *Do NOT Remove
IT Italian Trattoria Collins,Davide Christopher Paredi,69,,Pasta - Collins,,9/23/26 2:19 PM,9/23/26 2:32 PM,12 minutes and 48 seconds,*Device Login *Do NOT Remove
IT Italian Trattoria Collins,Davide Christopher Paredi,71,,Pasta - Collins,,9/23/26 2:25 PM,9/23/26 2:32 PM,7 minutes and 7 seconds,*Device Login *Do NOT Remove
IT Italian Trattoria Collins,Davide Christopher Paredi,76,,Pizza - Collins,,9/23/26 2:35 PM,9/23/26 2:42 PM,7 minutes and 55 seconds,*Device Login *Do NOT Remove
IT Italian Trattoria Collins,Davide Christopher Paredi,75,,Pizza - Collins,,9/23/26 2:34 PM,9/23/26 2:42 PM,8 minutes and 49 seconds,*Device Login *Do NOT Remove
IT Italian Trattoria Collins,Davide Christopher Paredi,79,,Pasta - Collins,,9/23/26 2:44 PM,9/23/26 2:49 PM,4 minutes and 17 seconds,*Device Login *Do NOT Remove
IT Italian Trattoria Collins,Davide Christopher Paredi,77,,Pizza - Collins,,9/23/26 2:42 PM,9/23/26 2:52 PM,10 minutes and 12 seconds,*Device Login *Do NOT Remove
IT Italian Trattoria Collins,Davide Christopher Paredi,78,,Pasta - Collins,,9/23/26 2:44 PM,9/23/26 2:53 PM,9 minutes and 31 seconds,*Device Login *Do NOT Remove
IT Italian Trattoria Collins,Davide Christopher Paredi,80,,Pasta - Collins,,9/23/26 2:47 PM,9/23/26 2:58 PM,10 minutes and 21 seconds,*Device Login *Do NOT Remove
IT Italian Trattoria Collins,Davide Christopher Paredi,81,,Pizza - Collins,,9/23/26 2:51 PM,9/23/26 2:58 PM,7 minutes and 37 seconds,*Device Login *Do NOT Remove
IT Italian Trattoria Collins,Davide Christopher Paredi,72,,Pizza - Collins,,9/23/26 2:48 PM,9/23/26 3:03 PM,14 minutes and 40 seconds,*Device Login *Do NOT Remove
IT Italian Trattoria Collins,Vivian Ducasal,85,,Pasta - Collins,,9/23/26 3:09 PM,9/23/26 3:11 PM,2 minutes and 21 seconds,*Device Login *Do NOT Remove
IT Italian Trattoria Collins,Vivian Ducasal,84,,Pasta - Collins,,9/23/26 3:08 PM,9/23/26 3:18 PM,10 minutes and 5 seconds,*Device Login *Do NOT Remove
IT Italian Trattoria Collins,Vivian Ducasal,84,,Pizza - Collins,,9/23/26 3:08 PM,9/23/26 3:27 PM,19 minutes and 1 second,*Device Login *Do NOT Remove
IT Italian Trattoria Collins,Davide Christopher Paredi,87,,Pasta - Collins,,9/23/26 3:21 PM,9/23/26 3:35 PM,13 minutes and 53 seconds,*Device Login *Do NOT Remove
IT Italian Trattoria Collins,Vivian Ducasal,93,,Pasta - Collins,,9/23/26 3:50 PM,9/23/26 3:55 PM,4 minutes and 41 seconds,*Device Login *Do NOT Remove
IT Italian Trattoria Collins,Andrea Rizzi,97,,Pasta - Collins,,9/23/26 4:34 PM,9/23/26 4:41 PM,6 minutes and 22 seconds,*Device Login *Do NOT Remove
IT Italian Trattoria Collins,Andrea Rizzi,97,,Pizza - Collins,,9/23/26 4:34 PM,9/23/26 4:41 PM,6 minutes and 29 seconds,*Device Login *Do NOT Remove
IT Italian Trattoria Collins,Andrea Rizzi,100,,Drinks - Collins,,9/23/26 4:44 PM,9/23/26 4:44 PM,7 seconds,*Device Login *Do NOT Remove
IT Italian Trattoria Collins,Andrea Rizzi,100,,No print / Expo - Collins,,9/23/26 4:44 PM,9/23/26 4:44 PM,7 seconds,*Device Login *Do NOT Remove
IT Italian Trattoria Collins,Andrea Rizzi,100,,Pasta - Collins,,9/23/26 4:44 PM,9/23/26 4:44 PM,7 seconds,*Device Login *Do NOT Remove
IT Italian Trattoria Collins,Andrea Rizzi,100,,Pizza - Collins,,9/23/26 4:44 PM,9/23/26 4:44 PM,7 seconds,*Device Login *Do NOT Remove
IT Italian Trattoria Collins,Andrea Rizzi,100,,No Print - Collins,,9/23/26 4:44 PM,9/23/26 4:44 PM,7 seconds,*Device Login *Do NOT Remove
IT Italian Trattoria Collins,Andrea Rizzi,100,,Pizza Pala - Collins,,9/23/26 4:44 PM,9/23/26 4:44 PM,7 seconds,*Device Login *Do NOT Remove
IT Italian Trattoria Collins,Andrea Rizzi,98,,Pasta - Collins,,9/23/26 4:40 PM,9/23/26 4:47 PM,7 minutes and 55 seconds,*Device Login *Do NOT Remove
IT Italian Trattoria Collins,Andrea Rizzi,103,,Drinks - Collins,,9/23/26 4:48 PM,9/23/26 4:48 PM,17 seconds,*Device Login *Do NOT Remove
IT Italian Trattoria Collins,Andrea Rizzi,103,,No print / Expo - Collins,,9/23/26 4:48 PM,9/23/26 4:48 PM,17 seconds,*Device Login *Do NOT Remove
IT Italian Trattoria Collins,Andrea Rizzi,103,,Pasta - Collins,,9/23/26 4:48 PM,9/23/26 4:48 PM,17 seconds,*Device Login *Do NOT Remove
IT Italian Trattoria Collins,Andrea Rizzi,103,,Pizza - Collins,,9/23/26 4:48 PM,9/23/26 4:48 PM,17 seconds,*Device Login *Do NOT Remove
IT Italian Trattoria Collins,Andrea Rizzi,103,,No Print - Collins,,9/23/26 4:48 PM,9/23/26 4:48 PM,17 seconds,*Device Login *Do NOT Remove
IT Italian Trattoria Collins,Andrea Rizzi,103,,Pizza Pala - Collins,,9/23/26 4:48 PM,9/23/26 4:48 PM,17 seconds,*Device Login *Do NOT Remove
IT Italian Trattoria Collins,Andrea Rizzi,102,,Pizza - Collins,,9/23/26 4:46 PM,9/23/26 4:57 PM,11 minutes and 9 seconds,*Device Login *Do NOT Remove
IT Italian Trattoria Collins,Andrea Rizzi,103,,Pizza - Collins,,9/23/26 4:48 PM,9/23/26 4:58 PM,10 minutes and 1 second,*Device Login *Do NOT Remove
IT Italian Trattoria Collins,Davide Christopher Paredi,95,,Pizza - Collins,,9/23/26 4:50 PM,9/23/26 4:59 PM,8 minutes and 54 seconds,*Device Login *Do NOT Remove
IT Italian Trattoria Collins,Andrea Rizzi,104,,Pizza - Collins,,9/23/26 4:49 PM,9/23/26 4:59 PM,10 minutes and 11 seconds,*Device Login *Do NOT Remove
IT Italian Trattoria Collins,Andrea Rizzi,104,,Pasta - Collins,,9/23/26 4:49 PM,9/23/26 5:00 PM,11 minutes and 9 seconds,*Device Login *Do NOT Remove
IT Italian Trattoria Collins,Camila Soldo,108,,Pasta - Collins,,9/23/26 5:16 PM,9/23/26 5:20 PM,4 minutes and 1 second,*Device Login *Do NOT Remove
IT Italian Trattoria Collins,Camila Soldo,109,,Drinks - Collins,,9/23/26 5:24 PM,9/23/26 5:25 PM,1 minute and 6 seconds,*Device Login *Do NOT Remove
IT Italian Trattoria Collins,Camila Soldo,109,,No print / Expo - Collins,,9/23/26 5:24 PM,9/23/26 5:25 PM,1 minute and 6 seconds,*Device Login *Do NOT Remove
IT Italian Trattoria Collins,Camila Soldo,109,,Pasta - Collins,,9/23/26 5:24 PM,9/23/26 5:25 PM,1 minute and 6 seconds,*Device Login *Do NOT Remove
IT Italian Trattoria Collins,Camila Soldo,109,,Pizza - Collins,,9/23/26 5:24 PM,9/23/26 5:25 PM,1 minute and 6 seconds,*Device Login *Do NOT Remove
IT Italian Trattoria Collins,Camila Soldo,109,,No Print - Collins,,9/23/26 5:24 PM,9/23/26 5:25 PM,1 minute and 6 seconds,*Device Login *Do NOT Remove
IT Italian Trattoria Collins,Camila Soldo,109,,Pizza Pala - Collins,,9/23/26 5:24 PM,9/23/26 5:25 PM,1 minute and 6 seconds,*Device Login *Do NOT Remove
IT Italian Trattoria Collins,Camila Soldo,110,,Pizza - Collins,,9/23/26 5:26 PM,9/23/26 5:26 PM,17 seconds,*Device Login *Do NOT Remove
IT Italian Trattoria Collins,Camila Soldo,110,,Drinks - Collins,,9/23/26 5:26 PM,9/23/26 5:26 PM,17 seconds,*Device Login *Do NOT Remove
IT Italian Trattoria Collins,Camila Soldo,110,,No print / Expo - Collins,,9/23/26 5:26 PM,9/23/26 5:26 PM,17 seconds,*Device Login *Do NOT Remove
IT Italian Trattoria Collins,Camila Soldo,110,,Pasta - Collins,,9/23/26 5:26 PM,9/23/26 5:26 PM,17 seconds,*Device Login *Do NOT Remove
IT Italian Trattoria Collins,Camila Soldo,110,,No Print - Collins,,9/23/26 5:26 PM,9/23/26 5:26 PM,17 seconds,*Device Login *Do NOT Remove
IT Italian Trattoria Collins,Camila Soldo,110,,Pizza Pala - Collins,,9/23/26 5:26 PM,9/23/26 5:26 PM,17 seconds,*Device Login *Do NOT Remove
IT Italian Trattoria Collins,Andrea Rizzi,113,,Pasta - Collins,,9/23/26 5:28 PM,9/23/26 5:35 PM,6 minutes and 32 seconds,*Device Login *Do NOT Remove
IT Italian Trattoria Collins,Andrea Rizzi,113,,Pizza - Collins,,9/23/26 5:28 PM,9/23/26 5:35 PM,6 minutes and 36 seconds,*Device Login *Do NOT Remove
IT Italian Trattoria Collins,Andrea Rizzi,118,,Pasta - Collins,,9/23/26 5:40 PM,9/23/26 5:47 PM,7 minutes and 7 seconds,*Device Login *Do NOT Remove
IT Italian Trattoria Collins,Andrea Rizzi,117,,Pasta - Collins,,9/23/26 5:38 PM,9/23/26 5:48 PM,10 minutes and 27 seconds,*Device Login *Do NOT Remove
IT Italian Trattoria Collins,Andrea Rizzi,118,,Pizza - Collins,,9/23/26 5:40 PM,9/23/26 5:50 PM,10 minutes and 58 seconds,*Device Login *Do NOT Remove
IT Italian Trattoria Collins,Andrea Rizzi,120,,Pasta - Collins,,9/23/26 6:05 PM,9/23/26 6:12 PM,7 minutes and 38 seconds,*Device Login *Do NOT Remove
IT Italian Trattoria Collins,Andrea Rizzi,121,,Pizza - Collins,,9/23/26 6:11 PM,9/23/26 6:16 PM,4 minutes and 34 seconds,*Device Login *Do NOT Remove
IT Italian Trattoria Collins,Camila Soldo,123,,Pasta - Collins,,9/23/26 7:01 PM,9/23/26 7:09 PM,7 minutes and 49 seconds,*Device Login *Do NOT Remove
IT Italian Trattoria Collins,Andrea Rizzi,127,,Pasta - Collins,,9/23/26 7:10 PM,9/23/26 7:16 PM,6 minutes and 17 seconds,*Device Login *Do NOT Remove
IT Italian Trattoria Collins,Camila Soldo,125,,Pizza - Collins,,9/23/26 7:07 PM,9/23/26 7:21 PM,13 minutes and 26 seconds,*Device Login *Do NOT Remove
IT Italian Trattoria Collins,Andrea Rizzi,130,,Pasta - Collins,,9/23/26 7:48 PM,9/23/26 7:56 PM,7 minutes and 21 seconds,*Device Login *Do NOT Remove
IT Italian Trattoria Collins,Andrea Rizzi,132,,Pizza - Collins,,9/23/26 7:56 PM,9/23/26 8:04 PM,7 minutes and 53 seconds,*Device Login *Do NOT Remove
IT Italian Trattoria Collins,Andrea Rizzi,133,,Pizza - Collins,,9/23/26 8:06 PM,9/23/26 8:14 PM,8 minutes and 29 seconds,*Device Login *Do NOT Remove
IT Italian Trattoria Collins,Andrea Rizzi,134,,Pizza - Collins,,9/23/26 8:06 PM,9/23/26 8:14 PM,7 minutes and 49 seconds,*Device Login *Do NOT Remove
IT Italian Trattoria Collins,Andrea Rizzi,135,,Pasta - Collins,,9/23/26 8:08 PM,9/23/26 8:15 PM,6 minutes and 54 seconds,*Device Login *Do NOT Remove
IT Italian Trattoria Collins,Default Online Ordering,137,,Pizza - Collins,,9/23/26 8:15 PM,9/23/26 8:21 PM,6 minutes and 27 seconds,*Device Login *Do NOT Remove
IT Italian Trattoria Collins,Andrea Rizzi,136,,Pizza - Collins,,9/23/26 8:18 PM,9/23/26 8:24 PM,6 minutes and 7 seconds,*Device Login *Do NOT Remove
IT Italian Trattoria Collins,Andrea Rizzi,138,,Pasta - Collins,,9/23/26 8:20 PM,9/23/26 8:25 PM,5 minutes and 8 seconds,*Device Login *Do NOT Remove
IT Italian Trattoria Collins,Camila Soldo,142,,Drinks - Collins,,9/23/26 8:40 PM,9/23/26 8:41 PM,59 seconds,*Device Login *Do NOT Remove
IT Italian Trattoria Collins,Camila Soldo,142,,No print / Expo - Collins,,9/23/26 8:40 PM,9/23/26 8:41 PM,59 seconds,*Device Login *Do NOT Remove
IT Italian Trattoria Collins,Camila Soldo,142,,Pasta - Collins,,9/23/26 8:40 PM,9/23/26 8:41 PM,59 seconds,*Device Login *Do NOT Remove
IT Italian Trattoria Collins,Camila Soldo,142,,Pizza - Collins,,9/23/26 8:40 PM,9/23/26 8:41 PM,59 seconds,*Device Login *Do NOT Remove
IT Italian Trattoria Collins,Camila Soldo,142,,No Print - Collins,,9/23/26 8:40 PM,9/23/26 8:41 PM,59 seconds,*Device Login *Do NOT Remove
IT Italian Trattoria Collins,Camila Soldo,142,,Pizza Pala - Collins,,9/23/26 8:40 PM,9/23/26 8:41 PM,59 seconds,*Device Login *Do NOT Remove
IT Italian Trattoria Collins,Default Online Ordering,140,,Pasta - Collins,,9/23/26 8:37 PM,9/23/26 8:42 PM,4 minutes and 49 seconds,*Device Login *Do NOT Remove
IT Italian Trattoria Collins,Camila Soldo,142,,Pasta - Collins,,9/23/26 8:40 PM,9/23/26 8:47 PM,6 minutes and 51 seconds,*Device Login *Do NOT Remove
IT Italian Trattoria Collins,Andrea Rizzi,141,,Pasta - Collins,,9/23/26 8:40 PM,9/23/26 8:48 PM,7 minutes and 50 seconds,*Device Login *Do NOT Remove
IT Italian Trattoria Collins,Andrea Rizzi,143,,Pizza - Collins,,9/23/26 8:44 PM,9/23/26 8:50 PM,5 minutes and 47 seconds,*Device Login *Do NOT Remove
IT Italian Trattoria Collins,Andrea Rizzi,145,,Pasta - Collins,,9/23/26 8:45 PM,9/23/26 8:51 PM,6 minutes and 18 seconds,*Device Login *Do NOT Remove
IT Italian Trattoria Collins,Andrea Rizzi,147,,Pasta - Collins,,9/23/26 8:49 PM,9/23/26 8:56 PM,6 minutes and 51 seconds,*Device Login *Do NOT Remove
IT Italian Trattoria Collins,Andrea Rizzi,146,,Pasta - Collins,,9/23/26 8:50 PM,9/23/26 8:56 PM,5 minutes and 56 seconds,*Device Login *Do NOT Remove
IT Italian Trattoria Collins,Andrea Rizzi,149,,Pizza - Collins,,9/23/26 8:52 PM,9/23/26 8:59 PM,7 minutes and 3 seconds,*Device Login *Do NOT Remove
IT Italian Trattoria Collins,Andrea Rizzi,149,,Drinks - Collins,,9/23/26 8:52 PM,9/23/26 8:59 PM,7 minutes and 3 seconds,*Device Login *Do NOT Remove
IT Italian Trattoria Collins,Andrea Rizzi,149,,No print / Expo - Collins,,9/23/26 8:52 PM,9/23/26 8:59 PM,7 minutes and 3 seconds,*Device Login *Do NOT Remove
IT Italian Trattoria Collins,Andrea Rizzi,149,,Pasta - Collins,,9/23/26 8:52 PM,9/23/26 8:59 PM,7 minutes and 3 seconds,*Device Login *Do NOT Remove
IT Italian Trattoria Collins,Andrea Rizzi,149,,No Print - Collins,,9/23/26 8:52 PM,9/23/26 8:59 PM,7 minutes and 3 seconds,*Device Login *Do NOT Remove
IT Italian Trattoria Collins,Andrea Rizzi,149,,Pizza Pala - Collins,,9/23/26 8:52 PM,9/23/26 8:59 PM,7 minutes and 3 seconds,*Device Login *Do NOT Remove
IT Italian Trattoria Collins,Andrea Rizzi,149,,Pasta - Collins,,9/23/26 8:52 PM,9/23/26 9:02 PM,9 minutes and 55 seconds,*Device Login *Do NOT Remove
IT Italian Trattoria Collins,Andrea Rizzi,148,,Pasta - Collins,,9/23/26 8:53 PM,9/23/26 9:04 PM,10 minutes and 43 seconds,*Device Login *Do NOT Remove
IT Italian Trattoria Collins,Davide Christopher Paredi,150,,Pasta - Collins,,9/23/26 8:55 PM,9/23/26 9:05 PM,9 minutes and 41 seconds,*Device Login *Do NOT Remove
IT Italian Trattoria Collins,Andrea Rizzi,148,,Pizza - Collins,,9/23/26 8:53 PM,9/23/26 9:06 PM,12 minutes and 30 seconds,*Device Login *Do NOT Remove
IT Italian Trattoria Collins,Davide Christopher Paredi,150,,Pizza - Collins,,9/23/26 8:55 PM,9/23/26 9:07 PM,11 minutes and 31 seconds,*Device Login *Do NOT Remove
IT Italian Trattoria Collins,Andrea Rizzi,153,,Pizza - Collins,,9/23/26 9:06 PM,9/23/26 9:15 PM,9 minutes and 33 seconds,*Device Login *Do NOT Remove
IT Italian Trattoria Collins,Andrea Rizzi,157,,Pasta - Collins,,9/23/26 9:13 PM,9/23/26 9:19 PM,5 minutes and 53 seconds,*Device Login *Do NOT Remove
IT Italian Trattoria Collins,Andrea Rizzi,159,,Pizza - Collins,,9/23/26 9:24 PM,9/23/26 9:28 PM,3 minutes and 49 seconds,*Device Login *Do NOT Remove
IT Italian Trattoria Collins,Andrea Rizzi,161,,Pizza - Collins,,9/23/26 9:39 PM,9/23/26 9:44 PM,5 minutes and 49 seconds,*Device Login *Do NOT Remove
IT Italian Trattoria Collins,Andrea Rizzi,162,,Pasta - Collins,,9/23/26 9:42 PM,9/23/26 9:47 PM,4 minutes and 50 seconds,*Device Login *Do NOT Remove
IT Italian Trattoria Collins,Andrea Rizzi,167,,Pasta - Collins,,9/23/26 10:07 PM,9/23/26 10:17 PM,9 minutes and 37 seconds,*Device Login *Do NOT Remove
IT Italian Trattoria Collins,Default Online Ordering,169,,Pizza - Collins,,9/23/26 10:09 PM,9/23/26 10:19 PM,9 minutes and 46 seconds,*Device Login *Do NOT Remove
IT Italian Trattoria Collins,Default Online Ordering,169,,Pasta - Collins,,9/23/26 10:09 PM,9/23/26 10:19 PM,9 minutes and 55 seconds,*Device Login *Do NOT Remove
IT Italian Trattoria Collins,Andrea Rizzi,168,,Pizza - Collins,,9/23/26 10:09 PM,9/23/26 10:23 PM,13 minutes and 25 seconds,*Device Login *Do NOT Remove
IT Italian Trattoria Collins,Andrea Rizzi,172,,Pizza - Collins,,9/23/26 10:14 PM,9/23/26 10:23 PM,8 minutes and 27 seconds,*Device Login *Do NOT Remove
IT Italian Trattoria Collins,Andrea Rizzi,172,,Pasta - Collins,,9/23/26 10:14 PM,9/23/26 10:25 PM,10 minutes and 38 seconds,*Device Login *Do NOT Remove
IT Italian Trattoria Collins,Camila Soldo,176,,Pizza - Collins,,9/23/26 10:41 PM,9/23/26 10:48 PM,7 minutes and 35 seconds,*Device Login *Do NOT Remove
IT Italian Trattoria Collins,Camila Soldo,177,,Pasta - Collins,,9/23/26 10:45 PM,9/23/26 10:53 PM,7 minutes and 42 seconds,*Device Login *Do NOT Remove
IT Italian Trattoria Collins,Camila Soldo,177,,Pizza - Collins,,9/23/26 10:45 PM,9/23/26 10:56 PM,10 minutes and 35 seconds,*Device Login *Do NOT Remove
IT Italian Trattoria Collins,Charles Hernandez,4,,Pasta - Collins,,9/24/26 7:29 AM,9/24/26 7:31 AM,2 minutes and 44 seconds,*Device Login *Do NOT Remove
IT Italian Trattoria Collins,Charles Hernandez,5,,Pasta - Collins,,9/24/26 7:31 AM,9/24/26 7:33 AM,2 minutes and 11 seconds,*Device Login *Do NOT Remove
IT Italian Trattoria Collins,Charles Hernandez,7,,Pasta - Collins,,9/24/26 7:57 AM,9/24/26 7:58 AM,52 seconds,*Device Login *Do NOT Remove
IT Italian Trattoria Collins,Charles Hernandez,14,,Pasta - Collins,,9/24/26 8:20 AM,9/24/26 8:22 AM,1 minute and 19 seconds,*Device Login *Do NOT Remove
IT Italian Trattoria Collins,Charles Hernandez,12,,Pasta - Collins,,9/24/26 8:18 AM,9/24/26 8:22 AM,4 minutes and 4 seconds,*Device Login *Do NOT Remove
IT Italian Trattoria Collins,Charles Hernandez,15,,Pasta - Collins,,9/24/26 8:41 AM,9/24/26 8:42 AM,42 seconds,*Device Login *Do NOT Remove
IT Italian Trattoria Collins,Charles Hernandez,16,,Pasta - Collins,,9/24/26 8:42 AM,9/24/26 8:46 AM,3 minutes and 20 seconds,*Device Login *Do NOT Remove
IT Italian Trattoria Collins,Charles Hernandez,18,,Pasta - Collins,,9/24/26 8:55 AM,9/24/26 8:57 AM,1 minute and 56 seconds,*Device Login *Do NOT Remove
IT Italian Trattoria Collins,Charles Hernandez,21,,Pasta - Collins,,9/24/26 9:09 AM,9/24/26 9:14 AM,5 minutes and 42 seconds,*Device Login *Do NOT Remove
IT Italian Trattoria Collins,Charles Hernandez,23,,Pasta - Collins,,9/24/26 9:17 AM,9/24/26 9:19 AM,1 minute and 40 seconds,*Device Login *Do NOT Remove
IT Italian Trattoria Collins,Charles Hernandez,24,,Pasta - Collins,,9/24/26 9:36 AM,9/24/26 9:39 AM,2 minutes and 29 seconds,*Device Login *Do NOT Remove
IT Italian Trattoria Collins,Charles Hernandez,30,,Pasta - Collins,,9/24/26 10:35 AM,9/24/26 10:38 AM,3 minutes and 31 seconds,*Device Login *Do NOT Remove
IT Italian Trattoria Collins,Charles Hernandez,33,,Pasta - Collins,,9/24/26 11:01 AM,9/24/26 11:03 AM,1 minute and 37 seconds,*Device Login *Do NOT Remove
IT Italian Trattoria Collins,Charles Hernandez,36,,Pasta - Collins,,9/24/26 11:29 AM,9/24/26 11:34 AM,4 minutes and 42 seconds,*Device Login *Do NOT Remove
IT Italian Trattoria Collins,Charles Hernandez,37,,Pasta - Collins,,9/24/26 11:49 AM,9/24/26 11:52 AM,3 minutes and 17 seconds,*Device Login *Do NOT Remove
IT Italian Trattoria Collins,Charles Hernandez,39,,Pizza - Collins,,9/24/26 12:04 PM,9/24/26 12:12 PM,7 minutes and 30 seconds,*Device Login *Do NOT Remove
IT Italian Trattoria Collins,Charles Hernandez,43,,Pizza - Collins,,9/24/26 12:21 PM,9/24/26 12:28 PM,7 minutes and 4 seconds,*Device Login *Do NOT Remove
IT Italian Trattoria Collins,Charles Hernandez,46,,Drinks - Collins,,9/24/26 12:43 PM,9/24/26 12:43 PM,5 seconds,*Device Login *Do NOT Remove
IT Italian Trattoria Collins,Charles Hernandez,46,,No print / Expo - Collins,,9/24/26 12:43 PM,9/24/26 12:43 PM,5 seconds,*Device Login *Do NOT Remove
IT Italian Trattoria Collins,Charles Hernandez,46,,Pasta - Collins,,9/24/26 12:43 PM,9/24/26 12:43 PM,5 seconds,*Device Login *Do NOT Remove
IT Italian Trattoria Collins,Charles Hernandez,46,,Pizza - Collins,,9/24/26 12:43 PM,9/24/26 12:43 PM,5 seconds,*Device Login *Do NOT Remove
IT Italian Trattoria Collins,Charles Hernandez,46,,No Print - Collins,,9/24/26 12:43 PM,9/24/26 12:43 PM,5 seconds,*Device Login *Do NOT Remove
IT Italian Trattoria Collins,Charles Hernandez,46,,Pizza Pala - Collins,,9/24/26 12:43 PM,9/24/26 12:43 PM,5 seconds,*Device Login *Do NOT Remove
IT Italian Trattoria Collins,Charles Hernandez,45,,Pasta - Collins,,9/24/26 12:41 PM,9/24/26 12:45 PM,4 minutes and 15 seconds,*Device Login *Do NOT Remove
IT Italian Trattoria Collins,Charles Hernandez,47,,Pizza - Collins,,9/24/26 12:47 PM,9/24/26 12:53 PM,6 minutes and 9 seconds,*Device Login *Do NOT Remove
IT Italian Trattoria Collins,Charles Hernandez,52,,Pasta - Collins,,9/24/26 1:05 PM,9/24/26 1:10 PM,4 minutes and 49 seconds,*Device Login *Do NOT Remove
IT Italian Trattoria Collins,Charles Hernandez,53,,Pasta - Collins,,9/24/26 1:08 PM,9/24/26 1:13 PM,4 minutes and 28 seconds,*Device Login *Do NOT Remove
IT Italian Trattoria Collins,Charles Hernandez,50,,Pasta - Collins,,9/24/26 1:15 PM,9/24/26 1:20 PM,5 minutes and 5 seconds,*Device Login *Do NOT Remove
IT Italian Trattoria Collins,Charles Hernandez,57,,Pasta - Collins,,9/24/26 1:30 PM,9/24/26 1:31 PM,38 seconds,*Device Login *Do NOT Remove
IT Italian Trattoria Collins,Charles Hernandez,57,,Pizza - Collins,,9/24/26 1:30 PM,9/24/26 1:37 PM,6 minutes and 1 second,*Device Login *Do NOT Remove
IT Italian Trattoria Collins,Charles Hernandez,59,,Pasta - Collins,,9/24/26 1:42 PM,9/24/26 1:43 PM,44 seconds,*Device Login *Do NOT Remove
IT Italian Trattoria Collins,Charles Hernandez,58,,Pasta - Collins,,9/24/26 1:39 PM,9/24/26 1:47 PM,7 minutes and 42 seconds,*Device Login *Do NOT Remove
IT Italian Trattoria Collins,Charles Hernandez,60,,Pasta - Collins,,9/24/26 1:57 PM,9/24/26 2:00 PM,2 minutes and 50 seconds,*Device Login *Do NOT Remove
IT Italian Trattoria Collins,Charles Hernandez,60,,Pizza - Collins,,9/24/26 1:57 PM,9/24/26 2:02 PM,5 minutes and 14 seconds,*Device Login *Do NOT Remove
IT Italian Trattoria Collins,Charles Hernandez,62,,Pizza - Collins,,9/24/26 2:05 PM,9/24/26 2:10 PM,5 minutes and 3 seconds,*Device Login *Do NOT Remove
IT Italian Trattoria Collins,Charles Hernandez,64,,Pizza - Collins,,9/24/26 2:06 PM,9/24/26 2:11 PM,5 minutes and 4 seconds,*Device Login *Do NOT Remove
IT Italian Trattoria Collins,Charles Hernandez,65,,Pasta - Collins,,9/24/26 2:07 PM,9/24/26 2:15 PM,7 minutes and 47 seconds,*Device Login *Do NOT Remove
IT Italian Trattoria Collins,Charles Hernandez,67,,Pasta - Collins,,9/24/26 2:09 PM,9/24/26 2:15 PM,5 minutes and 47 seconds,*Device Login *Do NOT Remove
IT Italian Trattoria Collins,Charles Hernandez,68,,Pizza - Collins,,9/24/26 2:15 PM,9/24/26 2:24 PM,8 minutes and 40 seconds,*Device Login *Do NOT Remove
IT Italian Trattoria Collins,Charles Hernandez,70,,Pasta - Collins,,9/24/26 2:33 PM,9/24/26 2:37 PM,3 minutes and 45 seconds,*Device Login *Do NOT Remove
IT Italian Trattoria Collins,Charles Hernandez,70,,Pizza - Collins,,9/24/26 2:33 PM,9/24/26 2:39 PM,5 minutes and 45 seconds,*Device Login *Do NOT Remove
IT Italian Trattoria Collins,Charles Hernandez,75,,Pasta - Collins,,9/24/26 2:37 PM,9/24/26 2:43 PM,5 minutes and 47 seconds,*Device Login *Do NOT Remove
IT Italian Trattoria Collins,Charles Hernandez,75,,Pizza - Collins,,9/24/26 2:37 PM,9/24/26 2:54 PM,16 minutes and 57 seconds,*Device Login *Do NOT Remove
IT Italian Trattoria Collins,Vivian Ducasal,81,,Pasta - Collins,,9/24/26 3:17 PM,9/24/26 3:21 PM,4 minutes and 8 seconds,*Device Login *Do NOT Remove
IT Italian Trattoria Collins,Vivian Ducasal,84,,Pizza - Collins,,9/24/26 3:30 PM,9/24/26 3:38 PM,7 minutes and 52 seconds,*Device Login *Do NOT Remove
IT Italian Trattoria Collins,Vivian Ducasal,83,,Pizza - Collins,,9/24/26 3:29 PM,9/24/26 3:38 PM,8 minutes and 32 seconds,*Device Login *Do NOT Remove
IT Italian Trattoria Collins,Andrea Rizzi,86,,Pasta - Collins,,9/24/26 4:30 PM,9/24/26 4:36 PM,6 minutes and 17 seconds,*Device Login *Do NOT Remove
IT Italian Trattoria Collins,Andrea Rizzi,86,,No print / Expo - Collins,,9/24/26 4:30 PM,9/24/26 4:36 PM,6 minutes and 17 seconds,*Device Login *Do NOT Remove
IT Italian Trattoria Collins,Andrea Rizzi,86,,Pizza - Collins,,9/24/26 4:30 PM,9/24/26 4:36 PM,6 minutes and 17 seconds,*Device Login *Do NOT Remove
IT Italian Trattoria Collins,Andrea Rizzi,87,,Pasta - Collins,,9/24/26 4:32 PM,9/24/26 4:40 PM,8 minutes and 21 seconds,*Device Login *Do NOT Remove
IT Italian Trattoria Collins,Davide Christopher Paredi,89,,Pizza - Collins,,9/24/26 5:01 PM,9/24/26 5:10 PM,8 minutes and 55 seconds,*Device Login *Do NOT Remove
IT Italian Trattoria Collins,Yamila Hidalgo,92,,Pasta - Collins,,9/24/26 5:29 PM,9/24/26 5:33 PM,3 minutes and 43 seconds,*Device Login *Do NOT Remove
IT Italian Trattoria Collins,Yamila Hidalgo,94,,Drinks - Collins,,9/24/26 5:36 PM,9/24/26 5:41 PM,5 minutes and 6 seconds,*Device Login *Do NOT Remove
IT Italian Trattoria Collins,Yamila Hidalgo,94,,No print / Expo - Collins,,9/24/26 5:36 PM,9/24/26 5:41 PM,5 minutes and 6 seconds,*Device Login *Do NOT Remove
IT Italian Trattoria Collins,Yamila Hidalgo,94,,Pasta - Collins,,9/24/26 5:36 PM,9/24/26 5:41 PM,5 minutes and 6 seconds,*Device Login *Do NOT Remove
IT Italian Trattoria Collins,Yamila Hidalgo,94,,Pizza - Collins,,9/24/26 5:36 PM,9/24/26 5:41 PM,5 minutes and 6 seconds,*Device Login *Do NOT Remove
IT Italian Trattoria Collins,Yamila Hidalgo,94,,No Print - Collins,,9/24/26 5:36 PM,9/24/26 5:41 PM,5 minutes and 6 seconds,*Device Login *Do NOT Remove
IT Italian Trattoria Collins,Yamila Hidalgo,94,,Pizza Pala - Collins,,9/24/26 5:36 PM,9/24/26 5:41 PM,5 minutes and 6 seconds,*Device Login *Do NOT Remove
IT Italian Trattoria Collins,Yamila Hidalgo,94,,Pizza - Collins,,9/24/26 5:36 PM,9/24/26 5:48 PM,12 minutes and 14 seconds,*Device Login *Do NOT Remove
IT Italian Trattoria Collins,Default Online Ordering,98,,Pasta - Collins,,9/24/26 5:52 PM,9/24/26 5:59 PM,7 minutes and 8 seconds,*Device Login *Do NOT Remove
IT Italian Trattoria Collins,Default Online Ordering,98,,Pizza - Collins,,9/24/26 5:52 PM,9/24/26 6:03 PM,10 minutes and 44 seconds,*Device Login *Do NOT Remove
IT Italian Trattoria Collins,Yamila Hidalgo,95,,Drinks - Collins,,9/24/26 6:19 PM,9/24/26 6:22 PM,3 minutes and 23 seconds,*Device Login *Do NOT Remove
IT Italian Trattoria Collins,Yamila Hidalgo,95,,No print / Expo - Collins,,9/24/26 6:19 PM,9/24/26 6:22 PM,3 minutes and 23 seconds,*Device Login *Do NOT Remove
IT Italian Trattoria Collins,Yamila Hidalgo,95,,Pasta - Collins,,9/24/26 6:19 PM,9/24/26 6:22 PM,3 minutes and 23 seconds,*Device Login *Do NOT Remove
IT Italian Trattoria Collins,Yamila Hidalgo,95,,Pizza - Collins,,9/24/26 6:19 PM,9/24/26 6:22 PM,3 minutes and 23 seconds,*Device Login *Do NOT Remove
IT Italian Trattoria Collins,Yamila Hidalgo,95,,No Print - Collins,,9/24/26 6:19 PM,9/24/26 6:22 PM,3 minutes and 23 seconds,*Device Login *Do NOT Remove
IT Italian Trattoria Collins,Yamila Hidalgo,95,,Pizza Pala - Collins,,9/24/26 6:19 PM,9/24/26 6:22 PM,3 minutes and 23 seconds,*Device Login *Do NOT Remove
IT Italian Trattoria Collins,Andrea Rizzi,100,,Pizza - Collins,,9/24/26 6:21 PM,9/24/26 6:22 PM,1 minute and 7 seconds,*Device Login *Do NOT Remove
IT Italian Trattoria Collins,Yamila Hidalgo,95,,Pizza - Collins,,9/24/26 6:19 PM,9/24/26 6:25 PM,5 minutes and 37 seconds,*Device Login *Do NOT Remove
IT Italian Trattoria Collins,Davide Christopher Paredi,103,,Pizza - Collins,,9/24/26 6:40 PM,9/24/26 6:45 PM,5 minutes and 4 seconds,*Device Login *Do NOT Remove
IT Italian Trattoria Collins,Davide Christopher Paredi,102,,Pasta - Collins,,9/24/26 6:39 PM,9/24/26 6:47 PM,7 minutes and 40 seconds,*Device Login *Do NOT Remove
IT Italian Trattoria Collins,Davide Christopher Paredi,103,,Pasta - Collins,,9/24/26 6:40 PM,9/24/26 6:50 PM,9 minutes and 22 seconds,*Device Login *Do NOT Remove
IT Italian Trattoria Collins,Andrea Rizzi,106,,Pasta - Collins,,9/24/26 6:54 PM,9/24/26 7:00 PM,5 minutes and 42 seconds,*Device Login *Do NOT Remove
IT Italian Trattoria Collins,Andrea Rizzi,107,,Pizza - Collins,,9/24/26 6:55 PM,9/24/26 7:02 PM,7 minutes and 2 seconds,*Device Login *Do NOT Remove
IT Italian Trattoria Collins,Andrea Rizzi,108,,Pasta - Collins,,9/24/26 7:09 PM,9/24/26 7:17 PM,8 minutes and 10 seconds,*Device Login *Do NOT Remove
IT Italian Trattoria Collins,Andrea Rizzi,112,,Pasta - Collins,,9/24/26 7:25 PM,9/24/26 7:30 PM,5 minutes and 6 seconds,*Device Login *Do NOT Remove
IT Italian Trattoria Collins,Default Online Ordering,114,,Pasta - Collins,,9/24/26 7:27 PM,9/24/26 7:32 PM,5 minutes and 15 seconds,*Device Login *Do NOT Remove
IT Italian Trattoria Collins,Andrea Rizzi,113,,Pasta - Collins,,9/24/26 7:35 PM,9/24/26 7:40 PM,5 minutes and 15 seconds,*Device Login *Do NOT Remove
IT Italian Trattoria Collins,Andrea Rizzi,115,,Pizza - Collins,,9/24/26 7:36 PM,9/24/26 7:46 PM,9 minutes and 55 seconds,*Device Login *Do NOT Remove
IT Italian Trattoria Collins,Andrea Rizzi,109,,Drinks - Collins,,9/24/26 7:46 PM,9/24/26 7:47 PM,1 minute,*Device Login *Do NOT Remove
IT Italian Trattoria Collins,Andrea Rizzi,109,,No print / Expo - Collins,,9/24/26 7:46 PM,9/24/26 7:47 PM,1 minute,*Device Login *Do NOT Remove
IT Italian Trattoria Collins,Andrea Rizzi,109,,Pasta - Collins,,9/24/26 7:46 PM,9/24/26 7:47 PM,1 minute,*Device Login *Do NOT Remove
IT Italian Trattoria Collins,Andrea Rizzi,109,,Pizza - Collins,,9/24/26 7:46 PM,9/24/26 7:47 PM,1 minute,*Device Login *Do NOT Remove
IT Italian Trattoria Collins,Andrea Rizzi,109,,No Print - Collins,,9/24/26 7:46 PM,9/24/26 7:47 PM,1 minute,*Device Login *Do NOT Remove
IT Italian Trattoria Collins,Andrea Rizzi,109,,Pizza Pala - Collins,,9/24/26 7:46 PM,9/24/26 7:47 PM,1 minute,*Device Login *Do NOT Remove
IT Italian Trattoria Collins,Davide Christopher Paredi,116,,Pizza - Collins,,9/24/26 7:47 PM,9/24/26 7:47 PM,12 seconds,*Device Login *Do NOT Remove
IT Italian Trattoria Collins,Davide Christopher Paredi,116,,Drinks - Collins,,9/24/26 7:47 PM,9/24/26 7:47 PM,12 seconds,*Device Login *Do NOT Remove
IT Italian Trattoria Collins,Davide Christopher Paredi,116,,No print / Expo - Collins,,9/24/26 7:47 PM,9/24/26 7:47 PM,12 seconds,*Device Login *Do NOT Remove
IT Italian Trattoria Collins,Davide Christopher Paredi,116,,Pasta - Collins,,9/24/26 7:47 PM,9/24/26 7:47 PM,12 seconds,*Device Login *Do NOT Remove
IT Italian Trattoria Collins,Davide Christopher Paredi,116,,No Print - Collins,,9/24/26 7:47 PM,9/24/26 7:47 PM,12 seconds,*Device Login *Do NOT Remove
IT Italian Trattoria Collins,Davide Christopher Paredi,116,,Pizza Pala - Collins,,9/24/26 7:47 PM,9/24/26 7:47 PM,12 seconds,*Device Login *Do NOT Remove
IT Italian Trattoria Collins,Davide Christopher Paredi,116,,Pasta - Collins,,9/24/26 7:47 PM,9/24/26 7:48 PM,51 seconds,*Device Login *Do NOT Remove
IT Italian Trattoria Collins,Andrea Rizzi,109,,Pasta - Collins,,9/24/26 7:46 PM,9/24/26 7:53 PM,6 minutes and 39 seconds,*Device Login *Do NOT Remove
IT Italian Trattoria Collins,Davide Christopher Paredi,118,,Pasta - Collins,,9/24/26 7:51 PM,9/24/26 7:58 PM,7 minutes and 2 seconds,*Device Login *Do NOT Remove
IT Italian Trattoria Collins,Andrea Rizzi,121,,Pasta - Collins,,9/24/26 8:07 PM,9/24/26 8:12 PM,5 minutes and 29 seconds,*Device Login *Do NOT Remove
IT Italian Trattoria Collins,Andrea Rizzi,124,,Pizza - Collins,,9/24/26 8:20 PM,9/24/26 8:24 PM,4 minutes and 39 seconds,*Device Login *Do NOT Remove
IT Italian Trattoria Collins,Andrea Rizzi,125,,Pasta - Collins,,9/24/26 8:30 PM,9/24/26 8:35 PM,4 minutes and 53 seconds,*Device Login *Do NOT Remove
IT Italian Trattoria Collins,Andrea Rizzi,127,,Pizza - Collins,,9/24/26 8:45 PM,9/24/26 8:50 PM,4 minutes and 58 seconds,*Device Login *Do NOT Remove
IT Italian Trattoria Collins,Andrea Rizzi,128,,Pasta - Collins,,9/24/26 8:48 PM,9/24/26 8:56 PM,7 minutes and 41 seconds,*Device Login *Do NOT Remove
IT Italian Trattoria Collins,Andrea Rizzi,132,,Pizza - Collins,,9/24/26 8:57 PM,9/24/26 9:01 PM,4 minutes and 22 seconds,*Device Login *Do NOT Remove
IT Italian Trattoria Collins,Andrea Rizzi,132,,Pasta - Collins,,9/24/26 8:57 PM,9/24/26 9:02 PM,4 minutes and 46 seconds,*Device Login *Do NOT Remove
IT Italian Trattoria Collins,Andrea Rizzi,131,,Pasta - Collins,,9/24/26 8:54 PM,9/24/26 9:03 PM,8 minutes and 19 seconds,*Device Login *Do NOT Remove
IT Italian Trattoria Collins,Andrea Rizzi,135,,Drinks - Collins,,9/24/26 9:05 PM,9/24/26 9:06 PM,21 seconds,*Device Login *Do NOT Remove
IT Italian Trattoria Collins,Andrea Rizzi,135,,No print / Expo - Collins,,9/24/26 9:05 PM,9/24/26 9:06 PM,21 seconds,*Device Login *Do NOT Remove
IT Italian Trattoria Collins,Andrea Rizzi,135,,Pasta - Collins,,9/24/26 9:05 PM,9/24/26 9:06 PM,21 seconds,*Device Login *Do NOT Remove
IT Italian Trattoria Collins,Andrea Rizzi,135,,Pizza - Collins,,9/24/26 9:05 PM,9/24/26 9:06 PM,21 seconds,*Device Login *Do NOT Remove
IT Italian Trattoria Collins,Andrea Rizzi,135,,No Print - Collins,,9/24/26 9:05 PM,9/24/26 9:06 PM,21 seconds,*Device Login *Do NOT Remove
IT Italian Trattoria Collins,Andrea Rizzi,135,,Pizza Pala - Collins,,9/24/26 9:05 PM,9/24/26 9:06 PM,21 seconds,*Device Login *Do NOT Remove
IT Italian Trattoria Collins,Andrea Rizzi,136,,Pizza - Collins,,9/24/26 9:11 PM,9/24/26 9:11 PM,20 seconds,*Device Login *Do NOT Remove
IT Italian Trattoria Collins,Andrea Rizzi,136,,Drinks - Collins,,9/24/26 9:11 PM,9/24/26 9:11 PM,20 seconds,*Device Login *Do NOT Remove
IT Italian Trattoria Collins,Andrea Rizzi,136,,No print / Expo - Collins,,9/24/26 9:11 PM,9/24/26 9:11 PM,20 seconds,*Device Login *Do NOT Remove
IT Italian Trattoria Collins,Andrea Rizzi,136,,Pasta - Collins,,9/24/26 9:11 PM,9/24/26 9:11 PM,20 seconds,*Device Login *Do NOT Remove
IT Italian Trattoria Collins,Andrea Rizzi,136,,No Print - Collins,,9/24/26 9:11 PM,9/24/26 9:11 PM,20 seconds,*Device Login *Do NOT Remove
IT Italian Trattoria Collins,Andrea Rizzi,136,,Pizza Pala - Collins,,9/24/26 9:11 PM,9/24/26 9:11 PM,20 seconds,*Device Login *Do NOT Remove
IT Italian Trattoria Collins,Andrea Rizzi,136,,Pasta - Collins,,9/24/26 9:11 PM,9/24/26 9:16 PM,5 minutes and 2 seconds,*Device Login *Do NOT Remove
IT Italian Trattoria Collins,Andrea Rizzi,137,,Pizza - Collins,,9/24/26 9:12 PM,9/24/26 9:17 PM,5 minutes and 16 seconds,*Device Login *Do NOT Remove
IT Italian Trattoria Collins,Andrea Rizzi,137,,Pasta - Collins,,9/24/26 9:12 PM,9/24/26 9:18 PM,5 minutes and 43 seconds,*Device Login *Do NOT Remove
IT Italian Trattoria Collins,Andrea Rizzi,138,,Pizza - Collins,,9/24/26 9:18 PM,9/24/26 9:23 PM,4 minutes and 37 seconds,*Device Login *Do NOT Remove
IT Italian Trattoria Collins,Andrea Rizzi,138,,Pasta - Collins,,9/24/26 9:18 PM,9/24/26 9:24 PM,6 minutes and 2 seconds,*Device Login *Do NOT Remove
IT Italian Trattoria Collins,Yamila Hidalgo,140,,Pasta - Collins,,9/24/26 9:21 PM,9/24/26 9:27 PM,6 minutes and 10 seconds,*Device Login *Do NOT Remove
IT Italian Trattoria Collins,Yamila Hidalgo,141,,Pasta - Collins,,9/24/26 9:22 PM,9/24/26 9:31 PM,8 minutes and 56 seconds,*Device Login *Do NOT Remove
IT Italian Trattoria Collins,Andrea Rizzi,144,,Pizza - Collins,,9/24/26 9:27 PM,9/24/26 9:35 PM,7 minutes and 49 seconds,*Device Login *Do NOT Remove
IT Italian Trattoria Collins,Andrea Rizzi,147,,Drinks - Collins,,9/24/26 9:37 PM,9/24/26 9:42 PM,4 minutes and 48 seconds,*Device Login *Do NOT Remove
IT Italian Trattoria Collins,Andrea Rizzi,147,,Pasta - Collins,,9/24/26 9:37 PM,9/24/26 9:42 PM,4 minutes and 48 seconds,*Device Login *Do NOT Remove
IT Italian Trattoria Collins,Andrea Rizzi,147,,No print / Expo - Collins,,9/24/26 9:37 PM,9/24/26 9:42 PM,4 minutes and 48 seconds,*Device Login *Do NOT Remove
IT Italian Trattoria Collins,Andrea Rizzi,147,,Pizza - Collins,,9/24/26 9:37 PM,9/24/26 9:42 PM,4 minutes and 48 seconds,*Device Login *Do NOT Remove
IT Italian Trattoria Collins,Andrea Rizzi,147,,No Print - Collins,,9/24/26 9:37 PM,9/24/26 9:42 PM,4 minutes and 48 seconds,*Device Login *Do NOT Remove
IT Italian Trattoria Collins,Andrea Rizzi,147,,Pizza Pala - Collins,,9/24/26 9:37 PM,9/24/26 9:42 PM,4 minutes and 48 seconds,*Device Login *Do NOT Remove
IT Italian Trattoria Collins,Andrea Rizzi,152,,Pasta - Collins,,9/24/26 9:45 PM,9/24/26 9:49 PM,3 minutes and 45 seconds,*Device Login *Do NOT Remove
IT Italian Trattoria Collins,Andrea Rizzi,147,,Pizza - Collins,,9/24/26 9:37 PM,9/24/26 9:49 PM,12 minutes and 24 seconds,*Device Login *Do NOT Remove
IT Italian Trattoria Collins,Yamila Hidalgo,153,,Drinks - Collins,,9/24/26 10:00 PM,9/24/26 10:01 PM,47 seconds,*Device Login *Do NOT Remove
IT Italian Trattoria Collins,Yamila Hidalgo,153,,No print / Expo - Collins,,9/24/26 10:00 PM,9/24/26 10:01 PM,47 seconds,*Device Login *Do NOT Remove
IT Italian Trattoria Collins,Yamila Hidalgo,153,,Pasta - Collins,,9/24/26 10:00 PM,9/24/26 10:01 PM,47 seconds,*Device Login *Do NOT Remove
IT Italian Trattoria Collins,Yamila Hidalgo,153,,Pizza - Collins,,9/24/26 10:00 PM,9/24/26 10:01 PM,47 seconds,*Device Login *Do NOT Remove
IT Italian Trattoria Collins,Yamila Hidalgo,153,,No Print - Collins,,9/24/26 10:00 PM,9/24/26 10:01 PM,47 seconds,*Device Login *Do NOT Remove
IT Italian Trattoria Collins,Yamila Hidalgo,153,,Pizza Pala - Collins,,9/24/26 10:00 PM,9/24/26 10:01 PM,47 seconds,*Device Login *Do NOT Remove
IT Italian Trattoria Collins,Yamila Hidalgo,154,,Drinks - Collins,,9/24/26 10:04 PM,9/24/26 10:05 PM,47 seconds,*Device Login *Do NOT Remove
IT Italian Trattoria Collins,Yamila Hidalgo,154,,No print / Expo - Collins,,9/24/26 10:04 PM,9/24/26 10:05 PM,47 seconds,*Device Login *Do NOT Remove
IT Italian Trattoria Collins,Yamila Hidalgo,154,,Pasta - Collins,,9/24/26 10:04 PM,9/24/26 10:05 PM,47 seconds,*Device Login *Do NOT Remove
IT Italian Trattoria Collins,Yamila Hidalgo,154,,Pizza - Collins,,9/24/26 10:04 PM,9/24/26 10:05 PM,47 seconds,*Device Login *Do NOT Remove
IT Italian Trattoria Collins,Yamila Hidalgo,154,,No Print - Collins,,9/24/26 10:04 PM,9/24/26 10:05 PM,47 seconds,*Device Login *Do NOT Remove
IT Italian Trattoria Collins,Yamila Hidalgo,154,,Pizza Pala - Collins,,9/24/26 10:04 PM,9/24/26 10:05 PM,47 seconds,*Device Login *Do NOT Remove
IT Italian Trattoria Collins,Yamila Hidalgo,153,,Pizza - Collins,,9/24/26 10:00 PM,9/24/26 10:07 PM,6 minutes and 42 seconds,*Device Login *Do NOT Remove
IT Italian Trattoria Collins,Yamila Hidalgo,154,,Pasta - Collins,,9/24/26 10:04 PM,9/24/26 10:11 PM,6 minutes and 25 seconds,*Device Login *Do NOT Remove
IT Italian Trattoria Collins,Default Online Ordering,158,,Pasta - Collins,,9/24/26 10:24 PM,9/24/26 10:29 PM,5 minutes and 37 seconds,*Device Login *Do NOT Remove
IT Italian Trattoria Collins,Andrea Rizzi,159,,Pizza - Collins,,9/24/26 10:26 PM,9/24/26 10:35 PM,8 minutes and 21 seconds,*Device Login *Do NOT Remove
IT Italian Trattoria Collins,Andrea Rizzi,159,,Pasta - Collins,,9/24/26 10:26 PM,9/24/26 10:37 PM,10 minutes and 12 seconds,*Device Login *Do NOT Remove
IT Italian Trattoria Collins,Andrea Rizzi,160,,Pizza - Collins,,9/24/26 10:29 PM,9/24/26 10:38 PM,8 minutes and 52 seconds,*Device Login *Do NOT Remove
IT Italian Trattoria Collins,Andrea Rizzi,161,,Pasta - Collins,,9/24/26 10:51 PM,9/24/26 10:55 PM,4 minutes and 24 seconds,*Device Login *Do NOT Remove
IT Italian Trattoria Collins,Andrea Rizzi,162,,Pizza - Collins,,9/24/26 10:53 PM,9/24/26 10:57 PM,4 minutes and 4 seconds,*Device Login *Do NOT Remove
IT Italian Trattoria Collins,Andrea Rizzi,163,,Pasta - Collins,,9/24/26 10:54 PM,9/24/26 11:01 PM,7 minutes and 22 seconds,*Device Login *Do NOT Remove
IT Italian Trattoria Collins,Vivian Ducasal,2,,Pasta - Collins,,9/25/26 7:24 AM,9/25/26 7:25 AM,31 seconds,*Device Login *Do NOT Remove
IT Italian Trattoria Collins,Vivian Ducasal,4,,Pasta - Collins,,9/25/26 7:31 AM,9/25/26 7:36 AM,5 minutes and 15 seconds,*Device Login *Do NOT Remove
IT Italian Trattoria Collins,Charles Hernandez,7,,Pasta - Collins,,9/25/26 7:36 AM,9/25/26 7:39 AM,3 minutes and 7 seconds,*Device Login *Do NOT Remove
IT Italian Trattoria Collins,Charles Hernandez,9,,Pasta - Collins,,9/25/26 7:58 AM,9/25/26 7:59 AM,46 seconds,*Device Login *Do NOT Remove
IT Italian Trattoria Collins,Charles Hernandez,15,,Pasta - Collins,,9/25/26 8:41 AM,9/25/26 8:44 AM,3 minutes and 7 seconds,*Device Login *Do NOT Remove
IT Italian Trattoria Collins,Charles Hernandez,18,,Pasta - Collins,,9/25/26 9:10 AM,9/25/26 9:15 AM,5 minutes and 10 seconds,*Device Login *Do NOT Remove
IT Italian Trattoria Collins,Charles Hernandez,21,,Pasta - Collins,,9/25/26 9:14 AM,9/25/26 9:17 AM,2 minutes and 40 seconds,*Device Login *Do NOT Remove
IT Italian Trattoria Collins,Charles Hernandez,19,,Pasta - Collins,,9/25/26 9:12 AM,9/25/26 9:18 AM,5 minutes and 34 seconds,*Device Login *Do NOT Remove
IT Italian Trattoria Collins,Charles Hernandez,22,,Pasta - Collins,,9/25/26 9:23 AM,9/25/26 9:26 AM,2 minutes and 26 seconds,*Device Login *Do NOT Remove
IT Italian Trattoria Collins,Charles Hernandez,23,,Pasta - Collins,,9/25/26 9:33 AM,9/25/26 9:33 AM,15 seconds,*Device Login *Do NOT Remove
IT Italian Trattoria Collins,Charles Hernandez,32,,Pasta - Collins,,9/25/26 9:54 AM,9/25/26 9:57 AM,3 minutes and 4 seconds,*Device Login *Do NOT Remove
IT Italian Trattoria Collins,Charles Hernandez,35,,Pasta - Collins,,9/25/26 10:14 AM,9/25/26 10:15 AM,1 minute,*Device Login *Do NOT Remove
IT Italian Trattoria Collins,Charles Hernandez,37,,Pizza - Collins,,9/25/26 10:27 AM,9/25/26 10:27 AM,18 seconds,*Device Login *Do NOT Remove
IT Italian Trattoria Collins,Charles Hernandez,37,,Drinks - Collins,,9/25/26 10:27 AM,9/25/26 10:27 AM,18 seconds,*Device Login *Do NOT Remove
IT Italian Trattoria Collins,Charles Hernandez,37,,No print / Expo - Collins,,9/25/26 10:27 AM,9/25/26 10:27 AM,18 seconds,*Device Login *Do NOT Remove
IT Italian Trattoria Collins,Charles Hernandez,37,,Pasta - Collins,,9/25/26 10:27 AM,9/25/26 10:27 AM,18 seconds,*Device Login *Do NOT Remove
IT Italian Trattoria Collins,Charles Hernandez,37,,No Print - Collins,,9/25/26 10:27 AM,9/25/26 10:27 AM,18 seconds,*Device Login *Do NOT Remove
IT Italian Trattoria Collins,Charles Hernandez,37,,Pizza Pala - Collins,,9/25/26 10:27 AM,9/25/26 10:27 AM,18 seconds,*Device Login *Do NOT Remove
IT Italian Trattoria Collins,Default Online Ordering,38,,Pizza - Collins,,9/25/26 10:31 AM,9/25/26 10:38 AM,7 minutes and 14 seconds,*Device Login *Do NOT Remove
IT Italian Trattoria Collins,Charles Hernandez,44,,Pasta - Collins,,9/25/26 10:58 AM,9/25/26 11:01 AM,3 minutes and 53 seconds,*Device Login *Do NOT Remove
IT Italian Trattoria Collins,Charles Hernandez,45,,Pasta - Collins,,9/25/26 11:19 AM,9/25/26 11:22 AM,2 minutes and 22 seconds,*Device Login *Do NOT Remove
IT Italian Trattoria Collins,Charles Hernandez,47,,Pasta - Collins,,9/25/26 11:32 AM,9/25/26 11:35 AM,3 minutes and 10 seconds,*Device Login *Do NOT Remove
IT Italian Trattoria Collins,Charles Hernandez,50,,Pizza - Collins,,9/25/26 11:54 AM,9/25/26 12:08 PM,13 minutes and 19 seconds,*Device Login *Do NOT Remove
IT Italian Trattoria Collins,Charles Hernandez,52,,Drinks - Collins,,9/25/26 12:10 PM,9/25/26 12:10 PM,8 seconds,*Device Login *Do NOT Remove
IT Italian Trattoria Collins,Charles Hernandez,52,,No print / Expo - Collins,,9/25/26 12:10 PM,9/25/26 12:10 PM,8 seconds,*Device Login *Do NOT Remove
IT Italian Trattoria Collins,Charles Hernandez,52,,Pasta - Collins,,9/25/26 12:10 PM,9/25/26 12:10 PM,8 seconds,*Device Login *Do NOT Remove
IT Italian Trattoria Collins,Charles Hernandez,52,,Pizza - Collins,,9/25/26 12:10 PM,9/25/26 12:10 PM,8 seconds,*Device Login *Do NOT Remove
IT Italian Trattoria Collins,Charles Hernandez,52,,No Print - Collins,,9/25/26 12:10 PM,9/25/26 12:10 PM,8 seconds,*Device Login *Do NOT Remove
IT Italian Trattoria Collins,Charles Hernandez,52,,Pizza Pala - Collins,,9/25/26 12:10 PM,9/25/26 12:10 PM,8 seconds,*Device Login *Do NOT Remove
IT Italian Trattoria Collins,Charles Hernandez,51,,Pizza - Collins,,9/25/26 12:06 PM,9/25/26 12:14 PM,7 minutes and 56 seconds,*Device Login *Do NOT Remove
IT Italian Trattoria Collins,Charles Hernandez,53,,Pasta - Collins,,9/25/26 12:11 PM,9/25/26 12:14 PM,2 minutes and 54 seconds,*Device Login *Do NOT Remove
IT Italian Trattoria Collins,Charles Hernandez,57,,Drinks - Collins,,9/25/26 12:23 PM,9/25/26 12:29 PM,5 minutes and 37 seconds,*Device Login *Do NOT Remove
IT Italian Trattoria Collins,Charles Hernandez,57,,Pasta - Collins,,9/25/26 12:23 PM,9/25/26 12:29 PM,5 minutes and 37 seconds,*Device Login *Do NOT Remove
IT Italian Trattoria Collins,Charles Hernandez,57,,No print / Expo - Collins,,9/25/26 12:23 PM,9/25/26 12:29 PM,5 minutes and 37 seconds,*Device Login *Do NOT Remove
IT Italian Trattoria Collins,Charles Hernandez,57,,Pizza - Collins,,9/25/26 12:23 PM,9/25/26 12:29 PM,5 minutes and 37 seconds,*Device Login *Do NOT Remove
IT Italian Trattoria Collins,Charles Hernandez,57,,No Print - Collins,,9/25/26 12:23 PM,9/25/26 12:29 PM,5 minutes and 37 seconds,*Device Login *Do NOT Remove
IT Italian Trattoria Collins,Charles Hernandez,57,,Pizza Pala - Collins,,9/25/26 12:23 PM,9/25/26 12:29 PM,5 minutes and 37 seconds,*Device Login *Do NOT Remove
IT Italian Trattoria Collins,Charles Hernandez,57,,Pizza - Collins,,9/25/26 12:23 PM,9/25/26 12:30 PM,7 minutes and 10 seconds,*Device Login *Do NOT Remove
IT Italian Trattoria Collins,Charles Hernandez,58,,Pasta - Collins,,9/25/26 12:27 PM,9/25/26 12:32 PM,5 minutes and 33 seconds,*Device Login *Do NOT Remove
IT Italian Trattoria Collins,Charles Hernandez,66,,Drinks - Collins,,9/25/26 12:35 PM,9/25/26 12:35 PM,7 seconds,*Device Login *Do NOT Remove
IT Italian Trattoria Collins,Charles Hernandez,66,,Pasta - Collins,,9/25/26 12:35 PM,9/25/26 12:35 PM,7 seconds,*Device Login *Do NOT Remove
IT Italian Trattoria Collins,Charles Hernandez,66,,No print / Expo - Collins,,9/25/26 12:35 PM,9/25/26 12:35 PM,7 seconds,*Device Login *Do NOT Remove
IT Italian Trattoria Collins,Charles Hernandez,66,,Pizza - Collins,,9/25/26 12:35 PM,9/25/26 12:35 PM,7 seconds,*Device Login *Do NOT Remove
IT Italian Trattoria Collins,Charles Hernandez,66,,No Print - Collins,,9/25/26 12:35 PM,9/25/26 12:35 PM,7 seconds,*Device Login *Do NOT Remove
IT Italian Trattoria Collins,Charles Hernandez,66,,Pizza Pala - Collins,,9/25/26 12:35 PM,9/25/26 12:35 PM,7 seconds,*Device Login *Do NOT Remove
IT Italian Trattoria Collins,Charles Hernandez,59,,Pizza - Collins,,9/25/26 12:25 PM,9/25/26 12:38 PM,12 minutes and 33 seconds,*Device Login *Do NOT Remove
IT Italian Trattoria Collins,Charles Hernandez,62,,Pizza - Collins,,9/25/26 12:29 PM,9/25/26 12:38 PM,8 minutes and 44 seconds,*Device Login *Do NOT Remove
IT Italian Trattoria Collins,Charles Hernandez,69,,Drinks - Collins,,9/25/26 12:48 PM,9/25/26 12:50 PM,1 minute and 43 seconds,*Device Login *Do NOT Remove
IT Italian Trattoria Collins,Charles Hernandez,69,,No print / Expo - Collins,,9/25/26 12:48 PM,9/25/26 12:50 PM,1 minute and 43 seconds,*Device Login *Do NOT Remove
IT Italian Trattoria Collins,Charles Hernandez,69,,Pasta - Collins,,9/25/26 12:48 PM,9/25/26 12:50 PM,1 minute and 43 seconds,*Device Login *Do NOT Remove
IT Italian Trattoria Collins,Charles Hernandez,69,,Pizza - Collins,,9/25/26 12:48 PM,9/25/26 12:50 PM,1 minute and 43 seconds,*Device Login *Do NOT Remove
IT Italian Trattoria Collins,Charles Hernandez,69,,No Print - Collins,,9/25/26 12:48 PM,9/25/26 12:50 PM,1 minute and 43 seconds,*Device Login *Do NOT Remove
IT Italian Trattoria Collins,Charles Hernandez,69,,Pizza Pala - Collins,,9/25/26 12:48 PM,9/25/26 12:50 PM,1 minute and 43 seconds,*Device Login *Do NOT Remove
IT Italian Trattoria Collins,Charles Hernandez,69,,Pasta - Collins,,9/25/26 12:48 PM,9/25/26 12:52 PM,3 minutes and 56 seconds,*Device Login *Do NOT Remove
IT Italian Trattoria Collins,Charles Hernandez,70,,Pasta - Collins,,9/25/26 12:50 PM,9/25/26 12:55 PM,4 minutes and 57 seconds,*Device Login *Do NOT Remove
IT Italian Trattoria Collins,Charles Hernandez,72,,Pasta - Collins,,9/25/26 12:59 PM,9/25/26 1:05 PM,5 minutes and 26 seconds,*Device Login *Do NOT Remove
IT Italian Trattoria Collins,Charles Hernandez,76,,Pasta - Collins,,9/25/26 1:12 PM,9/25/26 1:16 PM,3 minutes and 39 seconds,*Device Login *Do NOT Remove
IT Italian Trattoria Collins,Charles Hernandez,78,,Pasta - Collins,,9/25/26 1:16 PM,9/25/26 1:21 PM,4 minutes and 33 seconds,*Device Login *Do NOT Remove
IT Italian Trattoria Collins,Charles Hernandez,76,,Pizza - Collins,,9/25/26 1:12 PM,9/25/26 1:24 PM,11 minutes and 39 seconds,*Device Login *Do NOT Remove
IT Italian Trattoria Collins,Charles Hernandez,80,,Drinks - Collins,,9/25/26 1:31 PM,9/25/26 1:32 PM,42 seconds,*Device Login *Do NOT Remove
IT Italian Trattoria Collins,Charles Hernandez,80,,Pasta - Collins,,9/25/26 1:31 PM,9/25/26 1:32 PM,42 seconds,*Device Login *Do NOT Remove
IT Italian Trattoria Collins,Charles Hernandez,80,,No print / Expo - Collins,,9/25/26 1:31 PM,9/25/26 1:32 PM,42 seconds,*Device Login *Do NOT Remove
IT Italian Trattoria Collins,Charles Hernandez,80,,Pizza - Collins,,9/25/26 1:31 PM,9/25/26 1:32 PM,42 seconds,*Device Login *Do NOT Remove
IT Italian Trattoria Collins,Charles Hernandez,80,,No Print - Collins,,9/25/26 1:31 PM,9/25/26 1:32 PM,42 seconds,*Device Login *Do NOT Remove
IT Italian Trattoria Collins,Charles Hernandez,80,,Pizza Pala - Collins,,9/25/26 1:31 PM,9/25/26 1:32 PM,42 seconds,*Device Login *Do NOT Remove
IT Italian Trattoria Collins,Charles Hernandez,79,,Pizza - Collins,,9/25/26 1:28 PM,9/25/26 1:37 PM,8 minutes and 33 seconds,*Device Login *Do NOT Remove
IT Italian Trattoria Collins,Charles Hernandez,86,,Pizza - Collins,,9/25/26 1:55 PM,9/25/26 2:01 PM,5 minutes and 26 seconds,*Device Login *Do NOT Remove
IT Italian Trattoria Collins,Charles Hernandez,90,,Pasta - Collins,,9/25/26 2:16 PM,9/25/26 2:21 PM,5 minutes and 7 seconds,*Device Login *Do NOT Remove
IT Italian Trattoria Collins,Charles Hernandez,97,,Pasta - Collins,,9/25/26 3:01 PM,9/25/26 3:09 PM,8 minutes and 9 seconds,*Device Login *Do NOT Remove
IT Italian Trattoria Collins,Charles Hernandez,97,,Pizza - Collins,,9/25/26 3:01 PM,9/25/26 3:15 PM,13 minutes and 36 seconds,*Device Login *Do NOT Remove
IT Italian Trattoria Collins,Yamila Hidalgo,108,,Pasta - Collins,,9/25/26 4:07 PM,9/25/26 4:10 PM,3 minutes and 21 seconds,*Device Login *Do NOT Remove
IT Italian Trattoria Collins,Yamila Hidalgo,107,,Pizza - Collins,,9/25/26 4:04 PM,9/25/26 4:12 PM,7 minutes and 39 seconds,*Device Login *Do NOT Remove
IT Italian Trattoria Collins,Yamila Hidalgo,109,,Drinks - Collins,,9/25/26 4:14 PM,9/25/26 4:16 PM,2 minutes and 2 seconds,*Device Login *Do NOT Remove
IT Italian Trattoria Collins,Yamila Hidalgo,109,,No print / Expo - Collins,,9/25/26 4:14 PM,9/25/26 4:16 PM,2 minutes and 2 seconds,*Device Login *Do NOT Remove
IT Italian Trattoria Collins,Yamila Hidalgo,109,,Pasta - Collins,,9/25/26 4:14 PM,9/25/26 4:16 PM,2 minutes and 2 seconds,*Device Login *Do NOT Remove
IT Italian Trattoria Collins,Yamila Hidalgo,109,,Pizza - Collins,,9/25/26 4:14 PM,9/25/26 4:16 PM,2 minutes and 2 seconds,*Device Login *Do NOT Remove
IT Italian Trattoria Collins,Yamila Hidalgo,109,,No Print - Collins,,9/25/26 4:14 PM,9/25/26 4:16 PM,2 minutes and 2 seconds,*Device Login *Do NOT Remove
IT Italian Trattoria Collins,Yamila Hidalgo,109,,Pizza Pala - Collins,,9/25/26 4:14 PM,9/25/26 4:16 PM,2 minutes and 2 seconds,*Device Login *Do NOT Remove
IT Italian Trattoria Collins,Yamila Hidalgo,115,,Pizza - Collins,,9/25/26 4:36 PM,9/25/26 4:42 PM,5 minutes and 44 seconds,*Device Login *Do NOT Remove
IT Italian Trattoria Collins,Andrea Rizzi,116,,Pasta - Collins,,9/25/26 4:54 PM,9/25/26 5:00 PM,6 minutes and 13 seconds,*Device Login *Do NOT Remove
IT Italian Trattoria Collins,Andrea Rizzi,117,,Pizza - Collins,,9/25/26 4:59 PM,9/25/26 5:10 PM,11 minutes and 4 seconds,*Device Login *Do NOT Remove
IT Italian Trattoria Collins,Andrea Rizzi,121,,Pasta - Collins,,9/25/26 5:27 PM,9/25/26 5:33 PM,5 minutes and 18 seconds,*Device Login *Do NOT Remove
IT Italian Trattoria Collins,Andrea Rizzi,120,,Drinks - Collins,,9/25/26 5:39 PM,9/25/26 5:39 PM,9 seconds,*Device Login *Do NOT Remove
IT Italian Trattoria Collins,Andrea Rizzi,120,,No print / Expo - Collins,,9/25/26 5:39 PM,9/25/26 5:39 PM,9 seconds,*Device Login *Do NOT Remove
IT Italian Trattoria Collins,Andrea Rizzi,120,,Pasta - Collins,,9/25/26 5:39 PM,9/25/26 5:39 PM,9 seconds,*Device Login *Do NOT Remove
IT Italian Trattoria Collins,Andrea Rizzi,120,,Pizza - Collins,,9/25/26 5:39 PM,9/25/26 5:39 PM,9 seconds,*Device Login *Do NOT Remove
IT Italian Trattoria Collins,Andrea Rizzi,120,,No Print - Collins,,9/25/26 5:39 PM,9/25/26 5:39 PM,9 seconds,*Device Login *Do NOT Remove
IT Italian Trattoria Collins,Andrea Rizzi,120,,Pizza Pala - Collins,,9/25/26 5:39 PM,9/25/26 5:39 PM,9 seconds,*Device Login *Do NOT Remove
IT Italian Trattoria Collins,Andrea Rizzi,124,,Pasta - Collins,,9/25/26 6:08 PM,9/25/26 6:12 PM,3 minutes and 47 seconds,*Device Login *Do NOT Remove
IT Italian Trattoria Collins,Andrea Rizzi,125,,Pasta - Collins,,9/25/26 6:15 PM,9/25/26 6:19 PM,4 minutes and 12 seconds,*Device Login *Do NOT Remove
IT Italian Trattoria Collins,Andrea Rizzi,128,,Drinks - Collins,,9/25/26 6:29 PM,9/25/26 6:31 PM,2 minutes and 48 seconds,*Device Login *Do NOT Remove
IT Italian Trattoria Collins,Andrea Rizzi,128,,Pasta - Collins,,9/25/26 6:29 PM,9/25/26 6:31 PM,2 minutes and 48 seconds,*Device Login *Do NOT Remove
IT Italian Trattoria Collins,Andrea Rizzi,128,,No print / Expo - Collins,,9/25/26 6:29 PM,9/25/26 6:31 PM,2 minutes and 48 seconds,*Device Login *Do NOT Remove
IT Italian Trattoria Collins,Andrea Rizzi,128,,Pizza - Collins,,9/25/26 6:29 PM,9/25/26 6:31 PM,2 minutes and 48 seconds,*Device Login *Do NOT Remove
IT Italian Trattoria Collins,Andrea Rizzi,128,,No Print - Collins,,9/25/26 6:29 PM,9/25/26 6:31 PM,2 minutes and 48 seconds,*Device Login *Do NOT Remove
IT Italian Trattoria Collins,Andrea Rizzi,128,,Pizza Pala - Collins,,9/25/26 6:29 PM,9/25/26 6:31 PM,2 minutes and 48 seconds,*Device Login *Do NOT Remove
IT Italian Trattoria Collins,Yamila Hidalgo,133,,Pasta - Collins,,9/25/26 6:41 PM,9/25/26 6:48 PM,6 minutes and 54 seconds,*Device Login *Do NOT Remove
IT Italian Trattoria Collins,Jonathan Lucero,132,,Pasta - Collins,,9/25/26 6:41 PM,9/25/26 6:48 PM,6 minutes and 50 seconds,*Device Login *Do NOT Remove
IT Italian Trattoria Collins,Jonathan Lucero,126,,Pizza - Collins,,9/25/26 6:40 PM,9/25/26 6:51 PM,11 minutes and 12 seconds,*Device Login *Do NOT Remove
IT Italian Trattoria Collins,Yamila Hidalgo,130,,Pizza - Collins,,9/25/26 6:40 PM,9/25/26 6:51 PM,11 minutes and 37 seconds,*Device Login *Do NOT Remove
IT Italian Trattoria Collins,Yamila Hidalgo,131,,Pizza - Collins,,9/25/26 6:40 PM,9/25/26 6:51 PM,10 minutes and 56 seconds,*Device Login *Do NOT Remove
IT Italian Trattoria Collins,Yamila Hidalgo,134,,Pizza - Collins,,9/25/26 6:42 PM,9/25/26 6:51 PM,9 minutes and 17 seconds,*Device Login *Do NOT Remove
IT Italian Trattoria Collins,Jonathan Lucero,135,,Pasta - Collins,,9/25/26 6:48 PM,9/25/26 6:51 PM,3 minutes and 21 seconds,*Device Login *Do NOT Remove
IT Italian Trattoria Collins,Jonathan Lucero,137,,Pasta - Collins,,9/25/26 6:52 PM,9/25/26 6:56 PM,3 minutes and 58 seconds,*Device Login *Do NOT Remove
IT Italian Trattoria Collins,Jonathan Lucero,138,,Pasta - Collins,,9/25/26 7:16 PM,9/25/26 7:23 PM,7 minutes and 10 seconds,*Device Login *Do NOT Remove
IT Italian Trattoria Collins,Jonathan Lucero,140,,Pasta - Collins,,9/25/26 7:32 PM,9/25/26 7:35 PM,3 minutes,*Device Login *Do NOT Remove
IT Italian Trattoria Collins,Jonathan Lucero,144,,Pasta - Collins,,9/25/26 7:39 PM,9/25/26 7:44 PM,5 minutes and 6 seconds,*Device Login *Do NOT Remove
IT Italian Trattoria Collins,Jonathan Lucero,146,,Pasta - Collins,,9/25/26 7:42 PM,9/25/26 7:51 PM,8 minutes and 58 seconds,*Device Login *Do NOT Remove
IT Italian Trattoria Collins,Jonathan Lucero,145,,Pasta - Collins,,9/25/26 7:41 PM,9/25/26 7:51 PM,10 minutes and 9 seconds,*Device Login *Do NOT Remove
IT Italian Trattoria Collins,Andrea Rizzi,142,,Pizza - Collins,,9/25/26 7:50 PM,9/25/26 7:56 PM,5 minutes and 45 seconds,*Device Login *Do NOT Remove
IT Italian Trattoria Collins,Default Online Ordering,150,,Pizza - Collins,,9/25/26 8:00 PM,9/25/26 8:05 PM,5 minutes and 19 seconds,*Device Login *Do NOT Remove
IT Italian Trattoria Collins,Andrea Rizzi,148,,Pasta - Collins,,9/25/26 8:14 PM,9/25/26 8:23 PM,9 minutes and 12 seconds,*Device Login *Do NOT Remove
IT Italian Trattoria Collins,Andrea Rizzi,148,,Pizza - Collins,,9/25/26 8:14 PM,9/25/26 8:24 PM,10 minutes and 8 seconds,*Device Login *Do NOT Remove
IT Italian Trattoria Collins,Andrea Rizzi,153,,Pasta - Collins,,9/25/26 8:19 PM,9/25/26 8:29 PM,10 minutes and 9 seconds,*Device Login *Do NOT Remove
IT Italian Trattoria Collins,Default Online Ordering,156,,Pizza - Collins,,9/25/26 8:22 PM,9/25/26 8:29 PM,7 minutes and 5 seconds,*Device Login *Do NOT Remove
IT Italian Trattoria Collins,Jonathan Lucero,151,,Pasta - Collins,,9/25/26 8:21 PM,9/25/26 8:30 PM,9 minutes and 20 seconds,*Device Login *Do NOT Remove
IT Italian Trattoria Collins,Jonathan Lucero,164,,Drinks - Collins,,9/25/26 8:43 PM,9/25/26 8:45 PM,2 minutes and 11 seconds,*Device Login *Do NOT Remove
IT Italian Trattoria Collins,Jonathan Lucero,164,,No print / Expo - Collins,,9/25/26 8:43 PM,9/25/26 8:45 PM,2 minutes and 11 seconds,*Device Login *Do NOT Remove
IT Italian Trattoria Collins,Jonathan Lucero,164,,Pasta - Collins,,9/25/26 8:43 PM,9/25/26 8:45 PM,2 minutes and 11 seconds,*Device Login *Do NOT Remove
IT Italian Trattoria Collins,Jonathan Lucero,164,,Pizza - Collins,,9/25/26 8:43 PM,9/25/26 8:45 PM,2 minutes and 11 seconds,*Device Login *Do NOT Remove
IT Italian Trattoria Collins,Jonathan Lucero,164,,No Print - Collins,,9/25/26 8:43 PM,9/25/26 8:45 PM,2 minutes and 11 seconds,*Device Login *Do NOT Remove
IT Italian Trattoria Collins,Jonathan Lucero,164,,Pizza Pala - Collins,,9/25/26 8:43 PM,9/25/26 8:45 PM,2 minutes and 11 seconds,*Device Login *Do NOT Remove
IT Italian Trattoria Collins,Jonathan Lucero,162,,Pasta - Collins,,9/25/26 8:41 PM,9/25/26 8:47 PM,5 minutes and 11 seconds,*Device Login *Do NOT Remove
IT Italian Trattoria Collins,Jonathan Lucero,164,,Pasta - Collins,,9/25/26 8:43 PM,9/25/26 8:47 PM,4 minutes and 47 seconds,*Device Login *Do NOT Remove
IT Italian Trattoria Collins,Andrea Rizzi,165,,Pasta - Collins,,9/25/26 8:49 PM,9/25/26 8:55 PM,5 minutes and 37 seconds,*Device Login *Do NOT Remove
IT Italian Trattoria Collins,Jonathan Lucero,172,,Pizza - Collins,,9/25/26 9:19 PM,9/25/26 9:24 PM,5 minutes and 29 seconds,*Device Login *Do NOT Remove
IT Italian Trattoria Collins,Jonathan Lucero,174,,Pizza - Collins,,9/25/26 9:22 PM,9/25/26 9:24 PM,2 minutes and 29 seconds,*Device Login *Do NOT Remove
IT Italian Trattoria Collins,Jonathan Lucero,174,,Drinks - Collins,,9/25/26 9:22 PM,9/25/26 9:24 PM,2 minutes and 29 seconds,*Device Login *Do NOT Remove
IT Italian Trattoria Collins,Jonathan Lucero,174,,No print / Expo - Collins,,9/25/26 9:22 PM,9/25/26 9:24 PM,2 minutes and 29 seconds,*Device Login *Do NOT Remove
IT Italian Trattoria Collins,Jonathan Lucero,174,,Pasta - Collins,,9/25/26 9:22 PM,9/25/26 9:24 PM,2 minutes and 29 seconds,*Device Login *Do NOT Remove
IT Italian Trattoria Collins,Jonathan Lucero,174,,No Print - Collins,,9/25/26 9:22 PM,9/25/26 9:24 PM,2 minutes and 29 seconds,*Device Login *Do NOT Remove
IT Italian Trattoria Collins,Jonathan Lucero,174,,Pizza Pala - Collins,,9/25/26 9:22 PM,9/25/26 9:24 PM,2 minutes and 29 seconds,*Device Login *Do NOT Remove
IT Italian Trattoria Collins,Jonathan Lucero,174,,Pasta - Collins,,9/25/26 9:22 PM,9/25/26 9:28 PM,5 minutes and 50 seconds,*Device Login *Do NOT Remove
IT Italian Trattoria Collins,Jonathan Lucero,178,,Pasta - Collins,,9/25/26 9:35 PM,9/25/26 9:39 PM,4 minutes and 19 seconds,*Device Login *Do NOT Remove
IT Italian Trattoria Collins,Jonathan Lucero,176,,Pizza - Collins,,9/25/26 9:30 PM,9/25/26 9:40 PM,10 minutes and 29 seconds,*Device Login *Do NOT Remove
IT Italian Trattoria Collins,Jonathan Lucero,177,,Pizza - Collins,,9/25/26 9:31 PM,9/25/26 9:40 PM,8 minutes and 49 seconds,*Device Login *Do NOT Remove
IT Italian Trattoria Collins,Andrea Rizzi,182,,Pasta - Collins,,9/25/26 9:46 PM,9/25/26 9:53 PM,6 minutes and 26 seconds,*Device Login *Do NOT Remove
IT Italian Trattoria Collins,Andrea Rizzi,184,,Pasta - Collins,,9/25/26 9:56 PM,9/25/26 10:01 PM,5 minutes and 5 seconds,*Device Login *Do NOT Remove
IT Italian Trattoria Collins,Jonathan Lucero,180,,Pizza - Collins,,9/25/26 9:54 PM,9/25/26 10:03 PM,9 minutes and 39 seconds,*Device Login *Do NOT Remove
IT Italian Trattoria Collins,Andrea Rizzi,186,,Drinks - Collins,,9/25/26 10:03 PM,9/25/26 10:05 PM,1 minute and 16 seconds,*Device Login *Do NOT Remove
IT Italian Trattoria Collins,Andrea Rizzi,186,,No print / Expo - Collins,,9/25/26 10:03 PM,9/25/26 10:05 PM,1 minute and 16 seconds,*Device Login *Do NOT Remove
IT Italian Trattoria Collins,Andrea Rizzi,186,,Pasta - Collins,,9/25/26 10:03 PM,9/25/26 10:05 PM,1 minute and 16 seconds,*Device Login *Do NOT Remove
IT Italian Trattoria Collins,Andrea Rizzi,186,,Pizza - Collins,,9/25/26 10:03 PM,9/25/26 10:05 PM,1 minute and 16 seconds,*Device Login *Do NOT Remove
IT Italian Trattoria Collins,Andrea Rizzi,186,,No Print - Collins,,9/25/26 10:03 PM,9/25/26 10:05 PM,1 minute and 16 seconds,*Device Login *Do NOT Remove
IT Italian Trattoria Collins,Andrea Rizzi,186,,Pizza Pala - Collins,,9/25/26 10:03 PM,9/25/26 10:05 PM,1 minute and 16 seconds,*Device Login *Do NOT Remove
IT Italian Trattoria Collins,Andrea Rizzi,186,,Pasta - Collins,,9/25/26 10:03 PM,9/25/26 10:09 PM,5 minutes and 44 seconds,*Device Login *Do NOT Remove
IT Italian Trattoria Collins,Andrea Rizzi,188,,Pizza - Collins,,9/25/26 10:19 PM,9/25/26 10:29 PM,9 minutes and 43 seconds,*Device Login *Do NOT Remove
IT Italian Trattoria Collins,Andrea Rizzi,191,,Drinks - Collins,,9/25/26 10:32 PM,9/25/26 10:34 PM,2 minutes and 7 seconds,*Device Login *Do NOT Remove
IT Italian Trattoria Collins,Andrea Rizzi,191,,Pasta - Collins,,9/25/26 10:32 PM,9/25/26 10:34 PM,2 minutes and 7 seconds,*Device Login *Do NOT Remove
IT Italian Trattoria Collins,Andrea Rizzi,191,,No print / Expo - Collins,,9/25/26 10:32 PM,9/25/26 10:34 PM,2 minutes and 7 seconds,*Device Login *Do NOT Remove
IT Italian Trattoria Collins,Andrea Rizzi,191,,Pizza - Collins,,9/25/26 10:32 PM,9/25/26 10:34 PM,2 minutes and 7 seconds,*Device Login *Do NOT Remove
IT Italian Trattoria Collins,Andrea Rizzi,191,,No Print - Collins,,9/25/26 10:32 PM,9/25/26 10:34 PM,2 minutes and 7 seconds,*Device Login *Do NOT Remove
IT Italian Trattoria Collins,Andrea Rizzi,191,,Pizza Pala - Collins,,9/25/26 10:32 PM,9/25/26 10:34 PM,2 minutes and 7 seconds,*Device Login *Do NOT Remove
IT Italian Trattoria Collins,Jonathan Lucero,192,,Pizza - Collins,,9/25/26 10:28 PM,9/25/26 10:35 PM,7 minutes and 27 seconds,*Device Login *Do NOT Remove
IT Italian Trattoria Collins,Jonathan Lucero,195,,Pasta - Collins,,9/25/26 10:41 PM,9/25/26 10:45 PM,3 minutes and 45 seconds,*Device Login *Do NOT Remove
IT Italian Trattoria Collins,Jonathan Lucero,196,,Pasta - Collins,,9/25/26 10:57 PM,9/25/26 11:01 PM,4 minutes and 21 seconds,*Device Login *Do NOT Remove
IT Italian Trattoria Collins,Yamila Hidalgo,202,,Pasta - Collins,,9/25/26 11:07 PM,9/25/26 11:10 PM,3 minutes and 11 seconds,*Device Login *Do NOT Remove
IT Italian Trattoria Collins,Jonathan Lucero,198,,Pizza - Collins,,9/25/26 11:03 PM,9/25/26 11:14 PM,10 minutes and 50 seconds,*Device Login *Do NOT Remove
IT Italian Trattoria Collins,Jonathan Lucero,200,,Pizza - Collins,,9/25/26 11:06 PM,9/25/26 11:14 PM,8 minutes and 6 seconds,*Device Login *Do NOT Remove
IT Italian Trattoria Collins,Jonathan Lucero,201,,Pizza - Collins,,9/25/26 11:06 PM,9/25/26 11:14 PM,7 minutes and 55 seconds,*Device Login *Do NOT Remove
IT Italian Trattoria Collins,Yamila Hidalgo,204,,Pasta - Collins,,9/25/26 11:11 PM,9/25/26 11:16 PM,4 minutes and 13 seconds,*Device Login *Do NOT Remove
IT Italian Trattoria Collins,Yamila Hidalgo,207,,Pizza - Collins,,9/25/26 11:16 PM,9/25/26 11:17 PM,29 seconds,*Device Login *Do NOT Remove
IT Italian Trattoria Collins,Yamila Hidalgo,207,,Drinks - Collins,,9/25/26 11:16 PM,9/25/26 11:17 PM,29 seconds,*Device Login *Do NOT Remove
IT Italian Trattoria Collins,Yamila Hidalgo,207,,No print / Expo - Collins,,9/25/26 11:16 PM,9/25/26 11:17 PM,29 seconds,*Device Login *Do NOT Remove
IT Italian Trattoria Collins,Yamila Hidalgo,207,,Pasta - Collins,,9/25/26 11:16 PM,9/25/26 11:17 PM,29 seconds,*Device Login *Do NOT Remove
IT Italian Trattoria Collins,Yamila Hidalgo,207,,No Print - Collins,,9/25/26 11:16 PM,9/25/26 11:17 PM,29 seconds,*Device Login *Do NOT Remove
IT Italian Trattoria Collins,Yamila Hidalgo,207,,Pizza Pala - Collins,,9/25/26 11:16 PM,9/25/26 11:17 PM,29 seconds,*Device Login *Do NOT Remove
IT Italian Trattoria Collins,Jonathan Lucero,203,,Pizza - Collins,,9/25/26 11:10 PM,9/25/26 11:21 PM,11 minutes and 49 seconds,*Device Login *Do NOT Remove
IT Italian Trattoria Collins,Yamila Hidalgo,204,,Pizza - Collins,,9/25/26 11:11 PM,9/25/26 11:23 PM,11 minutes and 9 seconds,*Device Login *Do NOT Remove
IT Italian Trattoria Collins,Jonathan Lucero,205,,Pizza - Collins,,9/25/26 11:13 PM,9/25/26 11:23 PM,9 minutes and 30 seconds,*Device Login *Do NOT Remove
IT Italian Trattoria Collins,Jonathan Lucero,208,,Drinks - Collins,,9/25/26 11:23 PM,9/25/26 11:28 PM,5 minutes and 1 second,*Device Login *Do NOT Remove
IT Italian Trattoria Collins,Jonathan Lucero,208,,Pasta - Collins,,9/25/26 11:23 PM,9/25/26 11:28 PM,5 minutes and 1 second,*Device Login *Do NOT Remove
IT Italian Trattoria Collins,Jonathan Lucero,208,,No print / Expo - Collins,,9/25/26 11:23 PM,9/25/26 11:28 PM,5 minutes and 1 second,*Device Login *Do NOT Remove
IT Italian Trattoria Collins,Jonathan Lucero,208,,Pizza - Collins,,9/25/26 11:23 PM,9/25/26 11:28 PM,5 minutes and 1 second,*Device Login *Do NOT Remove
IT Italian Trattoria Collins,Jonathan Lucero,208,,No Print - Collins,,9/25/26 11:23 PM,9/25/26 11:28 PM,5 minutes and 1 second,*Device Login *Do NOT Remove
IT Italian Trattoria Collins,Jonathan Lucero,208,,Pizza Pala - Collins,,9/25/26 11:23 PM,9/25/26 11:28 PM,5 minutes and 1 second,*Device Login *Do NOT Remove
IT Italian Trattoria Collins,Andrea Rizzi,210,,Pizza - Collins,,9/25/26 11:23 PM,9/25/26 11:31 PM,7 minutes and 46 seconds,*Device Login *Do NOT Remove
IT Italian Trattoria Collins,Jonathan Lucero,208,,Pizza - Collins,,9/25/26 11:23 PM,9/25/26 11:31 PM,7 minutes and 38 seconds,*Device Login *Do NOT Remove
IT Italian Trattoria Collins,Andrea Rizzi,213,,Pizza - Collins,,9/25/26 11:25 PM,9/25/26 11:34 PM,8 minutes and 40 seconds,*Device Login *Do NOT Remove
IT Italian Trattoria Collins,Andrea Rizzi,213,,Pasta - Collins,,9/25/26 11:25 PM,9/25/26 11:34 PM,8 minutes and 54 seconds,*Device Login *Do NOT Remove
IT Italian Trattoria Collins,Andrea Rizzi,211,,Pasta - Collins,,9/25/26 11:24 PM,9/25/26 11:34 PM,9 minutes and 58 seconds,*Device Login *Do NOT Remove
IT Italian Trattoria Collins,Jonathan Lucero,212,,Pasta - Collins,,9/25/26 11:38 PM,9/25/26 11:43 PM,5 minutes and 8 seconds,*Device Login *Do NOT Remove
IT Italian Trattoria Collins,Charles Hernandez,2,,Pasta - Collins,,9/26/26 7:55 AM,9/26/26 8:02 AM,7 minutes and 9 seconds,*Device Login *Do NOT Remove
IT Italian Trattoria Collins,Charles Hernandez,3,,Pasta - Collins,,9/26/26 8:05 AM,9/26/26 8:11 AM,6 minutes and 7 seconds,*Device Login *Do NOT Remove
IT Italian Trattoria Collins,Charles Hernandez,6,,Pasta - Collins,,9/26/26 8:12 AM,9/26/26 8:22 AM,10 minutes and 19 seconds,*Device Login *Do NOT Remove
IT Italian Trattoria Collins,Charles Hernandez,10,,Pasta - Collins,,9/26/26 8:31 AM,9/26/26 8:35 AM,3 minutes and 35 seconds,*Device Login *Do NOT Remove
IT Italian Trattoria Collins,Charles Hernandez,11,,Pasta - Collins,,9/26/26 8:34 AM,9/26/26 8:37 AM,3 minutes and 21 seconds,*Device Login *Do NOT Remove
IT Italian Trattoria Collins,Charles Hernandez,12,,Pasta - Collins,,9/26/26 8:37 AM,9/26/26 8:41 AM,4 minutes and 25 seconds,*Device Login *Do NOT Remove
IT Italian Trattoria Collins,Charles Hernandez,13,,Pasta - Collins,,9/26/26 8:39 AM,9/26/26 8:41 AM,2 minutes and 32 seconds,*Device Login *Do NOT Remove
IT Italian Trattoria Collins,Charles Hernandez,15,,Pasta - Collins,,9/26/26 8:57 AM,9/26/26 9:03 AM,5 minutes and 36 seconds,*Device Login *Do NOT Remove
IT Italian Trattoria Collins,Charles Hernandez,16,,Pasta - Collins,,9/26/26 8:59 AM,9/26/26 9:03 AM,3 minutes and 30 seconds,*Device Login *Do NOT Remove
IT Italian Trattoria Collins,Charles Hernandez,17,,Pasta - Collins,,9/26/26 9:16 AM,9/26/26 9:19 AM,3 minutes and 31 seconds,*Device Login *Do NOT Remove
IT Italian Trattoria Collins,Charles Hernandez,21,,Pasta - Collins,,9/26/26 9:21 AM,9/26/26 9:27 AM,5 minutes and 33 seconds,*Device Login *Do NOT Remove
IT Italian Trattoria Collins,Charles Hernandez,27,,Pasta - Collins,,9/26/26 9:34 AM,9/26/26 9:35 AM,1 minute and 39 seconds,*Device Login *Do NOT Remove
IT Italian Trattoria Collins,Charles Hernandez,26,,Pasta - Collins,,9/26/26 9:32 AM,9/26/26 9:40 AM,7 minutes and 41 seconds,*Device Login *Do NOT Remove
IT Italian Trattoria Collins,Charles Hernandez,24,,Pasta - Collins,,9/26/26 9:30 AM,9/26/26 9:40 AM,9 minutes and 54 seconds,*Device Login *Do NOT Remove
IT Italian Trattoria Collins,Charles Hernandez,25,,Pasta - Collins,,9/26/26 9:31 AM,9/26/26 9:40 AM,9 minutes and 2 seconds,*Device Login *Do NOT Remove
IT Italian Trattoria Collins,Charles Hernandez,31,,Pasta - Collins,,9/26/26 9:48 AM,9/26/26 9:55 AM,7 minutes and 2 seconds,*Device Login *Do NOT Remove
IT Italian Trattoria Collins,Charles Hernandez,35,,Pasta - Collins,,9/26/26 10:07 AM,9/26/26 10:08 AM,32 seconds,*Device Login *Do NOT Remove
IT Italian Trattoria Collins,Charles Hernandez,37,,Pasta - Collins,,9/26/26 10:11 AM,9/26/26 10:11 AM,35 seconds,*Device Login *Do NOT Remove
IT Italian Trattoria Collins,Charles Hernandez,36,,Pasta - Collins,,9/26/26 10:09 AM,9/26/26 10:15 AM,5 minutes and 25 seconds,*Device Login *Do NOT Remove
IT Italian Trattoria Collins,Charles Hernandez,38,,Pasta - Collins,,9/26/26 10:33 AM,9/26/26 10:33 AM,50 seconds,*Device Login *Do NOT Remove
IT Italian Trattoria Collins,Charles Hernandez,38,,No print / Expo - Collins,,9/26/26 10:33 AM,9/26/26 10:33 AM,50 seconds,*Device Login *Do NOT Remove
IT Italian Trattoria Collins,Charles Hernandez,38,,Pizza - Collins,,9/26/26 10:33 AM,9/26/26 10:33 AM,50 seconds,*Device Login *Do NOT Remove
IT Italian Trattoria Collins,Charles Hernandez,39,,Pasta - Collins,,9/26/26 10:36 AM,9/26/26 10:44 AM,8 minutes and 3 seconds,*Device Login *Do NOT Remove
IT Italian Trattoria Collins,Charles Hernandez,44,,Pizza - Collins,,9/26/26 10:52 AM,9/26/26 10:56 AM,3 minutes and 39 seconds,*Device Login *Do NOT Remove
IT Italian Trattoria Collins,Charles Hernandez,44,,Drinks - Collins,,9/26/26 10:52 AM,9/26/26 10:56 AM,3 minutes and 39 seconds,*Device Login *Do NOT Remove
IT Italian Trattoria Collins,Charles Hernandez,44,,No print / Expo - Collins,,9/26/26 10:52 AM,9/26/26 10:56 AM,3 minutes and 39 seconds,*Device Login *Do NOT Remove
IT Italian Trattoria Collins,Charles Hernandez,44,,Pasta - Collins,,9/26/26 10:52 AM,9/26/26 10:56 AM,3 minutes and 39 seconds,*Device Login *Do NOT Remove
IT Italian Trattoria Collins,Charles Hernandez,44,,No Print - Collins,,9/26/26 10:52 AM,9/26/26 10:56 AM,3 minutes and 39 seconds,*Device Login *Do NOT Remove
IT Italian Trattoria Collins,Charles Hernandez,44,,Pizza Pala - Collins,,9/26/26 10:52 AM,9/26/26 10:56 AM,3 minutes and 39 seconds,*Device Login *Do NOT Remove
IT Italian Trattoria Collins,Charles Hernandez,49,,Pasta - Collins,,9/26/26 10:57 AM,9/26/26 11:03 AM,5 minutes and 28 seconds,*Device Login *Do NOT Remove
IT Italian Trattoria Collins,Charles Hernandez,47,,Pasta - Collins,,9/26/26 10:55 AM,9/26/26 11:03 AM,8 minutes and 10 seconds,*Device Login *Do NOT Remove
IT Italian Trattoria Collins,Charles Hernandez,45,,Pasta - Collins,,9/26/26 10:53 AM,9/26/26 11:03 AM,10 minutes and 26 seconds,*Device Login *Do NOT Remove
IT Italian Trattoria Collins,Charles Hernandez,51,,Pasta - Collins,,9/26/26 11:00 AM,9/26/26 11:04 AM,3 minutes and 55 seconds,*Device Login *Do NOT Remove
IT Italian Trattoria Collins,Charles Hernandez,50,,Pasta - Collins,,9/26/26 10:58 AM,9/26/26 11:05 AM,7 minutes and 5 seconds,*Device Login *Do NOT Remove
IT Italian Trattoria Collins,Charles Hernandez,53,,Pasta - Collins,,9/26/26 11:02 AM,9/26/26 11:06 AM,4 minutes and 41 seconds,*Device Login *Do NOT Remove
IT Italian Trattoria Collins,Charles Hernandez,56,,Pasta - Collins,,9/26/26 11:06 AM,9/26/26 11:09 AM,2 minutes and 59 seconds,*Device Login *Do NOT Remove
IT Italian Trattoria Collins,Charles Hernandez,60,,Drinks - Collins,,9/26/26 11:08 AM,9/26/26 11:09 AM,35 seconds,*Device Login *Do NOT Remove
IT Italian Trattoria Collins,Charles Hernandez,60,,No print / Expo - Collins,,9/26/26 11:08 AM,9/26/26 11:09 AM,35 seconds,*Device Login *Do NOT Remove
IT Italian Trattoria Collins,Charles Hernandez,60,,Pasta - Collins,,9/26/26 11:08 AM,9/26/26 11:09 AM,35 seconds,*Device Login *Do NOT Remove
IT Italian Trattoria Collins,Charles Hernandez,60,,Pizza - Collins,,9/26/26 11:08 AM,9/26/26 11:09 AM,35 seconds,*Device Login *Do NOT Remove
IT Italian Trattoria Collins,Charles Hernandez,60,,No Print - Collins,,9/26/26 11:08 AM,9/26/26 11:09 AM,35 seconds,*Device Login *Do NOT Remove
IT Italian Trattoria Collins,Charles Hernandez,60,,Pizza Pala - Collins,,9/26/26 11:08 AM,9/26/26 11:09 AM,35 seconds,*Device Login *Do NOT Remove
IT Italian Trattoria Collins,Charles Hernandez,64,,Pasta - Collins,,9/26/26 11:13 AM,9/26/26 11:17 AM,3 minutes and 47 seconds,*Device Login *Do NOT Remove
IT Italian Trattoria Collins,Charles Hernandez,62,,Pasta - Collins,,9/26/26 11:12 AM,9/26/26 11:24 AM,11 minutes and 24 seconds,*Device Login *Do NOT Remove
IT Italian Trattoria Collins,Charles Hernandez,65,,Pasta - Collins,,9/26/26 11:26 AM,9/26/26 11:31 AM,4 minutes and 52 seconds,*Device Login *Do NOT Remove
IT Italian Trattoria Collins,Charles Hernandez,66,,Pasta - Collins,,9/26/26 11:29 AM,9/26/26 11:33 AM,4 minutes and 4 seconds,*Device Login *Do NOT Remove
IT Italian Trattoria Collins,Charles Hernandez,66,,Drinks - Collins,,9/26/26 11:29 AM,9/26/26 11:33 AM,4 minutes and 4 seconds,*Device Login *Do NOT Remove
IT Italian Trattoria Collins,Charles Hernandez,66,,No print / Expo - Collins,,9/26/26 11:29 AM,9/26/26 11:33 AM,4 minutes and 4 seconds,*Device Login *Do NOT Remove
IT Italian Trattoria Collins,Charles Hernandez,66,,Pizza - Collins,,9/26/26 11:29 AM,9/26/26 11:33 AM,4 minutes and 4 seconds,*Device Login *Do NOT Remove
IT Italian Trattoria Collins,Charles Hernandez,66,,No Print - Collins,,9/26/26 11:29 AM,9/26/26 11:33 AM,4 minutes and 4 seconds,*Device Login *Do NOT Remove
IT Italian Trattoria Collins,Charles Hernandez,66,,Pizza Pala - Collins,,9/26/26 11:29 AM,9/26/26 11:33 AM,4 minutes and 4 seconds,*Device Login *Do NOT Remove
IT Italian Trattoria Collins,Charles Hernandez,67,,Pasta - Collins,,9/26/26 11:30 AM,9/26/26 11:37 AM,6 minutes and 36 seconds,*Device Login *Do NOT Remove
IT Italian Trattoria Collins,Charles Hernandez,68,,Pasta - Collins,,9/26/26 11:33 AM,9/26/26 11:37 AM,4 minutes,*Device Login *Do NOT Remove
IT Italian Trattoria Collins,Charles Hernandez,71,,Pasta - Collins,,9/26/26 11:39 AM,9/26/26 11:50 AM,10 minutes and 58 seconds,*Device Login *Do NOT Remove
IT Italian Trattoria Collins,Charles Hernandez,72,,Pasta - Collins,,9/26/26 11:49 AM,9/26/26 11:54 AM,4 minutes and 37 seconds,*Device Login *Do NOT Remove
IT Italian Trattoria Collins,Charles Hernandez,76,,Pasta - Collins,,9/26/26 12:17 PM,9/26/26 12:24 PM,7 minutes and 19 seconds,*Device Login *Do NOT Remove
IT Italian Trattoria Collins,Charles Hernandez,75,,Pasta - Collins,,9/26/26 12:15 PM,9/26/26 12:24 PM,9 minutes and 16 seconds,*Device Login *Do NOT Remove
IT Italian Trattoria Collins,Charles Hernandez,80,,Drinks - Collins,,9/26/26 12:29 PM,9/26/26 12:35 PM,5 minutes and 45 seconds,*Device Login *Do NOT Remove
IT Italian Trattoria Collins,Charles Hernandez,80,,No print / Expo - Collins,,9/26/26 12:29 PM,9/26/26 12:35 PM,5 minutes and 45 seconds,*Device Login *Do NOT Remove
IT Italian Trattoria Collins,Charles Hernandez,80,,Pasta - Collins,,9/26/26 12:29 PM,9/26/26 12:35 PM,5 minutes and 45 seconds,*Device Login *Do NOT Remove
IT Italian Trattoria Collins,Charles Hernandez,80,,Pizza - Collins,,9/26/26 12:29 PM,9/26/26 12:35 PM,5 minutes and 45 seconds,*Device Login *Do NOT Remove
IT Italian Trattoria Collins,Charles Hernandez,80,,No Print - Collins,,9/26/26 12:29 PM,9/26/26 12:35 PM,5 minutes and 45 seconds,*Device Login *Do NOT Remove
IT Italian Trattoria Collins,Charles Hernandez,80,,Pizza Pala - Collins,,9/26/26 12:29 PM,9/26/26 12:35 PM,5 minutes and 45 seconds,*Device Login *Do NOT Remove
IT Italian Trattoria Collins,Charles Hernandez,80,,Pizza - Collins,,9/26/26 12:29 PM,9/26/26 12:38 PM,8 minutes and 52 seconds,*Device Login *Do NOT Remove
IT Italian Trattoria Collins,Charles Hernandez,86,,Pasta - Collins,,9/26/26 12:57 PM,9/26/26 1:04 PM,7 minutes and 27 seconds,*Device Login *Do NOT Remove
IT Italian Trattoria Collins,Charles Hernandez,86,,Drinks - Collins,,9/26/26 12:57 PM,9/26/26 1:04 PM,7 minutes and 27 seconds,*Device Login *Do NOT Remove
IT Italian Trattoria Collins,Charles Hernandez,86,,No print / Expo - Collins,,9/26/26 12:57 PM,9/26/26 1:04 PM,7 minutes and 27 seconds,*Device Login *Do NOT Remove
IT Italian Trattoria Collins,Charles Hernandez,86,,Pizza - Collins,,9/26/26 12:57 PM,9/26/26 1:04 PM,7 minutes and 27 seconds,*Device Login *Do NOT Remove
IT Italian Trattoria Collins,Charles Hernandez,86,,No Print - Collins,,9/26/26 12:57 PM,9/26/26 1:04 PM,7 minutes and 27 seconds,*Device Login *Do NOT Remove
IT Italian Trattoria Collins,Charles Hernandez,86,,Pizza Pala - Collins,,9/26/26 12:57 PM,9/26/26 1:04 PM,7 minutes and 27 seconds,*Device Login *Do NOT Remove
IT Italian Trattoria Collins,Charles Hernandez,86,,Pizza - Collins,,9/26/26 12:57 PM,9/26/26 1:05 PM,7 minutes and 37 seconds,*Device Login *Do NOT Remove
IT Italian Trattoria Collins,Davide Christopher Paredi,89,,Drinks - Collins,,9/26/26 1:15 PM,9/26/26 1:19 PM,3 minutes and 45 seconds,*Device Login *Do NOT Remove
IT Italian Trattoria Collins,Davide Christopher Paredi,89,,Pasta - Collins,,9/26/26 1:15 PM,9/26/26 1:19 PM,3 minutes and 45 seconds,*Device Login *Do NOT Remove
IT Italian Trattoria Collins,Davide Christopher Paredi,89,,No print / Expo - Collins,,9/26/26 1:15 PM,9/26/26 1:19 PM,3 minutes and 45 seconds,*Device Login *Do NOT Remove
IT Italian Trattoria Collins,Davide Christopher Paredi,89,,Pizza - Collins,,9/26/26 1:15 PM,9/26/26 1:19 PM,3 minutes and 45 seconds,*Device Login *Do NOT Remove
IT Italian Trattoria Collins,Davide Christopher Paredi,89,,No Print - Collins,,9/26/26 1:15 PM,9/26/26 1:19 PM,3 minutes and 45 seconds,*Device Login *Do NOT Remove
IT Italian Trattoria Collins,Davide Christopher Paredi,89,,Pizza Pala - Collins,,9/26/26 1:15 PM,9/26/26 1:19 PM,3 minutes and 45 seconds,*Device Login *Do NOT Remove
IT Italian Trattoria Collins,Davide Christopher Paredi,89,,Pizza - Collins,,9/26/26 1:15 PM,9/26/26 1:26 PM,10 minutes and 59 seconds,*Device Login *Do NOT Remove
IT Italian Trattoria Collins,Charles Hernandez,92,,Pasta - Collins,,9/26/26 1:36 PM,9/26/26 1:43 PM,7 minutes and 39 seconds,*Device Login *Do NOT Remove
IT Italian Trattoria Collins,Charles Hernandez,93,,Pasta - Collins,,9/26/26 1:37 PM,9/26/26 1:43 PM,6 minutes and 39 seconds,*Device Login *Do NOT Remove
IT Italian Trattoria Collins,Charles Hernandez,94,,Pizza - Collins,,9/26/26 1:37 PM,9/26/26 1:47 PM,9 minutes and 45 seconds,*Device Login *Do NOT Remove
IT Italian Trattoria Collins,Charles Hernandez,98,,Pasta - Collins,,9/26/26 1:54 PM,9/26/26 2:01 PM,7 minutes and 24 seconds,*Device Login *Do NOT Remove
IT Italian Trattoria Collins,Vivian Ducasal,100,,Pasta - Collins,,9/26/26 1:59 PM,9/26/26 2:05 PM,5 minutes and 59 seconds,*Device Login *Do NOT Remove
IT Italian Trattoria Collins,Charles Hernandez,99,,Pizza - Collins,,9/26/26 1:58 PM,9/26/26 2:07 PM,9 minutes and 31 seconds,*Device Login *Do NOT Remove
IT Italian Trattoria Collins,Charles Hernandez,106,,Pizza - Collins,,9/26/26 2:28 PM,9/26/26 2:30 PM,1 minute and 46 seconds,*Device Login *Do NOT Remove
IT Italian Trattoria Collins,Charles Hernandez,106,,Drinks - Collins,,9/26/26 2:28 PM,9/26/26 2:30 PM,1 minute and 46 seconds,*Device Login *Do NOT Remove
IT Italian Trattoria Collins,Charles Hernandez,106,,No print / Expo - Collins,,9/26/26 2:28 PM,9/26/26 2:30 PM,1 minute and 46 seconds,*Device Login *Do NOT Remove
IT Italian Trattoria Collins,Charles Hernandez,106,,Pasta - Collins,,9/26/26 2:28 PM,9/26/26 2:30 PM,1 minute and 46 seconds,*Device Login *Do NOT Remove
IT Italian Trattoria Collins,Charles Hernandez,106,,No Print - Collins,,9/26/26 2:28 PM,9/26/26 2:30 PM,1 minute and 46 seconds,*Device Login *Do NOT Remove
IT Italian Trattoria Collins,Charles Hernandez,106,,Pizza Pala - Collins,,9/26/26 2:28 PM,9/26/26 2:30 PM,1 minute and 46 seconds,*Device Login *Do NOT Remove
IT Italian Trattoria Collins,Charles Hernandez,106,,Pasta - Collins,,9/26/26 2:28 PM,9/26/26 2:34 PM,6 minutes and 20 seconds,*Device Login *Do NOT Remove
IT Italian Trattoria Collins,Charles Hernandez,108,,Drinks - Collins,,9/26/26 2:35 PM,9/26/26 2:38 PM,3 minutes and 3 seconds,*Device Login *Do NOT Remove
IT Italian Trattoria Collins,Charles Hernandez,108,,No print / Expo - Collins,,9/26/26 2:35 PM,9/26/26 2:38 PM,3 minutes and 3 seconds,*Device Login *Do NOT Remove
IT Italian Trattoria Collins,Charles Hernandez,108,,Pasta - Collins,,9/26/26 2:35 PM,9/26/26 2:38 PM,3 minutes and 3 seconds,*Device Login *Do NOT Remove
IT Italian Trattoria Collins,Charles Hernandez,108,,Pizza - Collins,,9/26/26 2:35 PM,9/26/26 2:38 PM,3 minutes and 3 seconds,*Device Login *Do NOT Remove
IT Italian Trattoria Collins,Charles Hernandez,108,,No Print - Collins,,9/26/26 2:35 PM,9/26/26 2:38 PM,3 minutes and 3 seconds,*Device Login *Do NOT Remove
IT Italian Trattoria Collins,Charles Hernandez,108,,Pizza Pala - Collins,,9/26/26 2:35 PM,9/26/26 2:38 PM,3 minutes and 3 seconds,*Device Login *Do NOT Remove
IT Italian Trattoria Collins,Charles Hernandez,107,,Pizza - Collins,,9/26/26 2:30 PM,9/26/26 2:39 PM,8 minutes and 21 seconds,*Device Login *Do NOT Remove
IT Italian Trattoria Collins,Charles Hernandez,109,,Drinks - Collins,,9/26/26 2:40 PM,9/26/26 2:41 PM,44 seconds,*Device Login *Do NOT Remove
IT Italian Trattoria Collins,Charles Hernandez,109,,Pasta - Collins,,9/26/26 2:40 PM,9/26/26 2:41 PM,44 seconds,*Device Login *Do NOT Remove
IT Italian Trattoria Collins,Charles Hernandez,109,,No print / Expo - Collins,,9/26/26 2:40 PM,9/26/26 2:41 PM,44 seconds,*Device Login *Do NOT Remove
IT Italian Trattoria Collins,Charles Hernandez,109,,Pizza - Collins,,9/26/26 2:40 PM,9/26/26 2:41 PM,44 seconds,*Device Login *Do NOT Remove
IT Italian Trattoria Collins,Charles Hernandez,109,,No Print - Collins,,9/26/26 2:40 PM,9/26/26 2:41 PM,44 seconds,*Device Login *Do NOT Remove
IT Italian Trattoria Collins,Charles Hernandez,109,,Pizza Pala - Collins,,9/26/26 2:40 PM,9/26/26 2:41 PM,44 seconds,*Device Login *Do NOT Remove
IT Italian Trattoria Collins,Default Online Ordering,114,,Pizza - Collins,,9/26/26 2:55 PM,9/26/26 3:04 PM,9 minutes and 5 seconds,*Device Login *Do NOT Remove
IT Italian Trattoria Collins,Default Online Ordering,114,,Pasta - Collins,,9/26/26 2:55 PM,9/26/26 3:04 PM,9 minutes and 13 seconds,*Device Login *Do NOT Remove
IT Italian Trattoria Collins,Charles Hernandez,115,,Pizza - Collins,,9/26/26 3:11 PM,9/26/26 3:25 PM,13 minutes and 39 seconds,*Device Login *Do NOT Remove
IT Italian Trattoria Collins,Charles Hernandez,119,,Pasta - Collins,,9/26/26 3:28 PM,9/26/26 3:33 PM,5 minutes and 58 seconds,*Device Login *Do NOT Remove
IT Italian Trattoria Collins,Charles Hernandez,119,,Pizza - Collins,,9/26/26 3:28 PM,9/26/26 3:36 PM,8 minutes and 54 seconds,*Device Login *Do NOT Remove
IT Italian Trattoria Collins,Charles Hernandez,121,,Drinks - Collins,,9/26/26 3:43 PM,9/26/26 3:44 PM,45 seconds,*Device Login *Do NOT Remove
IT Italian Trattoria Collins,Charles Hernandez,121,,Pasta - Collins,,9/26/26 3:43 PM,9/26/26 3:44 PM,45 seconds,*Device Login *Do NOT Remove
IT Italian Trattoria Collins,Charles Hernandez,121,,No print / Expo - Collins,,9/26/26 3:43 PM,9/26/26 3:44 PM,45 seconds,*Device Login *Do NOT Remove
IT Italian Trattoria Collins,Charles Hernandez,121,,Pizza - Collins,,9/26/26 3:43 PM,9/26/26 3:44 PM,45 seconds,*Device Login *Do NOT Remove
IT Italian Trattoria Collins,Charles Hernandez,121,,No Print - Collins,,9/26/26 3:43 PM,9/26/26 3:44 PM,45 seconds,*Device Login *Do NOT Remove
IT Italian Trattoria Collins,Charles Hernandez,121,,Pizza Pala - Collins,,9/26/26 3:43 PM,9/26/26 3:44 PM,45 seconds,*Device Login *Do NOT Remove
IT Italian Trattoria Collins,Andrea Rizzi,124,,Pasta - Collins,,9/26/26 4:29 PM,9/26/26 4:36 PM,6 minutes and 58 seconds,*Device Login *Do NOT Remove
IT Italian Trattoria Collins,Andrea Rizzi,132,,Pizza - Collins,,9/26/26 4:58 PM,9/26/26 5:05 PM,7 minutes and 6 seconds,*Device Login *Do NOT Remove
IT Italian Trattoria Collins,Andrea Rizzi,133,,Pasta - Collins,,9/26/26 5:01 PM,9/26/26 5:10 PM,8 minutes and 49 seconds,*Device Login *Do NOT Remove
IT Italian Trattoria Collins,Andrea Rizzi,136,,Drinks - Collins,,9/26/26 5:14 PM,9/26/26 5:19 PM,5 minutes and 8 seconds,*Device Login *Do NOT Remove
IT Italian Trattoria Collins,Andrea Rizzi,136,,No print / Expo - Collins,,9/26/26 5:14 PM,9/26/26 5:19 PM,5 minutes and 8 seconds,*Device Login *Do NOT Remove
IT Italian Trattoria Collins,Andrea Rizzi,136,,Pasta - Collins,,9/26/26 5:14 PM,9/26/26 5:19 PM,5 minutes and 8 seconds,*Device Login *Do NOT Remove
IT Italian Trattoria Collins,Andrea Rizzi,136,,Pizza - Collins,,9/26/26 5:14 PM,9/26/26 5:19 PM,5 minutes and 8 seconds,*Device Login *Do NOT Remove
IT Italian Trattoria Collins,Andrea Rizzi,136,,No Print - Collins,,9/26/26 5:14 PM,9/26/26 5:19 PM,5 minutes and 8 seconds,*Device Login *Do NOT Remove
IT Italian Trattoria Collins,Andrea Rizzi,136,,Pizza Pala - Collins,,9/26/26 5:14 PM,9/26/26 5:19 PM,5 minutes and 8 seconds,*Device Login *Do NOT Remove
IT Italian Trattoria Collins,Yamila Hidalgo,137,,Pizza - Collins,,9/26/26 5:37 PM,9/26/26 5:42 PM,4 minutes and 38 seconds,*Device Login *Do NOT Remove
IT Italian Trattoria Collins,Default Online Ordering,141,,Pasta - Collins,,9/26/26 6:14 PM,9/26/26 6:22 PM,7 minutes and 31 seconds,*Device Login *Do NOT Remove
IT Italian Trattoria Collins,Davide Christopher Paredi,142,,Pasta - Collins,,9/26/26 6:25 PM,9/26/26 6:30 PM,5 minutes and 6 seconds,*Device Login *Do NOT Remove
IT Italian Trattoria Collins,Davide Christopher Paredi,143,,Pasta - Collins,,9/26/26 6:28 PM,9/26/26 6:34 PM,6 minutes and 36 seconds,*Device Login *Do NOT Remove
IT Italian Trattoria Collins,Jonathan Lucero,140,,Pasta - Collins,,9/26/26 6:43 PM,9/26/26 6:46 PM,3 minutes and 21 seconds,*Device Login *Do NOT Remove
IT Italian Trattoria Collins,Jonathan Lucero,145,,Pasta - Collins,,9/26/26 6:44 PM,9/26/26 6:50 PM,6 minutes and 38 seconds,*Device Login *Do NOT Remove
IT Italian Trattoria Collins,Jonathan Lucero,146,,Pizza - Collins,,9/26/26 7:02 PM,9/26/26 7:06 PM,4 minutes and 15 seconds,*Device Login *Do NOT Remove
IT Italian Trattoria Collins,Jonathan Lucero,150,,Drinks - Collins,,9/26/26 7:13 PM,9/26/26 7:17 PM,3 minutes and 59 seconds,*Device Login *Do NOT Remove
IT Italian Trattoria Collins,Jonathan Lucero,150,,No print / Expo - Collins,,9/26/26 7:13 PM,9/26/26 7:17 PM,3 minutes and 59 seconds,*Device Login *Do NOT Remove
IT Italian Trattoria Collins,Jonathan Lucero,150,,Pasta - Collins,,9/26/26 7:13 PM,9/26/26 7:17 PM,3 minutes and 59 seconds,*Device Login *Do NOT Remove
IT Italian Trattoria Collins,Jonathan Lucero,150,,Pizza - Collins,,9/26/26 7:13 PM,9/26/26 7:17 PM,3 minutes and 59 seconds,*Device Login *Do NOT Remove
IT Italian Trattoria Collins,Jonathan Lucero,150,,No Print - Collins,,9/26/26 7:13 PM,9/26/26 7:17 PM,3 minutes and 59 seconds,*Device Login *Do NOT Remove
IT Italian Trattoria Collins,Jonathan Lucero,150,,Pizza Pala - Collins,,9/26/26 7:13 PM,9/26/26 7:17 PM,3 minutes and 59 seconds,*Device Login *Do NOT Remove
IT Italian Trattoria Collins,Jonathan Lucero,151,,Drinks - Collins,,9/26/26 7:17 PM,9/26/26 7:17 PM,46 seconds,*Device Login *Do NOT Remove
IT Italian Trattoria Collins,Jonathan Lucero,151,,No print / Expo - Collins,,9/26/26 7:17 PM,9/26/26 7:17 PM,46 seconds,*Device Login *Do NOT Remove
IT Italian Trattoria Collins,Jonathan Lucero,151,,Pasta - Collins,,9/26/26 7:17 PM,9/26/26 7:17 PM,46 seconds,*Device Login *Do NOT Remove
IT Italian Trattoria Collins,Jonathan Lucero,151,,Pizza - Collins,,9/26/26 7:17 PM,9/26/26 7:17 PM,46 seconds,*Device Login *Do NOT Remove
IT Italian Trattoria Collins,Jonathan Lucero,151,,No Print - Collins,,9/26/26 7:17 PM,9/26/26 7:17 PM,46 seconds,*Device Login *Do NOT Remove
IT Italian Trattoria Collins,Jonathan Lucero,151,,Pizza Pala - Collins,,9/26/26 7:17 PM,9/26/26 7:17 PM,46 seconds,*Device Login *Do NOT Remove
IT Italian Trattoria Collins,Jonathan Lucero,148,,Pasta - Collins,,9/26/26 7:12 PM,9/26/26 7:18 PM,6 minutes and 33 seconds,*Device Login *Do NOT Remove
IT Italian Trattoria Collins,Jonathan Lucero,150,,Pasta - Collins,,9/26/26 7:13 PM,9/26/26 7:19 PM,6 minutes and 7 seconds,*Device Login *Do NOT Remove
IT Italian Trattoria Collins,Jonathan Lucero,151,,Pasta - Collins,,9/26/26 7:17 PM,9/26/26 7:23 PM,6 minutes and 45 seconds,*Device Login *Do NOT Remove
IT Italian Trattoria Collins,Jonathan Lucero,153,,Pasta - Collins,,9/26/26 7:20 PM,9/26/26 7:25 PM,4 minutes and 38 seconds,*Device Login *Do NOT Remove
IT Italian Trattoria Collins,Yamila Hidalgo,155,,Pasta - Collins,,9/26/26 7:26 PM,9/26/26 7:32 PM,6 minutes and 54 seconds,*Device Login *Do NOT Remove
IT Italian Trattoria Collins,Jonathan Lucero,154,,Drinks - Collins,,9/26/26 7:31 PM,9/26/26 7:32 PM,1 minute and 54 seconds,*Device Login *Do NOT Remove
IT Italian Trattoria Collins,Jonathan Lucero,154,,Pasta - Collins,,9/26/26 7:31 PM,9/26/26 7:32 PM,1 minute and 54 seconds,*Device Login *Do NOT Remove
IT Italian Trattoria Collins,Jonathan Lucero,154,,No print / Expo - Collins,,9/26/26 7:31 PM,9/26/26 7:32 PM,1 minute and 54 seconds,*Device Login *Do NOT Remove
IT Italian Trattoria Collins,Jonathan Lucero,154,,Pizza - Collins,,9/26/26 7:31 PM,9/26/26 7:32 PM,1 minute and 54 seconds,*Device Login *Do NOT Remove
IT Italian Trattoria Collins,Jonathan Lucero,154,,No Print - Collins,,9/26/26 7:31 PM,9/26/26 7:32 PM,1 minute and 54 seconds,*Device Login *Do NOT Remove
IT Italian Trattoria Collins,Jonathan Lucero,154,,Pizza Pala - Collins,,9/26/26 7:31 PM,9/26/26 7:32 PM,1 minute and 54 seconds,*Device Login *Do NOT Remove
IT Italian Trattoria Collins,Jonathan Lucero,157,,Pasta - Collins,,9/26/26 7:34 PM,9/26/26 7:40 PM,6 minutes and 9 seconds,*Device Login *Do NOT Remove
IT Italian Trattoria Collins,Jonathan Lucero,158,,Pasta - Collins,,9/26/26 7:38 PM,9/26/26 7:47 PM,9 minutes and 4 seconds,*Device Login *Do NOT Remove
IT Italian Trattoria Collins,Jonathan Lucero,158,,Pizza - Collins,,9/26/26 7:38 PM,9/26/26 7:52 PM,13 minutes and 55 seconds,*Device Login *Do NOT Remove
IT Italian Trattoria Collins,Jonathan Lucero,160,,Pizza - Collins,,9/26/26 7:55 PM,9/26/26 8:00 PM,4 minutes and 23 seconds,*Device Login *Do NOT Remove
IT Italian Trattoria Collins,Jonathan Lucero,160,,Pasta - Collins,,9/26/26 7:55 PM,9/26/26 8:00 PM,4 minutes and 26 seconds,*Device Login *Do NOT Remove
IT Italian Trattoria Collins,Jonathan Lucero,162,,Pizza - Collins,,9/26/26 8:03 PM,9/26/26 8:09 PM,6 minutes and 11 seconds,*Device Login *Do NOT Remove
IT Italian Trattoria Collins,Yamila Hidalgo,165,,Pizza - Collins,,9/26/26 8:11 PM,9/26/26 8:16 PM,4 minutes and 46 seconds,*Device Login *Do NOT Remove
IT Italian Trattoria Collins,Andrea Rizzi,166,,Pizza - Collins,,9/26/26 8:12 PM,9/26/26 8:19 PM,7 minutes and 31 seconds,*Device Login *Do NOT Remove
IT Italian Trattoria Collins,Yamila Hidalgo,167,,Pasta - Collins,,9/26/26 8:12 PM,9/26/26 8:19 PM,7 minutes and 45 seconds,*Device Login *Do NOT Remove
IT Italian Trattoria Collins,Andrea Rizzi,168,,Pasta - Collins,,9/26/26 8:12 PM,9/26/26 8:19 PM,7 minutes and 14 seconds,*Device Login *Do NOT Remove
IT Italian Trattoria Collins,Yamila Hidalgo,169,,Pasta - Collins,,9/26/26 8:13 PM,9/26/26 8:19 PM,6 minutes and 42 seconds,*Device Login *Do NOT Remove
IT Italian Trattoria Collins,Andrea Rizzi,170,,Pasta - Collins,,9/26/26 8:13 PM,9/26/26 8:20 PM,6 minutes and 17 seconds,*Device Login *Do NOT Remove
IT Italian Trattoria Collins,Yamila Hidalgo,165,,Pasta - Collins,,9/26/26 8:11 PM,9/26/26 8:21 PM,10 minutes and 4 seconds,*Device Login *Do NOT Remove
IT Italian Trattoria Collins,Jonathan Lucero,176,,Pasta - Collins,,9/26/26 8:30 PM,9/26/26 8:35 PM,4 minutes and 36 seconds,*Device Login *Do NOT Remove
IT Italian Trattoria Collins,Jonathan Lucero,176,,Pizza - Collins,,9/26/26 8:30 PM,9/26/26 8:35 PM,4 minutes and 55 seconds,*Device Login *Do NOT Remove
IT Italian Trattoria Collins,Jonathan Lucero,177,,Pasta - Collins,,9/26/26 8:33 PM,9/26/26 8:41 PM,8 minutes and 4 seconds,*Device Login *Do NOT Remove
IT Italian Trattoria Collins,Jonathan Lucero,180,,Pizza - Collins,,9/26/26 8:34 PM,9/26/26 8:42 PM,7 minutes and 49 seconds,*Device Login *Do NOT Remove
IT Italian Trattoria Collins,Jonathan Lucero,180,,Pasta - Collins,,9/26/26 8:34 PM,9/26/26 8:42 PM,8 minutes and 9 seconds,*Device Login *Do NOT Remove
IT Italian Trattoria Collins,Jonathan Lucero,181,,Pizza - Collins,,9/26/26 8:35 PM,9/26/26 8:44 PM,9 minutes,*Device Login *Do NOT Remove
IT Italian Trattoria Collins,Jonathan Lucero,182,,Pizza - Collins,,9/26/26 8:36 PM,9/26/26 8:44 PM,8 minutes and 25 seconds,*Device Login *Do NOT Remove
IT Italian Trattoria Collins,Andrea Rizzi,179,,Pasta - Collins,,9/26/26 8:36 PM,9/26/26 8:47 PM,10 minutes and 47 seconds,*Device Login *Do NOT Remove
IT Italian Trattoria Collins,Jonathan Lucero,183,,Pasta - Collins,,9/26/26 8:37 PM,9/26/26 8:47 PM,9 minutes and 33 seconds,*Device Login *Do NOT Remove
IT Italian Trattoria Collins,Jonathan Lucero,185,,Pasta - Collins,,9/26/26 8:40 PM,9/26/26 8:48 PM,8 minutes and 18 seconds,*Device Login *Do NOT Remove
IT Italian Trattoria Collins,Andrea Rizzi,184,,Pasta - Collins,,9/26/26 8:39 PM,9/26/26 8:50 PM,10 minutes and 38 seconds,*Device Login *Do NOT Remove
IT Italian Trattoria Collins,Andrea Rizzi,186,,Pasta - Collins,,9/26/26 8:42 PM,9/26/26 8:52 PM,9 minutes and 55 seconds,*Device Login *Do NOT Remove
IT Italian Trattoria Collins,Jonathan Lucero,188,,Pizza - Collins,,9/26/26 8:52 PM,9/26/26 8:56 PM,4 minutes and 38 seconds,*Device Login *Do NOT Remove
IT Italian Trattoria Collins,Andrea Rizzi,189,,Pasta - Collins,,9/26/26 8:45 PM,9/26/26 8:57 PM,11 minutes and 47 seconds,*Device Login *Do NOT Remove
IT Italian Trattoria Collins,Jonathan Lucero,192,,Pasta - Collins,,9/26/26 8:55 PM,9/26/26 9:02 PM,6 minutes and 23 seconds,*Device Login *Do NOT Remove
IT Italian Trattoria Collins,Default Online Ordering,195,,Pasta - Collins,,9/26/26 9:03 PM,9/26/26 9:05 PM,2 minutes and 2 seconds,*Device Login *Do NOT Remove
IT Italian Trattoria Collins,Default Online Ordering,194,,Pizza - Collins,,9/26/26 9:02 PM,9/26/26 9:08 PM,5 minutes and 34 seconds,*Device Login *Do NOT Remove
IT Italian Trattoria Collins,Default Online Ordering,194,,Pasta - Collins,,9/26/26 9:02 PM,9/26/26 9:09 PM,6 minutes and 37 seconds,*Device Login *Do NOT Remove
IT Italian Trattoria Collins,Andrea Rizzi,190,,Pasta - Collins,,9/26/26 9:04 PM,9/26/26 9:13 PM,9 minutes and 46 seconds,*Device Login *Do NOT Remove
IT Italian Trattoria Collins,Andrea Rizzi,196,,Pasta - Collins,,9/26/26 9:09 PM,9/26/26 9:15 PM,6 minutes and 1 second,*Device Login *Do NOT Remove
IT Italian Trattoria Collins,Jonathan Lucero,193,,Pasta - Collins,,9/26/26 9:14 PM,9/26/26 9:20 PM,6 minutes and 15 seconds,*Device Login *Do NOT Remove
IT Italian Trattoria Collins,Andrea Rizzi,199,,Pasta - Collins,,9/26/26 9:20 PM,9/26/26 9:25 PM,4 minutes and 17 seconds,*Device Login *Do NOT Remove
IT Italian Trattoria Collins,Andrea Rizzi,199,,Pizza - Collins,,9/26/26 9:20 PM,9/26/26 9:27 PM,6 minutes and 10 seconds,*Device Login *Do NOT Remove
IT Italian Trattoria Collins,Davide Christopher Paredi,202,,Pasta - Collins,,9/26/26 9:31 PM,9/26/26 9:36 PM,4 minutes and 55 seconds,*Device Login *Do NOT Remove
IT Italian Trattoria Collins,Davide Christopher Paredi,202,,Pizza - Collins,,9/26/26 9:31 PM,9/26/26 9:38 PM,7 minutes and 14 seconds,*Device Login *Do NOT Remove
IT Italian Trattoria Collins,Jonathan Lucero,205,,Pizza - Collins,,9/26/26 9:46 PM,9/26/26 9:51 PM,5 minutes and 26 seconds,*Device Login *Do NOT Remove
IT Italian Trattoria Collins,Jonathan Lucero,206,,Drinks - Collins,,9/26/26 9:55 PM,9/26/26 9:55 PM,23 seconds,*Device Login *Do NOT Remove
IT Italian Trattoria Collins,Jonathan Lucero,206,,Pasta - Collins,,9/26/26 9:55 PM,9/26/26 9:55 PM,23 seconds,*Device Login *Do NOT Remove
IT Italian Trattoria Collins,Jonathan Lucero,206,,No print / Expo - Collins,,9/26/26 9:55 PM,9/26/26 9:55 PM,23 seconds,*Device Login *Do NOT Remove
IT Italian Trattoria Collins,Jonathan Lucero,206,,Pizza - Collins,,9/26/26 9:55 PM,9/26/26 9:55 PM,23 seconds,*Device Login *Do NOT Remove
IT Italian Trattoria Collins,Jonathan Lucero,206,,No Print - Collins,,9/26/26 9:55 PM,9/26/26 9:55 PM,23 seconds,*Device Login *Do NOT Remove
IT Italian Trattoria Collins,Jonathan Lucero,206,,Pizza Pala - Collins,,9/26/26 9:55 PM,9/26/26 9:55 PM,23 seconds,*Device Login *Do NOT Remove
IT Italian Trattoria Collins,Yamila Hidalgo,208,,Pasta - Collins,,9/26/26 9:57 PM,9/26/26 9:57 PM,5 seconds,*Device Login *Do NOT Remove
IT Italian Trattoria Collins,Jonathan Lucero,206,,Pizza - Collins,,9/26/26 9:55 PM,9/26/26 10:00 PM,5 minutes and 2 seconds,*Device Login *Do NOT Remove
IT Italian Trattoria Collins,Jonathan Lucero,207,,Pizza - Collins,,9/26/26 9:57 PM,9/26/26 10:02 PM,4 minutes and 47 seconds,*Device Login *Do NOT Remove
IT Italian Trattoria Collins,Andrea Rizzi,211,,Pizza - Collins,,9/26/26 9:58 PM,9/26/26 10:03 PM,4 minutes and 56 seconds,*Device Login *Do NOT Remove
IT Italian Trattoria Collins,Jonathan Lucero,215,,Pasta - Collins,,9/26/26 10:11 PM,9/26/26 10:15 PM,4 minutes and 4 seconds,*Device Login *Do NOT Remove
IT Italian Trattoria Collins,Jonathan Lucero,216,,Pasta - Collins,,9/26/26 10:14 PM,9/26/26 10:18 PM,3 minutes and 9 seconds,*Device Login *Do NOT Remove
IT Italian Trattoria Collins,Jonathan Lucero,217,,Pizza - Collins,,9/26/26 10:21 PM,9/26/26 10:27 PM,5 minutes and 55 seconds,*Device Login *Do NOT Remove
IT Italian Trattoria Collins,Jonathan Lucero,217,,Pasta - Collins,,9/26/26 10:21 PM,9/26/26 10:27 PM,6 minutes and 16 seconds,*Device Login *Do NOT Remove
IT Italian Trattoria Collins,Andrea Rizzi,224,,Pizza - Collins,,9/26/26 11:36 PM,9/26/26 11:42 PM,6 minutes and 47 seconds,*Device Login *Do NOT Remove
IT Italian Trattoria Collins,Jonathan Lucero,221,,Pasta - Collins,,9/26/26 11:45 PM,9/26/26 11:50 PM,4 minutes and 44 seconds,*Device Login *Do NOT Remove
IT Italian Trattoria Collins,Charles Hernandez,7,,Pasta - Collins,,9/27/26 7:47 AM,9/27/26 7:51 AM,4 minutes and 8 seconds,*Device Login *Do NOT Remove
IT Italian Trattoria Collins,Charles Hernandez,8,,Pasta - Collins,,9/27/26 7:52 AM,9/27/26 7:55 AM,2 minutes and 30 seconds,*Device Login *Do NOT Remove
IT Italian Trattoria Collins,Charles Hernandez,11,,Pasta - Collins,,9/27/26 8:10 AM,9/27/26 8:12 AM,2 minutes and 12 seconds,*Device Login *Do NOT Remove
IT Italian Trattoria Collins,Charles Hernandez,9,,Pasta - Collins,,9/27/26 8:02 AM,9/27/26 8:12 AM,10 minutes and 13 seconds,*Device Login *Do NOT Remove
IT Italian Trattoria Collins,Charles Hernandez,15,,Pasta - Collins,,9/27/26 8:33 AM,9/27/26 8:34 AM,1 minute and 46 seconds,*Device Login *Do NOT Remove
IT Italian Trattoria Collins,Charles Hernandez,16,,Pasta - Collins,,9/27/26 8:34 AM,9/27/26 8:35 AM,57 seconds,*Device Login *Do NOT Remove
IT Italian Trattoria Collins,Charles Hernandez,20,,Pasta - Collins,,9/27/26 9:17 AM,9/27/26 9:17 AM,27 seconds,*Device Login *Do NOT Remove
IT Italian Trattoria Collins,Charles Hernandez,23,,Pasta - Collins,,9/27/26 9:31 AM,9/27/26 9:36 AM,4 minutes and 42 seconds,*Device Login *Do NOT Remove
IT Italian Trattoria Collins,Charles Hernandez,26,,Pasta - Collins,,9/27/26 9:36 AM,9/27/26 9:36 AM,39 seconds,*Device Login *Do NOT Remove
IT Italian Trattoria Collins,Charles Hernandez,25,,Pasta - Collins,,9/27/26 9:35 AM,9/27/26 9:40 AM,4 minutes and 24 seconds,*Device Login *Do NOT Remove
IT Italian Trattoria Collins,Charles Hernandez,31,,Pasta - Collins,,9/27/26 9:54 AM,9/27/26 9:54 AM,26 seconds,*Device Login *Do NOT Remove
IT Italian Trattoria Collins,Charles Hernandez,29,,Pasta - Collins,,9/27/26 9:51 AM,9/27/26 9:54 AM,3 minutes and 34 seconds,*Device Login *Do NOT Remove
IT Italian Trattoria Collins,Charles Hernandez,28,,Pasta - Collins,,9/27/26 9:48 AM,9/27/26 9:54 AM,5 minutes and 48 seconds,*Device Login *Do NOT Remove
IT Italian Trattoria Collins,Charles Hernandez,30,,Pasta - Collins,,9/27/26 9:52 AM,9/27/26 9:57 AM,5 minutes and 5 seconds,*Device Login *Do NOT Remove
IT Italian Trattoria Collins,Charles Hernandez,34,,Pasta - Collins,,9/27/26 10:05 AM,9/27/26 10:10 AM,5 minutes and 4 seconds,*Device Login *Do NOT Remove
IT Italian Trattoria Collins,Charles Hernandez,33,,Pasta - Collins,,9/27/26 10:04 AM,9/27/26 10:10 AM,5 minutes and 50 seconds,*Device Login *Do NOT Remove
IT Italian Trattoria Collins,Charles Hernandez,35,,Pasta - Collins,,9/27/26 10:06 AM,9/27/26 10:11 AM,5 minutes and 2 seconds,*Device Login *Do NOT Remove
IT Italian Trattoria Collins,Charles Hernandez,38,,Pasta - Collins,,9/27/26 10:13 AM,9/27/26 10:16 AM,3 minutes and 2 seconds,*Device Login *Do NOT Remove
IT Italian Trattoria Collins,Charles Hernandez,37,,Pasta - Collins,,9/27/26 10:12 AM,9/27/26 10:16 AM,4 minutes and 29 seconds,*Device Login *Do NOT Remove
IT Italian Trattoria Collins,Charles Hernandez,39,,Pasta - Collins,,9/27/26 10:17 AM,9/27/26 10:19 AM,2 minutes and 23 seconds,*Device Login *Do NOT Remove
IT Italian Trattoria Collins,Charles Hernandez,42,,Pasta - Collins,,9/27/26 10:21 AM,9/27/26 10:28 AM,7 minutes and 20 seconds,*Device Login *Do NOT Remove
IT Italian Trattoria Collins,Charles Hernandez,45,,Pasta - Collins,,9/27/26 10:38 AM,9/27/26 10:43 AM,5 minutes and 21 seconds,*Device Login *Do NOT Remove
IT Italian Trattoria Collins,Charles Hernandez,49,,Pasta - Collins,,9/27/26 10:49 AM,9/27/26 11:13 AM,23 minutes and 58 seconds,*Device Login *Do NOT Remove
IT Italian Trattoria Collins,Charles Hernandez,50,,Pasta - Collins,,9/27/26 10:52 AM,9/27/26 11:13 AM,21 minutes and 18 seconds,*Device Login *Do NOT Remove
IT Italian Trattoria Collins,Charles Hernandez,55,,Pasta - Collins,,9/27/26 11:16 AM,9/27/26 11:23 AM,7 minutes and 28 seconds,*Device Login *Do NOT Remove
IT Italian Trattoria Collins,Charles Hernandez,54,,Pasta - Collins,,9/27/26 11:14 AM,9/27/26 11:23 AM,8 minutes and 43 seconds,*Device Login *Do NOT Remove
IT Italian Trattoria Collins,Charles Hernandez,52,,Pasta - Collins,,9/27/26 11:09 AM,9/27/26 11:23 AM,14 minutes and 3 seconds,*Device Login *Do NOT Remove
IT Italian Trattoria Collins,Charles Hernandez,57,,Pizza - Collins,,9/27/26 11:23 AM,9/27/26 11:34 AM,11 minutes and 39 seconds,*Device Login *Do NOT Remove
IT Italian Trattoria Collins,Charles Hernandez,63,,Pasta - Collins,,9/27/26 11:40 AM,9/27/26 11:41 AM,1 minute and 9 seconds,*Device Login *Do NOT Remove
IT Italian Trattoria Collins,Charles Hernandez,62,,Pizza - Collins,,9/27/26 11:38 AM,9/27/26 11:46 AM,7 minutes and 47 seconds,*Device Login *Do NOT Remove
IT Italian Trattoria Collins,Charles Hernandez,61,,Pasta - Collins,,9/27/26 11:37 AM,9/27/26 11:47 AM,9 minutes and 42 seconds,*Device Login *Do NOT Remove
IT Italian Trattoria Collins,Charles Hernandez,60,,Pasta - Collins,,9/27/26 11:37 AM,9/27/26 11:47 AM,10 minutes and 28 seconds,*Device Login *Do NOT Remove
IT Italian Trattoria Collins,Charles Hernandez,64,,Pasta - Collins,,9/27/26 11:48 AM,9/27/26 11:51 AM,3 minutes and 13 seconds,*Device Login *Do NOT Remove
IT Italian Trattoria Collins,Charles Hernandez,68,,Drinks - Collins,,9/27/26 12:02 PM,9/27/26 12:02 PM,7 seconds,*Device Login *Do NOT Remove
IT Italian Trattoria Collins,Charles Hernandez,68,,No print / Expo - Collins,,9/27/26 12:02 PM,9/27/26 12:02 PM,7 seconds,*Device Login *Do NOT Remove
IT Italian Trattoria Collins,Charles Hernandez,68,,Pasta - Collins,,9/27/26 12:02 PM,9/27/26 12:02 PM,7 seconds,*Device Login *Do NOT Remove
IT Italian Trattoria Collins,Charles Hernandez,68,,Pizza - Collins,,9/27/26 12:02 PM,9/27/26 12:02 PM,7 seconds,*Device Login *Do NOT Remove
IT Italian Trattoria Collins,Charles Hernandez,68,,No Print - Collins,,9/27/26 12:02 PM,9/27/26 12:02 PM,7 seconds,*Device Login *Do NOT Remove
IT Italian Trattoria Collins,Charles Hernandez,68,,Pizza Pala - Collins,,9/27/26 12:02 PM,9/27/26 12:02 PM,7 seconds,*Device Login *Do NOT Remove
IT Italian Trattoria Collins,Charles Hernandez,68,,Pasta - Collins,,9/27/26 12:02 PM,9/27/26 12:08 PM,6 minutes and 23 seconds,*Device Login *Do NOT Remove
IT Italian Trattoria Collins,Charles Hernandez,69,,Pasta - Collins,,9/27/26 12:05 PM,9/27/26 12:13 PM,7 minutes and 35 seconds,*Device Login *Do NOT Remove
IT Italian Trattoria Collins,Default Online Ordering,70,,Pasta - Collins,,9/27/26 12:05 PM,9/27/26 12:13 PM,7 minutes and 34 seconds,*Device Login *Do NOT Remove
IT Italian Trattoria Collins,Charles Hernandez,71,,Pasta - Collins,,9/27/26 12:14 PM,9/27/26 12:23 PM,9 minutes and 26 seconds,*Device Login *Do NOT Remove
IT Italian Trattoria Collins,Charles Hernandez,75,,Pasta - Collins,,9/27/26 12:26 PM,9/27/26 12:30 PM,3 minutes and 20 seconds,*Device Login *Do NOT Remove
IT Italian Trattoria Collins,Charles Hernandez,73,,Pasta - Collins,,9/27/26 12:22 PM,9/27/26 12:30 PM,7 minutes and 30 seconds,*Device Login *Do NOT Remove
IT Italian Trattoria Collins,Charles Hernandez,76,,Pizza - Collins,,9/27/26 12:38 PM,9/27/26 12:47 PM,9 minutes and 16 seconds,*Device Login *Do NOT Remove
IT Italian Trattoria Collins,Charles Hernandez,77,,Pizza - Collins,,9/27/26 12:40 PM,9/27/26 12:51 PM,10 minutes and 57 seconds,*Device Login *Do NOT Remove
IT Italian Trattoria Collins,Charles Hernandez,79,,Pasta - Collins,,9/27/26 12:53 PM,9/27/26 12:58 PM,4 minutes and 41 seconds,*Device Login *Do NOT Remove
IT Italian Trattoria Collins,Charles Hernandez,81,,Pasta - Collins,,9/27/26 1:01 PM,9/27/26 1:06 PM,5 minutes and 23 seconds,*Device Login *Do NOT Remove
IT Italian Trattoria Collins,Charles Hernandez,80,,Pizza - Collins,,9/27/26 12:58 PM,9/27/26 1:07 PM,9 minutes and 17 seconds,*Device Login *Do NOT Remove
IT Italian Trattoria Collins,Charles Hernandez,82,,Pizza - Collins,,9/27/26 1:13 PM,9/27/26 1:15 PM,1 minute and 36 seconds,*Device Login *Do NOT Remove
IT Italian Trattoria Collins,Charles Hernandez,82,,Drinks - Collins,,9/27/26 1:13 PM,9/27/26 1:15 PM,1 minute and 36 seconds,*Device Login *Do NOT Remove
IT Italian Trattoria Collins,Charles Hernandez,82,,No print / Expo - Collins,,9/27/26 1:13 PM,9/27/26 1:15 PM,1 minute and 36 seconds,*Device Login *Do NOT Remove
IT Italian Trattoria Collins,Charles Hernandez,82,,Pasta - Collins,,9/27/26 1:13 PM,9/27/26 1:15 PM,1 minute and 36 seconds,*Device Login *Do NOT Remove
IT Italian Trattoria Collins,Charles Hernandez,82,,No Print - Collins,,9/27/26 1:13 PM,9/27/26 1:15 PM,1 minute and 36 seconds,*Device Login *Do NOT Remove
IT Italian Trattoria Collins,Charles Hernandez,82,,Pizza Pala - Collins,,9/27/26 1:13 PM,9/27/26 1:15 PM,1 minute and 36 seconds,*Device Login *Do NOT Remove
IT Italian Trattoria Collins,Charles Hernandez,83,,Pasta - Collins,,9/27/26 1:15 PM,9/27/26 1:19 PM,4 minutes and 31 seconds,*Device Login *Do NOT Remove
IT Italian Trattoria Collins,Charles Hernandez,82,,Pasta - Collins,,9/27/26 1:13 PM,9/27/26 1:19 PM,6 minutes and 10 seconds,*Device Login *Do NOT Remove
IT Italian Trattoria Collins,Charles Hernandez,83,,Pizza - Collins,,9/27/26 1:15 PM,9/27/26 1:25 PM,10 minutes and 14 seconds,*Device Login *Do NOT Remove
IT Italian Trattoria Collins,Charles Hernandez,84,,Pasta - Collins,,9/27/26 1:25 PM,9/27/26 1:32 PM,6 minutes and 59 seconds,*Device Login *Do NOT Remove
IT Italian Trattoria Collins,Charles Hernandez,85,,Pasta - Collins,,9/27/26 1:27 PM,9/27/26 1:32 PM,4 minutes and 17 seconds,*Device Login *Do NOT Remove
IT Italian Trattoria Collins,Charles Hernandez,86,,Pasta - Collins,,9/27/26 1:29 PM,9/27/26 1:36 PM,6 minutes and 37 seconds,*Device Login *Do NOT Remove
IT Italian Trattoria Collins,Charles Hernandez,89,,Pizza - Collins,,9/27/26 1:42 PM,9/27/26 1:50 PM,7 minutes and 53 seconds,*Device Login *Do NOT Remove
IT Italian Trattoria Collins,Charles Hernandez,87,,Pizza - Collins,,9/27/26 1:37 PM,9/27/26 1:50 PM,13 minutes and 3 seconds,*Device Login *Do NOT Remove
IT Italian Trattoria Collins,Charles Hernandez,95,,Drinks - Collins,,9/27/26 1:56 PM,9/27/26 1:57 PM,37 seconds,*Device Login *Do NOT Remove
IT Italian Trattoria Collins,Charles Hernandez,95,,No print / Expo - Collins,,9/27/26 1:56 PM,9/27/26 1:57 PM,37 seconds,*Device Login *Do NOT Remove
IT Italian Trattoria Collins,Charles Hernandez,95,,Pasta - Collins,,9/27/26 1:56 PM,9/27/26 1:57 PM,37 seconds,*Device Login *Do NOT Remove
IT Italian Trattoria Collins,Charles Hernandez,95,,Pizza - Collins,,9/27/26 1:56 PM,9/27/26 1:57 PM,37 seconds,*Device Login *Do NOT Remove
IT Italian Trattoria Collins,Charles Hernandez,95,,No Print - Collins,,9/27/26 1:56 PM,9/27/26 1:57 PM,37 seconds,*Device Login *Do NOT Remove
IT Italian Trattoria Collins,Charles Hernandez,95,,Pizza Pala - Collins,,9/27/26 1:56 PM,9/27/26 1:57 PM,37 seconds,*Device Login *Do NOT Remove
IT Italian Trattoria Collins,Charles Hernandez,92,,Pasta - Collins,,9/27/26 1:52 PM,9/27/26 2:00 PM,7 minutes and 45 seconds,*Device Login *Do NOT Remove
IT Italian Trattoria Collins,Charles Hernandez,95,,Pizza - Collins,,9/27/26 1:56 PM,9/27/26 2:04 PM,8 minutes and 1 second,*Device Login *Do NOT Remove
IT Italian Trattoria Collins,Charles Hernandez,93,,Pizza - Collins,,9/27/26 1:53 PM,9/27/26 2:04 PM,11 minutes and 1 second,*Device Login *Do NOT Remove
IT Italian Trattoria Collins,Charles Hernandez,94,,Pizza - Collins,,9/27/26 1:54 PM,9/27/26 2:05 PM,11 minutes and 20 seconds,*Device Login *Do NOT Remove
IT Italian Trattoria Collins,Charles Hernandez,97,,Pizza - Collins,,9/27/26 2:05 PM,9/27/26 2:14 PM,8 minutes and 46 seconds,*Device Login *Do NOT Remove
IT Italian Trattoria Collins,Charles Hernandez,98,,Pizza - Collins,,9/27/26 2:06 PM,9/27/26 2:14 PM,7 minutes and 18 seconds,*Device Login *Do NOT Remove
IT Italian Trattoria Collins,Charles Hernandez,102,,Pizza - Collins,,9/27/26 2:16 PM,9/27/26 2:18 PM,2 minutes and 35 seconds,*Device Login *Do NOT Remove
IT Italian Trattoria Collins,Charles Hernandez,102,,Drinks - Collins,,9/27/26 2:16 PM,9/27/26 2:18 PM,2 minutes and 35 seconds,*Device Login *Do NOT Remove
IT Italian Trattoria Collins,Charles Hernandez,102,,No print / Expo - Collins,,9/27/26 2:16 PM,9/27/26 2:18 PM,2 minutes and 35 seconds,*Device Login *Do NOT Remove
IT Italian Trattoria Collins,Charles Hernandez,102,,Pasta - Collins,,9/27/26 2:16 PM,9/27/26 2:18 PM,2 minutes and 35 seconds,*Device Login *Do NOT Remove
IT Italian Trattoria Collins,Charles Hernandez,102,,No Print - Collins,,9/27/26 2:16 PM,9/27/26 2:18 PM,2 minutes and 35 seconds,*Device Login *Do NOT Remove
IT Italian Trattoria Collins,Charles Hernandez,102,,Pizza Pala - Collins,,9/27/26 2:16 PM,9/27/26 2:18 PM,2 minutes and 35 seconds,*Device Login *Do NOT Remove
IT Italian Trattoria Collins,Charles Hernandez,98,,Pasta - Collins,,9/27/26 2:06 PM,9/27/26 2:19 PM,13 minutes and 4 seconds,*Device Login *Do NOT Remove
IT Italian Trattoria Collins,Charles Hernandez,99,,Pizza - Collins,,9/27/26 2:09 PM,9/27/26 2:26 PM,17 minutes and 35 seconds,*Device Login *Do NOT Remove
IT Italian Trattoria Collins,Charles Hernandez,104,,Pasta - Collins,,9/27/26 2:22 PM,9/27/26 2:30 PM,8 minutes and 47 seconds,*Device Login *Do NOT Remove
IT Italian Trattoria Collins,Charles Hernandez,106,,Pizza - Collins,,9/27/26 2:41 PM,9/27/26 2:53 PM,12 minutes and 21 seconds,*Device Login *Do NOT Remove
IT Italian Trattoria Collins,Charles Hernandez,108,,Pizza - Collins,,9/27/26 3:06 PM,9/27/26 3:13 PM,6 minutes and 34 seconds,*Device Login *Do NOT Remove
IT Italian Trattoria Collins,Charles Hernandez,111,,Pizza - Collins,,9/27/26 3:18 PM,9/27/26 3:25 PM,6 minutes and 20 seconds,*Device Login *Do NOT Remove
IT Italian Trattoria Collins,Charles Hernandez,112,,Pizza - Collins,,9/27/26 3:23 PM,9/27/26 3:30 PM,6 minutes and 57 seconds,*Device Login *Do NOT Remove
IT Italian Trattoria Collins,Charles Hernandez,114,,Pasta - Collins,,9/27/26 3:31 PM,9/27/26 3:36 PM,4 minutes and 52 seconds,*Device Login *Do NOT Remove
IT Italian Trattoria Collins,Charles Hernandez,116,,Pasta - Collins,,9/27/26 3:48 PM,9/27/26 3:58 PM,10 minutes and 9 seconds,*Device Login *Do NOT Remove
IT Italian Trattoria Collins,Charles Hernandez,117,,Pasta - Collins,,9/27/26 3:51 PM,9/27/26 3:58 PM,7 minutes and 46 seconds,*Device Login *Do NOT Remove
IT Italian Trattoria Collins,Jonathan Lucero,125,,Pizza - Collins,,9/27/26 4:09 PM,9/27/26 4:17 PM,7 minutes and 47 seconds,*Device Login *Do NOT Remove
IT Italian Trattoria Collins,Jonathan Lucero,126,,Pasta - Collins,,9/27/26 4:13 PM,9/27/26 4:21 PM,8 minutes and 20 seconds,*Device Login *Do NOT Remove
IT Italian Trattoria Collins,Jonathan Lucero,128,,Pizza - Collins,,9/27/26 4:27 PM,9/27/26 4:40 PM,12 minutes and 29 seconds,*Device Login *Do NOT Remove
IT Italian Trattoria Collins,Jonathan Lucero,132,,Pizza - Collins,,9/27/26 5:28 PM,9/27/26 5:28 PM,19 seconds,*Device Login *Do NOT Remove
IT Italian Trattoria Collins,Jonathan Lucero,132,,Drinks - Collins,,9/27/26 5:28 PM,9/27/26 5:28 PM,19 seconds,*Device Login *Do NOT Remove
IT Italian Trattoria Collins,Jonathan Lucero,132,,No print / Expo - Collins,,9/27/26 5:28 PM,9/27/26 5:28 PM,19 seconds,*Device Login *Do NOT Remove
IT Italian Trattoria Collins,Jonathan Lucero,132,,Pasta - Collins,,9/27/26 5:28 PM,9/27/26 5:28 PM,19 seconds,*Device Login *Do NOT Remove
IT Italian Trattoria Collins,Jonathan Lucero,132,,No Print - Collins,,9/27/26 5:28 PM,9/27/26 5:28 PM,19 seconds,*Device Login *Do NOT Remove
IT Italian Trattoria Collins,Jonathan Lucero,132,,Pizza Pala - Collins,,9/27/26 5:28 PM,9/27/26 5:28 PM,19 seconds,*Device Login *Do NOT Remove
IT Italian Trattoria Collins,Jonathan Lucero,133,,Pizza - Collins,,9/27/26 5:40 PM,9/27/26 5:40 PM,10 seconds,*Device Login *Do NOT Remove
IT Italian Trattoria Collins,Jonathan Lucero,133,,Drinks - Collins,,9/27/26 5:40 PM,9/27/26 5:40 PM,10 seconds,*Device Login *Do NOT Remove
IT Italian Trattoria Collins,Jonathan Lucero,133,,No print / Expo - Collins,,9/27/26 5:40 PM,9/27/26 5:40 PM,10 seconds,*Device Login *Do NOT Remove
IT Italian Trattoria Collins,Jonathan Lucero,133,,Pasta - Collins,,9/27/26 5:40 PM,9/27/26 5:40 PM,10 seconds,*Device Login *Do NOT Remove
IT Italian Trattoria Collins,Jonathan Lucero,133,,No Print - Collins,,9/27/26 5:40 PM,9/27/26 5:40 PM,10 seconds,*Device Login *Do NOT Remove
IT Italian Trattoria Collins,Jonathan Lucero,133,,Pizza Pala - Collins,,9/27/26 5:40 PM,9/27/26 5:40 PM,10 seconds,*Device Login *Do NOT Remove
IT Italian Trattoria Collins,Yamila Hidalgo,135,,Pasta - Collins,,9/27/26 5:56 PM,9/27/26 6:04 PM,8 minutes and 16 seconds,*Device Login *Do NOT Remove
IT Italian Trattoria Collins,Jonathan Lucero,134,,Pizza - Collins,,9/27/26 6:13 PM,9/27/26 6:18 PM,5 minutes and 20 seconds,*Device Login *Do NOT Remove
IT Italian Trattoria Collins,Jonathan Lucero,134,,Pasta - Collins,,9/27/26 6:13 PM,9/27/26 6:18 PM,5 minutes and 35 seconds,*Device Login *Do NOT Remove
IT Italian Trattoria Collins,Jonathan Lucero,141,,Drinks - Collins,,9/27/26 6:19 PM,9/27/26 6:22 PM,2 minutes and 46 seconds,*Device Login *Do NOT Remove
IT Italian Trattoria Collins,Jonathan Lucero,141,,Pasta - Collins,,9/27/26 6:19 PM,9/27/26 6:22 PM,2 minutes and 46 seconds,*Device Login *Do NOT Remove
IT Italian Trattoria Collins,Jonathan Lucero,141,,No print / Expo - Collins,,9/27/26 6:19 PM,9/27/26 6:22 PM,2 minutes and 46 seconds,*Device Login *Do NOT Remove
IT Italian Trattoria Collins,Jonathan Lucero,141,,Pizza - Collins,,9/27/26 6:19 PM,9/27/26 6:22 PM,2 minutes and 46 seconds,*Device Login *Do NOT Remove
IT Italian Trattoria Collins,Jonathan Lucero,141,,No Print - Collins,,9/27/26 6:19 PM,9/27/26 6:22 PM,2 minutes and 46 seconds,*Device Login *Do NOT Remove
IT Italian Trattoria Collins,Jonathan Lucero,141,,Pizza Pala - Collins,,9/27/26 6:19 PM,9/27/26 6:22 PM,2 minutes and 46 seconds,*Device Login *Do NOT Remove
IT Italian Trattoria Collins,Jonathan Lucero,140,,Pasta - Collins,,9/27/26 6:18 PM,9/27/26 6:22 PM,4 minutes and 15 seconds,*Device Login *Do NOT Remove
IT Italian Trattoria Collins,Jonathan Lucero,137,,Pizza - Collins,,9/27/26 6:16 PM,9/27/26 6:24 PM,7 minutes and 38 seconds,*Device Login *Do NOT Remove
IT Italian Trattoria Collins,Jonathan Lucero,139,,Pizza - Collins,,9/27/26 6:16 PM,9/27/26 6:24 PM,7 minutes and 38 seconds,*Device Login *Do NOT Remove
IT Italian Trattoria Collins,Yamila Hidalgo,136,,Pizza - Collins,,9/27/26 6:15 PM,9/27/26 6:27 PM,12 minutes and 10 seconds,*Device Login *Do NOT Remove
IT Italian Trattoria Collins,Jonathan Lucero,141,,Pizza - Collins,,9/27/26 6:19 PM,9/27/26 6:29 PM,10 minutes and 23 seconds,*Device Login *Do NOT Remove
IT Italian Trattoria Collins,Jonathan Lucero,145,,Pizza - Collins,,9/27/26 6:34 PM,9/27/26 6:39 PM,5 minutes and 26 seconds,*Device Login *Do NOT Remove
IT Italian Trattoria Collins,Jonathan Lucero,146,,Pasta - Collins,,9/27/26 6:37 PM,9/27/26 6:43 PM,5 minutes and 47 seconds,*Device Login *Do NOT Remove
IT Italian Trattoria Collins,Jonathan Lucero,151,,Pizza - Collins,,9/27/26 6:54 PM,9/27/26 7:02 PM,8 minutes and 9 seconds,*Device Login *Do NOT Remove
IT Italian Trattoria Collins,Jonathan Lucero,151,,Pasta - Collins,,9/27/26 6:54 PM,9/27/26 7:05 PM,10 minutes and 48 seconds,*Device Login *Do NOT Remove
IT Italian Trattoria Collins,Jonathan Lucero,156,,Pasta - Collins,,9/27/26 7:15 PM,9/27/26 7:18 PM,3 minutes and 23 seconds,*Device Login *Do NOT Remove
IT Italian Trattoria Collins,Jonathan Lucero,157,,Pizza - Collins,,9/27/26 7:27 PM,9/27/26 7:35 PM,7 minutes and 8 seconds,*Device Login *Do NOT Remove
IT Italian Trattoria Collins,Andrea Rizzi,165,,Drinks - Collins,,9/27/26 7:49 PM,9/27/26 7:49 PM,24 seconds,*Device Login *Do NOT Remove
IT Italian Trattoria Collins,Andrea Rizzi,165,,No print / Expo - Collins,,9/27/26 7:49 PM,9/27/26 7:49 PM,24 seconds,*Device Login *Do NOT Remove
IT Italian Trattoria Collins,Andrea Rizzi,165,,Pasta - Collins,,9/27/26 7:49 PM,9/27/26 7:49 PM,24 seconds,*Device Login *Do NOT Remove
IT Italian Trattoria Collins,Andrea Rizzi,165,,Pizza - Collins,,9/27/26 7:49 PM,9/27/26 7:49 PM,24 seconds,*Device Login *Do NOT Remove
IT Italian Trattoria Collins,Andrea Rizzi,165,,No Print - Collins,,9/27/26 7:49 PM,9/27/26 7:49 PM,24 seconds,*Device Login *Do NOT Remove
IT Italian Trattoria Collins,Andrea Rizzi,165,,Pizza Pala - Collins,,9/27/26 7:49 PM,9/27/26 7:49 PM,24 seconds,*Device Login *Do NOT Remove
IT Italian Trattoria Collins,Jonathan Lucero,162,,Pizza - Collins,,9/27/26 7:44 PM,9/27/26 7:51 PM,7 minutes and 29 seconds,*Device Login *Do NOT Remove
IT Italian Trattoria Collins,Jonathan Lucero,166,,Pizza - Collins,,9/27/26 7:55 PM,9/27/26 8:00 PM,5 minutes and 46 seconds,*Device Login *Do NOT Remove
IT Italian Trattoria Collins,Jonathan Lucero,168,,Pasta - Collins,,9/27/26 7:59 PM,9/27/26 8:07 PM,7 minutes and 54 seconds,*Device Login *Do NOT Remove
IT Italian Trattoria Collins,Andrea Rizzi,171,,Drinks - Collins,,9/27/26 8:18 PM,9/27/26 8:19 PM,11 seconds,*Device Login *Do NOT Remove
IT Italian Trattoria Collins,Andrea Rizzi,171,,No print / Expo - Collins,,9/27/26 8:18 PM,9/27/26 8:19 PM,11 seconds,*Device Login *Do NOT Remove
IT Italian Trattoria Collins,Andrea Rizzi,171,,Pasta - Collins,,9/27/26 8:18 PM,9/27/26 8:19 PM,11 seconds,*Device Login *Do NOT Remove
IT Italian Trattoria Collins,Andrea Rizzi,171,,Pizza - Collins,,9/27/26 8:18 PM,9/27/26 8:19 PM,11 seconds,*Device Login *Do NOT Remove
IT Italian Trattoria Collins,Andrea Rizzi,171,,No Print - Collins,,9/27/26 8:18 PM,9/27/26 8:19 PM,11 seconds,*Device Login *Do NOT Remove
IT Italian Trattoria Collins,Andrea Rizzi,171,,Pizza Pala - Collins,,9/27/26 8:18 PM,9/27/26 8:19 PM,11 seconds,*Device Login *Do NOT Remove
IT Italian Trattoria Collins,Jonathan Lucero,170,,Pizza - Collins,,9/27/26 8:15 PM,9/27/26 8:20 PM,5 minutes and 4 seconds,*Device Login *Do NOT Remove
IT Italian Trattoria Collins,Jonathan Lucero,174,,Pizza - Collins,,9/27/26 8:20 PM,9/27/26 8:20 PM,11 seconds,*Device Login *Do NOT Remove
IT Italian Trattoria Collins,Jonathan Lucero,174,,Drinks - Collins,,9/27/26 8:20 PM,9/27/26 8:20 PM,11 seconds,*Device Login *Do NOT Remove
IT Italian Trattoria Collins,Jonathan Lucero,174,,No print / Expo - Collins,,9/27/26 8:20 PM,9/27/26 8:20 PM,11 seconds,*Device Login *Do NOT Remove
IT Italian Trattoria Collins,Jonathan Lucero,174,,Pasta - Collins,,9/27/26 8:20 PM,9/27/26 8:20 PM,11 seconds,*Device Login *Do NOT Remove
IT Italian Trattoria Collins,Jonathan Lucero,174,,No Print - Collins,,9/27/26 8:20 PM,9/27/26 8:20 PM,11 seconds,*Device Login *Do NOT Remove
IT Italian Trattoria Collins,Jonathan Lucero,174,,Pizza Pala - Collins,,9/27/26 8:20 PM,9/27/26 8:20 PM,11 seconds,*Device Login *Do NOT Remove
IT Italian Trattoria Collins,Andrea Rizzi,167,,Pizza - Collins,,9/27/26 8:15 PM,9/27/26 8:21 PM,5 minutes and 43 seconds,*Device Login *Do NOT Remove
IT Italian Trattoria Collins,Jonathan Lucero,172,,Pasta - Collins,,9/27/26 8:18 PM,9/27/26 8:22 PM,3 minutes and 47 seconds,*Device Login *Do NOT Remove
IT Italian Trattoria Collins,Jonathan Lucero,172,,Pizza - Collins,,9/27/26 8:18 PM,9/27/26 8:24 PM,5 minutes and 43 seconds,*Device Login *Do NOT Remove
IT Italian Trattoria Collins,Jonathan Lucero,178,,Drinks - Collins,,9/27/26 8:36 PM,9/27/26 8:37 PM,1 minute and 20 seconds,*Device Login *Do NOT Remove
IT Italian Trattoria Collins,Jonathan Lucero,178,,No print / Expo - Collins,,9/27/26 8:36 PM,9/27/26 8:37 PM,1 minute and 20 seconds,*Device Login *Do NOT Remove
IT Italian Trattoria Collins,Jonathan Lucero,178,,Pasta - Collins,,9/27/26 8:36 PM,9/27/26 8:37 PM,1 minute and 20 seconds,*Device Login *Do NOT Remove
IT Italian Trattoria Collins,Jonathan Lucero,178,,Pizza - Collins,,9/27/26 8:36 PM,9/27/26 8:37 PM,1 minute and 20 seconds,*Device Login *Do NOT Remove
IT Italian Trattoria Collins,Jonathan Lucero,178,,No Print - Collins,,9/27/26 8:36 PM,9/27/26 8:37 PM,1 minute and 20 seconds,*Device Login *Do NOT Remove
IT Italian Trattoria Collins,Jonathan Lucero,178,,Pizza Pala - Collins,,9/27/26 8:36 PM,9/27/26 8:37 PM,1 minute and 20 seconds,*Device Login *Do NOT Remove
IT Italian Trattoria Collins,Jonathan Lucero,179,,Drinks - Collins,,9/27/26 8:38 PM,9/27/26 8:39 PM,15 seconds,*Device Login *Do NOT Remove
IT Italian Trattoria Collins,Jonathan Lucero,179,,No print / Expo - Collins,,9/27/26 8:38 PM,9/27/26 8:39 PM,15 seconds,*Device Login *Do NOT Remove
IT Italian Trattoria Collins,Jonathan Lucero,179,,Pasta - Collins,,9/27/26 8:38 PM,9/27/26 8:39 PM,15 seconds,*Device Login *Do NOT Remove
IT Italian Trattoria Collins,Jonathan Lucero,179,,Pizza - Collins,,9/27/26 8:38 PM,9/27/26 8:39 PM,15 seconds,*Device Login *Do NOT Remove
IT Italian Trattoria Collins,Jonathan Lucero,179,,No Print - Collins,,9/27/26 8:38 PM,9/27/26 8:39 PM,15 seconds,*Device Login *Do NOT Remove
IT Italian Trattoria Collins,Jonathan Lucero,179,,Pizza Pala - Collins,,9/27/26 8:38 PM,9/27/26 8:39 PM,15 seconds,*Device Login *Do NOT Remove
IT Italian Trattoria Collins,Jonathan Lucero,178,,Pasta - Collins,,9/27/26 8:36 PM,9/27/26 8:41 PM,4 minutes and 46 seconds,*Device Login *Do NOT Remove
IT Italian Trattoria Collins,Andrea Rizzi,177,,Pizza - Collins,,9/27/26 8:39 PM,9/27/26 8:43 PM,4 minutes and 32 seconds,*Device Login *Do NOT Remove
IT Italian Trattoria Collins,Jonathan Lucero,179,,Pasta - Collins,,9/27/26 8:38 PM,9/27/26 8:45 PM,7 minutes and 2 seconds,*Device Login *Do NOT Remove
IT Italian Trattoria Collins,Andrea Rizzi,177,,Pasta - Collins,,9/27/26 8:39 PM,9/27/26 8:48 PM,8 minutes and 59 seconds,*Device Login *Do NOT Remove
IT Italian Trattoria Collins,Andrea Rizzi,180,,Pizza - Collins,,9/27/26 8:51 PM,9/27/26 9:01 PM,9 minutes and 47 seconds,*Device Login *Do NOT Remove
IT Italian Trattoria Collins,Jonathan Lucero,181,,Pasta - Collins,,9/27/26 9:02 PM,9/27/26 9:07 PM,4 minutes and 47 seconds,*Device Login *Do NOT Remove
IT Italian Trattoria Collins,Jonathan Lucero,181,,Pizza - Collins,,9/27/26 9:02 PM,9/27/26 9:07 PM,5 minutes and 3 seconds,*Device Login *Do NOT Remove
IT Italian Trattoria Collins,Jonathan Lucero,182,,Drinks - Collins,,9/27/26 9:06 PM,9/27/26 9:07 PM,39 seconds,*Device Login *Do NOT Remove
IT Italian Trattoria Collins,Jonathan Lucero,182,,No print / Expo - Collins,,9/27/26 9:06 PM,9/27/26 9:07 PM,39 seconds,*Device Login *Do NOT Remove
IT Italian Trattoria Collins,Jonathan Lucero,182,,Pasta - Collins,,9/27/26 9:06 PM,9/27/26 9:07 PM,39 seconds,*Device Login *Do NOT Remove
IT Italian Trattoria Collins,Jonathan Lucero,182,,Pizza - Collins,,9/27/26 9:06 PM,9/27/26 9:07 PM,39 seconds,*Device Login *Do NOT Remove
IT Italian Trattoria Collins,Jonathan Lucero,182,,No Print - Collins,,9/27/26 9:06 PM,9/27/26 9:07 PM,39 seconds,*Device Login *Do NOT Remove
IT Italian Trattoria Collins,Jonathan Lucero,182,,Pizza Pala - Collins,,9/27/26 9:06 PM,9/27/26 9:07 PM,39 seconds,*Device Login *Do NOT Remove
IT Italian Trattoria Collins,Jonathan Lucero,182,,Pasta - Collins,,9/27/26 9:06 PM,9/27/26 9:11 PM,4 minutes and 50 seconds,*Device Login *Do NOT Remove
IT Italian Trattoria Collins,Jonathan Lucero,183,,Pasta - Collins,,9/27/26 9:13 PM,9/27/26 9:17 PM,4 minutes and 37 seconds,*Device Login *Do NOT Remove
IT Italian Trattoria Collins,Jonathan Lucero,183,,Drinks - Collins,,9/27/26 9:13 PM,9/27/26 9:17 PM,4 minutes and 37 seconds,*Device Login *Do NOT Remove
IT Italian Trattoria Collins,Jonathan Lucero,183,,No print / Expo - Collins,,9/27/26 9:13 PM,9/27/26 9:17 PM,4 minutes and 37 seconds,*Device Login *Do NOT Remove
IT Italian Trattoria Collins,Jonathan Lucero,183,,Pizza - Collins,,9/27/26 9:13 PM,9/27/26 9:17 PM,4 minutes and 37 seconds,*Device Login *Do NOT Remove
IT Italian Trattoria Collins,Jonathan Lucero,183,,No Print - Collins,,9/27/26 9:13 PM,9/27/26 9:17 PM,4 minutes and 37 seconds,*Device Login *Do NOT Remove
IT Italian Trattoria Collins,Jonathan Lucero,183,,Pizza Pala - Collins,,9/27/26 9:13 PM,9/27/26 9:17 PM,4 minutes and 37 seconds,*Device Login *Do NOT Remove
IT Italian Trattoria Collins,Jonathan Lucero,183,,Pizza - Collins,,9/27/26 9:13 PM,9/27/26 9:18 PM,5 minutes,*Device Login *Do NOT Remove
IT Italian Trattoria Collins,Jonathan Lucero,185,,Pizza - Collins,,9/27/26 9:16 PM,9/27/26 9:21 PM,5 minutes and 13 seconds,*Device Login *Do NOT Remove
IT Italian Trattoria Collins,Jonathan Lucero,187,,Pizza - Collins,,9/27/26 9:18 PM,9/27/26 9:21 PM,3 minutes and 14 seconds,*Device Login *Do NOT Remove
IT Italian Trattoria Collins,Jonathan Lucero,187,,Drinks - Collins,,9/27/26 9:18 PM,9/27/26 9:21 PM,3 minutes and 14 seconds,*Device Login *Do NOT Remove
IT Italian Trattoria Collins,Jonathan Lucero,187,,No print / Expo - Collins,,9/27/26 9:18 PM,9/27/26 9:21 PM,3 minutes and 14 seconds,*Device Login *Do NOT Remove
IT Italian Trattoria Collins,Jonathan Lucero,187,,Pasta - Collins,,9/27/26 9:18 PM,9/27/26 9:21 PM,3 minutes and 14 seconds,*Device Login *Do NOT Remove
IT Italian Trattoria Collins,Jonathan Lucero,187,,No Print - Collins,,9/27/26 9:18 PM,9/27/26 9:21 PM,3 minutes and 14 seconds,*Device Login *Do NOT Remove
IT Italian Trattoria Collins,Jonathan Lucero,187,,Pizza Pala - Collins,,9/27/26 9:18 PM,9/27/26 9:21 PM,3 minutes and 14 seconds,*Device Login *Do NOT Remove
IT Italian Trattoria Collins,Default Online Ordering,186,,Pasta - Collins,,9/27/26 9:16 PM,9/27/26 9:24 PM,8 minutes and 19 seconds,*Device Login *Do NOT Remove
IT Italian Trattoria Collins,Jonathan Lucero,189,,Pasta - Collins,,9/27/26 9:45 PM,9/27/26 9:50 PM,4 minutes and 29 seconds,*Device Login *Do NOT Remove
IT Italian Trattoria Collins,Andrea Rizzi,191,,Pizza - Collins,,9/27/26 9:50 PM,9/27/26 9:55 PM,4 minutes and 55 seconds,*Device Login *Do NOT Remove
IT Italian Trattoria Collins,Andrea Rizzi,191,,Pasta - Collins,,9/27/26 9:50 PM,9/27/26 9:55 PM,4 minutes and 56 seconds,*Device Login *Do NOT Remove
IT Italian Trattoria Collins,Andrea Rizzi,192,,Pizza - Collins,,9/27/26 10:14 PM,9/27/26 10:20 PM,6 minutes and 8 seconds,*Device Login *Do NOT Remove
IT Italian Trattoria Collins,Andrea Rizzi,193,,Pasta - Collins,,9/27/26 10:17 PM,9/27/26 10:22 PM,4 minutes and 54 seconds,*Device Login *Do NOT Remove
IT Italian Trattoria Collins,Jonathan Lucero,195,,Pasta - Collins,,9/27/26 10:26 PM,9/27/26 10:30 PM,3 minutes and 55 seconds,*Device Login *Do NOT Remove
IT Italian Trattoria Collins,Jonathan Lucero,196,,Pasta - Collins,,9/27/26 10:27 PM,9/27/26 10:34 PM,7 minutes and 17 seconds,*Device Login *Do NOT Remove
IT Italian Trattoria Collins,Andrea Rizzi,199,,Pasta - Collins,,9/27/26 10:51 PM,9/27/26 10:57 PM,5 minutes and 40 seconds,*Device Login *Do NOT Remove
IT Italian Trattoria Collins,Andrea Rizzi,200,,Pizza - Collins,,9/27/26 11:09 PM,9/27/26 11:12 PM,2 minutes and 45 seconds,*Device Login *Do NOT Remove
IT Italian Trattoria Collins,Andrea Rizzi,200,,Pasta - Collins,,9/27/26 11:09 PM,9/27/26 11:15 PM,5 minutes and 34 seconds,*Device Login *Do NOT Remove
IT Italian Trattoria Collins,Yamila Hidalgo,3,,Pasta - Collins,,9/28/26 7:37 AM,9/28/26 7:41 AM,4 minutes and 20 seconds,*Device Login *Do NOT Remove
IT Italian Trattoria Collins,Yamila Hidalgo,4,,Pasta - Collins,,9/28/26 7:44 AM,9/28/26 7:45 AM,34 seconds,*Device Login *Do NOT Remove
IT Italian Trattoria Collins,Yamila Hidalgo,7,,Pasta - Collins,,9/28/26 8:01 AM,9/28/26 8:01 AM,8 seconds,*Device Login *Do NOT Remove
IT Italian Trattoria Collins,Yamila Hidalgo,8,,Pasta - Collins,,9/28/26 8:02 AM,9/28/26 8:03 AM,30 seconds,*Device Login *Do NOT Remove
IT Italian Trattoria Collins,Yamila Hidalgo,11,,Pasta - Collins,,9/28/26 8:19 AM,9/28/26 8:22 AM,2 minutes and 47 seconds,*Device Login *Do NOT Remove
IT Italian Trattoria Collins,Yamila Hidalgo,12,,Pasta - Collins,,9/28/26 8:30 AM,9/28/26 8:30 AM,16 seconds,*Device Login *Do NOT Remove
IT Italian Trattoria Collins,Yamila Hidalgo,14,,Pasta - Collins,,9/28/26 9:17 AM,9/28/26 9:20 AM,3 minutes and 11 seconds,*Device Login *Do NOT Remove
IT Italian Trattoria Collins,Yamila Hidalgo,15,,Pasta - Collins,,9/28/26 9:23 AM,9/28/26 9:23 AM,15 seconds,*Device Login *Do NOT Remove
IT Italian Trattoria Collins,Yamila Hidalgo,18,,Pasta - Collins,,9/28/26 9:32 AM,9/28/26 9:32 AM,9 seconds,*Device Login *Do NOT Remove
IT Italian Trattoria Collins,Yamila Hidalgo,19,,Pasta - Collins,,9/28/26 9:33 AM,9/28/26 9:36 AM,2 minutes and 37 seconds,*Device Login *Do NOT Remove
IT Italian Trattoria Collins,Vivian Ducasal,23,,Pasta - Collins,,9/28/26 10:13 AM,9/28/26 10:14 AM,1 minute and 15 seconds,*Device Login *Do NOT Remove
IT Italian Trattoria Collins,Vivian Ducasal,24,,Pasta - Collins,,9/28/26 10:15 AM,9/28/26 10:17 AM,1 minute and 46 seconds,*Device Login *Do NOT Remove
IT Italian Trattoria Collins,Yamila Hidalgo,29,,Pasta - Collins,,9/28/26 11:00 AM,9/28/26 11:04 AM,3 minutes and 51 seconds,*Device Login *Do NOT Remove
IT Italian Trattoria Collins,Yamila Hidalgo,33,,Pasta - Collins,,9/28/26 11:15 AM,9/28/26 11:15 AM,18 seconds,*Device Login *Do NOT Remove
IT Italian Trattoria Collins,Yamila Hidalgo,30,,Pasta - Collins,,9/28/26 11:13 AM,9/28/26 11:17 AM,4 minutes and 44 seconds,*Device Login *Do NOT Remove
IT Italian Trattoria Collins,Yamila Hidalgo,31,,Pasta - Collins,,9/28/26 11:13 AM,9/28/26 11:19 AM,5 minutes and 38 seconds,*Device Login *Do NOT Remove
IT Italian Trattoria Collins,Vivian Ducasal,37,,Pasta - Collins,,9/28/26 11:26 AM,9/28/26 11:26 AM,20 seconds,*Device Login *Do NOT Remove
IT Italian Trattoria Collins,Default Online Ordering,42,,Pasta - Collins,,9/28/26 11:48 AM,9/28/26 11:55 AM,7 minutes and 17 seconds,*Device Login *Do NOT Remove
IT Italian Trattoria Collins,Yamila Hidalgo,43,,Pasta - Collins,,9/28/26 12:13 PM,9/28/26 12:18 PM,4 minutes and 47 seconds,*Device Login *Do NOT Remove
IT Italian Trattoria Collins,Yamila Hidalgo,44,,Pasta - Collins,,9/28/26 12:15 PM,9/28/26 12:19 PM,4 minutes and 5 seconds,*Device Login *Do NOT Remove
IT Italian Trattoria Collins,Vivian Ducasal,47,,Pizza - Collins,,9/28/26 12:20 PM,9/28/26 12:20 PM,6 seconds,*Device Login *Do NOT Remove
IT Italian Trattoria Collins,Vivian Ducasal,47,,Drinks - Collins,,9/28/26 12:20 PM,9/28/26 12:20 PM,6 seconds,*Device Login *Do NOT Remove
IT Italian Trattoria Collins,Vivian Ducasal,47,,No print / Expo - Collins,,9/28/26 12:20 PM,9/28/26 12:20 PM,6 seconds,*Device Login *Do NOT Remove
IT Italian Trattoria Collins,Vivian Ducasal,47,,Pasta - Collins,,9/28/26 12:20 PM,9/28/26 12:20 PM,6 seconds,*Device Login *Do NOT Remove
IT Italian Trattoria Collins,Vivian Ducasal,47,,No Print - Collins,,9/28/26 12:20 PM,9/28/26 12:20 PM,6 seconds,*Device Login *Do NOT Remove
IT Italian Trattoria Collins,Vivian Ducasal,47,,Pizza Pala - Collins,,9/28/26 12:20 PM,9/28/26 12:20 PM,6 seconds,*Device Login *Do NOT Remove
IT Italian Trattoria Collins,Yamila Hidalgo,48,,Pasta - Collins,,9/28/26 12:22 PM,9/28/26 12:25 PM,2 minutes and 58 seconds,*Device Login *Do NOT Remove
IT Italian Trattoria Collins,Yamila Hidalgo,50,,Pasta - Collins,,9/28/26 12:29 PM,9/28/26 12:34 PM,5 minutes and 5 seconds,*Device Login *Do NOT Remove
IT Italian Trattoria Collins,Yamila Hidalgo,50,,Pizza - Collins,,9/28/26 12:29 PM,9/28/26 12:35 PM,6 minutes and 16 seconds,*Device Login *Do NOT Remove
IT Italian Trattoria Collins,Yamila Hidalgo,55,,Drinks - Collins,,9/28/26 12:56 PM,9/28/26 12:56 PM,6 seconds,*Device Login *Do NOT Remove
IT Italian Trattoria Collins,Yamila Hidalgo,55,,No print / Expo - Collins,,9/28/26 12:56 PM,9/28/26 12:56 PM,6 seconds,*Device Login *Do NOT Remove
IT Italian Trattoria Collins,Yamila Hidalgo,55,,Pasta - Collins,,9/28/26 12:56 PM,9/28/26 12:56 PM,6 seconds,*Device Login *Do NOT Remove
IT Italian Trattoria Collins,Yamila Hidalgo,55,,Pizza - Collins,,9/28/26 12:56 PM,9/28/26 12:56 PM,6 seconds,*Device Login *Do NOT Remove
IT Italian Trattoria Collins,Yamila Hidalgo,55,,No Print - Collins,,9/28/26 12:56 PM,9/28/26 12:56 PM,6 seconds,*Device Login *Do NOT Remove
IT Italian Trattoria Collins,Yamila Hidalgo,55,,Pizza Pala - Collins,,9/28/26 12:56 PM,9/28/26 12:56 PM,6 seconds,*Device Login *Do NOT Remove
IT Italian Trattoria Collins,Yamila Hidalgo,55,,Pizza - Collins,,9/28/26 12:56 PM,9/28/26 1:03 PM,7 minutes and 45 seconds,*Device Login *Do NOT Remove
IT Italian Trattoria Collins,Vivian Ducasal,56,,Pasta - Collins,,9/28/26 1:13 PM,9/28/26 1:18 PM,4 minutes and 53 seconds,*Device Login *Do NOT Remove
IT Italian Trattoria Collins,Vivian Ducasal,58,,Pizza - Collins,,9/28/26 1:40 PM,9/28/26 1:43 PM,3 minutes and 7 seconds,*Device Login *Do NOT Remove
IT Italian Trattoria Collins,Vivian Ducasal,60,,Drinks - Collins,,9/28/26 1:45 PM,9/28/26 1:46 PM,4 seconds,*Device Login *Do NOT Remove
IT Italian Trattoria Collins,Vivian Ducasal,60,,Pasta - Collins,,9/28/26 1:45 PM,9/28/26 1:46 PM,4 seconds,*Device Login *Do NOT Remove
IT Italian Trattoria Collins,Vivian Ducasal,60,,No print / Expo - Collins,,9/28/26 1:45 PM,9/28/26 1:46 PM,4 seconds,*Device Login *Do NOT Remove
IT Italian Trattoria Collins,Vivian Ducasal,60,,Pizza - Collins,,9/28/26 1:45 PM,9/28/26 1:46 PM,4 seconds,*Device Login *Do NOT Remove
IT Italian Trattoria Collins,Vivian Ducasal,60,,No Print - Collins,,9/28/26 1:45 PM,9/28/26 1:46 PM,4 seconds,*Device Login *Do NOT Remove
IT Italian Trattoria Collins,Vivian Ducasal,60,,Pizza Pala - Collins,,9/28/26 1:45 PM,9/28/26 1:46 PM,4 seconds,*Device Login *Do NOT Remove
IT Italian Trattoria Collins,Vivian Ducasal,62,,Pizza - Collins,,9/28/26 2:05 PM,9/28/26 2:05 PM,18 seconds,*Device Login *Do NOT Remove
IT Italian Trattoria Collins,Vivian Ducasal,62,,Drinks - Collins,,9/28/26 2:05 PM,9/28/26 2:05 PM,18 seconds,*Device Login *Do NOT Remove
IT Italian Trattoria Collins,Vivian Ducasal,62,,No print / Expo - Collins,,9/28/26 2:05 PM,9/28/26 2:05 PM,18 seconds,*Device Login *Do NOT Remove
IT Italian Trattoria Collins,Vivian Ducasal,62,,Pasta - Collins,,9/28/26 2:05 PM,9/28/26 2:05 PM,18 seconds,*Device Login *Do NOT Remove
IT Italian Trattoria Collins,Vivian Ducasal,62,,No Print - Collins,,9/28/26 2:05 PM,9/28/26 2:05 PM,18 seconds,*Device Login *Do NOT Remove
IT Italian Trattoria Collins,Vivian Ducasal,62,,Pizza Pala - Collins,,9/28/26 2:05 PM,9/28/26 2:05 PM,18 seconds,*Device Login *Do NOT Remove
IT Italian Trattoria Collins,Vivian Ducasal,62,,Pasta - Collins,,9/28/26 2:05 PM,9/28/26 2:13 PM,8 minutes and 13 seconds,*Device Login *Do NOT Remove
IT Italian Trattoria Collins,Yamila Hidalgo,67,,Pasta - Collins,,9/28/26 2:34 PM,9/28/26 2:38 PM,3 minutes and 57 seconds,*Device Login *Do NOT Remove
IT Italian Trattoria Collins,Davide Christopher Paredi,79,,Pizza - Collins,,9/28/26 4:29 PM,9/28/26 4:35 PM,5 minutes and 58 seconds,*Device Login *Do NOT Remove
IT Italian Trattoria Collins,Davide Christopher Paredi,81,,Pizza - Collins,,9/28/26 4:55 PM,9/28/26 4:55 PM,10 seconds,*Device Login *Do NOT Remove
IT Italian Trattoria Collins,Davide Christopher Paredi,81,,Drinks - Collins,,9/28/26 4:55 PM,9/28/26 4:55 PM,10 seconds,*Device Login *Do NOT Remove
IT Italian Trattoria Collins,Davide Christopher Paredi,81,,No print / Expo - Collins,,9/28/26 4:55 PM,9/28/26 4:55 PM,10 seconds,*Device Login *Do NOT Remove
IT Italian Trattoria Collins,Davide Christopher Paredi,81,,Pasta - Collins,,9/28/26 4:55 PM,9/28/26 4:55 PM,10 seconds,*Device Login *Do NOT Remove
IT Italian Trattoria Collins,Davide Christopher Paredi,81,,No Print - Collins,,9/28/26 4:55 PM,9/28/26 4:55 PM,10 seconds,*Device Login *Do NOT Remove
IT Italian Trattoria Collins,Davide Christopher Paredi,81,,Pizza Pala - Collins,,9/28/26 4:55 PM,9/28/26 4:55 PM,10 seconds,*Device Login *Do NOT Remove
IT Italian Trattoria Collins,Camila Soldo,82,,Pasta - Collins,,9/28/26 5:12 PM,9/28/26 5:21 PM,9 minutes and 3 seconds,*Device Login *Do NOT Remove
IT Italian Trattoria Collins,Camila Soldo,82,,Drinks - Collins,,9/28/26 5:12 PM,9/28/26 5:21 PM,9 minutes and 3 seconds,*Device Login *Do NOT Remove
IT Italian Trattoria Collins,Camila Soldo,82,,No print / Expo - Collins,,9/28/26 5:12 PM,9/28/26 5:21 PM,9 minutes and 3 seconds,*Device Login *Do NOT Remove
IT Italian Trattoria Collins,Camila Soldo,82,,Pizza - Collins,,9/28/26 5:12 PM,9/28/26 5:21 PM,9 minutes and 3 seconds,*Device Login *Do NOT Remove
IT Italian Trattoria Collins,Camila Soldo,82,,No Print - Collins,,9/28/26 5:12 PM,9/28/26 5:21 PM,9 minutes and 3 seconds,*Device Login *Do NOT Remove
IT Italian Trattoria Collins,Camila Soldo,82,,Pizza Pala - Collins,,9/28/26 5:12 PM,9/28/26 5:21 PM,9 minutes and 3 seconds,*Device Login *Do NOT Remove
IT Italian Trattoria Collins,Camila Soldo,83,,Pasta - Collins,,9/28/26 5:13 PM,9/28/26 5:21 PM,8 minutes and 13 seconds,*Device Login *Do NOT Remove
IT Italian Trattoria Collins,Camila Soldo,82,,Pizza - Collins,,9/28/26 5:12 PM,9/28/26 5:21 PM,9 minutes and 10 seconds,*Device Login *Do NOT Remove
IT Italian Trattoria Collins,Default Online Ordering,85,,Pasta - Collins,,9/28/26 5:24 PM,9/28/26 5:28 PM,3 minutes and 10 seconds,*Device Login *Do NOT Remove
IT Italian Trattoria Collins,Davide Christopher Paredi,87,,Pasta - Collins,,9/28/26 5:38 PM,9/28/26 5:42 PM,4 minutes and 42 seconds,*Device Login *Do NOT Remove
IT Italian Trattoria Collins,Davide Christopher Paredi,91,,Pasta - Collins,,9/28/26 5:59 PM,9/28/26 6:03 PM,4 minutes and 19 seconds,*Device Login *Do NOT Remove
IT Italian Trattoria Collins,Davide Christopher Paredi,89,,Pasta - Collins,,9/28/26 5:57 PM,9/28/26 6:04 PM,6 minutes and 48 seconds,*Device Login *Do NOT Remove
IT Italian Trattoria Collins,Davide Christopher Paredi,90,,Pizza - Collins,,9/28/26 5:58 PM,9/28/26 6:05 PM,6 minutes and 21 seconds,*Device Login *Do NOT Remove
IT Italian Trattoria Collins,Davide Christopher Paredi,92,,Pasta - Collins,,9/28/26 6:02 PM,9/28/26 6:07 PM,5 minutes and 34 seconds,*Device Login *Do NOT Remove
IT Italian Trattoria Collins,Camila Soldo,94,,Drinks - Collins,,9/28/26 6:15 PM,9/28/26 6:15 PM,32 seconds,*Device Login *Do NOT Remove
IT Italian Trattoria Collins,Camila Soldo,94,,Pasta - Collins,,9/28/26 6:15 PM,9/28/26 6:15 PM,32 seconds,*Device Login *Do NOT Remove
IT Italian Trattoria Collins,Camila Soldo,94,,No print / Expo - Collins,,9/28/26 6:15 PM,9/28/26 6:15 PM,32 seconds,*Device Login *Do NOT Remove
IT Italian Trattoria Collins,Camila Soldo,94,,Pizza - Collins,,9/28/26 6:15 PM,9/28/26 6:15 PM,32 seconds,*Device Login *Do NOT Remove
IT Italian Trattoria Collins,Camila Soldo,94,,No Print - Collins,,9/28/26 6:15 PM,9/28/26 6:15 PM,32 seconds,*Device Login *Do NOT Remove
IT Italian Trattoria Collins,Camila Soldo,94,,Pizza Pala - Collins,,9/28/26 6:15 PM,9/28/26 6:15 PM,32 seconds,*Device Login *Do NOT Remove
IT Italian Trattoria Collins,Camila Soldo,95,,Pizza - Collins,,9/28/26 6:17 PM,9/28/26 6:17 PM,10 seconds,*Device Login *Do NOT Remove
IT Italian Trattoria Collins,Camila Soldo,95,,Drinks - Collins,,9/28/26 6:17 PM,9/28/26 6:17 PM,10 seconds,*Device Login *Do NOT Remove
IT Italian Trattoria Collins,Camila Soldo,95,,No print / Expo - Collins,,9/28/26 6:17 PM,9/28/26 6:17 PM,10 seconds,*Device Login *Do NOT Remove
IT Italian Trattoria Collins,Camila Soldo,95,,Pasta - Collins,,9/28/26 6:17 PM,9/28/26 6:17 PM,10 seconds,*Device Login *Do NOT Remove
IT Italian Trattoria Collins,Camila Soldo,95,,No Print - Collins,,9/28/26 6:17 PM,9/28/26 6:17 PM,10 seconds,*Device Login *Do NOT Remove
IT Italian Trattoria Collins,Camila Soldo,95,,Pizza Pala - Collins,,9/28/26 6:17 PM,9/28/26 6:17 PM,10 seconds,*Device Login *Do NOT Remove
IT Italian Trattoria Collins,Camila Soldo,97,,Pizza - Collins,,9/28/26 6:19 PM,9/28/26 6:19 PM,29 seconds,*Device Login *Do NOT Remove
IT Italian Trattoria Collins,Camila Soldo,97,,Drinks - Collins,,9/28/26 6:19 PM,9/28/26 6:19 PM,29 seconds,*Device Login *Do NOT Remove
IT Italian Trattoria Collins,Camila Soldo,97,,No print / Expo - Collins,,9/28/26 6:19 PM,9/28/26 6:19 PM,29 seconds,*Device Login *Do NOT Remove
IT Italian Trattoria Collins,Camila Soldo,97,,Pasta - Collins,,9/28/26 6:19 PM,9/28/26 6:19 PM,29 seconds,*Device Login *Do NOT Remove
IT Italian Trattoria Collins,Camila Soldo,97,,No Print - Collins,,9/28/26 6:19 PM,9/28/26 6:19 PM,29 seconds,*Device Login *Do NOT Remove
IT Italian Trattoria Collins,Camila Soldo,97,,Pizza Pala - Collins,,9/28/26 6:19 PM,9/28/26 6:19 PM,29 seconds,*Device Login *Do NOT Remove
IT Italian Trattoria Collins,Davide Christopher Paredi,93,,Pizza - Collins,,9/28/26 6:15 PM,9/28/26 6:24 PM,9 minutes and 14 seconds,*Device Login *Do NOT Remove
IT Italian Trattoria Collins,Davide Christopher Paredi,93,,Pasta - Collins,,9/28/26 6:15 PM,9/28/26 6:24 PM,9 minutes and 19 seconds,*Device Login *Do NOT Remove
IT Italian Trattoria Collins,Jonathan Lucero,101,,Pasta - Collins,,9/28/26 6:41 PM,9/28/26 6:45 PM,4 minutes and 34 seconds,*Device Login *Do NOT Remove
IT Italian Trattoria Collins,Jonathan Lucero,102,,Drinks - Collins,,9/28/26 6:44 PM,9/28/26 6:45 PM,1 minute and 15 seconds,*Device Login *Do NOT Remove
IT Italian Trattoria Collins,Jonathan Lucero,102,,No print / Expo - Collins,,9/28/26 6:44 PM,9/28/26 6:45 PM,1 minute and 15 seconds,*Device Login *Do NOT Remove
IT Italian Trattoria Collins,Jonathan Lucero,102,,Pasta - Collins,,9/28/26 6:44 PM,9/28/26 6:45 PM,1 minute and 15 seconds,*Device Login *Do NOT Remove
IT Italian Trattoria Collins,Jonathan Lucero,102,,Pizza - Collins,,9/28/26 6:44 PM,9/28/26 6:45 PM,1 minute and 15 seconds,*Device Login *Do NOT Remove
IT Italian Trattoria Collins,Jonathan Lucero,102,,No Print - Collins,,9/28/26 6:44 PM,9/28/26 6:45 PM,1 minute and 15 seconds,*Device Login *Do NOT Remove
IT Italian Trattoria Collins,Jonathan Lucero,102,,Pizza Pala - Collins,,9/28/26 6:44 PM,9/28/26 6:45 PM,1 minute and 15 seconds,*Device Login *Do NOT Remove
IT Italian Trattoria Collins,Jonathan Lucero,103,,Pasta - Collins,,9/28/26 6:47 PM,9/28/26 6:52 PM,5 minutes and 15 seconds,*Device Login *Do NOT Remove
IT Italian Trattoria Collins,Jonathan Lucero,103,,Pizza - Collins,,9/28/26 6:47 PM,9/28/26 6:53 PM,6 minutes and 1 second,*Device Login *Do NOT Remove
IT Italian Trattoria Collins,Jonathan Lucero,104,,Pasta - Collins,,9/28/26 6:53 PM,9/28/26 7:02 PM,8 minutes and 50 seconds,*Device Login *Do NOT Remove
IT Italian Trattoria Collins,Jonathan Lucero,105,,Pizza - Collins,,9/28/26 6:56 PM,9/28/26 7:03 PM,6 minutes and 41 seconds,*Device Login *Do NOT Remove
IT Italian Trattoria Collins,Camila Soldo,99,,Drinks - Collins,,9/28/26 7:09 PM,9/28/26 7:10 PM,37 seconds,*Device Login *Do NOT Remove
IT Italian Trattoria Collins,Camila Soldo,99,,Pasta - Collins,,9/28/26 7:09 PM,9/28/26 7:10 PM,37 seconds,*Device Login *Do NOT Remove
IT Italian Trattoria Collins,Camila Soldo,99,,No print / Expo - Collins,,9/28/26 7:09 PM,9/28/26 7:10 PM,37 seconds,*Device Login *Do NOT Remove
IT Italian Trattoria Collins,Camila Soldo,99,,Pizza - Collins,,9/28/26 7:09 PM,9/28/26 7:10 PM,37 seconds,*Device Login *Do NOT Remove
IT Italian Trattoria Collins,Camila Soldo,99,,No Print - Collins,,9/28/26 7:09 PM,9/28/26 7:10 PM,37 seconds,*Device Login *Do NOT Remove
IT Italian Trattoria Collins,Camila Soldo,99,,Pizza Pala - Collins,,9/28/26 7:09 PM,9/28/26 7:10 PM,37 seconds,*Device Login *Do NOT Remove
IT Italian Trattoria Collins,Jonathan Lucero,108,,Pasta - Collins,,9/28/26 7:15 PM,9/28/26 7:26 PM,10 minutes and 39 seconds,*Device Login *Do NOT Remove
IT Italian Trattoria Collins,Jonathan Lucero,111,,Pizza - Collins,,9/28/26 7:23 PM,9/28/26 7:32 PM,8 minutes and 41 seconds,*Device Login *Do NOT Remove
IT Italian Trattoria Collins,Jonathan Lucero,115,,Drinks - Collins,,9/28/26 7:49 PM,9/28/26 7:49 PM,4 seconds,*Device Login *Do NOT Remove
IT Italian Trattoria Collins,Jonathan Lucero,115,,Pasta - Collins,,9/28/26 7:49 PM,9/28/26 7:49 PM,4 seconds,*Device Login *Do NOT Remove
IT Italian Trattoria Collins,Jonathan Lucero,115,,No print / Expo - Collins,,9/28/26 7:49 PM,9/28/26 7:49 PM,4 seconds,*Device Login *Do NOT Remove
IT Italian Trattoria Collins,Jonathan Lucero,115,,Pizza - Collins,,9/28/26 7:49 PM,9/28/26 7:49 PM,4 seconds,*Device Login *Do NOT Remove
IT Italian Trattoria Collins,Jonathan Lucero,115,,No Print - Collins,,9/28/26 7:49 PM,9/28/26 7:49 PM,4 seconds,*Device Login *Do NOT Remove
IT Italian Trattoria Collins,Jonathan Lucero,115,,Pizza Pala - Collins,,9/28/26 7:49 PM,9/28/26 7:49 PM,4 seconds,*Device Login *Do NOT Remove
IT Italian Trattoria Collins,Jonathan Lucero,116,,Drinks - Collins,,9/28/26 7:54 PM,9/28/26 7:54 PM,38 seconds,*Device Login *Do NOT Remove
IT Italian Trattoria Collins,Jonathan Lucero,116,,No print / Expo - Collins,,9/28/26 7:54 PM,9/28/26 7:54 PM,38 seconds,*Device Login *Do NOT Remove
IT Italian Trattoria Collins,Jonathan Lucero,116,,Pasta - Collins,,9/28/26 7:54 PM,9/28/26 7:54 PM,38 seconds,*Device Login *Do NOT Remove
IT Italian Trattoria Collins,Jonathan Lucero,116,,Pizza - Collins,,9/28/26 7:54 PM,9/28/26 7:54 PM,38 seconds,*Device Login *Do NOT Remove
IT Italian Trattoria Collins,Jonathan Lucero,116,,No Print - Collins,,9/28/26 7:54 PM,9/28/26 7:54 PM,38 seconds,*Device Login *Do NOT Remove
IT Italian Trattoria Collins,Jonathan Lucero,116,,Pizza Pala - Collins,,9/28/26 7:54 PM,9/28/26 7:54 PM,38 seconds,*Device Login *Do NOT Remove
IT Italian Trattoria Collins,Jonathan Lucero,116,,Pizza - Collins,,9/28/26 7:54 PM,9/28/26 8:00 PM,6 minutes and 4 seconds,*Device Login *Do NOT Remove
IT Italian Trattoria Collins,Camila Soldo,118,,Pizza - Collins,,9/28/26 7:58 PM,9/28/26 8:05 PM,6 minutes and 33 seconds,*Device Login *Do NOT Remove
IT Italian Trattoria Collins,Camila Soldo,119,,Pizza - Collins,,9/28/26 8:00 PM,9/28/26 8:05 PM,4 minutes and 57 seconds,*Device Login *Do NOT Remove
IT Italian Trattoria Collins,Camila Soldo,120,,Drinks - Collins,,9/28/26 8:17 PM,9/28/26 8:18 PM,6 seconds,*Device Login *Do NOT Remove
IT Italian Trattoria Collins,Camila Soldo,120,,No print / Expo - Collins,,9/28/26 8:17 PM,9/28/26 8:18 PM,6 seconds,*Device Login *Do NOT Remove
IT Italian Trattoria Collins,Camila Soldo,120,,Pasta - Collins,,9/28/26 8:17 PM,9/28/26 8:18 PM,6 seconds,*Device Login *Do NOT Remove
IT Italian Trattoria Collins,Camila Soldo,120,,Pizza - Collins,,9/28/26 8:17 PM,9/28/26 8:18 PM,6 seconds,*Device Login *Do NOT Remove
IT Italian Trattoria Collins,Camila Soldo,120,,No Print - Collins,,9/28/26 8:17 PM,9/28/26 8:18 PM,6 seconds,*Device Login *Do NOT Remove
IT Italian Trattoria Collins,Camila Soldo,120,,Pizza Pala - Collins,,9/28/26 8:17 PM,9/28/26 8:18 PM,6 seconds,*Device Login *Do NOT Remove
IT Italian Trattoria Collins,Jonathan Lucero,117,,Pizza - Collins,,9/28/26 8:12 PM,9/28/26 8:18 PM,6 minutes and 27 seconds,*Device Login *Do NOT Remove
IT Italian Trattoria Collins,Jonathan Lucero,121,,Pasta - Collins,,9/28/26 8:26 PM,9/28/26 8:31 PM,4 minutes and 54 seconds,*Device Login *Do NOT Remove
IT Italian Trattoria Collins,Jonathan Lucero,121,,Pizza - Collins,,9/28/26 8:26 PM,9/28/26 8:32 PM,6 minutes and 6 seconds,*Device Login *Do NOT Remove
IT Italian Trattoria Collins,Jonathan Lucero,123,,Pizza - Collins,,9/28/26 8:30 PM,9/28/26 8:35 PM,5 minutes and 29 seconds,*Device Login *Do NOT Remove
IT Italian Trattoria Collins,Jonathan Lucero,124,,Pasta - Collins,,9/28/26 8:31 PM,9/28/26 8:37 PM,5 minutes and 53 seconds,*Device Login *Do NOT Remove
IT Italian Trattoria Collins,Jonathan Lucero,125,,Pizza - Collins,,9/28/26 8:34 PM,9/28/26 8:41 PM,6 minutes and 44 seconds,*Device Login *Do NOT Remove
IT Italian Trattoria Collins,Jonathan Lucero,126,,Pasta - Collins,,9/28/26 8:46 PM,9/28/26 8:50 PM,4 minutes,*Device Login *Do NOT Remove
IT Italian Trattoria Collins,Jonathan Lucero,127,,Pizza - Collins,,9/28/26 8:47 PM,9/28/26 8:52 PM,4 minutes and 33 seconds,*Device Login *Do NOT Remove
IT Italian Trattoria Collins,Jonathan Lucero,129,,Pizza - Collins,,9/28/26 8:53 PM,9/28/26 9:02 PM,9 minutes and 35 seconds,*Device Login *Do NOT Remove
IT Italian Trattoria Collins,Jonathan Lucero,130,,Pizza - Collins,,9/28/26 8:59 PM,9/28/26 9:07 PM,7 minutes and 42 seconds,*Device Login *Do NOT Remove
IT Italian Trattoria Collins,Jonathan Lucero,134,,Pizza - Collins,,9/28/26 9:21 PM,9/28/26 9:27 PM,6 minutes and 2 seconds,*Device Login *Do NOT Remove
IT Italian Trattoria Collins,Jonathan Lucero,135,,Pasta - Collins,,9/28/26 9:24 PM,9/28/26 9:31 PM,6 minutes and 26 seconds,*Device Login *Do NOT Remove
IT Italian Trattoria Collins,Jonathan Lucero,135,,Pizza - Collins,,9/28/26 9:24 PM,9/28/26 9:31 PM,6 minutes and 35 seconds,*Device Login *Do NOT Remove
IT Italian Trattoria Collins,Jonathan Lucero,142,,Pasta - Collins,,9/28/26 9:36 PM,9/28/26 9:36 PM,12 seconds,*Device Login *Do NOT Remove
IT Italian Trattoria Collins,Jonathan Lucero,144,,Pizza - Collins,,9/28/26 9:45 PM,9/28/26 9:52 PM,6 minutes and 30 seconds,*Device Login *Do NOT Remove
IT Italian Trattoria Collins,Jonathan Lucero,148,,Pizza - Collins,,9/28/26 9:57 PM,9/28/26 10:02 PM,5 minutes and 20 seconds,*Device Login *Do NOT Remove
IT Italian Trattoria Collins,Jonathan Lucero,148,,Pasta - Collins,,9/28/26 9:57 PM,9/28/26 10:05 PM,8 minutes and 12 seconds,*Device Login *Do NOT Remove
IT Italian Trattoria Collins,Jonathan Lucero,153,,Pizza - Collins,,9/28/26 10:28 PM,9/28/26 10:40 PM,12 minutes and 15 seconds,*Device Login *Do NOT Remove
IT Italian Trattoria Collins,Jonathan Lucero,154,,Pasta - Collins,,9/28/26 10:31 PM,9/28/26 10:41 PM,9 minutes and 41 seconds,*Device Login *Do NOT Remove
IT Italian Trattoria Collins,Jonathan Lucero,157,,Pizza - Collins,,9/28/26 11:06 PM,9/28/26 11:13 PM,6 minutes and 25 seconds,*Device Login *Do NOT Remove
IT Italian Trattoria Collins,Charles Hernandez,1,,Pasta - Collins,,9/29/26 7:11 AM,9/29/26 7:26 AM,15 minutes and 18 seconds,*Device Login *Do NOT Remove
IT Italian Trattoria Collins,Charles Hernandez,9,,Pasta - Collins,,9/29/26 8:00 AM,9/29/26 8:03 AM,3 minutes and 9 seconds,*Device Login *Do NOT Remove
IT Italian Trattoria Collins,Charles Hernandez,10,,Pasta - Collins,,9/29/26 8:02 AM,9/29/26 8:04 AM,2 minutes and 13 seconds,*Device Login *Do NOT Remove
IT Italian Trattoria Collins,Charles Hernandez,11,,Pasta - Collins,,9/29/26 8:08 AM,9/29/26 8:12 AM,4 minutes and 12 seconds,*Device Login *Do NOT Remove
IT Italian Trattoria Collins,Charles Hernandez,13,,Pasta - Collins,,9/29/26 8:13 AM,9/29/26 8:16 AM,2 minutes and 54 seconds,*Device Login *Do NOT Remove
IT Italian Trattoria Collins,Charles Hernandez,14,,Pasta - Collins,,9/29/26 8:14 AM,9/29/26 8:17 AM,3 minutes and 6 seconds,*Device Login *Do NOT Remove
IT Italian Trattoria Collins,Charles Hernandez,15,,Pasta - Collins,,9/29/26 8:16 AM,9/29/26 8:18 AM,1 minute and 54 seconds,*Device Login *Do NOT Remove
IT Italian Trattoria Collins,Charles Hernandez,16,,Pasta - Collins,,9/29/26 8:23 AM,9/29/26 8:24 AM,1 minute and 13 seconds,*Device Login *Do NOT Remove
IT Italian Trattoria Collins,Charles Hernandez,20,,Pasta - Collins,,9/29/26 8:32 AM,9/29/26 8:37 AM,5 minutes and 9 seconds,*Device Login *Do NOT Remove
IT Italian Trattoria Collins,Charles Hernandez,19,,Pasta - Collins,,9/29/26 8:29 AM,9/29/26 8:37 AM,8 minutes and 37 seconds,*Device Login *Do NOT Remove
IT Italian Trattoria Collins,Charles Hernandez,21,,Pasta - Collins,,9/29/26 8:33 AM,9/29/26 8:37 AM,4 minutes and 10 seconds,*Device Login *Do NOT Remove
IT Italian Trattoria Collins,Charles Hernandez,24,,Pasta - Collins,,9/29/26 8:47 AM,9/29/26 8:48 AM,1 minute and 7 seconds,*Device Login *Do NOT Remove
IT Italian Trattoria Collins,Charles Hernandez,30,,Pasta - Collins,,9/29/26 10:32 AM,9/29/26 10:38 AM,6 minutes and 2 seconds,*Device Login *Do NOT Remove
IT Italian Trattoria Collins,Charles Hernandez,31,,Pasta - Collins,,9/29/26 10:49 AM,9/29/26 10:52 AM,2 minutes and 42 seconds,*Device Login *Do NOT Remove
IT Italian Trattoria Collins,Charles Hernandez,35,,Pizza - Collins,,9/29/26 11:59 AM,9/29/26 12:07 PM,8 minutes and 10 seconds,*Device Login *Do NOT Remove
IT Italian Trattoria Collins,Charles Hernandez,39,,Drinks - Collins,,9/29/26 12:26 PM,9/29/26 12:26 PM,13 seconds,*Device Login *Do NOT Remove
IT Italian Trattoria Collins,Charles Hernandez,39,,No print / Expo - Collins,,9/29/26 12:26 PM,9/29/26 12:26 PM,13 seconds,*Device Login *Do NOT Remove
IT Italian Trattoria Collins,Charles Hernandez,39,,Pasta - Collins,,9/29/26 12:26 PM,9/29/26 12:26 PM,13 seconds,*Device Login *Do NOT Remove
IT Italian Trattoria Collins,Charles Hernandez,39,,Pizza - Collins,,9/29/26 12:26 PM,9/29/26 12:26 PM,13 seconds,*Device Login *Do NOT Remove
IT Italian Trattoria Collins,Charles Hernandez,39,,No Print - Collins,,9/29/26 12:26 PM,9/29/26 12:26 PM,13 seconds,*Device Login *Do NOT Remove
IT Italian Trattoria Collins,Charles Hernandez,39,,Pizza Pala - Collins,,9/29/26 12:26 PM,9/29/26 12:26 PM,13 seconds,*Device Login *Do NOT Remove
IT Italian Trattoria Collins,Charles Hernandez,39,,Pasta - Collins,,9/29/26 12:26 PM,9/29/26 12:31 PM,5 minutes and 43 seconds,*Device Login *Do NOT Remove
IT Italian Trattoria Collins,Charles Hernandez,40,,Pizza - Collins,,9/29/26 12:37 PM,9/29/26 12:41 PM,4 minutes and 7 seconds,*Device Login *Do NOT Remove
IT Italian Trattoria Collins,Charles Hernandez,42,,Pasta - Collins,,9/29/26 12:49 PM,9/29/26 12:53 PM,3 minutes and 28 seconds,*Device Login *Do NOT Remove
IT Italian Trattoria Collins,Charles Hernandez,43,,Pasta - Collins,,9/29/26 12:51 PM,9/29/26 12:53 PM,2 minutes and 15 seconds,*Device Login *Do NOT Remove
IT Italian Trattoria Collins,Charles Hernandez,45,,Drinks - Collins,,9/29/26 1:09 PM,9/29/26 1:10 PM,14 seconds,*Device Login *Do NOT Remove
IT Italian Trattoria Collins,Charles Hernandez,45,,No print / Expo - Collins,,9/29/26 1:09 PM,9/29/26 1:10 PM,14 seconds,*Device Login *Do NOT Remove
IT Italian Trattoria Collins,Charles Hernandez,45,,Pasta - Collins,,9/29/26 1:09 PM,9/29/26 1:10 PM,14 seconds,*Device Login *Do NOT Remove
IT Italian Trattoria Collins,Charles Hernandez,45,,Pizza - Collins,,9/29/26 1:09 PM,9/29/26 1:10 PM,14 seconds,*Device Login *Do NOT Remove
IT Italian Trattoria Collins,Charles Hernandez,45,,No Print - Collins,,9/29/26 1:09 PM,9/29/26 1:10 PM,14 seconds,*Device Login *Do NOT Remove
IT Italian Trattoria Collins,Charles Hernandez,45,,Pizza Pala - Collins,,9/29/26 1:09 PM,9/29/26 1:10 PM,14 seconds,*Device Login *Do NOT Remove
IT Italian Trattoria Collins,Charles Hernandez,46,,Pizza - Collins,,9/29/26 1:11 PM,9/29/26 1:15 PM,3 minutes and 37 seconds,*Device Login *Do NOT Remove
IT Italian Trattoria Collins,Charles Hernandez,46,,Drinks - Collins,,9/29/26 1:11 PM,9/29/26 1:15 PM,3 minutes and 37 seconds,*Device Login *Do NOT Remove
IT Italian Trattoria Collins,Charles Hernandez,46,,No print / Expo - Collins,,9/29/26 1:11 PM,9/29/26 1:15 PM,3 minutes and 37 seconds,*Device Login *Do NOT Remove
IT Italian Trattoria Collins,Charles Hernandez,46,,Pasta - Collins,,9/29/26 1:11 PM,9/29/26 1:15 PM,3 minutes and 37 seconds,*Device Login *Do NOT Remove
IT Italian Trattoria Collins,Charles Hernandez,46,,No Print - Collins,,9/29/26 1:11 PM,9/29/26 1:15 PM,3 minutes and 37 seconds,*Device Login *Do NOT Remove
IT Italian Trattoria Collins,Charles Hernandez,46,,Pizza Pala - Collins,,9/29/26 1:11 PM,9/29/26 1:15 PM,3 minutes and 37 seconds,*Device Login *Do NOT Remove
IT Italian Trattoria Collins,Charles Hernandez,46,,Pasta - Collins,,9/29/26 1:11 PM,9/29/26 1:15 PM,3 minutes and 39 seconds,*Device Login *Do NOT Remove
IT Italian Trattoria Collins,Charles Hernandez,49,,Pizza - Collins,,9/29/26 2:06 PM,9/29/26 2:11 PM,4 minutes and 28 seconds,*Device Login *Do NOT Remove
IT Italian Trattoria Collins,Charles Hernandez,50,,Drinks - Collins,,9/29/26 2:15 PM,9/29/26 2:18 PM,2 minutes and 22 seconds,*Device Login *Do NOT Remove
IT Italian Trattoria Collins,Charles Hernandez,50,,No print / Expo - Collins,,9/29/26 2:15 PM,9/29/26 2:18 PM,2 minutes and 22 seconds,*Device Login *Do NOT Remove
IT Italian Trattoria Collins,Charles Hernandez,50,,Pasta - Collins,,9/29/26 2:15 PM,9/29/26 2:18 PM,2 minutes and 22 seconds,*Device Login *Do NOT Remove
IT Italian Trattoria Collins,Charles Hernandez,50,,Pizza - Collins,,9/29/26 2:15 PM,9/29/26 2:18 PM,2 minutes and 22 seconds,*Device Login *Do NOT Remove
IT Italian Trattoria Collins,Charles Hernandez,50,,No Print - Collins,,9/29/26 2:15 PM,9/29/26 2:18 PM,2 minutes and 22 seconds,*Device Login *Do NOT Remove
IT Italian Trattoria Collins,Charles Hernandez,50,,Pizza Pala - Collins,,9/29/26 2:15 PM,9/29/26 2:18 PM,2 minutes and 22 seconds,*Device Login *Do NOT Remove
IT Italian Trattoria Collins,Charles Hernandez,50,,Pizza - Collins,,9/29/26 2:15 PM,9/29/26 2:19 PM,4 minutes and 7 seconds,*Device Login *Do NOT Remove
IT Italian Trattoria Collins,Charles Hernandez,51,,Pizza - Collins,,9/29/26 2:39 PM,9/29/26 2:45 PM,6 minutes and 8 seconds,*Device Login *Do NOT Remove
IT Italian Trattoria Collins,Charles Hernandez,52,,Pizza - Collins,,9/29/26 2:48 PM,9/29/26 2:48 PM,4 seconds,*Device Login *Do NOT Remove
IT Italian Trattoria Collins,Charles Hernandez,52,,Drinks - Collins,,9/29/26 2:48 PM,9/29/26 2:48 PM,4 seconds,*Device Login *Do NOT Remove
IT Italian Trattoria Collins,Charles Hernandez,52,,No print / Expo - Collins,,9/29/26 2:48 PM,9/29/26 2:48 PM,4 seconds,*Device Login *Do NOT Remove
IT Italian Trattoria Collins,Charles Hernandez,52,,Pasta - Collins,,9/29/26 2:48 PM,9/29/26 2:48 PM,4 seconds,*Device Login *Do NOT Remove
IT Italian Trattoria Collins,Charles Hernandez,52,,No Print - Collins,,9/29/26 2:48 PM,9/29/26 2:48 PM,4 seconds,*Device Login *Do NOT Remove
IT Italian Trattoria Collins,Charles Hernandez,52,,Pizza Pala - Collins,,9/29/26 2:48 PM,9/29/26 2:48 PM,4 seconds,*Device Login *Do NOT Remove
IT Italian Trattoria Collins,Charles Hernandez,52,,Pasta - Collins,,9/29/26 2:48 PM,9/29/26 2:52 PM,3 minutes and 51 seconds,*Device Login *Do NOT Remove
IT Italian Trattoria Collins,Charles Hernandez,56,,Drinks - Collins,,9/29/26 2:57 PM,9/29/26 3:07 PM,9 minutes and 47 seconds,*Device Login *Do NOT Remove
IT Italian Trattoria Collins,Charles Hernandez,56,,No print / Expo - Collins,,9/29/26 2:57 PM,9/29/26 3:07 PM,9 minutes and 47 seconds,*Device Login *Do NOT Remove
IT Italian Trattoria Collins,Charles Hernandez,56,,Pasta - Collins,,9/29/26 2:57 PM,9/29/26 3:07 PM,9 minutes and 47 seconds,*Device Login *Do NOT Remove
IT Italian Trattoria Collins,Charles Hernandez,56,,Pizza - Collins,,9/29/26 2:57 PM,9/29/26 3:07 PM,9 minutes and 47 seconds,*Device Login *Do NOT Remove
IT Italian Trattoria Collins,Charles Hernandez,56,,No Print - Collins,,9/29/26 2:57 PM,9/29/26 3:07 PM,9 minutes and 47 seconds,*Device Login *Do NOT Remove
IT Italian Trattoria Collins,Charles Hernandez,56,,Pizza Pala - Collins,,9/29/26 2:57 PM,9/29/26 3:07 PM,9 minutes and 47 seconds,*Device Login *Do NOT Remove
IT Italian Trattoria Collins,Charles Hernandez,57,,Pizza - Collins,,9/29/26 3:20 PM,9/29/26 3:28 PM,8 minutes and 9 seconds,*Device Login *Do NOT Remove
IT Italian Trattoria Collins,Charles Hernandez,58,,Pasta - Collins,,9/29/26 3:22 PM,9/29/26 3:32 PM,10 minutes and 9 seconds,*Device Login *Do NOT Remove
IT Italian Trattoria Collins,Charles Hernandez,60,,Pasta - Collins,,9/29/26 3:29 PM,9/29/26 3:32 PM,3 minutes and 41 seconds,*Device Login *Do NOT Remove
IT Italian Trattoria Collins,Charles Hernandez,60,,Drinks - Collins,,9/29/26 3:29 PM,9/29/26 3:32 PM,3 minutes and 41 seconds,*Device Login *Do NOT Remove
IT Italian Trattoria Collins,Charles Hernandez,60,,No print / Expo - Collins,,9/29/26 3:29 PM,9/29/26 3:32 PM,3 minutes and 41 seconds,*Device Login *Do NOT Remove
IT Italian Trattoria Collins,Charles Hernandez,60,,Pizza - Collins,,9/29/26 3:29 PM,9/29/26 3:32 PM,3 minutes and 41 seconds,*Device Login *Do NOT Remove
IT Italian Trattoria Collins,Charles Hernandez,60,,No Print - Collins,,9/29/26 3:29 PM,9/29/26 3:32 PM,3 minutes and 41 seconds,*Device Login *Do NOT Remove
IT Italian Trattoria Collins,Charles Hernandez,60,,Pizza Pala - Collins,,9/29/26 3:29 PM,9/29/26 3:32 PM,3 minutes and 41 seconds,*Device Login *Do NOT Remove
IT Italian Trattoria Collins,Charles Hernandez,61,,Pizza - Collins,,9/29/26 3:31 PM,9/29/26 3:47 PM,15 minutes and 58 seconds,*Device Login *Do NOT Remove
IT Italian Trattoria Collins,Andrea Rizzi,72,,Drinks - Collins,,9/29/26 5:07 PM,9/29/26 5:13 PM,6 minutes and 13 seconds,*Device Login *Do NOT Remove
IT Italian Trattoria Collins,Andrea Rizzi,72,,Pasta - Collins,,9/29/26 5:07 PM,9/29/26 5:13 PM,6 minutes and 13 seconds,*Device Login *Do NOT Remove
IT Italian Trattoria Collins,Andrea Rizzi,72,,No print / Expo - Collins,,9/29/26 5:07 PM,9/29/26 5:13 PM,6 minutes and 13 seconds,*Device Login *Do NOT Remove
IT Italian Trattoria Collins,Andrea Rizzi,72,,Pizza - Collins,,9/29/26 5:07 PM,9/29/26 5:13 PM,6 minutes and 13 seconds,*Device Login *Do NOT Remove
IT Italian Trattoria Collins,Andrea Rizzi,72,,No Print - Collins,,9/29/26 5:07 PM,9/29/26 5:13 PM,6 minutes and 13 seconds,*Device Login *Do NOT Remove
IT Italian Trattoria Collins,Andrea Rizzi,72,,Pizza Pala - Collins,,9/29/26 5:07 PM,9/29/26 5:13 PM,6 minutes and 13 seconds,*Device Login *Do NOT Remove
IT Italian Trattoria Collins,Andrea Rizzi,72,,Pizza - Collins,,9/29/26 5:07 PM,9/29/26 5:16 PM,9 minutes and 16 seconds,*Device Login *Do NOT Remove
IT Italian Trattoria Collins,Jonathan Lucero,74,,Pasta - Collins,,9/29/26 5:23 PM,9/29/26 5:29 PM,6 minutes,*Device Login *Do NOT Remove
IT Italian Trattoria Collins,Andrea Rizzi,79,,Pasta - Collins,,9/29/26 5:33 PM,9/29/26 5:42 PM,8 minutes and 53 seconds,*Device Login *Do NOT Remove
IT Italian Trattoria Collins,Andrea Rizzi,79,,Pizza - Collins,,9/29/26 5:33 PM,9/29/26 5:42 PM,9 minutes and 15 seconds,*Device Login *Do NOT Remove
IT Italian Trattoria Collins,Andrea Rizzi,80,,Pizza - Collins,,9/29/26 5:36 PM,9/29/26 5:42 PM,6 minutes and 1 second,*Device Login *Do NOT Remove
IT Italian Trattoria Collins,Default Online Ordering,82,,Pizza - Collins,,9/29/26 6:15 PM,9/29/26 6:20 PM,5 minutes and 27 seconds,*Device Login *Do NOT Remove
IT Italian Trattoria Collins,Andrea Rizzi,84,,Pasta - Collins,,9/29/26 6:22 PM,9/29/26 6:28 PM,5 minutes and 53 seconds,*Device Login *Do NOT Remove
IT Italian Trattoria Collins,Jonathan Lucero,87,,Pasta - Collins,,9/29/26 6:33 PM,9/29/26 6:38 PM,4 minutes and 12 seconds,*Device Login *Do NOT Remove
IT Italian Trattoria Collins,Andrea Rizzi,89,,Pasta - Collins,,9/29/26 6:39 PM,9/29/26 6:43 PM,4 minutes and 38 seconds,*Device Login *Do NOT Remove
IT Italian Trattoria Collins,Andrea Rizzi,86,,Pizza - Collins,,9/29/26 6:37 PM,9/29/26 6:45 PM,7 minutes and 54 seconds,*Device Login *Do NOT Remove
IT Italian Trattoria Collins,Default Online Ordering,92,,Pizza - Collins,,9/29/26 6:41 PM,9/29/26 6:45 PM,4 minutes and 5 seconds,*Device Login *Do NOT Remove
IT Italian Trattoria Collins,Default Online Ordering,92,,Pasta - Collins,,9/29/26 6:41 PM,9/29/26 6:47 PM,5 minutes and 50 seconds,*Device Login *Do NOT Remove
IT Italian Trattoria Collins,Andrea Rizzi,90,,Pasta - Collins,,9/29/26 6:40 PM,9/29/26 6:47 PM,7 minutes and 16 seconds,*Device Login *Do NOT Remove
IT Italian Trattoria Collins,Jonathan Lucero,88,,Drinks - Collins,,9/29/26 6:48 PM,9/29/26 6:49 PM,52 seconds,*Device Login *Do NOT Remove
IT Italian Trattoria Collins,Jonathan Lucero,88,,No print / Expo - Collins,,9/29/26 6:48 PM,9/29/26 6:49 PM,52 seconds,*Device Login *Do NOT Remove
IT Italian Trattoria Collins,Jonathan Lucero,88,,Pasta - Collins,,9/29/26 6:48 PM,9/29/26 6:49 PM,52 seconds,*Device Login *Do NOT Remove
IT Italian Trattoria Collins,Jonathan Lucero,88,,Pizza - Collins,,9/29/26 6:48 PM,9/29/26 6:49 PM,52 seconds,*Device Login *Do NOT Remove
IT Italian Trattoria Collins,Jonathan Lucero,88,,No Print - Collins,,9/29/26 6:48 PM,9/29/26 6:49 PM,52 seconds,*Device Login *Do NOT Remove
IT Italian Trattoria Collins,Jonathan Lucero,88,,Pizza Pala - Collins,,9/29/26 6:48 PM,9/29/26 6:49 PM,52 seconds,*Device Login *Do NOT Remove
IT Italian Trattoria Collins,Andrea Rizzi,91,,Pasta - Collins,,9/29/26 6:42 PM,9/29/26 6:50 PM,7 minutes and 35 seconds,*Device Login *Do NOT Remove
IT Italian Trattoria Collins,Jonathan Lucero,93,,Drinks - Collins,,9/29/26 6:50 PM,9/29/26 6:50 PM,17 seconds,*Device Login *Do NOT Remove
IT Italian Trattoria Collins,Jonathan Lucero,93,,No print / Expo - Collins,,9/29/26 6:50 PM,9/29/26 6:50 PM,17 seconds,*Device Login *Do NOT Remove
IT Italian Trattoria Collins,Jonathan Lucero,93,,Pasta - Collins,,9/29/26 6:50 PM,9/29/26 6:50 PM,17 seconds,*Device Login *Do NOT Remove
IT Italian Trattoria Collins,Jonathan Lucero,93,,Pizza - Collins,,9/29/26 6:50 PM,9/29/26 6:50 PM,17 seconds,*Device Login *Do NOT Remove
IT Italian Trattoria Collins,Jonathan Lucero,93,,No Print - Collins,,9/29/26 6:50 PM,9/29/26 6:50 PM,17 seconds,*Device Login *Do NOT Remove
IT Italian Trattoria Collins,Jonathan Lucero,93,,Pizza Pala - Collins,,9/29/26 6:50 PM,9/29/26 6:50 PM,17 seconds,*Device Login *Do NOT Remove
IT Italian Trattoria Collins,Jonathan Lucero,88,,Pasta - Collins,,9/29/26 6:48 PM,9/29/26 6:54 PM,5 minutes and 23 seconds,*Device Login *Do NOT Remove
IT Italian Trattoria Collins,Jonathan Lucero,95,,Pasta - Collins,,9/29/26 6:57 PM,9/29/26 7:01 PM,3 minutes and 45 seconds,*Device Login *Do NOT Remove
IT Italian Trattoria Collins,Jonathan Lucero,93,,Pizza - Collins,,9/29/26 6:50 PM,9/29/26 7:02 PM,11 minutes and 43 seconds,*Device Login *Do NOT Remove
IT Italian Trattoria Collins,Andrea Rizzi,97,,Pasta - Collins,,9/29/26 7:00 PM,9/29/26 7:07 PM,6 minutes and 55 seconds,*Device Login *Do NOT Remove
IT Italian Trattoria Collins,Andrea Rizzi,98,,Pasta - Collins,,9/29/26 7:01 PM,9/29/26 7:07 PM,5 minutes and 59 seconds,*Device Login *Do NOT Remove
IT Italian Trattoria Collins,Andrea Rizzi,99,,Pasta - Collins,,9/29/26 7:02 PM,9/29/26 7:08 PM,5 minutes and 42 seconds,*Device Login *Do NOT Remove
IT Italian Trattoria Collins,Andrea Rizzi,100,,Pizza - Collins,,9/29/26 7:15 PM,9/29/26 7:20 PM,5 minutes and 6 seconds,*Device Login *Do NOT Remove
IT Italian Trattoria Collins,Jonathan Lucero,96,,Pizza - Collins,,9/29/26 7:08 PM,9/29/26 7:20 PM,11 minutes and 17 seconds,*Device Login *Do NOT Remove
IT Italian Trattoria Collins,Jonathan Lucero,96,,Drinks - Collins,,9/29/26 7:08 PM,9/29/26 7:20 PM,11 minutes and 17 seconds,*Device Login *Do NOT Remove
IT Italian Trattoria Collins,Jonathan Lucero,96,,No print / Expo - Collins,,9/29/26 7:08 PM,9/29/26 7:20 PM,11 minutes and 17 seconds,*Device Login *Do NOT Remove
IT Italian Trattoria Collins,Jonathan Lucero,96,,Pasta - Collins,,9/29/26 7:08 PM,9/29/26 7:20 PM,11 minutes and 17 seconds,*Device Login *Do NOT Remove
IT Italian Trattoria Collins,Jonathan Lucero,96,,No Print - Collins,,9/29/26 7:08 PM,9/29/26 7:20 PM,11 minutes and 17 seconds,*Device Login *Do NOT Remove
IT Italian Trattoria Collins,Jonathan Lucero,96,,Pizza Pala - Collins,,9/29/26 7:08 PM,9/29/26 7:20 PM,11 minutes and 17 seconds,*Device Login *Do NOT Remove
IT Italian Trattoria Collins,Jonathan Lucero,96,,Pasta - Collins,,9/29/26 7:08 PM,9/29/26 7:21 PM,12 minutes and 5 seconds,*Device Login *Do NOT Remove
IT Italian Trattoria Collins,Andrea Rizzi,100,,Pasta - Collins,,9/29/26 7:15 PM,9/29/26 7:26 PM,11 minutes,*Device Login *Do NOT Remove
IT Italian Trattoria Collins,Jonathan Lucero,101,,Pasta - Collins,,9/29/26 7:37 PM,9/29/26 7:40 PM,3 minutes and 53 seconds,*Device Login *Do NOT Remove
IT Italian Trattoria Collins,Jonathan Lucero,104,,Pasta - Collins,,9/29/26 7:43 PM,9/29/26 7:46 PM,3 minutes and 29 seconds,*Device Login *Do NOT Remove
IT Italian Trattoria Collins,Jonathan Lucero,103,,Pizza - Collins,,9/29/26 7:40 PM,9/29/26 7:47 PM,6 minutes and 58 seconds,*Device Login *Do NOT Remove
IT Italian Trattoria Collins,Andrea Rizzi,108,,Pasta - Collins,,9/29/26 8:13 PM,9/29/26 8:17 PM,3 minutes and 48 seconds,*Device Login *Do NOT Remove
IT Italian Trattoria Collins,Jonathan Lucero,109,,Pasta - Collins,,9/29/26 8:18 PM,9/29/26 8:22 PM,3 minutes and 45 seconds,*Device Login *Do NOT Remove
IT Italian Trattoria Collins,Jonathan Lucero,112,,Pasta - Collins,,9/29/26 8:42 PM,9/29/26 8:47 PM,4 minutes and 31 seconds,*Device Login *Do NOT Remove
IT Italian Trattoria Collins,Jonathan Lucero,115,,Drinks - Collins,,9/29/26 9:09 PM,9/29/26 9:09 PM,4 seconds,*Device Login *Do NOT Remove
IT Italian Trattoria Collins,Jonathan Lucero,115,,No print / Expo - Collins,,9/29/26 9:09 PM,9/29/26 9:09 PM,4 seconds,*Device Login *Do NOT Remove
IT Italian Trattoria Collins,Jonathan Lucero,115,,Pasta - Collins,,9/29/26 9:09 PM,9/29/26 9:09 PM,4 seconds,*Device Login *Do NOT Remove
IT Italian Trattoria Collins,Jonathan Lucero,115,,Pizza - Collins,,9/29/26 9:09 PM,9/29/26 9:09 PM,4 seconds,*Device Login *Do NOT Remove
IT Italian Trattoria Collins,Jonathan Lucero,115,,No Print - Collins,,9/29/26 9:09 PM,9/29/26 9:09 PM,4 seconds,*Device Login *Do NOT Remove
IT Italian Trattoria Collins,Jonathan Lucero,115,,Pizza Pala - Collins,,9/29/26 9:09 PM,9/29/26 9:09 PM,4 seconds,*Device Login *Do NOT Remove
IT Italian Trattoria Collins,Jonathan Lucero,114,,Pizza - Collins,,9/29/26 9:04 PM,9/29/26 9:09 PM,5 minutes and 5 seconds,*Device Login *Do NOT Remove
IT Italian Trattoria Collins,Jonathan Lucero,117,,Drinks - Collins,,9/29/26 9:12 PM,9/29/26 9:12 PM,13 seconds,*Device Login *Do NOT Remove
IT Italian Trattoria Collins,Jonathan Lucero,117,,Pasta - Collins,,9/29/26 9:12 PM,9/29/26 9:12 PM,13 seconds,*Device Login *Do NOT Remove
IT Italian Trattoria Collins,Jonathan Lucero,117,,No print / Expo - Collins,,9/29/26 9:12 PM,9/29/26 9:12 PM,13 seconds,*Device Login *Do NOT Remove
IT Italian Trattoria Collins,Jonathan Lucero,117,,Pizza - Collins,,9/29/26 9:12 PM,9/29/26 9:12 PM,13 seconds,*Device Login *Do NOT Remove
IT Italian Trattoria Collins,Jonathan Lucero,117,,No Print - Collins,,9/29/26 9:12 PM,9/29/26 9:12 PM,13 seconds,*Device Login *Do NOT Remove
IT Italian Trattoria Collins,Jonathan Lucero,117,,Pizza Pala - Collins,,9/29/26 9:12 PM,9/29/26 9:12 PM,13 seconds,*Device Login *Do NOT Remove
IT Italian Trattoria Collins,Jonathan Lucero,122,,Pizza - Collins,,9/29/26 9:54 PM,9/29/26 10:01 PM,7 minutes and 11 seconds,*Device Login *Do NOT Remove
IT Italian Trattoria Collins,Jonathan Lucero,122,,Pasta - Collins,,9/29/26 9:54 PM,9/29/26 10:01 PM,7 minutes and 51 seconds,*Device Login *Do NOT Remove
IT Italian Trattoria Collins,Jonathan Lucero,123,,Pasta - Collins,,9/29/26 10:04 PM,9/29/26 10:09 PM,4 minutes and 54 seconds,*Device Login *Do NOT Remove
IT Italian Trattoria Collins,Andrea Rizzi,128,,Pasta - Collins,,9/29/26 10:16 PM,9/29/26 10:23 PM,6 minutes and 11 seconds,*Device Login *Do NOT Remove
IT Italian Trattoria Collins,Andrea Rizzi,127,,Pizza - Collins,,9/29/26 10:24 PM,9/29/26 10:29 PM,5 minutes and 28 seconds,*Device Login *Do NOT Remove
IT Italian Trattoria Collins,Andrea Rizzi,130,,Pasta - Collins,,9/29/26 10:25 PM,9/29/26 10:32 PM,7 minutes and 13 seconds,*Device Login *Do NOT Remove
IT Italian Trattoria Collins,Jonathan Lucero,132,,Drinks - Collins,,9/29/26 10:31 PM,9/29/26 10:36 PM,4 minutes and 42 seconds,*Device Login *Do NOT Remove
IT Italian Trattoria Collins,Jonathan Lucero,132,,No print / Expo - Collins,,9/29/26 10:31 PM,9/29/26 10:36 PM,4 minutes and 42 seconds,*Device Login *Do NOT Remove
IT Italian Trattoria Collins,Jonathan Lucero,132,,Pasta - Collins,,9/29/26 10:31 PM,9/29/26 10:36 PM,4 minutes and 42 seconds,*Device Login *Do NOT Remove
IT Italian Trattoria Collins,Jonathan Lucero,132,,Pizza - Collins,,9/29/26 10:31 PM,9/29/26 10:36 PM,4 minutes and 42 seconds,*Device Login *Do NOT Remove
IT Italian Trattoria Collins,Jonathan Lucero,132,,No Print - Collins,,9/29/26 10:31 PM,9/29/26 10:36 PM,4 minutes and 42 seconds,*Device Login *Do NOT Remove
IT Italian Trattoria Collins,Jonathan Lucero,132,,Pizza Pala - Collins,,9/29/26 10:31 PM,9/29/26 10:36 PM,4 minutes and 42 seconds,*Device Login *Do NOT Remove
IT Italian Trattoria Collins,Andrea Rizzi,131,,Pasta - Collins,,9/29/26 11:09 PM,9/29/26 11:20 PM,11 minutes and 16 seconds,*Device Login *Do NOT Remove
IT Italian Trattoria Collins,Andrea Rizzi,134,,Pizza - Collins,,9/29/26 11:20 PM,9/29/26 11:28 PM,7 minutes and 59 seconds,*Device Login *Do NOT Remove
IT Italian Trattoria Collins,Charles Hernandez,1,,Pasta - Collins,,9/30/26 7:30 AM,9/30/26 7:44 AM,13 minutes and 28 seconds,*Device Login *Do NOT Remove
IT Italian Trattoria Collins,Charles Hernandez,4,,Pasta - Collins,,9/30/26 7:52 AM,9/30/26 8:01 AM,8 minutes and 52 seconds,*Device Login *Do NOT Remove
IT Italian Trattoria Collins,Charles Hernandez,3,,Pasta - Collins,,9/30/26 7:45 AM,9/30/26 8:01 AM,16 minutes and 25 seconds,*Device Login *Do NOT Remove
IT Italian Trattoria Collins,Charles Hernandez,6,,Pasta - Collins,,9/30/26 8:14 AM,9/30/26 8:14 AM,36 seconds,*Device Login *Do NOT Remove
IT Italian Trattoria Collins,Charles Hernandez,7,,Pasta - Collins,,9/30/26 8:25 AM,9/30/26 8:38 AM,13 minutes and 51 seconds,*Device Login *Do NOT Remove
IT Italian Trattoria Collins,Charles Hernandez,16,,Pasta - Collins,,9/30/26 9:08 AM,9/30/26 9:13 AM,4 minutes and 20 seconds,*Device Login *Do NOT Remove
IT Italian Trattoria Collins,Charles Hernandez,18,,Pasta - Collins,,9/30/26 9:22 AM,9/30/26 9:24 AM,2 minutes and 23 seconds,*Device Login *Do NOT Remove
IT Italian Trattoria Collins,Vivian Ducasal,22,,Pasta - Collins,,9/30/26 9:40 AM,9/30/26 9:49 AM,8 minutes and 54 seconds,*Device Login *Do NOT Remove
IT Italian Trattoria Collins,Charles Hernandez,28,,Pizza - Collins,,9/30/26 11:01 AM,9/30/26 11:10 AM,9 minutes and 20 seconds,*Device Login *Do NOT Remove
IT Italian Trattoria Collins,Charles Hernandez,30,,Pasta - Collins,,9/30/26 11:05 AM,9/30/26 11:13 AM,7 minutes and 11 seconds,*Device Login *Do NOT Remove
IT Italian Trattoria Collins,Charles Hernandez,32,,Drinks - Collins,,9/30/26 11:31 AM,9/30/26 11:39 AM,7 minutes and 44 seconds,*Device Login *Do NOT Remove
IT Italian Trattoria Collins,Charles Hernandez,32,,No print / Expo - Collins,,9/30/26 11:31 AM,9/30/26 11:39 AM,7 minutes and 44 seconds,*Device Login *Do NOT Remove
IT Italian Trattoria Collins,Charles Hernandez,32,,Pasta - Collins,,9/30/26 11:31 AM,9/30/26 11:39 AM,7 minutes and 44 seconds,*Device Login *Do NOT Remove
IT Italian Trattoria Collins,Charles Hernandez,32,,Pizza - Collins,,9/30/26 11:31 AM,9/30/26 11:39 AM,7 minutes and 44 seconds,*Device Login *Do NOT Remove
IT Italian Trattoria Collins,Charles Hernandez,32,,No Print - Collins,,9/30/26 11:31 AM,9/30/26 11:39 AM,7 minutes and 44 seconds,*Device Login *Do NOT Remove
IT Italian Trattoria Collins,Charles Hernandez,32,,Pizza Pala - Collins,,9/30/26 11:31 AM,9/30/26 11:39 AM,7 minutes and 44 seconds,*Device Login *Do NOT Remove
IT Italian Trattoria Collins,Charles Hernandez,32,,Pizza - Collins,,9/30/26 11:31 AM,9/30/26 11:40 AM,9 minutes and 31 seconds,*Device Login *Do NOT Remove
IT Italian Trattoria Collins,Charles Hernandez,36,,Pasta - Collins,,9/30/26 11:48 AM,9/30/26 11:55 AM,7 minutes and 24 seconds,*Device Login *Do NOT Remove
IT Italian Trattoria Collins,Charles Hernandez,35,,Drinks - Collins,,9/30/26 11:46 AM,9/30/26 11:55 AM,8 minutes and 51 seconds,*Device Login *Do NOT Remove
IT Italian Trattoria Collins,Charles Hernandez,35,,No print / Expo - Collins,,9/30/26 11:46 AM,9/30/26 11:55 AM,8 minutes and 51 seconds,*Device Login *Do NOT Remove
IT Italian Trattoria Collins,Charles Hernandez,35,,Pasta - Collins,,9/30/26 11:46 AM,9/30/26 11:55 AM,8 minutes and 51 seconds,*Device Login *Do NOT Remove
IT Italian Trattoria Collins,Charles Hernandez,35,,Pizza - Collins,,9/30/26 11:46 AM,9/30/26 11:55 AM,8 minutes and 51 seconds,*Device Login *Do NOT Remove
IT Italian Trattoria Collins,Charles Hernandez,35,,No Print - Collins,,9/30/26 11:46 AM,9/30/26 11:55 AM,8 minutes and 51 seconds,*Device Login *Do NOT Remove
IT Italian Trattoria Collins,Charles Hernandez,35,,Pizza Pala - Collins,,9/30/26 11:46 AM,9/30/26 11:55 AM,8 minutes and 51 seconds,*Device Login *Do NOT Remove
IT Italian Trattoria Collins,Charles Hernandez,39,,Pizza - Collins,,9/30/26 12:05 PM,9/30/26 12:19 PM,14 minutes and 11 seconds,*Device Login *Do NOT Remove
IT Italian Trattoria Collins,Charles Hernandez,41,,Pasta - Collins,,9/30/26 12:49 PM,9/30/26 12:57 PM,8 minutes and 34 seconds,*Device Login *Do NOT Remove
IT Italian Trattoria Collins,Charles Hernandez,2,,No Print - Collins,,9/30/26 7:43 AM,9/30/26 1:14 PM,"5 hours, 30 minutes and 44 seconds",*Device Login *Do NOT Remove
IT Italian Trattoria Collins,Vivian Ducasal,22,,No Print - Collins,,9/30/26 9:40 AM,9/30/26 1:14 PM,"3 hours, 34 minutes and 5 seconds",*Device Login *Do NOT Remove
IT Italian Trattoria Collins,Charles Hernandez,47,,Drinks - Collins,,9/30/26 1:35 PM,9/30/26 1:38 PM,2 minutes and 23 seconds,*Device Login *Do NOT Remove
IT Italian Trattoria Collins,Charles Hernandez,47,,No print / Expo - Collins,,9/30/26 1:35 PM,9/30/26 1:38 PM,2 minutes and 23 seconds,*Device Login *Do NOT Remove
IT Italian Trattoria Collins,Charles Hernandez,47,,Pasta - Collins,,9/30/26 1:35 PM,9/30/26 1:38 PM,2 minutes and 23 seconds,*Device Login *Do NOT Remove
IT Italian Trattoria Collins,Charles Hernandez,47,,Pizza - Collins,,9/30/26 1:35 PM,9/30/26 1:38 PM,2 minutes and 23 seconds,*Device Login *Do NOT Remove
IT Italian Trattoria Collins,Charles Hernandez,47,,No Print - Collins,,9/30/26 1:35 PM,9/30/26 1:38 PM,2 minutes and 23 seconds,*Device Login *Do NOT Remove
IT Italian Trattoria Collins,Charles Hernandez,47,,Pizza Pala - Collins,,9/30/26 1:35 PM,9/30/26 1:38 PM,2 minutes and 23 seconds,*Device Login *Do NOT Remove
IT Italian Trattoria Collins,Charles Hernandez,46,,Pasta - Collins,,9/30/26 1:34 PM,9/30/26 1:44 PM,10 minutes and 24 seconds,*Device Login *Do NOT Remove
IT Italian Trattoria Collins,Charles Hernandez,48,,Drinks - Collins,,9/30/26 1:43 PM,9/30/26 1:44 PM,1 minute and 17 seconds,*Device Login *Do NOT Remove
IT Italian Trattoria Collins,Charles Hernandez,48,,No print / Expo - Collins,,9/30/26 1:43 PM,9/30/26 1:44 PM,1 minute and 17 seconds,*Device Login *Do NOT Remove
IT Italian Trattoria Collins,Charles Hernandez,48,,Pasta - Collins,,9/30/26 1:43 PM,9/30/26 1:44 PM,1 minute and 17 seconds,*Device Login *Do NOT Remove
IT Italian Trattoria Collins,Charles Hernandez,48,,Pizza - Collins,,9/30/26 1:43 PM,9/30/26 1:44 PM,1 minute and 17 seconds,*Device Login *Do NOT Remove
IT Italian Trattoria Collins,Charles Hernandez,48,,No Print - Collins,,9/30/26 1:43 PM,9/30/26 1:44 PM,1 minute and 17 seconds,*Device Login *Do NOT Remove
IT Italian Trattoria Collins,Charles Hernandez,48,,Pizza Pala - Collins,,9/30/26 1:43 PM,9/30/26 1:44 PM,1 minute and 17 seconds,*Device Login *Do NOT Remove
IT Italian Trattoria Collins,Charles Hernandez,49,,Pasta - Collins,,9/30/26 2:00 PM,9/30/26 2:09 PM,9 minutes and 30 seconds,*Device Login *Do NOT Remove
IT Italian Trattoria Collins,Charles Hernandez,49,,Pizza - Collins,,9/30/26 2:00 PM,9/30/26 2:10 PM,10 minutes and 9 seconds,*Device Login *Do NOT Remove
IT Italian Trattoria Collins,Charles Hernandez,52,,Drinks - Collins,,9/30/26 2:16 PM,9/30/26 2:17 PM,1 minute and 35 seconds,*Device Login *Do NOT Remove
IT Italian Trattoria Collins,Charles Hernandez,52,,No print / Expo - Collins,,9/30/26 2:16 PM,9/30/26 2:17 PM,1 minute and 35 seconds,*Device Login *Do NOT Remove
IT Italian Trattoria Collins,Charles Hernandez,52,,Pasta - Collins,,9/30/26 2:16 PM,9/30/26 2:17 PM,1 minute and 35 seconds,*Device Login *Do NOT Remove
IT Italian Trattoria Collins,Charles Hernandez,52,,Pizza - Collins,,9/30/26 2:16 PM,9/30/26 2:17 PM,1 minute and 35 seconds,*Device Login *Do NOT Remove
IT Italian Trattoria Collins,Charles Hernandez,52,,No Print - Collins,,9/30/26 2:16 PM,9/30/26 2:17 PM,1 minute and 35 seconds,*Device Login *Do NOT Remove
IT Italian Trattoria Collins,Charles Hernandez,52,,Pizza Pala - Collins,,9/30/26 2:16 PM,9/30/26 2:17 PM,1 minute and 35 seconds,*Device Login *Do NOT Remove
IT Italian Trattoria Collins,Charles Hernandez,52,,Pizza - Collins,,9/30/26 2:16 PM,9/30/26 2:22 PM,6 minutes and 2 seconds,*Device Login *Do NOT Remove
IT Italian Trattoria Collins,Charles Hernandez,53,,Pasta - Collins,,9/30/26 2:26 PM,9/30/26 2:33 PM,6 minutes and 56 seconds,*Device Login *Do NOT Remove
IT Italian Trattoria Collins,Charles Hernandez,56,,Pasta - Collins,,9/30/26 2:37 PM,9/30/26 2:44 PM,7 minutes and 3 seconds,*Device Login *Do NOT Remove
IT Italian Trattoria Collins,Charles Hernandez,57,,Drinks - Collins,,9/30/26 2:39 PM,9/30/26 2:44 PM,4 minutes and 42 seconds,*Device Login *Do NOT Remove
IT Italian Trattoria Collins,Charles Hernandez,57,,No print / Expo - Collins,,9/30/26 2:39 PM,9/30/26 2:44 PM,4 minutes and 42 seconds,*Device Login *Do NOT Remove
IT Italian Trattoria Collins,Charles Hernandez,57,,Pasta - Collins,,9/30/26 2:39 PM,9/30/26 2:44 PM,4 minutes and 42 seconds,*Device Login *Do NOT Remove
IT Italian Trattoria Collins,Charles Hernandez,57,,Pizza - Collins,,9/30/26 2:39 PM,9/30/26 2:44 PM,4 minutes and 42 seconds,*Device Login *Do NOT Remove
IT Italian Trattoria Collins,Charles Hernandez,57,,No Print - Collins,,9/30/26 2:39 PM,9/30/26 2:44 PM,4 minutes and 42 seconds,*Device Login *Do NOT Remove
IT Italian Trattoria Collins,Charles Hernandez,57,,Pizza Pala - Collins,,9/30/26 2:39 PM,9/30/26 2:44 PM,4 minutes and 42 seconds,*Device Login *Do NOT Remove
IT Italian Trattoria Collins,Charles Hernandez,58,,Pasta - Collins,,9/30/26 2:43 PM,9/30/26 2:48 PM,4 minutes and 33 seconds,*Device Login *Do NOT Remove
IT Italian Trattoria Collins,Charles Hernandez,59,,Drinks - Collins,,9/30/26 2:46 PM,9/30/26 2:48 PM,2 minutes and 1 second,*Device Login *Do NOT Remove
IT Italian Trattoria Collins,Charles Hernandez,59,,No print / Expo - Collins,,9/30/26 2:46 PM,9/30/26 2:48 PM,2 minutes and 1 second,*Device Login *Do NOT Remove
IT Italian Trattoria Collins,Charles Hernandez,59,,Pasta - Collins,,9/30/26 2:46 PM,9/30/26 2:48 PM,2 minutes and 1 second,*Device Login *Do NOT Remove
IT Italian Trattoria Collins,Charles Hernandez,59,,Pizza - Collins,,9/30/26 2:46 PM,9/30/26 2:48 PM,2 minutes and 1 second,*Device Login *Do NOT Remove
IT Italian Trattoria Collins,Charles Hernandez,59,,No Print - Collins,,9/30/26 2:46 PM,9/30/26 2:48 PM,2 minutes and 1 second,*Device Login *Do NOT Remove
IT Italian Trattoria Collins,Charles Hernandez,59,,Pizza Pala - Collins,,9/30/26 2:46 PM,9/30/26 2:48 PM,2 minutes and 1 second,*Device Login *Do NOT Remove
IT Italian Trattoria Collins,Charles Hernandez,61,,Pasta - Collins,,9/30/26 2:56 PM,9/30/26 3:02 PM,6 minutes and 48 seconds,*Device Login *Do NOT Remove
IT Italian Trattoria Collins,Charles Hernandez,63,,Pasta - Collins,,9/30/26 3:27 PM,9/30/26 3:34 PM,7 minutes and 7 seconds,*Device Login *Do NOT Remove
IT Italian Trattoria Collins,Camila Soldo,67,,Pasta - Collins,,9/30/26 4:45 PM,9/30/26 4:56 PM,11 minutes and 5 seconds,*Device Login *Do NOT Remove
IT Italian Trattoria Collins,Camila Soldo,67,,Pizza - Collins,,9/30/26 4:45 PM,9/30/26 4:57 PM,11 minutes and 17 seconds,*Device Login *Do NOT Remove
IT Italian Trattoria Collins,Camila Soldo,71,,Pasta - Collins,,9/30/26 5:15 PM,9/30/26 5:19 PM,3 minutes and 38 seconds,*Device Login *Do NOT Remove
IT Italian Trattoria Collins,Camila Soldo,73,,Pasta - Collins,,9/30/26 5:34 PM,9/30/26 5:40 PM,5 minutes and 37 seconds,*Device Login *Do NOT Remove
IT Italian Trattoria Collins,Andrea Rizzi,75,,Pizza - Collins,,9/30/26 6:02 PM,9/30/26 6:08 PM,6 minutes and 17 seconds,*Device Login *Do NOT Remove
IT Italian Trattoria Collins,Andrea Rizzi,75,,Pasta - Collins,,9/30/26 6:02 PM,9/30/26 6:08 PM,6 minutes and 29 seconds,*Device Login *Do NOT Remove
IT Italian Trattoria Collins,Andrea Rizzi,76,,Pizza - Collins,,9/30/26 6:04 PM,9/30/26 6:14 PM,10 minutes and 36 seconds,*Device Login *Do NOT Remove
IT Italian Trattoria Collins,Andrea Rizzi,76,,Pasta - Collins,,9/30/26 6:04 PM,9/30/26 6:16 PM,12 minutes and 12 seconds,*Device Login *Do NOT Remove
IT Italian Trattoria Collins,Default Online Ordering,79,,Pasta - Collins,,9/30/26 6:10 PM,9/30/26 6:18 PM,8 minutes and 17 seconds,*Device Login *Do NOT Remove
IT Italian Trattoria Collins,Andrea Rizzi,80,,Pasta - Collins,,9/30/26 6:16 PM,9/30/26 6:25 PM,8 minutes and 37 seconds,*Device Login *Do NOT Remove
IT Italian Trattoria Collins,Andrea Rizzi,81,,Pasta - Collins,,9/30/26 6:19 PM,9/30/26 6:26 PM,7 minutes and 39 seconds,*Device Login *Do NOT Remove
IT Italian Trattoria Collins,Andrea Rizzi,81,,Pizza - Collins,,9/30/26 6:19 PM,9/30/26 6:28 PM,9 minutes and 6 seconds,*Device Login *Do NOT Remove
IT Italian Trattoria Collins,Andrea Rizzi,85,,Pasta - Collins,,9/30/26 6:37 PM,9/30/26 6:43 PM,6 minutes,*Device Login *Do NOT Remove
IT Italian Trattoria Collins,Andrea Rizzi,86,,Pasta - Collins,,9/30/26 6:38 PM,9/30/26 6:44 PM,6 minutes and 14 seconds,*Device Login *Do NOT Remove
IT Italian Trattoria Collins,Andrea Rizzi,88,,Drinks - Collins,,9/30/26 6:44 PM,9/30/26 6:45 PM,43 seconds,*Device Login *Do NOT Remove
IT Italian Trattoria Collins,Andrea Rizzi,88,,No print / Expo - Collins,,9/30/26 6:44 PM,9/30/26 6:45 PM,43 seconds,*Device Login *Do NOT Remove
IT Italian Trattoria Collins,Andrea Rizzi,88,,Pasta - Collins,,9/30/26 6:44 PM,9/30/26 6:45 PM,43 seconds,*Device Login *Do NOT Remove
IT Italian Trattoria Collins,Andrea Rizzi,88,,Pizza - Collins,,9/30/26 6:44 PM,9/30/26 6:45 PM,43 seconds,*Device Login *Do NOT Remove
IT Italian Trattoria Collins,Andrea Rizzi,88,,No Print - Collins,,9/30/26 6:44 PM,9/30/26 6:45 PM,43 seconds,*Device Login *Do NOT Remove
IT Italian Trattoria Collins,Andrea Rizzi,88,,Pizza Pala - Collins,,9/30/26 6:44 PM,9/30/26 6:45 PM,43 seconds,*Device Login *Do NOT Remove
IT Italian Trattoria Collins,Andrea Rizzi,88,,Pasta - Collins,,9/30/26 6:44 PM,9/30/26 6:50 PM,6 minutes and 10 seconds,*Device Login *Do NOT Remove
IT Italian Trattoria Collins,Andrea Rizzi,89,,Pasta - Collins,,9/30/26 6:54 PM,9/30/26 7:00 PM,6 minutes and 16 seconds,*Device Login *Do NOT Remove
IT Italian Trattoria Collins,Andrea Rizzi,92,,Pizza - Collins,,9/30/26 7:02 PM,9/30/26 7:02 PM,12 seconds,*Device Login *Do NOT Remove
IT Italian Trattoria Collins,Andrea Rizzi,92,,Drinks - Collins,,9/30/26 7:02 PM,9/30/26 7:02 PM,12 seconds,*Device Login *Do NOT Remove
IT Italian Trattoria Collins,Andrea Rizzi,92,,No print / Expo - Collins,,9/30/26 7:02 PM,9/30/26 7:02 PM,12 seconds,*Device Login *Do NOT Remove
IT Italian Trattoria Collins,Andrea Rizzi,92,,Pasta - Collins,,9/30/26 7:02 PM,9/30/26 7:02 PM,12 seconds,*Device Login *Do NOT Remove
IT Italian Trattoria Collins,Andrea Rizzi,92,,No Print - Collins,,9/30/26 7:02 PM,9/30/26 7:02 PM,12 seconds,*Device Login *Do NOT Remove
IT Italian Trattoria Collins,Andrea Rizzi,92,,Pizza Pala - Collins,,9/30/26 7:02 PM,9/30/26 7:02 PM,12 seconds,*Device Login *Do NOT Remove
IT Italian Trattoria Collins,Andrea Rizzi,91,,Pizza - Collins,,9/30/26 7:00 PM,9/30/26 7:07 PM,6 minutes and 48 seconds,*Device Login *Do NOT Remove
IT Italian Trattoria Collins,Camila Soldo,94,,Drinks - Collins,,9/30/26 7:10 PM,9/30/26 7:11 PM,55 seconds,*Device Login *Do NOT Remove
IT Italian Trattoria Collins,Camila Soldo,94,,No print / Expo - Collins,,9/30/26 7:10 PM,9/30/26 7:11 PM,55 seconds,*Device Login *Do NOT Remove
IT Italian Trattoria Collins,Camila Soldo,94,,Pasta - Collins,,9/30/26 7:10 PM,9/30/26 7:11 PM,55 seconds,*Device Login *Do NOT Remove
IT Italian Trattoria Collins,Camila Soldo,94,,Pizza - Collins,,9/30/26 7:10 PM,9/30/26 7:11 PM,55 seconds,*Device Login *Do NOT Remove
IT Italian Trattoria Collins,Camila Soldo,94,,No Print - Collins,,9/30/26 7:10 PM,9/30/26 7:11 PM,55 seconds,*Device Login *Do NOT Remove
IT Italian Trattoria Collins,Camila Soldo,94,,Pizza Pala - Collins,,9/30/26 7:10 PM,9/30/26 7:11 PM,55 seconds,*Device Login *Do NOT Remove
IT Italian Trattoria Collins,Andrea Rizzi,97,,Pasta - Collins,,9/30/26 7:48 PM,9/30/26 7:52 PM,4 minutes and 35 seconds,*Device Login *Do NOT Remove
IT Italian Trattoria Collins,Andrea Rizzi,98,,Pasta - Collins,,9/30/26 7:49 PM,9/30/26 7:53 PM,3 minutes and 58 seconds,*Device Login *Do NOT Remove
IT Italian Trattoria Collins,Andrea Rizzi,99,,Pasta - Collins,,9/30/26 7:50 PM,9/30/26 7:54 PM,3 minutes and 55 seconds,*Device Login *Do NOT Remove
IT Italian Trattoria Collins,Andrea Rizzi,100,,Pizza - Collins,,9/30/26 7:53 PM,9/30/26 8:00 PM,7 minutes and 2 seconds,*Device Login *Do NOT Remove
IT Italian Trattoria Collins,Andrea Rizzi,100,,Pasta - Collins,,9/30/26 7:53 PM,9/30/26 8:01 PM,7 minutes and 27 seconds,*Device Login *Do NOT Remove
IT Italian Trattoria Collins,Andrea Rizzi,102,,Pizza - Collins,,9/30/26 7:55 PM,9/30/26 8:02 PM,6 minutes and 19 seconds,*Device Login *Do NOT Remove
IT Italian Trattoria Collins,Camila Soldo,105,,Drinks - Collins,,9/30/26 8:15 PM,9/30/26 8:15 PM,24 seconds,*Device Login *Do NOT Remove
IT Italian Trattoria Collins,Camila Soldo,105,,No print / Expo - Collins,,9/30/26 8:15 PM,9/30/26 8:15 PM,24 seconds,*Device Login *Do NOT Remove
IT Italian Trattoria Collins,Camila Soldo,105,,Pasta - Collins,,9/30/26 8:15 PM,9/30/26 8:15 PM,24 seconds,*Device Login *Do NOT Remove
IT Italian Trattoria Collins,Camila Soldo,105,,Pizza - Collins,,9/30/26 8:15 PM,9/30/26 8:15 PM,24 seconds,*Device Login *Do NOT Remove
IT Italian Trattoria Collins,Camila Soldo,105,,No Print - Collins,,9/30/26 8:15 PM,9/30/26 8:15 PM,24 seconds,*Device Login *Do NOT Remove
IT Italian Trattoria Collins,Camila Soldo,105,,Pizza Pala - Collins,,9/30/26 8:15 PM,9/30/26 8:15 PM,24 seconds,*Device Login *Do NOT Remove
IT Italian Trattoria Collins,Camila Soldo,105,,Pasta - Collins,,9/30/26 8:15 PM,9/30/26 8:20 PM,5 minutes and 27 seconds,*Device Login *Do NOT Remove
IT Italian Trattoria Collins,Camila Soldo,106,,Pasta - Collins,,9/30/26 8:18 PM,9/30/26 8:22 PM,4 minutes and 12 seconds,*Device Login *Do NOT Remove
IT Italian Trattoria Collins,Andrea Rizzi,108,,Drinks - Collins,,9/30/26 8:28 PM,9/30/26 8:29 PM,1 minute and 30 seconds,*Device Login *Do NOT Remove
IT Italian Trattoria Collins,Andrea Rizzi,108,,Pasta - Collins,,9/30/26 8:28 PM,9/30/26 8:29 PM,1 minute and 30 seconds,*Device Login *Do NOT Remove
IT Italian Trattoria Collins,Andrea Rizzi,108,,No print / Expo - Collins,,9/30/26 8:28 PM,9/30/26 8:29 PM,1 minute and 30 seconds,*Device Login *Do NOT Remove
IT Italian Trattoria Collins,Andrea Rizzi,108,,Pizza - Collins,,9/30/26 8:28 PM,9/30/26 8:29 PM,1 minute and 30 seconds,*Device Login *Do NOT Remove
IT Italian Trattoria Collins,Andrea Rizzi,108,,No Print - Collins,,9/30/26 8:28 PM,9/30/26 8:29 PM,1 minute and 30 seconds,*Device Login *Do NOT Remove
IT Italian Trattoria Collins,Andrea Rizzi,108,,Pizza Pala - Collins,,9/30/26 8:28 PM,9/30/26 8:29 PM,1 minute and 30 seconds,*Device Login *Do NOT Remove
IT Italian Trattoria Collins,Andrea Rizzi,107,,Pasta - Collins,,9/30/26 8:27 PM,9/30/26 8:31 PM,3 minutes and 28 seconds,*Device Login *Do NOT Remove
IT Italian Trattoria Collins,Camila Soldo,110,,Pizza - Collins,,9/30/26 8:46 PM,9/30/26 8:52 PM,5 minutes and 27 seconds,*Device Login *Do NOT Remove
IT Italian Trattoria Collins,Camila Soldo,111,,Pasta - Collins,,9/30/26 8:48 PM,9/30/26 8:53 PM,4 minutes and 40 seconds,*Device Login *Do NOT Remove
IT Italian Trattoria Collins,Camila Soldo,113,,Pizza - Collins,,9/30/26 8:50 PM,9/30/26 8:55 PM,4 minutes and 52 seconds,*Device Login *Do NOT Remove
IT Italian Trattoria Collins,Camila Soldo,118,,Pasta - Collins,,9/30/26 9:32 PM,9/30/26 9:36 PM,3 minutes and 43 seconds,*Device Login *Do NOT Remove
IT Italian Trattoria Collins,Andrea Rizzi,120,,Pasta - Collins,,9/30/26 10:03 PM,9/30/26 10:12 PM,8 minutes and 23 seconds,*Device Login *Do NOT Remove
IT Italian Trattoria Collins,Camila Soldo,119,,Pizza - Collins,,9/30/26 10:04 PM,9/30/26 10:13 PM,9 minutes and 11 seconds,*Device Login *Do NOT Remove
IT Italian Trattoria Collins,Camila Soldo,119,,Pasta - Collins,,9/30/26 10:04 PM,9/30/26 10:15 PM,11 minutes and 25 seconds,*Device Login *Do NOT Remove
IT Italian Trattoria Collins,Andrea Rizzi,123,,Pizza - Collins,,9/30/26 10:17 PM,9/30/26 10:23 PM,6 minutes and 21 seconds,*Device Login *Do NOT Remove
IT Italian Trattoria Collins,Andrea Rizzi,123,,Pasta - Collins,,9/30/26 10:17 PM,9/30/26 10:23 PM,6 minutes and 34 seconds,*Device Login *Do NOT Remove
IT Italian Trattoria Collins,Andrea Rizzi,124,,Pasta - Collins,,9/30/26 10:18 PM,9/30/26 10:25 PM,6 minutes and 22 seconds,*Device Login *Do NOT Remove
IT Italian Trattoria Collins,Andrea Rizzi,125,,Pasta - Collins,,9/30/26 10:27 PM,9/30/26 10:35 PM,7 minutes and 49 seconds,*Device Login *Do NOT Remove
IT Italian Trattoria Collins,Andrea Rizzi,126,,Pizza - Collins,,9/30/26 10:41 PM,9/30/26 10:47 PM,5 minutes and 45 seconds,*Device Login *Do NOT Remove
IT Italian Trattoria Collins,Andrea Rizzi,127,,Pizza - Collins,,9/30/26 10:43 PM,9/30/26 10:49 PM,5 minutes and 47 seconds,*Device Login *Do NOT Remove
IT Italian Trattoria Collins,Andrea Rizzi,127,,Pasta - Collins,,9/30/26 10:43 PM,9/30/26 10:51 PM,7 minutes and 53 seconds,*Device Login *Do NOT Remove
IT Italian Trattoria Collins,Andrea Rizzi,129,,Pizza - Collins,,9/30/26 10:46 PM,9/30/26 10:52 PM,6 minutes and 6 seconds,*Device Login *Do NOT Remove
IT Italian Trattoria Collins,Camila Soldo,131,,Pizza - Collins,,9/30/26 11:11 PM,9/30/26 11:17 PM,5 minutes and 51 seconds,*Device Login *Do NOT Remove
