Type,Menu,Menu group,Subgroup,"Item, open item",Size modifier,"Modifiers, special requests",Sales Category,Qty sold
"",,,,,,,,23474.0
"",FOOD,,,,,,,4249.0
"",FOOD,BREAKFAST,,,,,,330.0
menuItem,FOOD,BREAKFAST,,EGGS & BACON,,,BREAKFAST,73.0
specialRequest,FOOD,BREAKFAST,,EGGS & BACON,,119,,2.0
specialRequest,FOOD,BREAKFAST,,EGGS & BACON,,170,,3.0
specialRequest,FOOD,BREAKFAST,,EGGS & BACON,,30,,1.0
specialRequest,FOOD,BREAKFAST,,EGGS & BACON,,35,,0.0
specialRequest,FOOD,BREAKFAST,,EGGS & BACON,,47,,2.0
specialRequest,FOOD,BREAKFAST,,EGGS & BACON,,49,,1.0
specialRequest,FOOD,BREAKFAST,,EGGS & BACON,,60,,3.0
specialRequest,FOOD,BREAKFAST,,EGGS & BACON,,81,,1.0
specialRequest,FOOD,BREAKFAST,,EGGS & BACON,,Fried,,4.0
specialRequest,FOOD,BREAKFAST,,EGGS & BACON,,Mozzarella,,1.0
specialRequest,FOOD,BREAKFAST,,EGGS & BACON,,No Greens,,1.0
specialRequest,FOOD,BREAKFAST,,EGGS & BACON,,Scramble 35,,1.0
specialRequest,FOOD,BREAKFAST,,EGGS & BACON,,Scramble NO BACON,,0.0
specialRequest,FOOD,BREAKFAST,,EGGS & BACON,,Scrubmled Por Favor,,2.0
specialRequest,FOOD,BREAKFAST,,EGGS & BACON,,100,,2.0
specialRequest,FOOD,BREAKFAST,,EGGS & BACON,,109,,2.0
specialRequest,FOOD,BREAKFAST,,EGGS & BACON,,110,,3.0
specialRequest,FOOD,BREAKFAST,,EGGS & BACON,,112,,7.0
specialRequest,FOOD,BREAKFAST,,EGGS & BACON,,113,,1.0
specialRequest,FOOD,BREAKFAST,,EGGS & BACON,,116,,1.0
specialRequest,FOOD,BREAKFAST,,EGGS & BACON,,163,,1.0
specialRequest,FOOD,BREAKFAST,,EGGS & BACON,,164,,3.0
specialRequest,FOOD,BREAKFAST,,EGGS & BACON,,26,,2.0
specialRequest,FOOD,BREAKFAST,,EGGS & BACON,,28,,2.0
specialRequest,FOOD,BREAKFAST,,EGGS & BACON,,32,,3.0
specialRequest,FOOD,BREAKFAST,,EGGS & BACON,,34,,1.0
specialRequest,FOOD,BREAKFAST,,EGGS & BACON,,42,,1.0
specialRequest,FOOD,BREAKFAST,,EGGS & BACON,,43,,1.0
specialRequest,FOOD,BREAKFAST,,EGGS & BACON,,50,,3.0
specialRequest,FOOD,BREAKFAST,,EGGS & BACON,,57,,2.0
specialRequest,FOOD,BREAKFAST,,EGGS & BACON,,82,,1.0
specialRequest,FOOD,BREAKFAST,,EGGS & BACON,,86,,2.0
specialRequest,FOOD,BREAKFAST,,EGGS & BACON,,87,,2.0
specialRequest,FOOD,BREAKFAST,,EGGS & BACON,,92,,1.0
specialRequest,FOOD,BREAKFAST,,EGGS & BACON,,Avocado,,3.0
specialRequest,FOOD,BREAKFAST,,EGGS & BACON,,Boiled Egg,,1.0
specialRequest,FOOD,BREAKFAST,,EGGS & BACON,,Cambia Arugula Con Avocado,,1.0
specialRequest,FOOD,BREAKFAST,,EGGS & BACON,,Egg,,2.0
specialRequest,FOOD,BREAKFAST,,EGGS & BACON,,Fried 48,,1.0
specialRequest,FOOD,BREAKFAST,,EGGS & BACON,,No Arugula,,1.0
specialRequest,FOOD,BREAKFAST,,EGGS & BACON,,No Bacon,,3.0
specialRequest,FOOD,BREAKFAST,,EGGS & BACON,,No Bread,,1.0
specialRequest,FOOD,BREAKFAST,,EGGS & BACON,,No Hacdr,,1.0
specialRequest,FOOD,BREAKFAST,,EGGS & BACON,,Scrambld,,1.0
specialRequest,FOOD,BREAKFAST,,EGGS & BACON,,Scramble Y No Bacon,,1.0
specialRequest,FOOD,BREAKFAST,,EGGS & BACON,,Scrambled,,11.0
specialRequest,FOOD,BREAKFAST,,EGGS & BACON,,Scrumbled,,4.0
specialRequest,FOOD,BREAKFAST,,EGGS & BACON,,Soft Scrambled,,1.0
specialRequest,FOOD,BREAKFAST,,EGGS & BACON,,Well Done Bacon,,1.0
menuItem,FOOD,BREAKFAST,,TRUFFLE SCRAMBLE EGGS,,,BREAKFAST,13.0
specialRequest,FOOD,BREAKFAST,,TRUFFLE SCRAMBLE EGGS,,32,,1.0
specialRequest,FOOD,BREAKFAST,,TRUFFLE SCRAMBLE EGGS,,53,,1.0
specialRequest,FOOD,BREAKFAST,,TRUFFLE SCRAMBLE EGGS,,55,,1.0
specialRequest,FOOD,BREAKFAST,,TRUFFLE SCRAMBLE EGGS,,94,,1.0
specialRequest,FOOD,BREAKFAST,,TRUFFLE SCRAMBLE EGGS,,24,,2.0
specialRequest,FOOD,BREAKFAST,,TRUFFLE SCRAMBLE EGGS,,35,,1.0
specialRequest,FOOD,BREAKFAST,,TRUFFLE SCRAMBLE EGGS,,40,,1.0
specialRequest,FOOD,BREAKFAST,,TRUFFLE SCRAMBLE EGGS,,83,,1.0
specialRequest,FOOD,BREAKFAST,,TRUFFLE SCRAMBLE EGGS,,Avocado,,1.0
specialRequest,FOOD,BREAKFAST,,TRUFFLE SCRAMBLE EGGS,,Mas Bacon,,1.0
specialRequest,FOOD,BREAKFAST,,TRUFFLE SCRAMBLE EGGS,,No Bacobn,,1.0
specialRequest,FOOD,BREAKFAST,,TRUFFLE SCRAMBLE EGGS,,No Bread,,1.0
specialRequest,FOOD,BREAKFAST,,TRUFFLE SCRAMBLE EGGS,,No Bread Por Favor,,1.0
menuItem,FOOD,BREAKFAST,,AVOCADO TOAST,,,BREAKFAST,48.0
specialRequest,FOOD,BREAKFAST,,AVOCADO TOAST,,116,,1.0
specialRequest,FOOD,BREAKFAST,,AVOCADO TOAST,,24,,1.0
specialRequest,FOOD,BREAKFAST,,AVOCADO TOAST,,42,,2.0
specialRequest,FOOD,BREAKFAST,,AVOCADO TOAST,,43,,2.0
specialRequest,FOOD,BREAKFAST,,AVOCADO TOAST,,47,,2.0
specialRequest,FOOD,BREAKFAST,,AVOCADO TOAST,,83,,1.0
specialRequest,FOOD,BREAKFAST,,AVOCADO TOAST,,84,,1.0
specialRequest,FOOD,BREAKFAST,,AVOCADO TOAST,,103,,2.0
specialRequest,FOOD,BREAKFAST,,AVOCADO TOAST,,104,,1.0
specialRequest,FOOD,BREAKFAST,,AVOCADO TOAST,,118,,1.0
specialRequest,FOOD,BREAKFAST,,AVOCADO TOAST,,163,,1.0
specialRequest,FOOD,BREAKFAST,,AVOCADO TOAST,,170,,1.0
specialRequest,FOOD,BREAKFAST,,AVOCADO TOAST,,21,,2.0
specialRequest,FOOD,BREAKFAST,,AVOCADO TOAST,,27,,2.0
specialRequest,FOOD,BREAKFAST,,AVOCADO TOAST,,32,,3.0
specialRequest,FOOD,BREAKFAST,,AVOCADO TOAST,,41,,1.0
specialRequest,FOOD,BREAKFAST,,AVOCADO TOAST,,48,,2.0
specialRequest,FOOD,BREAKFAST,,AVOCADO TOAST,,52,,1.0
specialRequest,FOOD,BREAKFAST,,AVOCADO TOAST,,56,,1.0
specialRequest,FOOD,BREAKFAST,,AVOCADO TOAST,,57,,1.0
specialRequest,FOOD,BREAKFAST,,AVOCADO TOAST,,86,,1.0
specialRequest,FOOD,BREAKFAST,,AVOCADO TOAST,,92,,1.0
specialRequest,FOOD,BREAKFAST,,AVOCADO TOAST,,Avo On Side And Butter On Sid,,1.0
specialRequest,FOOD,BREAKFAST,,AVOCADO TOAST,,Boiled,,1.0
specialRequest,FOOD,BREAKFAST,,AVOCADO TOAST,,Boiled Egg,,3.0
specialRequest,FOOD,BREAKFAST,,AVOCADO TOAST,,Egg,,3.0
specialRequest,FOOD,BREAKFAST,,AVOCADO TOAST,,Smoked Salmon,,1.0
menuItem,FOOD,BREAKFAST,,PARFAIT BERRIES & GRANOLA,,,BREAKFAST,55.0
menuItem,FOOD,BREAKFAST,,FRUIT CUP,,,BREAKFAST,50.0
menuItem,FOOD,BREAKFAST,,HEY MAMBO COMBO,,,BREAKFAST,35.0
modifier,FOOD,BREAKFAST,,HEY MAMBO COMBO,,Espresso,,13.0
modifier,FOOD,BREAKFAST,,HEY MAMBO COMBO,,Americano Coffee,,12.0
modifier,FOOD,BREAKFAST,,HEY MAMBO COMBO,,Capuccino,,8.0
modifier,FOOD,BREAKFAST,,HEY MAMBO COMBO,,Coffee Latte,,2.0
modifier,FOOD,BREAKFAST,,HEY MAMBO COMBO,,Almond Milk,,3.0
modifier,FOOD,BREAKFAST,,HEY MAMBO COMBO,,Croissant,,5.0
modifier,FOOD,BREAKFAST,,HEY MAMBO COMBO,,Nutella Croissant,,9.0
modifier,FOOD,BREAKFAST,,HEY MAMBO COMBO,,Pistacchio Croissant,,6.0
menuItem,FOOD,BREAKFAST,,SOLE SOLE COMBO,,,BREAKFAST,44.0
modifier,FOOD,BREAKFAST,,SOLE SOLE COMBO,,Fried Eggs,,23.0
modifier,FOOD,BREAKFAST,,SOLE SOLE COMBO,,Scrambled Eggs,,12.0
specialRequest,FOOD,BREAKFAST,,SOLE SOLE COMBO,,110,,2.0
specialRequest,FOOD,BREAKFAST,,SOLE SOLE COMBO,,116,,2.0
specialRequest,FOOD,BREAKFAST,,SOLE SOLE COMBO,,161,,2.0
specialRequest,FOOD,BREAKFAST,,SOLE SOLE COMBO,,163,,2.0
specialRequest,FOOD,BREAKFAST,,SOLE SOLE COMBO,,24,,2.0
specialRequest,FOOD,BREAKFAST,,SOLE SOLE COMBO,,35,,1.0
specialRequest,FOOD,BREAKFAST,,SOLE SOLE COMBO,,42,,1.0
specialRequest,FOOD,BREAKFAST,,SOLE SOLE COMBO,,43,,1.0
specialRequest,FOOD,BREAKFAST,,SOLE SOLE COMBO,,50,,1.0
specialRequest,FOOD,BREAKFAST,,SOLE SOLE COMBO,,No Bread,,1.0
specialRequest,FOOD,BREAKFAST,,SOLE SOLE COMBO,,164,,1.0
specialRequest,FOOD,BREAKFAST,,SOLE SOLE COMBO,,48,,1.0
specialRequest,FOOD,BREAKFAST,,SOLE SOLE COMBO,,53,,1.0
specialRequest,FOOD,BREAKFAST,,SOLE SOLE COMBO,,55,,1.0
specialRequest,FOOD,BREAKFAST,,SOLE SOLE COMBO,,81,,1.0
specialRequest,FOOD,BREAKFAST,,SOLE SOLE COMBO,,83,,1.0
specialRequest,FOOD,BREAKFAST,,SOLE SOLE COMBO,,87,,1.0
specialRequest,FOOD,BREAKFAST,,SOLE SOLE COMBO,,92,,2.0
specialRequest,FOOD,BREAKFAST,,SOLE SOLE COMBO,,98,,1.0
specialRequest,FOOD,BREAKFAST,,SOLE SOLE COMBO,,Salmon,,1.0
menuItem,FOOD,BREAKFAST,,FRESCO COMBO,,,BREAKFAST,12.0
specialRequest,FOOD,BREAKFAST,,FRESCO COMBO,,30,,1.0
specialRequest,FOOD,BREAKFAST,,FRESCO COMBO,,163,,1.0
specialRequest,FOOD,BREAKFAST,,FRESCO COMBO,,21,,2.0
specialRequest,FOOD,BREAKFAST,,FRESCO COMBO,,25,,1.0
specialRequest,FOOD,BREAKFAST,,FRESCO COMBO,,34,,1.0
specialRequest,FOOD,BREAKFAST,,FRESCO COMBO,,40,,1.0
specialRequest,FOOD,BREAKFAST,,FRESCO COMBO,,45,,1.0
specialRequest,FOOD,BREAKFAST,,FRESCO COMBO,,56,,1.0
"",FOOD,APPETIZER,,,,,,95.0
menuItem,FOOD,APPETIZER,,BRUSCHETTA,,,APPETIZER,47.0
specialRequest,FOOD,APPETIZER,,BRUSCHETTA,,100,,1.0
specialRequest,FOOD,APPETIZER,,BRUSCHETTA,,112,,2.0
specialRequest,FOOD,APPETIZER,,BRUSCHETTA,,113,,1.0
specialRequest,FOOD,APPETIZER,,BRUSCHETTA,,116,,1.0
specialRequest,FOOD,APPETIZER,,BRUSCHETTA,,161,,1.0
specialRequest,FOOD,APPETIZER,,BRUSCHETTA,,170,,1.0
specialRequest,FOOD,APPETIZER,,BRUSCHETTA,,45,,1.0
specialRequest,FOOD,APPETIZER,,BRUSCHETTA,,86,,1.0
specialRequest,FOOD,APPETIZER,,BRUSCHETTA,,Con Prusciutto,,1.0
specialRequest,FOOD,APPETIZER,,BRUSCHETTA,,30,,1.0
specialRequest,FOOD,APPETIZER,,BRUSCHETTA,,32,,1.0
specialRequest,FOOD,APPETIZER,,BRUSCHETTA,,41,,1.0
specialRequest,FOOD,APPETIZER,,BRUSCHETTA,,43,,1.0
specialRequest,FOOD,APPETIZER,,BRUSCHETTA,,50,,1.0
specialRequest,FOOD,APPETIZER,,BRUSCHETTA,,52,,1.0
specialRequest,FOOD,APPETIZER,,BRUSCHETTA,,53,,1.0
specialRequest,FOOD,APPETIZER,,BRUSCHETTA,,99,,1.0
menuItem,FOOD,APPETIZER,,STRACCIATELLA & FOCACCIA,,,APPETIZER,21.0
modifier,FOOD,APPETIZER,,STRACCIATELLA & FOCACCIA,,EXTRA AVOCADO,,1.0
specialRequest,FOOD,APPETIZER,,STRACCIATELLA & FOCACCIA,,83,,1.0
specialRequest,FOOD,APPETIZER,,STRACCIATELLA & FOCACCIA,,98,,1.0
specialRequest,FOOD,APPETIZER,,STRACCIATELLA & FOCACCIA,,164,,1.0
specialRequest,FOOD,APPETIZER,,STRACCIATELLA & FOCACCIA,,94,,1.0
menuItem,FOOD,APPETIZER,,ANTIPASTO DELLA CASA,,,APPETIZER,11.0
specialRequest,FOOD,APPETIZER,,ANTIPASTO DELLA CASA,,50,,1.0
specialRequest,FOOD,APPETIZER,,ANTIPASTO DELLA CASA,,35,,1.0
specialRequest,FOOD,APPETIZER,,ANTIPASTO DELLA CASA,,60,,1.0
menuItem,FOOD,APPETIZER,,ANTIPASTO DELLA FAMIGLIA,,,APPETIZER,11.0
specialRequest,FOOD,APPETIZER,,ANTIPASTO DELLA FAMIGLIA,,48,,1.0
specialRequest,FOOD,APPETIZER,,ANTIPASTO DELLA FAMIGLIA,,81,,1.0
specialRequest,FOOD,APPETIZER,,ANTIPASTO DELLA FAMIGLIA,,22,,1.0
specialRequest,FOOD,APPETIZER,,ANTIPASTO DELLA FAMIGLIA,,27,,1.0
menuItem,FOOD,APPETIZER,,SPICY PIZZA TACO,,,APPETIZER,1.0
menuItem,FOOD,APPETIZER,,BOLOGNESE PIZZA TACO,,,APPETIZER,4.0
"",FOOD,PASTA,,,,,,800.0
menuItem,FOOD,PASTA,,SPAGHETTI POMODORO,,,PASTA,136.0
modifier,FOOD,PASTA,,SPAGHETTI POMODORO,,Shredded Mozzarella,,3.0
modifier,FOOD,PASTA,,SPAGHETTI POMODORO,,Shaved Parmesan,,16.0
modifier,FOOD,PASTA,,SPAGHETTI POMODORO,,Avocado,,1.0
modifier,FOOD,PASTA,,SPAGHETTI POMODORO,,Beeper Number,,42.0
modifier,FOOD,PASTA,,SPAGHETTI POMODORO,,Marinated Chicken,,9.0
modifier,FOOD,PASTA,,SPAGHETTI POMODORO,,Marinated Salmon,,2.0
modifier,FOOD,PASTA,,SPAGHETTI POMODORO,,Grilled Vegetable,,3.0
modifier,FOOD,PASTA,,SPAGHETTI POMODORO,,Regular,,12.0
sizedSpecialRequest,FOOD,PASTA,,SPAGHETTI POMODORO,Regular,109,,1.0
sizedSpecialRequest,FOOD,PASTA,,SPAGHETTI POMODORO,Regular,113,,1.0
sizedSpecialRequest,FOOD,PASTA,,SPAGHETTI POMODORO,Regular,164,,1.0
sizedSpecialRequest,FOOD,PASTA,,SPAGHETTI POMODORO,Regular,25,,1.0
sizedSpecialRequest,FOOD,PASTA,,SPAGHETTI POMODORO,Regular,30,,1.0
sizedSpecialRequest,FOOD,PASTA,,SPAGHETTI POMODORO,Regular,32,,1.0
sizedSpecialRequest,FOOD,PASTA,,SPAGHETTI POMODORO,Regular,43,,1.0
sizedSpecialRequest,FOOD,PASTA,,SPAGHETTI POMODORO,Regular,50,,1.0
sizedSpecialRequest,FOOD,PASTA,,SPAGHETTI POMODORO,Regular,52,,1.0
sizedSpecialRequest,FOOD,PASTA,,SPAGHETTI POMODORO,Regular,87,,1.0
sizedSpecialRequest,FOOD,PASTA,,SPAGHETTI POMODORO,Regular,92,,1.0
sizedSpecialRequest,FOOD,PASTA,,SPAGHETTI POMODORO,Regular,99,,1.0
sizedModifier,FOOD,PASTA,,SPAGHETTI POMODORO,Regular,Shaved Parmesan,,1.0
specialRequest,FOOD,PASTA,,SPAGHETTI POMODORO,,26,,2.0
specialRequest,FOOD,PASTA,,SPAGHETTI POMODORO,,28,,1.0
specialRequest,FOOD,PASTA,,SPAGHETTI POMODORO,,30,,1.0
specialRequest,FOOD,PASTA,,SPAGHETTI POMODORO,,53,,1.0
specialRequest,FOOD,PASTA,,SPAGHETTI POMODORO,,56,,1.0
specialRequest,FOOD,PASTA,,SPAGHETTI POMODORO,,94,,2.0
specialRequest,FOOD,PASTA,,SPAGHETTI POMODORO,,Mucho Pollo Por Favor,,1.0
specialRequest,FOOD,PASTA,,SPAGHETTI POMODORO,,Solomantequia,,1.0
specialRequest,FOOD,PASTA,,SPAGHETTI POMODORO,,109,,1.0
specialRequest,FOOD,PASTA,,SPAGHETTI POMODORO,,110,,1.0
specialRequest,FOOD,PASTA,,SPAGHETTI POMODORO,,119,,1.0
specialRequest,FOOD,PASTA,,SPAGHETTI POMODORO,,163,,1.0
specialRequest,FOOD,PASTA,,SPAGHETTI POMODORO,,164,,1.0
specialRequest,FOOD,PASTA,,SPAGHETTI POMODORO,,170,,1.0
specialRequest,FOOD,PASTA,,SPAGHETTI POMODORO,,1_64,,1.0
specialRequest,FOOD,PASTA,,SPAGHETTI POMODORO,,21,,1.0
specialRequest,FOOD,PASTA,,SPAGHETTI POMODORO,,24,,1.0
specialRequest,FOOD,PASTA,,SPAGHETTI POMODORO,,27,,3.0
specialRequest,FOOD,PASTA,,SPAGHETTI POMODORO,,32,,3.0
specialRequest,FOOD,PASTA,,SPAGHETTI POMODORO,,34,,1.0
specialRequest,FOOD,PASTA,,SPAGHETTI POMODORO,,35,,3.0
specialRequest,FOOD,PASTA,,SPAGHETTI POMODORO,,40,,2.0
specialRequest,FOOD,PASTA,,SPAGHETTI POMODORO,,42,,1.0
specialRequest,FOOD,PASTA,,SPAGHETTI POMODORO,,43,,1.0
specialRequest,FOOD,PASTA,,SPAGHETTI POMODORO,,45,,1.0
specialRequest,FOOD,PASTA,,SPAGHETTI POMODORO,,50,,2.0
specialRequest,FOOD,PASTA,,SPAGHETTI POMODORO,,52,,2.0
specialRequest,FOOD,PASTA,,SPAGHETTI POMODORO,,57,,1.0
specialRequest,FOOD,PASTA,,SPAGHETTI POMODORO,,58,,2.0
specialRequest,FOOD,PASTA,,SPAGHETTI POMODORO,,60,,4.0
specialRequest,FOOD,PASTA,,SPAGHETTI POMODORO,,86,,4.0
specialRequest,FOOD,PASTA,,SPAGHETTI POMODORO,,89,,1.0
specialRequest,FOOD,PASTA,,SPAGHETTI POMODORO,,92,,2.0
specialRequest,FOOD,PASTA,,SPAGHETTI POMODORO,,99,,1.0
specialRequest,FOOD,PASTA,,SPAGHETTI POMODORO,,CHEESE ON THE SIDE,,1.0
specialRequest,FOOD,PASTA,,SPAGHETTI POMODORO,,EXTRA SALSA,,1.0
specialRequest,FOOD,PASTA,,SPAGHETTI POMODORO,,"No Sauce, Only Butter",,1.0
specialRequest,FOOD,PASTA,,SPAGHETTI POMODORO,,Rigatoni!!!,,2.0
specialRequest,FOOD,PASTA,,SPAGHETTI POMODORO,,Solo Haceite,,1.0
specialRequest,FOOD,PASTA,,SPAGHETTI POMODORO,,Solo Pasta No Salsa,,1.0
menuItem,FOOD,PASTA,,RIGATONI ALLA SICILIANA,,,PASTA,81.0
modifier,FOOD,PASTA,,RIGATONI ALLA SICILIANA,,Mozzarella Ball,,1.0
modifier,FOOD,PASTA,,RIGATONI ALLA SICILIANA,,Shaved Parmesan,,6.0
modifier,FOOD,PASTA,,RIGATONI ALLA SICILIANA,,Beeper Number,,14.0
modifier,FOOD,PASTA,,RIGATONI ALLA SICILIANA,,Egg,,2.0
modifier,FOOD,PASTA,,RIGATONI ALLA SICILIANA,,Marinated Chicken,,2.0
modifier,FOOD,PASTA,,RIGATONI ALLA SICILIANA,,Marinated Salmon,,1.0
modifier,FOOD,PASTA,,RIGATONI ALLA SICILIANA,,Prosciutto,,4.0
specialRequest,FOOD,PASTA,,RIGATONI ALLA SICILIANA,,(Please label for Janet),,2.0
specialRequest,FOOD,PASTA,,RIGATONI ALLA SICILIANA,,(Please label for Maria),,2.0
specialRequest,FOOD,PASTA,,RIGATONI ALLA SICILIANA,,103,,1.0
specialRequest,FOOD,PASTA,,RIGATONI ALLA SICILIANA,,92,,1.0
specialRequest,FOOD,PASTA,,RIGATONI ALLA SICILIANA,,119,,1.0
specialRequest,FOOD,PASTA,,RIGATONI ALLA SICILIANA,,30,,1.0
specialRequest,FOOD,PASTA,,RIGATONI ALLA SICILIANA,,32,,1.0
specialRequest,FOOD,PASTA,,RIGATONI ALLA SICILIANA,,43,,1.0
specialRequest,FOOD,PASTA,,RIGATONI ALLA SICILIANA,,56,,1.0
specialRequest,FOOD,PASTA,,RIGATONI ALLA SICILIANA,,57,,4.0
specialRequest,FOOD,PASTA,,RIGATONI ALLA SICILIANA,,81,,2.0
specialRequest,FOOD,PASTA,,RIGATONI ALLA SICILIANA,,86,,1.0
specialRequest,FOOD,PASTA,,RIGATONI ALLA SICILIANA,,94,,2.0
specialRequest,FOOD,PASTA,,RIGATONI ALLA SICILIANA,,Extra Salsa,,1.0
specialRequest,FOOD,PASTA,,RIGATONI ALLA SICILIANA,,Spaghetti!!!!,,1.0
menuItem,FOOD,PASTA,,SPAGHETTI ALFREDO,,,PASTA,132.0
modifier,FOOD,PASTA,,SPAGHETTI ALFREDO,,Shredded Mozzarella,,7.0
modifier,FOOD,PASTA,,SPAGHETTI ALFREDO,,Shaved Parmesan,,14.0
modifier,FOOD,PASTA,,SPAGHETTI ALFREDO,,Beeper Number,,40.0
modifier,FOOD,PASTA,,SPAGHETTI ALFREDO,,Egg,,1.0
modifier,FOOD,PASTA,,SPAGHETTI ALFREDO,,Marinated Chicken,,53.0
modifier,FOOD,PASTA,,SPAGHETTI ALFREDO,,Straciatella Cheese,,1.0
modifier,FOOD,PASTA,,SPAGHETTI ALFREDO,,Prosciutto,,3.0
modifier,FOOD,PASTA,,SPAGHETTI ALFREDO,,Grilled Chicklen,,3.0
modifier,FOOD,PASTA,,SPAGHETTI ALFREDO,,Regular,,4.0
sizedSpecialRequest,FOOD,PASTA,,SPAGHETTI ALFREDO,Regular,83,,1.0
sizedSpecialRequest,FOOD,PASTA,,SPAGHETTI ALFREDO,Regular,98,,1.0
sizedModifier,FOOD,PASTA,,SPAGHETTI ALFREDO,Regular,Grilled Chicklen,,1.0
sizedSpecialRequest,FOOD,PASTA,,SPAGHETTI ALFREDO,Regular,No Salsa,,1.0
specialRequest,FOOD,PASTA,,SPAGHETTI ALFREDO,,100,,1.0
specialRequest,FOOD,PASTA,,SPAGHETTI ALFREDO,,21,,1.0
specialRequest,FOOD,PASTA,,SPAGHETTI ALFREDO,,26,,1.0
specialRequest,FOOD,PASTA,,SPAGHETTI ALFREDO,,27,,5.0
specialRequest,FOOD,PASTA,,SPAGHETTI ALFREDO,,32,,1.0
specialRequest,FOOD,PASTA,,SPAGHETTI ALFREDO,,42,,1.0
specialRequest,FOOD,PASTA,,SPAGHETTI ALFREDO,,52,,1.0
specialRequest,FOOD,PASTA,,SPAGHETTI ALFREDO,,60,,4.0
specialRequest,FOOD,PASTA,,SPAGHETTI ALFREDO,,98,,1.0
specialRequest,FOOD,PASTA,,SPAGHETTI ALFREDO,,Just Butter And Spaghetti,,1.0
specialRequest,FOOD,PASTA,,SPAGHETTI ALFREDO,,RIGATONI,,1.0
specialRequest,FOOD,PASTA,,SPAGHETTI ALFREDO,,116,,1.0
specialRequest,FOOD,PASTA,,SPAGHETTI ALFREDO,,118,,1.0
specialRequest,FOOD,PASTA,,SPAGHETTI ALFREDO,,119,,1.0
specialRequest,FOOD,PASTA,,SPAGHETTI ALFREDO,,164,,1.0
specialRequest,FOOD,PASTA,,SPAGHETTI ALFREDO,,170,,3.0
specialRequest,FOOD,PASTA,,SPAGHETTI ALFREDO,,24,,2.0
specialRequest,FOOD,PASTA,,SPAGHETTI ALFREDO,,25,,3.0
specialRequest,FOOD,PASTA,,SPAGHETTI ALFREDO,,28,,1.0
specialRequest,FOOD,PASTA,,SPAGHETTI ALFREDO,,30,,1.0
specialRequest,FOOD,PASTA,,SPAGHETTI ALFREDO,,34,,2.0
specialRequest,FOOD,PASTA,,SPAGHETTI ALFREDO,,40,,1.0
specialRequest,FOOD,PASTA,,SPAGHETTI ALFREDO,,43,,1.0
specialRequest,FOOD,PASTA,,SPAGHETTI ALFREDO,,45,,2.0
specialRequest,FOOD,PASTA,,SPAGHETTI ALFREDO,,47,,1.0
specialRequest,FOOD,PASTA,,SPAGHETTI ALFREDO,,50,,1.0
specialRequest,FOOD,PASTA,,SPAGHETTI ALFREDO,,56,,3.0
specialRequest,FOOD,PASTA,,SPAGHETTI ALFREDO,,57,,1.0
specialRequest,FOOD,PASTA,,SPAGHETTI ALFREDO,,81,,2.0
specialRequest,FOOD,PASTA,,SPAGHETTI ALFREDO,,89,,2.0
specialRequest,FOOD,PASTA,,SPAGHETTI ALFREDO,,92,,3.0
specialRequest,FOOD,PASTA,,SPAGHETTI ALFREDO,,94,,1.0
specialRequest,FOOD,PASTA,,SPAGHETTI ALFREDO,,96,,1.0
specialRequest,FOOD,PASTA,,SPAGHETTI ALFREDO,,Well Done,,1.0
menuItem,FOOD,PASTA,,SPAGHETTI BASIL PESTO,,,PASTA,4.0
menuItem,FOOD,PASTA,,SPAGHETTI GENOVESE,,,PASTA,51.0
modifier,FOOD,PASTA,,SPAGHETTI BASIL PESTO,,Stracciatella Cheese,,2.0
modifier,FOOD,PASTA,,SPAGHETTI BASIL PESTO,,Shaved Parmesan,,6.0
modifier,FOOD,PASTA,,SPAGHETTI BASIL PESTO,,Beeper Number,,13.0
modifier,FOOD,PASTA,,SPAGHETTI BASIL PESTO,,Egg,,2.0
modifier,FOOD,PASTA,,SPAGHETTI BASIL PESTO,,Marinated Chicken,,5.0
modifier,FOOD,PASTA,,SPAGHETTI BASIL PESTO,,Grilled Vegetable,,1.0
modifier,FOOD,PASTA,,SPAGHETTI BASIL PESTO,,Prosciutto,,3.0
modifier,FOOD,PASTA,,SPAGHETTI BASIL PESTO,,Grilled Chicklen,,2.0
modifier,FOOD,PASTA,,SPAGHETTI BASIL PESTO,,Regular,,4.0
sizedSpecialRequest,FOOD,PASTA,,SPAGHETTI BASIL PESTO,Regular,32,,1.0
sizedSpecialRequest,FOOD,PASTA,,SPAGHETTI BASIL PESTO,Regular,94,,1.0
sizedModifier,FOOD,PASTA,,SPAGHETTI BASIL PESTO,Regular,Grilled Chicklen,,1.0
sizedModifier,FOOD,PASTA,,SPAGHETTI BASIL PESTO,Regular,Marinated Chicken,,1.0
sizedSpecialRequest,FOOD,PASTA,,SPAGHETTI BASIL PESTO,Regular,RIGATONI,,1.0
sizedModifier,FOOD,PASTA,,SPAGHETTI BASIL PESTO,Regular,Shaved Parmesan,,1.0
specialRequest,FOOD,PASTA,,SPAGHETTI BASIL PESTO,,40,,1.0
specialRequest,FOOD,PASTA,,SPAGHETTI BASIL PESTO,,47,,1.0
specialRequest,FOOD,PASTA,,SPAGHETTI BASIL PESTO,,57,,2.0
specialRequest,FOOD,PASTA,,SPAGHETTI BASIL PESTO,,103,,1.0
specialRequest,FOOD,PASTA,,SPAGHETTI BASIL PESTO,,118,,1.0
specialRequest,FOOD,PASTA,,SPAGHETTI BASIL PESTO,,21,,1.0
specialRequest,FOOD,PASTA,,SPAGHETTI BASIL PESTO,,32,,1.0
specialRequest,FOOD,PASTA,,SPAGHETTI BASIL PESTO,,35,,1.0
specialRequest,FOOD,PASTA,,SPAGHETTI BASIL PESTO,,42,,1.0
specialRequest,FOOD,PASTA,,SPAGHETTI BASIL PESTO,,55,,1.0
specialRequest,FOOD,PASTA,,SPAGHETTI BASIL PESTO,,83,,1.0
specialRequest,FOOD,PASTA,,SPAGHETTI BASIL PESTO,,86,,1.0
specialRequest,FOOD,PASTA,,SPAGHETTI BASIL PESTO,,89,,1.0
specialRequest,FOOD,PASTA,,SPAGHETTI BASIL PESTO,,94,,1.0
menuItem,FOOD,PASTA,,RIGATONI VODKA,,,PASTA,73.0
modifier,FOOD,PASTA,,RIGATONI VODKA,,Shredded Mozzarella,,5.0
modifier,FOOD,PASTA,,RIGATONI VODKA,,Shaved Parmesan,,8.0
modifier,FOOD,PASTA,,RIGATONI VODKA,,Avocado,,1.0
modifier,FOOD,PASTA,,RIGATONI VODKA,,Beeper Number,,10.0
modifier,FOOD,PASTA,,RIGATONI VODKA,,Marinated Chicken,,7.0
modifier,FOOD,PASTA,,RIGATONI VODKA,,Marinated Salmon,,2.0
modifier,FOOD,PASTA,,RIGATONI VODKA,,Grilled Vegetable,,1.0
modifier,FOOD,PASTA,,RIGATONI VODKA,,Regular,,3.0
sizedSpecialRequest,FOOD,PASTA,,RIGATONI VODKA,Regular,109,,1.0
sizedSpecialRequest,FOOD,PASTA,,RIGATONI VODKA,Regular,112,,1.0
sizedModifier,FOOD,PASTA,,RIGATONI VODKA,Regular,Grilled Chicklen,,1.0
sizedModifier,FOOD,PASTA,,RIGATONI VODKA,Regular,Meatballs,,1.0
specialRequest,FOOD,PASTA,,RIGATONI VODKA,,(Please label for Janet),,1.0
specialRequest,FOOD,PASTA,,RIGATONI VODKA,,24,,1.0
specialRequest,FOOD,PASTA,,RIGATONI VODKA,,28,,2.0
specialRequest,FOOD,PASTA,,RIGATONI VODKA,,45,,1.0
specialRequest,FOOD,PASTA,,RIGATONI VODKA,,56,,1.0
specialRequest,FOOD,PASTA,,RIGATONI VODKA,,82,,1.0
specialRequest,FOOD,PASTA,,RIGATONI VODKA,,99,,2.0
specialRequest,FOOD,PASTA,,RIGATONI VODKA,,(Please label for Maria),,1.0
specialRequest,FOOD,PASTA,,RIGATONI VODKA,,119,,1.0
specialRequest,FOOD,PASTA,,RIGATONI VODKA,,163,,1.0
specialRequest,FOOD,PASTA,,RIGATONI VODKA,,25,,1.0
specialRequest,FOOD,PASTA,,RIGATONI VODKA,,39,,1.0
specialRequest,FOOD,PASTA,,RIGATONI VODKA,,40,,1.0
specialRequest,FOOD,PASTA,,RIGATONI VODKA,,48,,1.0
specialRequest,FOOD,PASTA,,RIGATONI VODKA,,57,,1.0
specialRequest,FOOD,PASTA,,RIGATONI VODKA,,92,,1.0
specialRequest,FOOD,PASTA,,RIGATONI VODKA,,94,,1.0
specialRequest,FOOD,PASTA,,RIGATONI VODKA,,98,,1.0
specialRequest,FOOD,PASTA,,RIGATONI VODKA,,Chicken On Side,,1.0
specialRequest,FOOD,PASTA,,RIGATONI VODKA,,Spaghetti,,1.0
menuItem,FOOD,PASTA,,LASAGNA,,,PASTA,90.0
modifier,FOOD,PASTA,,LASAGNA,,Shredded Mozzarella,,5.0
modifier,FOOD,PASTA,,LASAGNA,,Shaved Parmesan,,5.0
modifier,FOOD,PASTA,,LASAGNA,,Beeper Number,,24.0
modifier,FOOD,PASTA,,LASAGNA,,Marinated Chicken,,1.0
modifier,FOOD,PASTA,,LASAGNA,,Regular,,5.0
sizedSpecialRequest,FOOD,PASTA,,LASAGNA,Regular,109,,1.0
sizedSpecialRequest,FOOD,PASTA,,LASAGNA,Regular,110,,1.0
sizedSpecialRequest,FOOD,PASTA,,LASAGNA,Regular,118,,1.0
sizedSpecialRequest,FOOD,PASTA,,LASAGNA,Regular,25,,1.0
modifier,FOOD,PASTA,,LASAGNA,,XL,,1.0
sizedSpecialRequest,FOOD,PASTA,,LASAGNA,XL,25,,1.0
specialRequest,FOOD,PASTA,,LASAGNA,,119,,1.0
specialRequest,FOOD,PASTA,,LASAGNA,,21,,3.0
specialRequest,FOOD,PASTA,,LASAGNA,,30,,2.0
specialRequest,FOOD,PASTA,,LASAGNA,,48,,4.0
specialRequest,FOOD,PASTA,,LASAGNA,,50,,1.0
specialRequest,FOOD,PASTA,,LASAGNA,,112,,2.0
specialRequest,FOOD,PASTA,,LASAGNA,,113,,1.0
specialRequest,FOOD,PASTA,,LASAGNA,,118,,1.0
specialRequest,FOOD,PASTA,,LASAGNA,,163,,1.0
specialRequest,FOOD,PASTA,,LASAGNA,,164,,1.0
specialRequest,FOOD,PASTA,,LASAGNA,,24,,3.0
specialRequest,FOOD,PASTA,,LASAGNA,,25,,2.0
specialRequest,FOOD,PASTA,,LASAGNA,,32,,1.0
specialRequest,FOOD,PASTA,,LASAGNA,,34,,1.0
specialRequest,FOOD,PASTA,,LASAGNA,,35,,1.0
specialRequest,FOOD,PASTA,,LASAGNA,,42,,1.0
specialRequest,FOOD,PASTA,,LASAGNA,,57,,2.0
specialRequest,FOOD,PASTA,,LASAGNA,,60,,2.0
specialRequest,FOOD,PASTA,,LASAGNA,,92,,3.0
specialRequest,FOOD,PASTA,,LASAGNA,,98,,2.0
specialRequest,FOOD,PASTA,,LASAGNA,,Side Of Chicken,,1.0
menuItem,FOOD,PASTA,,RIGATONI BOLOGNESE,,,PASTA,96.0
modifier,FOOD,PASTA,,RIGATONI BOLOGNESE,,Shredded Mozzarella,,2.0
modifier,FOOD,PASTA,,RIGATONI BOLOGNESE,,Mozzarella Ball,,2.0
modifier,FOOD,PASTA,,RIGATONI BOLOGNESE,,Shaved Parmesan,,21.0
modifier,FOOD,PASTA,,RIGATONI BOLOGNESE,,Avocado,,1.0
modifier,FOOD,PASTA,,RIGATONI BOLOGNESE,,Beeper Number,,23.0
modifier,FOOD,PASTA,,RIGATONI BOLOGNESE,,Egg,,1.0
modifier,FOOD,PASTA,,RIGATONI BOLOGNESE,,Marinated Chicken,,1.0
modifier,FOOD,PASTA,,RIGATONI BOLOGNESE,,Small,,5.0
sizedSpecialRequest,FOOD,PASTA,,RIGATONI BOLOGNESE,Small,119,,1.0
sizedSpecialRequest,FOOD,PASTA,,RIGATONI BOLOGNESE,Small,47,,1.0
sizedSpecialRequest,FOOD,PASTA,,RIGATONI BOLOGNESE,Small,50,,1.0
sizedModifier,FOOD,PASTA,,RIGATONI BOLOGNESE,Small,Shaved Parmesan,,1.0
sizedSpecialRequest,FOOD,PASTA,,RIGATONI BOLOGNESE,Small,Spaghetti,,1.0
modifier,FOOD,PASTA,,RIGATONI BOLOGNESE,,XL,,1.0
sizedSpecialRequest,FOOD,PASTA,,RIGATONI BOLOGNESE,XL,53,,1.0
specialRequest,FOOD,PASTA,,RIGATONI BOLOGNESE,,109,,1.0
specialRequest,FOOD,PASTA,,RIGATONI BOLOGNESE,,170,,1.0
specialRequest,FOOD,PASTA,,RIGATONI BOLOGNESE,,27,,2.0
specialRequest,FOOD,PASTA,,RIGATONI BOLOGNESE,,43,,1.0
specialRequest,FOOD,PASTA,,RIGATONI BOLOGNESE,,55,,1.0
specialRequest,FOOD,PASTA,,RIGATONI BOLOGNESE,,57,,1.0
specialRequest,FOOD,PASTA,,RIGATONI BOLOGNESE,,81,,1.0
specialRequest,FOOD,PASTA,,RIGATONI BOLOGNESE,,86,,1.0
specialRequest,FOOD,PASTA,,RIGATONI BOLOGNESE,,92,,2.0
specialRequest,FOOD,PASTA,,RIGATONI BOLOGNESE,,Con Spaghetti,,1.0
specialRequest,FOOD,PASTA,,RIGATONI BOLOGNESE,,113,,2.0
specialRequest,FOOD,PASTA,,RIGATONI BOLOGNESE,,116,,2.0
specialRequest,FOOD,PASTA,,RIGATONI BOLOGNESE,,163,,1.0
specialRequest,FOOD,PASTA,,RIGATONI BOLOGNESE,,164,,1.0
specialRequest,FOOD,PASTA,,RIGATONI BOLOGNESE,,24,,2.0
specialRequest,FOOD,PASTA,,RIGATONI BOLOGNESE,,25,,2.0
specialRequest,FOOD,PASTA,,RIGATONI BOLOGNESE,,28,,1.0
specialRequest,FOOD,PASTA,,RIGATONI BOLOGNESE,,32,,2.0
specialRequest,FOOD,PASTA,,RIGATONI BOLOGNESE,,45,,1.0
specialRequest,FOOD,PASTA,,RIGATONI BOLOGNESE,,49,,1.0
specialRequest,FOOD,PASTA,,RIGATONI BOLOGNESE,,58,,1.0
specialRequest,FOOD,PASTA,,RIGATONI BOLOGNESE,,98,,2.0
specialRequest,FOOD,PASTA,,RIGATONI BOLOGNESE,,Pasta Al Dente No Mucho Cocinado,,3.0
specialRequest,FOOD,PASTA,,RIGATONI BOLOGNESE,,Spaghetti,,2.0
specialRequest,FOOD,PASTA,,RIGATONI BOLOGNESE,,Spaguetti,,3.0
menuItem,FOOD,PASTA,,SPAGHETTI CARBONARA,,,PASTA,103.0
modifier,FOOD,PASTA,,SPAGHETTI CARBONARA,,Shredded Mozzarella,,3.0
modifier,FOOD,PASTA,,SPAGHETTI CARBONARA,,Shaved Parmesan,,17.0
modifier,FOOD,PASTA,,SPAGHETTI CARBONARA,,Avocado,,1.0
modifier,FOOD,PASTA,,SPAGHETTI CARBONARA,,Beeper Number,,17.0
modifier,FOOD,PASTA,,SPAGHETTI CARBONARA,,Egg,,3.0
modifier,FOOD,PASTA,,SPAGHETTI CARBONARA,,Marinated Chicken,,2.0
modifier,FOOD,PASTA,,SPAGHETTI CARBONARA,,Prosciutto,,5.0
modifier,FOOD,PASTA,,SPAGHETTI CARBONARA,,Small,,2.0
sizedSpecialRequest,FOOD,PASTA,,SPAGHETTI CARBONARA,Small,50,,1.0
specialRequest,FOOD,PASTA,,SPAGHETTI CARBONARA,,113,,2.0
specialRequest,FOOD,PASTA,,SPAGHETTI CARBONARA,,164,,1.0
specialRequest,FOOD,PASTA,,SPAGHETTI CARBONARA,,28,,1.0
specialRequest,FOOD,PASTA,,SPAGHETTI CARBONARA,,30,,3.0
specialRequest,FOOD,PASTA,,SPAGHETTI CARBONARA,,32,,1.0
specialRequest,FOOD,PASTA,,SPAGHETTI CARBONARA,,39,,1.0
specialRequest,FOOD,PASTA,,SPAGHETTI CARBONARA,,57,,1.0
specialRequest,FOOD,PASTA,,SPAGHETTI CARBONARA,,92,,1.0
specialRequest,FOOD,PASTA,,SPAGHETTI CARBONARA,,Less Cream,,1.0
specialRequest,FOOD,PASTA,,SPAGHETTI CARBONARA,,Parm On Side,,1.0
specialRequest,FOOD,PASTA,,SPAGHETTI CARBONARA,,RIGATONI,,1.0
specialRequest,FOOD,PASTA,,SPAGHETTI CARBONARA,,170,,1.0
specialRequest,FOOD,PASTA,,SPAGHETTI CARBONARA,,21,,1.0
specialRequest,FOOD,PASTA,,SPAGHETTI CARBONARA,,24,,1.0
specialRequest,FOOD,PASTA,,SPAGHETTI CARBONARA,,27,,3.0
specialRequest,FOOD,PASTA,,SPAGHETTI CARBONARA,,35,,2.0
specialRequest,FOOD,PASTA,,SPAGHETTI CARBONARA,,40,,1.0
specialRequest,FOOD,PASTA,,SPAGHETTI CARBONARA,,43,,1.0
specialRequest,FOOD,PASTA,,SPAGHETTI CARBONARA,,83,,1.0
specialRequest,FOOD,PASTA,,SPAGHETTI CARBONARA,,87,,1.0
specialRequest,FOOD,PASTA,,SPAGHETTI CARBONARA,,96,,1.0
menuItem,FOOD,PASTA,,RIGATONI TARTUFO,,,PASTA,31.0
modifier,FOOD,PASTA,,RIGATONI TARTUFO,,Shaved Parmesan,,4.0
modifier,FOOD,PASTA,,RIGATONI TARTUFO,,Beeper Number,,5.0
modifier,FOOD,PASTA,,RIGATONI TARTUFO,,Marinated Chicken,,4.0
modifier,FOOD,PASTA,,RIGATONI TARTUFO,,Prosciutto,,2.0
modifier,FOOD,PASTA,,RIGATONI TARTUFO,,Grilled Chicklen,,1.0
specialRequest,FOOD,PASTA,,RIGATONI TARTUFO,,(Please label for Maria),,2.0
specialRequest,FOOD,PASTA,,RIGATONI TARTUFO,,119,,1.0
specialRequest,FOOD,PASTA,,RIGATONI TARTUFO,,45,,1.0
specialRequest,FOOD,PASTA,,RIGATONI TARTUFO,,48,,1.0
specialRequest,FOOD,PASTA,,RIGATONI TARTUFO,,53,,1.0
specialRequest,FOOD,PASTA,,RIGATONI TARTUFO,,60,,1.0
specialRequest,FOOD,PASTA,,RIGATONI TARTUFO,,No Black Pepper,,1.0
specialRequest,FOOD,PASTA,,RIGATONI TARTUFO,,113,,1.0
specialRequest,FOOD,PASTA,,RIGATONI TARTUFO,,118,,1.0
specialRequest,FOOD,PASTA,,RIGATONI TARTUFO,,35,,2.0
specialRequest,FOOD,PASTA,,RIGATONI TARTUFO,,98,,1.0
specialRequest,FOOD,PASTA,,RIGATONI TARTUFO,,Spaghetti,,1.0
menuItem,FOOD,PASTA,,extra sauce,,,PASTA,3.0
specialRequest,FOOD,PASTA,,extra sauce,,A Parte,,1.0
"",FOOD,PIZZA,,,,,,645.0
menuItem,FOOD,PIZZA,,PIZZA MARGHERITA,,,PIZZA,233.0
modifier,FOOD,PIZZA,,PIZZA MARGHERITA,,Shaved Parmesan,,3.0
modifier,FOOD,PIZZA,,PIZZA MARGHERITA,,Onions,,2.0
modifier,FOOD,PIZZA,,PIZZA MARGHERITA,,Mushrooms,,1.0
modifier,FOOD,PIZZA,,PIZZA MARGHERITA,,Black Olives,,1.0
modifier,FOOD,PIZZA,,PIZZA MARGHERITA,,Beeper Number,,54.0
modifier,FOOD,PIZZA,,PIZZA MARGHERITA,,Marinated Chicken,,5.0
modifier,FOOD,PIZZA,,PIZZA MARGHERITA,,Marinated Salmon,,1.0
modifier,FOOD,PIZZA,,PIZZA MARGHERITA,,Prosciutto,,1.0
modifier,FOOD,PIZZA,,PIZZA MARGHERITA,,Vegan Mozzarella,,2.0
modifier,FOOD,PIZZA,,PIZZA MARGHERITA,,Gluten-Free Pizza Dough,,4.0
specialRequest,FOOD,PIZZA,,PIZZA MARGHERITA,,109,,6.0
specialRequest,FOOD,PIZZA,,PIZZA MARGHERITA,,113,,1.0
specialRequest,FOOD,PIZZA,,PIZZA MARGHERITA,,118,,4.0
specialRequest,FOOD,PIZZA,,PIZZA MARGHERITA,,170,,3.0
specialRequest,FOOD,PIZZA,,PIZZA MARGHERITA,,179,,1.0
specialRequest,FOOD,PIZZA,,PIZZA MARGHERITA,,25,,3.0
specialRequest,FOOD,PIZZA,,PIZZA MARGHERITA,,32,,4.0
specialRequest,FOOD,PIZZA,,PIZZA MARGHERITA,,35,,3.0
specialRequest,FOOD,PIZZA,,PIZZA MARGHERITA,,52,,2.0
specialRequest,FOOD,PIZZA,,PIZZA MARGHERITA,,56,,2.0
specialRequest,FOOD,PIZZA,,PIZZA MARGHERITA,,57,,3.0
specialRequest,FOOD,PIZZA,,PIZZA MARGHERITA,,83,,3.0
specialRequest,FOOD,PIZZA,,PIZZA MARGHERITA,,84,,1.0
specialRequest,FOOD,PIZZA,,PIZZA MARGHERITA,,86,,8.0
specialRequest,FOOD,PIZZA,,PIZZA MARGHERITA,,99,,2.0
specialRequest,FOOD,PIZZA,,PIZZA MARGHERITA,,Just Chees Add Chicken,,1.0
specialRequest,FOOD,PIZZA,,PIZZA MARGHERITA,,Noorigano,,1.0
specialRequest,FOOD,PIZZA,,PIZZA MARGHERITA,,100,,3.0
specialRequest,FOOD,PIZZA,,PIZZA MARGHERITA,,110,,6.0
specialRequest,FOOD,PIZZA,,PIZZA MARGHERITA,,112,,2.0
specialRequest,FOOD,PIZZA,,PIZZA MARGHERITA,,116,,2.0
specialRequest,FOOD,PIZZA,,PIZZA MARGHERITA,,119,,3.0
specialRequest,FOOD,PIZZA,,PIZZA MARGHERITA,,163,,1.0
specialRequest,FOOD,PIZZA,,PIZZA MARGHERITA,,164,,4.0
specialRequest,FOOD,PIZZA,,PIZZA MARGHERITA,,22,,1.0
specialRequest,FOOD,PIZZA,,PIZZA MARGHERITA,,24,,4.0
specialRequest,FOOD,PIZZA,,PIZZA MARGHERITA,,26,,2.0
specialRequest,FOOD,PIZZA,,PIZZA MARGHERITA,,27,,2.0
specialRequest,FOOD,PIZZA,,PIZZA MARGHERITA,,30,,3.0
specialRequest,FOOD,PIZZA,,PIZZA MARGHERITA,,36,,1.0
specialRequest,FOOD,PIZZA,,PIZZA MARGHERITA,,39,,2.0
specialRequest,FOOD,PIZZA,,PIZZA MARGHERITA,,40,,1.0
specialRequest,FOOD,PIZZA,,PIZZA MARGHERITA,,41,,2.0
specialRequest,FOOD,PIZZA,,PIZZA MARGHERITA,,42,,3.0
specialRequest,FOOD,PIZZA,,PIZZA MARGHERITA,,43,,2.0
specialRequest,FOOD,PIZZA,,PIZZA MARGHERITA,,45,,2.0
specialRequest,FOOD,PIZZA,,PIZZA MARGHERITA,,47,,1.0
specialRequest,FOOD,PIZZA,,PIZZA MARGHERITA,,49,,1.0
specialRequest,FOOD,PIZZA,,PIZZA MARGHERITA,,50,,1.0
specialRequest,FOOD,PIZZA,,PIZZA MARGHERITA,,53,,1.0
specialRequest,FOOD,PIZZA,,PIZZA MARGHERITA,,60,,3.0
specialRequest,FOOD,PIZZA,,PIZZA MARGHERITA,,81,,1.0
specialRequest,FOOD,PIZZA,,PIZZA MARGHERITA,,82,,1.0
specialRequest,FOOD,PIZZA,,PIZZA MARGHERITA,,87,,1.0
specialRequest,FOOD,PIZZA,,PIZZA MARGHERITA,,89,,5.0
specialRequest,FOOD,PIZZA,,PIZZA MARGHERITA,,92,,1.0
specialRequest,FOOD,PIZZA,,PIZZA MARGHERITA,,94,,2.0
specialRequest,FOOD,PIZZA,,PIZZA MARGHERITA,,96,,5.0
specialRequest,FOOD,PIZZA,,PIZZA MARGHERITA,,98,,2.0
specialRequest,FOOD,PIZZA,,PIZZA MARGHERITA,,Extra Sauce On The Side,,3.0
specialRequest,FOOD,PIZZA,,PIZZA MARGHERITA,,Light Sauseee,,1.0
specialRequest,FOOD,PIZZA,,PIZZA MARGHERITA,,Los Champinion Solo Para La Mita,,1.0
specialRequest,FOOD,PIZZA,,PIZZA MARGHERITA,,Olives,,1.0
specialRequest,FOOD,PIZZA,,PIZZA MARGHERITA,,Xtra Salsa,,3.0
menuItem,FOOD,PIZZA,,PIZZA COTTO,,,PIZZA,74.0
modifier,FOOD,PIZZA,,PIZZA COTTO,,Shredded Mozzarella,,1.0
modifier,FOOD,PIZZA,,PIZZA COTTO,,Shaved Parmesan,,3.0
modifier,FOOD,PIZZA,,PIZZA COTTO,,Beeper Number,,10.0
modifier,FOOD,PIZZA,,PIZZA COTTO,,Gluten-Free Pizza Dough,,2.0
specialRequest,FOOD,PIZZA,,PIZZA COTTO,,109,,2.0
specialRequest,FOOD,PIZZA,,PIZZA COTTO,,110,,1.0
specialRequest,FOOD,PIZZA,,PIZZA COTTO,,118,,2.0
specialRequest,FOOD,PIZZA,,PIZZA COTTO,,119,,1.0
specialRequest,FOOD,PIZZA,,PIZZA COTTO,,42,,1.0
specialRequest,FOOD,PIZZA,,PIZZA COTTO,,83,,1.0
specialRequest,FOOD,PIZZA,,PIZZA COTTO,,94,,1.0
specialRequest,FOOD,PIZZA,,PIZZA COTTO,,(Please label for Janet),,2.0
specialRequest,FOOD,PIZZA,,PIZZA COTTO,,170,,1.0
specialRequest,FOOD,PIZZA,,PIZZA COTTO,,21,,2.0
specialRequest,FOOD,PIZZA,,PIZZA COTTO,,27,,2.0
specialRequest,FOOD,PIZZA,,PIZZA COTTO,,32,,3.0
specialRequest,FOOD,PIZZA,,PIZZA COTTO,,40,,1.0
specialRequest,FOOD,PIZZA,,PIZZA COTTO,,43,,1.0
specialRequest,FOOD,PIZZA,,PIZZA COTTO,,45,,1.0
specialRequest,FOOD,PIZZA,,PIZZA COTTO,,84,,1.0
specialRequest,FOOD,PIZZA,,PIZZA COTTO,,86,,4.0
specialRequest,FOOD,PIZZA,,PIZZA COTTO,,87,,2.0
specialRequest,FOOD,PIZZA,,PIZZA COTTO,,89,,1.0
specialRequest,FOOD,PIZZA,,PIZZA COTTO,,92,,1.0
specialRequest,FOOD,PIZZA,,PIZZA COTTO,,No Mozzarella,,1.0
menuItem,FOOD,PIZZA,,PIZZA DIAVOLA,,,PIZZA,111.0
modifier,FOOD,PIZZA,,PIZZA DIAVOLA,,Ham,,1.0
modifier,FOOD,PIZZA,,PIZZA DIAVOLA,,Shaved Parmesan,,2.0
modifier,FOOD,PIZZA,,PIZZA DIAVOLA,,Onions,,1.0
modifier,FOOD,PIZZA,,PIZZA DIAVOLA,,Mushrooms,,1.0
modifier,FOOD,PIZZA,,PIZZA DIAVOLA,,Beeper Number,,19.0
modifier,FOOD,PIZZA,,PIZZA DIAVOLA,,Marinated Chicken,,1.0
modifier,FOOD,PIZZA,,PIZZA DIAVOLA,,Prosciutto,,3.0
modifier,FOOD,PIZZA,,PIZZA DIAVOLA,,Gluten-Free Pizza Dough,,2.0
modifier,FOOD,PIZZA,,PIZZA DIAVOLA,,Shaved Parmesan,,1.0
specialRequest,FOOD,PIZZA,,PIZZA DIAVOLA,,100,,1.0
specialRequest,FOOD,PIZZA,,PIZZA DIAVOLA,,164,,1.0
specialRequest,FOOD,PIZZA,,PIZZA DIAVOLA,,24,,3.0
specialRequest,FOOD,PIZZA,,PIZZA DIAVOLA,,32,,1.0
specialRequest,FOOD,PIZZA,,PIZZA DIAVOLA,,35,,1.0
specialRequest,FOOD,PIZZA,,PIZZA DIAVOLA,,40,,1.0
specialRequest,FOOD,PIZZA,,PIZZA DIAVOLA,,41,,2.0
specialRequest,FOOD,PIZZA,,PIZZA DIAVOLA,,50,,1.0
specialRequest,FOOD,PIZZA,,PIZZA DIAVOLA,,57,,2.0
specialRequest,FOOD,PIZZA,,PIZZA DIAVOLA,,96,,1.0
specialRequest,FOOD,PIZZA,,PIZZA DIAVOLA,,La Mitad Margarita La Otr Peperoni,,1.0
specialRequest,FOOD,PIZZA,,PIZZA DIAVOLA,,103,,2.0
specialRequest,FOOD,PIZZA,,PIZZA DIAVOLA,,110,,1.0
specialRequest,FOOD,PIZZA,,PIZZA DIAVOLA,,113,,4.0
specialRequest,FOOD,PIZZA,,PIZZA DIAVOLA,,116,,1.0
specialRequest,FOOD,PIZZA,,PIZZA DIAVOLA,,118,,1.0
specialRequest,FOOD,PIZZA,,PIZZA DIAVOLA,,119,,1.0
specialRequest,FOOD,PIZZA,,PIZZA DIAVOLA,,170,,2.0
specialRequest,FOOD,PIZZA,,PIZZA DIAVOLA,,21,,1.0
specialRequest,FOOD,PIZZA,,PIZZA DIAVOLA,,25,,1.0
specialRequest,FOOD,PIZZA,,PIZZA DIAVOLA,,26,,1.0
specialRequest,FOOD,PIZZA,,PIZZA DIAVOLA,,27,,1.0
specialRequest,FOOD,PIZZA,,PIZZA DIAVOLA,,39,,1.0
specialRequest,FOOD,PIZZA,,PIZZA DIAVOLA,,42,,1.0
specialRequest,FOOD,PIZZA,,PIZZA DIAVOLA,,47,,1.0
specialRequest,FOOD,PIZZA,,PIZZA DIAVOLA,,56,,1.0
specialRequest,FOOD,PIZZA,,PIZZA DIAVOLA,,60,,1.0
specialRequest,FOOD,PIZZA,,PIZZA DIAVOLA,,81,,1.0
specialRequest,FOOD,PIZZA,,PIZZA DIAVOLA,,82,,1.0
specialRequest,FOOD,PIZZA,,PIZZA DIAVOLA,,83,,1.0
specialRequest,FOOD,PIZZA,,PIZZA DIAVOLA,,84,,1.0
specialRequest,FOOD,PIZZA,,PIZZA DIAVOLA,,92,,1.0
specialRequest,FOOD,PIZZA,,PIZZA DIAVOLA,,94,,3.0
specialRequest,FOOD,PIZZA,,PIZZA DIAVOLA,,99,,2.0
specialRequest,FOOD,PIZZA,,PIZZA DIAVOLA,,Sin Queso !,,1.0
menuItem,FOOD,PIZZA,,PIZZA PRIMAVERA,,,PIZZA,12.0
modifier,FOOD,PIZZA,,PIZZA PRIMAVERA,,Shaved Parmesan,,1.0
modifier,FOOD,PIZZA,,PIZZA PRIMAVERA,,Beeper Number,,2.0
specialRequest,FOOD,PIZZA,,PIZZA PRIMAVERA,,92,,1.0
specialRequest,FOOD,PIZZA,,PIZZA PRIMAVERA,,43,,1.0
specialRequest,FOOD,PIZZA,,PIZZA PRIMAVERA,,81,,1.0
specialRequest,FOOD,PIZZA,,PIZZA PRIMAVERA,,98,,1.0
menuItem,FOOD,PIZZA,,PIZZA REGINA,,,PIZZA,33.0
modifier,FOOD,PIZZA,,PIZZA REGINA,,Shaved Parmesan,,1.0
modifier,FOOD,PIZZA,,PIZZA REGINA,,Beeper Number,,10.0
modifier,FOOD,PIZZA,,PIZZA REGINA,,Egg,,1.0
specialRequest,FOOD,PIZZA,,PIZZA REGINA,,164,,1.0
specialRequest,FOOD,PIZZA,,PIZZA REGINA,,24,,2.0
specialRequest,FOOD,PIZZA,,PIZZA REGINA,,30,,2.0
specialRequest,FOOD,PIZZA,,PIZZA REGINA,,48,,1.0
specialRequest,FOOD,PIZZA,,PIZZA REGINA,,60,,2.0
specialRequest,FOOD,PIZZA,,PIZZA REGINA,,86,,1.0
specialRequest,FOOD,PIZZA,,PIZZA REGINA,,"No Ham, Mushrooms",,1.0
specialRequest,FOOD,PIZZA,,PIZZA REGINA,,109,,1.0
specialRequest,FOOD,PIZZA,,PIZZA REGINA,,34,,2.0
specialRequest,FOOD,PIZZA,,PIZZA REGINA,,50,,1.0
specialRequest,FOOD,PIZZA,,PIZZA REGINA,,57,,1.0
specialRequest,FOOD,PIZZA,,PIZZA REGINA,,89,,1.0
specialRequest,FOOD,PIZZA,,PIZZA REGINA,,92,,1.0
specialRequest,FOOD,PIZZA,,PIZZA REGINA,,98,,1.0
menuItem,FOOD,PIZZA,,PIZZA MARGHERITA DI BURRATA,,,PIZZA,60.0
modifier,FOOD,PIZZA,,PIZZA MARGHERITA DI BURRATA,,Shaved Parmesan,,2.0
modifier,FOOD,PIZZA,,PIZZA MARGHERITA DI BURRATA,,Beeper Number,,10.0
modifier,FOOD,PIZZA,,PIZZA MARGHERITA DI BURRATA,,Prosciutto,,1.0
specialRequest,FOOD,PIZZA,,PIZZA MARGHERITA DI BURRATA,,116,,2.0
specialRequest,FOOD,PIZZA,,PIZZA MARGHERITA DI BURRATA,,119,,2.0
specialRequest,FOOD,PIZZA,,PIZZA MARGHERITA DI BURRATA,,26,,1.0
specialRequest,FOOD,PIZZA,,PIZZA MARGHERITA DI BURRATA,,47,,1.0
specialRequest,FOOD,PIZZA,,PIZZA MARGHERITA DI BURRATA,,56,,1.0
specialRequest,FOOD,PIZZA,,PIZZA MARGHERITA DI BURRATA,,81,,1.0
specialRequest,FOOD,PIZZA,,PIZZA MARGHERITA DI BURRATA,,83,,2.0
specialRequest,FOOD,PIZZA,,PIZZA MARGHERITA DI BURRATA,,87,,1.0
specialRequest,FOOD,PIZZA,,PIZZA MARGHERITA DI BURRATA,,(Please label for Maria),,2.0
specialRequest,FOOD,PIZZA,,PIZZA MARGHERITA DI BURRATA,,100,,1.0
specialRequest,FOOD,PIZZA,,PIZZA MARGHERITA DI BURRATA,,30,,1.0
specialRequest,FOOD,PIZZA,,PIZZA MARGHERITA DI BURRATA,,43,,1.0
specialRequest,FOOD,PIZZA,,PIZZA MARGHERITA DI BURRATA,,45,,1.0
specialRequest,FOOD,PIZZA,,PIZZA MARGHERITA DI BURRATA,,50,,2.0
specialRequest,FOOD,PIZZA,,PIZZA MARGHERITA DI BURRATA,,60,,1.0
specialRequest,FOOD,PIZZA,,PIZZA MARGHERITA DI BURRATA,,86,,1.0
specialRequest,FOOD,PIZZA,,PIZZA MARGHERITA DI BURRATA,,92,,1.0
specialRequest,FOOD,PIZZA,,PIZZA MARGHERITA DI BURRATA,,94,,1.0
specialRequest,FOOD,PIZZA,,PIZZA MARGHERITA DI BURRATA,,99,,1.0
menuItem,FOOD,PIZZA,,PIZZA TRUFFLE,,,PIZZA,4.0
menuItem,FOOD,PIZZA,,PIZZA POSITANO,,,PIZZA,65.0
modifier,FOOD,PIZZA,,PIZZA TRUFFLE,,Stracciatella Cheese,,1.0
modifier,FOOD,PIZZA,,PIZZA TRUFFLE,,Shaved Parmesan,,1.0
modifier,FOOD,PIZZA,,PIZZA TRUFFLE,,Beeper Number,,12.0
modifier,FOOD,PIZZA,,PIZZA TRUFFLE,,Prosciutto,,1.0
modifier,FOOD,PIZZA,,PIZZA TRUFFLE,,Gluten-Free Pizza Dough,,3.0
specialRequest,FOOD,PIZZA,,PIZZA TRUFFLE,,109,,3.0
specialRequest,FOOD,PIZZA,,PIZZA TRUFFLE,,119,,1.0
specialRequest,FOOD,PIZZA,,PIZZA TRUFFLE,,27,,1.0
specialRequest,FOOD,PIZZA,,PIZZA TRUFFLE,,45,,1.0
specialRequest,FOOD,PIZZA,,PIZZA TRUFFLE,,83,,1.0
specialRequest,FOOD,PIZZA,,PIZZA TRUFFLE,,87,,1.0
specialRequest,FOOD,PIZZA,,PIZZA TRUFFLE,,92,,1.0
specialRequest,FOOD,PIZZA,,PIZZA TRUFFLE,,112,,1.0
specialRequest,FOOD,PIZZA,,PIZZA TRUFFLE,,116,,2.0
specialRequest,FOOD,PIZZA,,PIZZA TRUFFLE,,118,,1.0
specialRequest,FOOD,PIZZA,,PIZZA TRUFFLE,,163,,2.0
specialRequest,FOOD,PIZZA,,PIZZA TRUFFLE,,164,,2.0
specialRequest,FOOD,PIZZA,,PIZZA TRUFFLE,,170,,1.0
specialRequest,FOOD,PIZZA,,PIZZA TRUFFLE,,21,,1.0
specialRequest,FOOD,PIZZA,,PIZZA TRUFFLE,,30,,1.0
specialRequest,FOOD,PIZZA,,PIZZA TRUFFLE,,34,,1.0
specialRequest,FOOD,PIZZA,,PIZZA TRUFFLE,,35,,1.0
specialRequest,FOOD,PIZZA,,PIZZA TRUFFLE,,41,,1.0
specialRequest,FOOD,PIZZA,,PIZZA TRUFFLE,,48,,1.0
specialRequest,FOOD,PIZZA,,PIZZA TRUFFLE,,52,,1.0
specialRequest,FOOD,PIZZA,,PIZZA TRUFFLE,,57,,2.0
specialRequest,FOOD,PIZZA,,PIZZA TRUFFLE,,82,,1.0
specialRequest,FOOD,PIZZA,,PIZZA TRUFFLE,,Grande Cheffe,,1.0
specialRequest,FOOD,PIZZA,,PIZZA TRUFFLE,,Mucho Cocinado,,1.0
menuItem,FOOD,PIZZA,,PIZZA PROSCIUTTO E BURRATA,,,PIZZA,53.0
modifier,FOOD,PIZZA,,PIZZA PROSCIUTTO E BURRATA,,Shaved Parmesan,,1.0
modifier,FOOD,PIZZA,,PIZZA PROSCIUTTO E BURRATA,,Beeper Number,,10.0
modifier,FOOD,PIZZA,,PIZZA PROSCIUTTO E BURRATA,,Gluten-Free Pizza Dough,,1.0
specialRequest,FOOD,PIZZA,,PIZZA PROSCIUTTO E BURRATA,,163,,1.0
specialRequest,FOOD,PIZZA,,PIZZA PROSCIUTTO E BURRATA,,24,,1.0
specialRequest,FOOD,PIZZA,,PIZZA PROSCIUTTO E BURRATA,,27,,1.0
specialRequest,FOOD,PIZZA,,PIZZA PROSCIUTTO E BURRATA,,55,,1.0
specialRequest,FOOD,PIZZA,,PIZZA PROSCIUTTO E BURRATA,,57,,1.0
specialRequest,FOOD,PIZZA,,PIZZA PROSCIUTTO E BURRATA,,60,,1.0
specialRequest,FOOD,PIZZA,,PIZZA PROSCIUTTO E BURRATA,,81,,1.0
specialRequest,FOOD,PIZZA,,PIZZA PROSCIUTTO E BURRATA,,109,,1.0
specialRequest,FOOD,PIZZA,,PIZZA PROSCIUTTO E BURRATA,,116,,1.0
specialRequest,FOOD,PIZZA,,PIZZA PROSCIUTTO E BURRATA,,118,,1.0
specialRequest,FOOD,PIZZA,,PIZZA PROSCIUTTO E BURRATA,,119,,1.0
specialRequest,FOOD,PIZZA,,PIZZA PROSCIUTTO E BURRATA,,170,,1.0
specialRequest,FOOD,PIZZA,,PIZZA PROSCIUTTO E BURRATA,,21,,1.0
specialRequest,FOOD,PIZZA,,PIZZA PROSCIUTTO E BURRATA,,34,,2.0
specialRequest,FOOD,PIZZA,,PIZZA PROSCIUTTO E BURRATA,,40,,2.0
specialRequest,FOOD,PIZZA,,PIZZA PROSCIUTTO E BURRATA,,86,,1.0
specialRequest,FOOD,PIZZA,,PIZZA PROSCIUTTO E BURRATA,,92,,1.0
specialRequest,FOOD,PIZZA,,PIZZA PROSCIUTTO E BURRATA,,94,,1.0
"",FOOD,SALAD,,,,,,311.0
menuItem,FOOD,SALAD,,CAPRESE,,,SALAD,58.0
modifier,FOOD,SALAD,,CAPRESE,,Avocado,,1.0
modifier,FOOD,SALAD,,CAPRESE,,Egg,,3.0
modifier,FOOD,SALAD,,CAPRESE,,Marinated Chicken,,2.0
modifier,FOOD,SALAD,,CAPRESE,,Marinated Salmon,,2.0
modifier,FOOD,SALAD,,CAPRESE,,Prosciutto,,1.0
modifier,FOOD,SALAD,,CAPRESE,,Marinated Chicken,,2.0
modifier,FOOD,SALAD,,CAPRESE,,Boiled Egg,,1.0
specialRequest,FOOD,SALAD,,CAPRESE,,(Please label for Maria),,1.0
specialRequest,FOOD,SALAD,,CAPRESE,,57,,1.0
menuItem,FOOD,SALAD,,CAESAR,,,SALAD,97.0
modifier,FOOD,SALAD,,CAESAR,,Shredded Mozzarella,,2.0
modifier,FOOD,SALAD,,CAESAR,,Avocado,,2.0
modifier,FOOD,SALAD,,CAESAR,,Egg,,3.0
modifier,FOOD,SALAD,,CAESAR,,Marinated Chicken,,31.0
modifier,FOOD,SALAD,,CAESAR,,Bolied Egg,,1.0
modifier,FOOD,SALAD,,CAESAR,,Prosciutto,,1.0
modifier,FOOD,SALAD,,CAESAR,,Marinated Chicken,,3.0
modifier,FOOD,SALAD,,CAESAR,,Grilled Chicklen,,1.0
specialRequest,FOOD,SALAD,,CAESAR,,NECESSITO DE HACER POR FAVOR,,1.0
specialRequest,FOOD,SALAD,,CAESAR,,No Parmedan Y Salsa Aparte,,1.0
specialRequest,FOOD,SALAD,,CAESAR,,No Ttomatoes,,1.0
specialRequest,FOOD,SALAD,,CAESAR,,32,,1.0
specialRequest,FOOD,SALAD,,CAESAR,,86,,1.0
specialRequest,FOOD,SALAD,,CAESAR,,92,,1.0
specialRequest,FOOD,SALAD,,CAESAR,,"No Dressing, No Cheese",,1.0
specialRequest,FOOD,SALAD,,CAESAR,,No Tomato,,1.0
specialRequest,FOOD,SALAD,,CAESAR,,No Tomatoes,,2.0
menuItem,FOOD,SALAD,,AMORE VERDE,,,SALAD,37.0
modifier,FOOD,SALAD,,AMORE VERDE,,Mozzarella Ball,,1.0
modifier,FOOD,SALAD,,AMORE VERDE,,Avocado,,7.0
modifier,FOOD,SALAD,,AMORE VERDE,,Egg,,1.0
modifier,FOOD,SALAD,,AMORE VERDE,,Marinated Chicken,,5.0
modifier,FOOD,SALAD,,AMORE VERDE,,Marinated Salmon,,2.0
modifier,FOOD,SALAD,,AMORE VERDE,,Bolied Egg,,1.0
modifier,FOOD,SALAD,,AMORE VERDE,,Grilled Chicklen,,1.0
modifier,FOOD,SALAD,,AMORE VERDE,,Boiled Egg,,1.0
specialRequest,FOOD,SALAD,,AMORE VERDE,,No Kale\noarugula\no Radish,,1.0
specialRequest,FOOD,SALAD,,AMORE VERDE,,No Oignon,,1.0
menuItem,FOOD,SALAD,,LA VITA SANA,,,SALAD,40.0
modifier,FOOD,SALAD,,LA VITA SANA,,Shredded Mozzarella,,1.0
modifier,FOOD,SALAD,,LA VITA SANA,,Avocado,,3.0
modifier,FOOD,SALAD,,LA VITA SANA,,Egg,,3.0
modifier,FOOD,SALAD,,LA VITA SANA,,Marinated Chicken,,13.0
modifier,FOOD,SALAD,,LA VITA SANA,,Marinated Salmon,,5.0
modifier,FOOD,SALAD,,LA VITA SANA,,Grilled Vegetable,,1.0
modifier,FOOD,SALAD,,LA VITA SANA,,EXTRA AVOCADO,,1.0
specialRequest,FOOD,SALAD,,LA VITA SANA,,(Please label for Maria),,1.0
specialRequest,FOOD,SALAD,,LA VITA SANA,,24,,1.0
specialRequest,FOOD,SALAD,,LA VITA SANA,,43,,1.0
specialRequest,FOOD,SALAD,,LA VITA SANA,,09,,1.0
menuItem,FOOD,SALAD,,MEDITERRANEA,,,SALAD,79.0
modifier,FOOD,SALAD,,MEDITERRANEA,,Shredded Mozzarella,,1.0
modifier,FOOD,SALAD,,MEDITERRANEA,,Avocado,,3.0
modifier,FOOD,SALAD,,MEDITERRANEA,,Egg,,4.0
modifier,FOOD,SALAD,,MEDITERRANEA,,Marinated Chicken,,18.0
modifier,FOOD,SALAD,,MEDITERRANEA,,Marinated Salmon,,1.0
modifier,FOOD,SALAD,,MEDITERRANEA,,Bolied Egg,,2.0
modifier,FOOD,SALAD,,MEDITERRANEA,,Marinated Chicken,,1.0
modifier,FOOD,SALAD,,MEDITERRANEA,,Mozzarella Ball,,1.0
modifier,FOOD,SALAD,,MEDITERRANEA,,Bread,,1.0
specialRequest,FOOD,SALAD,,MEDITERRANEA,,No Strachatella,,2.0
specialRequest,FOOD,SALAD,,MEDITERRANEA,,(Please label for Janet),,1.0
specialRequest,FOOD,SALAD,,MEDITERRANEA,,112,,1.0
specialRequest,FOOD,SALAD,,MEDITERRANEA,,118,,1.0
specialRequest,FOOD,SALAD,,MEDITERRANEA,,32,,1.0
specialRequest,FOOD,SALAD,,MEDITERRANEA,,47,,1.0
specialRequest,FOOD,SALAD,,MEDITERRANEA,,98,,1.0
specialRequest,FOOD,SALAD,,MEDITERRANEA,,NO ONIN,,1.0
specialRequest,FOOD,SALAD,,MEDITERRANEA,,No Onion,,1.0
"",FOOD,PIZZA PALA,,,,,,616.0
menuItem,FOOD,PIZZA PALA,,SLICE SPIANATA PALA,,,PIZZA PALA,124.0
menuItem,FOOD,PIZZA PALA,,SLICE MARGHERITA PALA,,,PIZZA PALA,149.0
modifier,FOOD,PIZZA PALA,,SLICE MARGHERITA PALA,,Mushrooms,,1.0
menuItem,FOOD,PIZZA PALA,,SLICE ARUG/STRAC PALA,,,PIZZA PALA,77.0
specialRequest,FOOD,PIZZA PALA,,SLICE ARUG/STRAC PALA,,Balsamic vinagarette glaze?,,1.0
menuItem,FOOD,PIZZA PALA,,SLICE PROSCIUTTO PALA,,,PIZZA PALA,68.0
specialRequest,FOOD,PIZZA PALA,,SLICE PROSCIUTTO PALA,,32,,1.0
menuItem,FOOD,PIZZA PALA,,SLICE HAM PALA,,,PIZZA PALA,11.0
menuItem,FOOD,PIZZA PALA,,SLICE PRIMAVERA PALA,,,PIZZA PALA,42.0
modifier,FOOD,PIZZA PALA,,SLICE PRIMAVERA PALA,,PESTO OIL,,2.0
menuItem,FOOD,PIZZA PALA,,SLICE TRUFFLE PALA,,,PIZZA PALA,141.0
modifier,FOOD,PIZZA PALA,,SLICE TRUFFLE PALA,,Arugula,,1.0
menuItem,FOOD,PIZZA PALA,,FULL MARGHERITA PALA,,,PIZZA PALA,2.0
menuItem,FOOD,PIZZA PALA,,FULL SPIANATA PALA,,,PIZZA PALA,1.0
menuItem,FOOD,PIZZA PALA,,FULL HAM PALA,,,PIZZA PALA,1.0
"",FOOD,BACI,,,,,,38.0
menuItem,FOOD,BACI,,CAPRI CLUB,,,,7.0
menuItem,FOOD,BACI,,SPICY CLUB,,,,4.0
menuItem,FOOD,BACI,,COTTO CLUB,,,,8.0
menuItem,FOOD,BACI,,MORTADELLA CLUB,,,,9.0
menuItem,FOOD,BACI,,CESAR CLUB,,,,2.0
menuItem,FOOD,BACI,,PROSCIUTTO CLUB,,,,8.0
"",FOOD,PANINI,,,,,,426.0
menuItem,FOOD,PANINI,,Panino Turkey & Egg,,,PANINI,40.0
menuItem,FOOD,PANINI,,Panino Ham,,,PANINI,38.0
modifier,FOOD,PANINI,,Panino Ham,,Avocado,,1.0
modifier,FOOD,PANINI,,Panino Ham,,Egg,,1.0
modifier,FOOD,PANINI,,Panino Ham,,Prosciutto,,1.0
menuItem,FOOD,PANINI,,Panino Egg & Bacon,,,PANINI,38.0
modifier,FOOD,PANINI,,Panino Egg & Bacon,,Marinated Chicken,,1.0
modifier,FOOD,PANINI,,Panino Egg & Bacon,,Straciatella Cheese,,1.0
menuItem,FOOD,PANINI,,Focaccia Caprese,,,PANINI,33.0
modifier,FOOD,PANINI,,Focaccia Caprese,,Prosciutto,,1.0
modifier,FOOD,PANINI,,Focaccia Caprese,,Prosciutto,,1.0
menuItem,FOOD,PANINI,,Focaccia Prosciutto Crudo,,,PANINI,30.0
modifier,FOOD,PANINI,,Focaccia Prosciutto Crudo,,Avocado,,1.0
menuItem,FOOD,PANINI,,Focaccia Mortadella & Stracciatella,,,PANINI,34.0
modifier,FOOD,PANINI,,Focaccia Mortadella & Stracciatella,,Avocado,,1.0
modifier,FOOD,PANINI,,Focaccia Mortadella & Stracciatella,,Grilled Vegetable,,1.0
menuItem,FOOD,PANINI,,Salty Croissant Egg & Bacon,,,PANINI,31.0
menuItem,FOOD,PANINI,,Salty Croissant Ham & Cheese,,,PANINI,48.0
menuItem,FOOD,PANINI,,Portafoglio Caprese,,,PANINI,26.0
modifier,FOOD,PANINI,,Portafoglio Caprese,,Avocado,,1.0
modifier,FOOD,PANINI,,Portafoglio Caprese,,Marinated Chicken,,1.0
modifier,FOOD,PANINI,,Portafoglio Caprese,,Grilled Vegetable,,1.0
menuItem,FOOD,PANINI,,Portafoglio Ham,,,PANINI,83.0
menuItem,FOOD,PANINI,,Portafoglio Prosciutto Crudo,,,PANINI,25.0
modifier,FOOD,PANINI,,Portafoglio Prosciutto Crudo,,Avocado,,2.0
modifier,FOOD,PANINI,,Portafoglio Prosciutto Crudo,,Prosciutto,,3.0
"",FOOD,BAKERY,,,,,,335.0
menuItem,FOOD,BAKERY,,Croissant Plain,,,BAKERY,59.0
menuItem,FOOD,BAKERY,,Nutella Croissant,,,BAKERY,67.0
menuItem,FOOD,BAKERY,,Cream Croissant,,,BAKERY,3.0
menuItem,FOOD,BAKERY,,Almond Croissant,,,BAKERY,43.0
menuItem,FOOD,BAKERY,,Pistacchio Croissant,,,BAKERY,43.0
menuItem,FOOD,BAKERY,,Bombolone Nutella,,,BAKERY,47.0
menuItem,FOOD,BAKERY,,Bombolone Crema,,,BAKERY,2.0
menuItem,FOOD,BAKERY,,Bombolone Pistacchio,,,BAKERY,30.0
menuItem,FOOD,BAKERY,,Biscotti,,,BAKERY,33.0
menuItem,FOOD,BAKERY,,Strawberry & Cream Croissant,,,BAKERY,2.0
menuItem,FOOD,BAKERY,,Sfogliatella small,,,BAKERY,1.0
menuItem,FOOD,BAKERY,,Chocolate cake,,,BAKERY,5.0
"",FOOD,BISCOTTI,,,,,,114.0
menuItem,FOOD,BISCOTTI,,BOCCONCINI AMARETTO,,,,1.0
menuItem,FOOD,BISCOTTI,,BOCCONCINI CACAO,,,,1.0
menuItem,FOOD,BISCOTTI,,BOCCONCINI PISTACCHIO,,,,1.0
menuItem,FOOD,BISCOTTI,,MINI CANNOLI LIMONE,,,,2.0
menuItem,FOOD,BISCOTTI,,MINI CANNOLI GIANDUJA,,,,9.0
menuItem,FOOD,BISCOTTI,,MINI CANNOLI PISTACCHIO,,,,8.0
menuItem,FOOD,BISCOTTI,,ARAGOSTINE GIANDUJA,,,,7.0
menuItem,FOOD,BISCOTTI,,ARAGOSTINE LIMONE,,,,1.0
menuItem,FOOD,BISCOTTI,,ARAGOSTINE PISTACCHIO,,,,3.0
menuItem,FOOD,BISCOTTI,,BISCOTTI,,,,81.0
"",FOOD,DESSERT,,,,,,428.0
menuItem,FOOD,DESSERT,,TIRAMIS? COFFEE,,,DESSERT,119.0
menuItem,FOOD,DESSERT,,TIRAMIS? NUTELLA,,,DESSERT,39.0
menuItem,FOOD,DESSERT,,CANNOLO ARANCIA,,,DESSERT,30.0
menuItem,FOOD,DESSERT,,CANNOLO PISTACCHIO,,,DESSERT,64.0
menuItem,FOOD,DESSERT,,CANNOLO CIOCCOLATO,,,DESSERT,76.0
menuItem,FOOD,DESSERT,,CROSTATA SEASONAL FRUIT,,,DESSERT,23.0
menuItem,FOOD,DESSERT,,PANNA COTTA,,,DESSERT,3.0
menuItem,FOOD,DESSERT,,Panna cotta,,,DESSERT,14.0
menuItem,FOOD,DESSERT,,GELATO,,,DESSERT,36.0
menuItem,FOOD,DESSERT,,TIRAMIS? PISTACCHIO,,,DESSERT,24.0
"",FOOD,ADD - ONS,,,,,,111.0
menuItem,FOOD,ADD - ONS,,Prosciutto,,,EXTRA,2.0
menuItem,FOOD,ADD - ONS,,Ham,,,EXTRA,1.0
menuItem,FOOD,ADD - ONS,,Mushrooms,,,EXTRA,1.0
menuItem,FOOD,ADD - ONS,,Avocado,,,EXTRA,9.0
specialRequest,FOOD,ADD - ONS,,Avocado,,Side,,1.0
menuItem,FOOD,ADD - ONS,,Bread,,,EXTRA,25.0
menuItem,FOOD,ADD - ONS,,Parmesan Cheese,,,EXTRA,4.0
specialRequest,FOOD,ADD - ONS,,Parmesan Cheese,,35,,1.0
menuItem,FOOD,ADD - ONS,,Chicken,,,EXTRA,19.0
specialRequest,FOOD,ADD - ONS,,Chicken,,86,,1.0
specialRequest,FOOD,ADD - ONS,,Chicken,,Aparte,,1.0
menuItem,FOOD,ADD - ONS,,salmon,,,EXTRA,5.0
menuItem,FOOD,ADD - ONS,,Mozzarella Ball,,,EXTRA,3.0
menuItem,FOOD,ADD - ONS,,Bacon,,,EXTRA,1.0
menuItem,FOOD,ADD - ONS,,Egg,,,EXTRA,27.0
specialRequest,FOOD,ADD - ONS,,Egg,,48,,2.0
specialRequest,FOOD,ADD - ONS,,Egg,,164,,2.0
specialRequest,FOOD,ADD - ONS,,Egg,,Arugula,,2.0
specialRequest,FOOD,ADD - ONS,,Egg,,Avocado,,2.0
specialRequest,FOOD,ADD - ONS,,Egg,,Bread,,4.0
specialRequest,FOOD,ADD - ONS,,Egg,,Fried,,2.0
specialRequest,FOOD,ADD - ONS,,Egg,,On Avo Toast Two Well Done Fried Eggs,,1.0
specialRequest,FOOD,ADD - ONS,,Egg,,Scrambled,,2.0
menuItem,FOOD,ADD - ONS,,grilled vegetables,,,EXTRA,4.0
menuItem,FOOD,ADD - ONS,,MEATBALLS,,,EXTRA,3.0
menuItem,FOOD,ADD - ONS,,extra sauce,,,EXTRA,1.0
menuItem,FOOD,ADD - ONS,,apple,,,EXTRA,4.0
menuItem,FOOD,ADD - ONS,,orange,,,EXTRA,1.0
menuItem,FOOD,ADD - ONS,,Black Olives,,,EXTRA,1.0
"",ADD-ONS,,,,,,,89.0
"",ADD-ONS,ADD-ONS,,,,,,89.0
menuItem,ADD-ONS,ADD-ONS,,Ham,,,EXTRA,4.0
menuItem,ADD-ONS,ADD-ONS,,Shaved Parmesan,,,,2.0
menuItem,ADD-ONS,ADD-ONS,,Avocado,,,,1.0
menuItem,ADD-ONS,ADD-ONS,,Sliced Tomatoes,,,,1.0
menuItem,ADD-ONS,ADD-ONS,,Arugula,,,,1.0
menuItem,ADD-ONS,ADD-ONS,,Bread,,,,15.0
menuItem,ADD-ONS,ADD-ONS,,Parmesan Cheese,,,,3.0
menuItem,ADD-ONS,ADD-ONS,,Onion,,,,1.0
menuItem,ADD-ONS,ADD-ONS,,grilled vegetables,,,,4.0
specialRequest,ADD-ONS,ADD-ONS,,grilled vegetables,,113,,1.0
menuItem,ADD-ONS,ADD-ONS,,Chicken,,,,30.0
menuItem,ADD-ONS,ADD-ONS,,Stracciatella Cheese,,,,2.0
menuItem,ADD-ONS,ADD-ONS,,Mozzarella Ball,,,,2.0
menuItem,ADD-ONS,ADD-ONS,,Egg,,,,14.0
specialRequest,ADD-ONS,ADD-ONS,,Egg,,Bread,,2.0
specialRequest,ADD-ONS,ADD-ONS,,Egg,,Scrambled,,2.0
menuItem,ADD-ONS,ADD-ONS,,salmon,,,,7.0
specialRequest,ADD-ONS,ADD-ONS,,salmon,,113,,1.0
menuItem,ADD-ONS,ADD-ONS,,Turkey,,,,1.0
menuItem,ADD-ONS,ADD-ONS,,MEATBALLS,,,,1.0
"",Catering Menu,,,,,,,75.0
"",Catering Menu,WATER & SODA,,,,,,75.0
menuItem,Catering Menu,WATER & SODA,,Still Water,,,,48.0
menuItem,Catering Menu,WATER & SODA,,Sparkling Water,,,,20.0
menuItem,Catering Menu,WATER & SODA,,Limonata,,,,5.0
menuItem,Catering Menu,WATER & SODA,,Aranciata,,,,1.0
menuItem,Catering Menu,WATER & SODA,,Aranciata Rossa,,,,1.0
"",MONDAY LUNCH BOX,,,,,,,8.0
"",MONDAY LUNCH BOX,MONDAY LUNCH BOX,,,,,,8.0
menuItem,MONDAY LUNCH BOX,MONDAY LUNCH BOX,,MONDAY LUNCH BOX,,,,8.0
modifier,MONDAY LUNCH BOX,MONDAY LUNCH BOX,,MONDAY LUNCH BOX,,Rigatoni Pomodoro,,4.0
modifier,MONDAY LUNCH BOX,MONDAY LUNCH BOX,,MONDAY LUNCH BOX,,Portafoglio Mortadella,,2.0
modifier,MONDAY LUNCH BOX,MONDAY LUNCH BOX,,MONDAY LUNCH BOX,,Caprese Salad,,2.0
modifier,MONDAY LUNCH BOX,MONDAY LUNCH BOX,,MONDAY LUNCH BOX,,Tiramisu,,7.0
modifier,MONDAY LUNCH BOX,MONDAY LUNCH BOX,,MONDAY LUNCH BOX,,Fresh Fruit,,1.0
"",TUESDAY LUNCH BOX,,,,,,,17.0
"",TUESDAY LUNCH BOX,TUESDAY LUNCH BOX,,,,,,17.0
menuItem,TUESDAY LUNCH BOX,TUESDAY LUNCH BOX,,TUESDAY LUNCH BOX,,,,17.0
modifier,TUESDAY LUNCH BOX,TUESDAY LUNCH BOX,,TUESDAY LUNCH BOX,,Tiramisu,,15.0
modifier,TUESDAY LUNCH BOX,TUESDAY LUNCH BOX,,TUESDAY LUNCH BOX,,Fruit Cup,,2.0
modifier,TUESDAY LUNCH BOX,TUESDAY LUNCH BOX,,TUESDAY LUNCH BOX,,Rigatoni Alfredo,,6.0
modifier,TUESDAY LUNCH BOX,TUESDAY LUNCH BOX,,TUESDAY LUNCH BOX,,Portafoglio Ham,,7.0
modifier,TUESDAY LUNCH BOX,TUESDAY LUNCH BOX,,TUESDAY LUNCH BOX,,Caesar Salad,,1.0
"",WEDNESDAY LUNCH BOX,,,,,,,15.0
"",WEDNESDAY LUNCH BOX,WEDNESDAY LUNCH BOX,,,,,,15.0
menuItem,WEDNESDAY LUNCH BOX,WEDNESDAY LUNCH BOX,,WEDNESDAY LUNCH BOX,,,,15.0
modifier,WEDNESDAY LUNCH BOX,WEDNESDAY LUNCH BOX,,WEDNESDAY LUNCH BOX,,Rigatoni Bolognese,,9.0
modifier,WEDNESDAY LUNCH BOX,WEDNESDAY LUNCH BOX,,WEDNESDAY LUNCH BOX,,Portafoglio Mortadella,,5.0
modifier,WEDNESDAY LUNCH BOX,WEDNESDAY LUNCH BOX,,WEDNESDAY LUNCH BOX,,Caprese Salad,,1.0
modifier,WEDNESDAY LUNCH BOX,WEDNESDAY LUNCH BOX,,WEDNESDAY LUNCH BOX,,Tiramisu,,11.0
modifier,WEDNESDAY LUNCH BOX,WEDNESDAY LUNCH BOX,,WEDNESDAY LUNCH BOX,,Fresh Fruit,,4.0
specialRequest,WEDNESDAY LUNCH BOX,WEDNESDAY LUNCH BOX,,WEDNESDAY LUNCH BOX,,Necessita De Hacer,,1.0
specialRequest,WEDNESDAY LUNCH BOX,WEDNESDAY LUNCH BOX,,WEDNESDAY LUNCH BOX,,109,,1.0
"",THURSDAY LUNCH BOX,,,,,,,10.0
"",THURSDAY LUNCH BOX,THURSDAY LUNCH BOX,,,,,,10.0
menuItem,THURSDAY LUNCH BOX,THURSDAY LUNCH BOX,,THURSDAY LUNCH BOX,,,,10.0
modifier,THURSDAY LUNCH BOX,THURSDAY LUNCH BOX,,THURSDAY LUNCH BOX,,Rigatoni Vodka,,4.0
modifier,THURSDAY LUNCH BOX,THURSDAY LUNCH BOX,,THURSDAY LUNCH BOX,,Portafoglio Ham,,5.0
modifier,THURSDAY LUNCH BOX,THURSDAY LUNCH BOX,,THURSDAY LUNCH BOX,,Amore Verde Salad,,1.0
modifier,THURSDAY LUNCH BOX,THURSDAY LUNCH BOX,,THURSDAY LUNCH BOX,,Tiramisu,,8.0
modifier,THURSDAY LUNCH BOX,THURSDAY LUNCH BOX,,THURSDAY LUNCH BOX,,Fresh Fruit,,2.0
"",FRIDAY LUNCH BOX,,,,,,,10.0
"",FRIDAY LUNCH BOX,FRIDAY LUNCH BOX,,,,,,10.0
menuItem,FRIDAY LUNCH BOX,FRIDAY LUNCH BOX,,FRIDAY LUNCH BOX,,,,10.0
modifier,FRIDAY LUNCH BOX,FRIDAY LUNCH BOX,,FRIDAY LUNCH BOX,,Lasagna,,7.0
modifier,FRIDAY LUNCH BOX,FRIDAY LUNCH BOX,,FRIDAY LUNCH BOX,,Portafoglio Caprese,,2.0
modifier,FRIDAY LUNCH BOX,FRIDAY LUNCH BOX,,FRIDAY LUNCH BOX,,Caprese Salad,,1.0
modifier,FRIDAY LUNCH BOX,FRIDAY LUNCH BOX,,FRIDAY LUNCH BOX,,Tiramisu,,10.0
specialRequest,FRIDAY LUNCH BOX,FRIDAY LUNCH BOX,,FRIDAY LUNCH BOX,,Pistacchio,,1.0
"",APPETIZER,,,,,,,153.0
"",APPETIZER,APPETIZER,,,,,,153.0
menuItem,APPETIZER,APPETIZER,,BRUSCHETTA,,,,91.0
modifier,APPETIZER,APPETIZER,,BRUSCHETTA,,EXTRA AVOCADO,,3.0
modifier,APPETIZER,APPETIZER,,BRUSCHETTA,,Prosciutto,,2.0
modifier,APPETIZER,APPETIZER,,BRUSCHETTA,,Shaved Parmesan,,3.0
modifier,APPETIZER,APPETIZER,,BRUSCHETTA,,Stracciatella Cheese,,1.0
specialRequest,APPETIZER,APPETIZER,,BRUSCHETTA,,103,,2.0
specialRequest,APPETIZER,APPETIZER,,BRUSCHETTA,,161,,1.0
specialRequest,APPETIZER,APPETIZER,,BRUSCHETTA,,22,,1.0
specialRequest,APPETIZER,APPETIZER,,BRUSCHETTA,,24,,2.0
specialRequest,APPETIZER,APPETIZER,,BRUSCHETTA,,25,,3.0
specialRequest,APPETIZER,APPETIZER,,BRUSCHETTA,,30,,1.0
specialRequest,APPETIZER,APPETIZER,,BRUSCHETTA,,34,,1.0
specialRequest,APPETIZER,APPETIZER,,BRUSCHETTA,,40,,1.0
specialRequest,APPETIZER,APPETIZER,,BRUSCHETTA,,41,,1.0
specialRequest,APPETIZER,APPETIZER,,BRUSCHETTA,,113,,1.0
specialRequest,APPETIZER,APPETIZER,,BRUSCHETTA,,116,,1.0
specialRequest,APPETIZER,APPETIZER,,BRUSCHETTA,,26,,1.0
specialRequest,APPETIZER,APPETIZER,,BRUSCHETTA,,36,,3.0
specialRequest,APPETIZER,APPETIZER,,BRUSCHETTA,,43,,1.0
specialRequest,APPETIZER,APPETIZER,,BRUSCHETTA,,48,,1.0
specialRequest,APPETIZER,APPETIZER,,BRUSCHETTA,,55,,1.0
specialRequest,APPETIZER,APPETIZER,,BRUSCHETTA,,60,,1.0
specialRequest,APPETIZER,APPETIZER,,BRUSCHETTA,,84,,1.0
specialRequest,APPETIZER,APPETIZER,,BRUSCHETTA,,Extra Basil,,1.0
specialRequest,APPETIZER,APPETIZER,,BRUSCHETTA,,No Hace,,1.0
menuItem,APPETIZER,APPETIZER,,STRACCIATELLA & FOCACCIA,,,,37.0
modifier,APPETIZER,APPETIZER,,STRACCIATELLA & FOCACCIA,,Prosciutto,,2.0
modifier,APPETIZER,APPETIZER,,STRACCIATELLA & FOCACCIA,,Shaved Parmesan,,1.0
modifier,APPETIZER,APPETIZER,,STRACCIATELLA & FOCACCIA,,Mozzarella Ovoline,,1.0
modifier,APPETIZER,APPETIZER,,STRACCIATELLA & FOCACCIA,,Smoked Salmon,,1.0
specialRequest,APPETIZER,APPETIZER,,STRACCIATELLA & FOCACCIA,,47,,1.0
specialRequest,APPETIZER,APPETIZER,,STRACCIATELLA & FOCACCIA,,113,,1.0
specialRequest,APPETIZER,APPETIZER,,STRACCIATELLA & FOCACCIA,,30,,1.0
specialRequest,APPETIZER,APPETIZER,,STRACCIATELLA & FOCACCIA,,49,,1.0
specialRequest,APPETIZER,APPETIZER,,STRACCIATELLA & FOCACCIA,,50,,1.0
specialRequest,APPETIZER,APPETIZER,,STRACCIATELLA & FOCACCIA,,56,,1.0
specialRequest,APPETIZER,APPETIZER,,STRACCIATELLA & FOCACCIA,,92,,1.0
menuItem,APPETIZER,APPETIZER,,ANTIPASTO DELLA CASA,,,,5.0
specialRequest,APPETIZER,APPETIZER,,ANTIPASTO DELLA CASA,,112,,1.0
specialRequest,APPETIZER,APPETIZER,,ANTIPASTO DELLA CASA,,35,,1.0
menuItem,APPETIZER,APPETIZER,,ANTIPASTO DELLA FAMIGLIA,,,,10.0
modifier,APPETIZER,APPETIZER,,ANTIPASTO DELLA FAMIGLIA,,Stracciatella Cheese,,1.0
specialRequest,APPETIZER,APPETIZER,,ANTIPASTO DELLA FAMIGLIA,,113,,1.0
specialRequest,APPETIZER,APPETIZER,,ANTIPASTO DELLA FAMIGLIA,,50,,1.0
menuItem,APPETIZER,APPETIZER,,VEGGIE PIZZA TACO,,,,1.0
menuItem,APPETIZER,APPETIZER,,SPICY PIZZA TACO,,,,4.0
specialRequest,APPETIZER,APPETIZER,,SPICY PIZZA TACO,,98,,1.0
specialRequest,APPETIZER,APPETIZER,,SPICY PIZZA TACO,,Bolo,,1.0
menuItem,APPETIZER,APPETIZER,,BOLOGNESE PIZZA TACO,,,,2.0
menuItem,APPETIZER,APPETIZER,,test item,,,,3.0
"",BREAKFAST,,,,,,,554.0
"",BREAKFAST,BREAKFAST,,,,,,554.0
menuItem,BREAKFAST,BREAKFAST,,EGGS & BACON,,,BREAKFAST,153.0
modifier,BREAKFAST,BREAKFAST,,EGGS & BACON,,Prosciutto,,3.0
modifier,BREAKFAST,BREAKFAST,,EGGS & BACON,,Shaved Parmesan,,1.0
modifier,BREAKFAST,BREAKFAST,,EGGS & BACON,,Grilled Vegetable,,1.0
modifier,BREAKFAST,BREAKFAST,,EGGS & BACON,,Bread,,1.0
modifier,BREAKFAST,BREAKFAST,,EGGS & BACON,,Smoked Salmon,,1.0
modifier,BREAKFAST,BREAKFAST,,EGGS & BACON,,Boiled Egg,,2.0
modifier,BREAKFAST,BREAKFAST,,EGGS & BACON,,EXTRA AVOCADO,,3.0
specialRequest,BREAKFAST,BREAKFAST,,EGGS & BACON,,119,,3.0
specialRequest,BREAKFAST,BREAKFAST,,EGGS & BACON,,25,,1.0
specialRequest,BREAKFAST,BREAKFAST,,EGGS & BACON,,32,,2.0
specialRequest,BREAKFAST,BREAKFAST,,EGGS & BACON,,36,,1.0
specialRequest,BREAKFAST,BREAKFAST,,EGGS & BACON,,39,,2.0
specialRequest,BREAKFAST,BREAKFAST,,EGGS & BACON,,47,,2.0
specialRequest,BREAKFAST,BREAKFAST,,EGGS & BACON,,52,,2.0
specialRequest,BREAKFAST,BREAKFAST,,EGGS & BACON,,56,,3.0
specialRequest,BREAKFAST,BREAKFAST,,EGGS & BACON,,81 Revueltoe,,1.0
specialRequest,BREAKFAST,BREAKFAST,,EGGS & BACON,,82,,1.0
specialRequest,BREAKFAST,BREAKFAST,,EGGS & BACON,,83,,4.0
specialRequest,BREAKFAST,BREAKFAST,,EGGS & BACON,,98,,3.0
specialRequest,BREAKFAST,BREAKFAST,,EGGS & BACON,,99,,1.0
specialRequest,BREAKFAST,BREAKFAST,,EGGS & BACON,,CON MOZZARELLA SLICE,,1.0
specialRequest,BREAKFAST,BREAKFAST,,EGGS & BACON,,Egg Well Done,,1.0
specialRequest,BREAKFAST,BREAKFAST,,EGGS & BACON,,Fry,,1.0
specialRequest,BREAKFAST,BREAKFAST,,EGGS & BACON,,No Greens,,2.0
specialRequest,BREAKFAST,BREAKFAST,,EGGS & BACON,,No bacon,,1.0
specialRequest,BREAKFAST,BREAKFAST,,EGGS & BACON,,Over Med Egg,,1.0
specialRequest,BREAKFAST,BREAKFAST,,EGGS & BACON,,Scamble,,1.0
specialRequest,BREAKFAST,BREAKFAST,,EGGS & BACON,,Scramble No Bacon,,1.0
specialRequest,BREAKFAST,BREAKFAST,,EGGS & BACON,,100,,1.0
specialRequest,BREAKFAST,BREAKFAST,,EGGS & BACON,,103,,3.0
specialRequest,BREAKFAST,BREAKFAST,,EGGS & BACON,,109,,3.0
specialRequest,BREAKFAST,BREAKFAST,,EGGS & BACON,,112,,2.0
specialRequest,BREAKFAST,BREAKFAST,,EGGS & BACON,,118,,1.0
specialRequest,BREAKFAST,BREAKFAST,,EGGS & BACON,,161,,1.0
specialRequest,BREAKFAST,BREAKFAST,,EGGS & BACON,,164,,1.0
specialRequest,BREAKFAST,BREAKFAST,,EGGS & BACON,,170,,4.0
specialRequest,BREAKFAST,BREAKFAST,,EGGS & BACON,,21,,2.0
specialRequest,BREAKFAST,BREAKFAST,,EGGS & BACON,,22,,1.0
specialRequest,BREAKFAST,BREAKFAST,,EGGS & BACON,,24,,1.0
specialRequest,BREAKFAST,BREAKFAST,,EGGS & BACON,,26,,2.0
specialRequest,BREAKFAST,BREAKFAST,,EGGS & BACON,,30,,2.0
specialRequest,BREAKFAST,BREAKFAST,,EGGS & BACON,,35,,1.0
specialRequest,BREAKFAST,BREAKFAST,,EGGS & BACON,,40,,2.0
specialRequest,BREAKFAST,BREAKFAST,,EGGS & BACON,,41,,3.0
specialRequest,BREAKFAST,BREAKFAST,,EGGS & BACON,,42,,1.0
specialRequest,BREAKFAST,BREAKFAST,,EGGS & BACON,,48,,5.0
specialRequest,BREAKFAST,BREAKFAST,,EGGS & BACON,,49,,3.0
specialRequest,BREAKFAST,BREAKFAST,,EGGS & BACON,,50,,7.0
specialRequest,BREAKFAST,BREAKFAST,,EGGS & BACON,,60,,4.0
specialRequest,BREAKFAST,BREAKFAST,,EGGS & BACON,,81,,1.0
specialRequest,BREAKFAST,BREAKFAST,,EGGS & BACON,,84,,2.0
specialRequest,BREAKFAST,BREAKFAST,,EGGS & BACON,,87,,1.0
specialRequest,BREAKFAST,BREAKFAST,,EGGS & BACON,,89,,3.0
specialRequest,BREAKFAST,BREAKFAST,,EGGS & BACON,,92,,3.0
specialRequest,BREAKFAST,BREAKFAST,,EGGS & BACON,,94,,4.0
specialRequest,BREAKFAST,BREAKFAST,,EGGS & BACON,,96,,1.0
specialRequest,BREAKFAST,BREAKFAST,,EGGS & BACON,,Egg,,1.0
specialRequest,BREAKFAST,BREAKFAST,,EGGS & BACON,,Fried,,7.0
specialRequest,BREAKFAST,BREAKFAST,,EGGS & BACON,,Fried 40,,1.0
specialRequest,BREAKFAST,BREAKFAST,,EGGS & BACON,,Fried Hard,,1.0
specialRequest,BREAKFAST,BREAKFAST,,EGGS & BACON,,NO BACON,,1.0
specialRequest,BREAKFAST,BREAKFAST,,EGGS & BACON,,No Bacin,,1.0
specialRequest,BREAKFAST,BREAKFAST,,EGGS & BACON,,No Bacon,,7.0
specialRequest,BREAKFAST,BREAKFAST,,EGGS & BACON,,No Bacon Avo Instead,,1.0
specialRequest,BREAKFAST,BREAKFAST,,EGGS & BACON,,No Bread,,2.0
specialRequest,BREAKFAST,BREAKFAST,,EGGS & BACON,,Poquito De Avocado,,1.0
specialRequest,BREAKFAST,BREAKFAST,,EGGS & BACON,,Revuelto,,3.0
specialRequest,BREAKFAST,BREAKFAST,,EGGS & BACON,,Revueltos,,1.0
specialRequest,BREAKFAST,BREAKFAST,,EGGS & BACON,,Scram,,6.0
specialRequest,BREAKFAST,BREAKFAST,,EGGS & BACON,,Scrambkled,,1.0
specialRequest,BREAKFAST,BREAKFAST,,EGGS & BACON,,Scramble,,1.0
specialRequest,BREAKFAST,BREAKFAST,,EGGS & BACON,,Scramble 32,,1.0
specialRequest,BREAKFAST,BREAKFAST,,EGGS & BACON,,Scrambled,,23.0
specialRequest,BREAKFAST,BREAKFAST,,EGGS & BACON,,Scrumble,,2.0
specialRequest,BREAKFAST,BREAKFAST,,EGGS & BACON,,Scrumbled,,1.0
specialRequest,BREAKFAST,BREAKFAST,,EGGS & BACON,,Soft Scrambled,,1.0
specialRequest,BREAKFAST,BREAKFAST,,EGGS & BACON,,With Avocado,,2.0
menuItem,BREAKFAST,BREAKFAST,,TRUFFLE SCRAMBLE EGGS,,,BREAKFAST,39.0
modifier,BREAKFAST,BREAKFAST,,TRUFFLE SCRAMBLE EGGS,,Bread,,2.0
modifier,BREAKFAST,BREAKFAST,,TRUFFLE SCRAMBLE EGGS,,Bacon,,1.0
specialRequest,BREAKFAST,BREAKFAST,,TRUFFLE SCRAMBLE EGGS,,118,,1.0
specialRequest,BREAKFAST,BREAKFAST,,TRUFFLE SCRAMBLE EGGS,,32,,1.0
specialRequest,BREAKFAST,BREAKFAST,,TRUFFLE SCRAMBLE EGGS,,47,,1.0
specialRequest,BREAKFAST,BREAKFAST,,TRUFFLE SCRAMBLE EGGS,,50,,2.0
specialRequest,BREAKFAST,BREAKFAST,,TRUFFLE SCRAMBLE EGGS,,56,,1.0
specialRequest,BREAKFAST,BREAKFAST,,TRUFFLE SCRAMBLE EGGS,,94,,1.0
specialRequest,BREAKFAST,BREAKFAST,,TRUFFLE SCRAMBLE EGGS,,Well Done,,1.0
specialRequest,BREAKFAST,BREAKFAST,,TRUFFLE SCRAMBLE EGGS,,116,,1.0
specialRequest,BREAKFAST,BREAKFAST,,TRUFFLE SCRAMBLE EGGS,,25,,1.0
specialRequest,BREAKFAST,BREAKFAST,,TRUFFLE SCRAMBLE EGGS,,45,,2.0
specialRequest,BREAKFAST,BREAKFAST,,TRUFFLE SCRAMBLE EGGS,,53,,1.0
specialRequest,BREAKFAST,BREAKFAST,,TRUFFLE SCRAMBLE EGGS,,55,,1.0
specialRequest,BREAKFAST,BREAKFAST,,TRUFFLE SCRAMBLE EGGS,,57,,1.0
specialRequest,BREAKFAST,BREAKFAST,,TRUFFLE SCRAMBLE EGGS,,60,,1.0
specialRequest,BREAKFAST,BREAKFAST,,TRUFFLE SCRAMBLE EGGS,,Con Mozzarella,,1.0
specialRequest,BREAKFAST,BREAKFAST,,TRUFFLE SCRAMBLE EGGS,,No Bacon,,3.0
menuItem,BREAKFAST,BREAKFAST,,AVOCADO TOAST,,,BREAKFAST,96.0
modifier,BREAKFAST,BREAKFAST,,AVOCADO TOAST,,Prosciutto,,1.0
modifier,BREAKFAST,BREAKFAST,,AVOCADO TOAST,,Bacon,,5.0
modifier,BREAKFAST,BREAKFAST,,AVOCADO TOAST,,Smoked Salmon,,14.0
modifier,BREAKFAST,BREAKFAST,,AVOCADO TOAST,,Boiled Egg,,13.0
specialRequest,BREAKFAST,BREAKFAST,,AVOCADO TOAST,,113,,1.0
specialRequest,BREAKFAST,BREAKFAST,,AVOCADO TOAST,,170,,4.0
specialRequest,BREAKFAST,BREAKFAST,,AVOCADO TOAST,,34,,1.0
specialRequest,BREAKFAST,BREAKFAST,,AVOCADO TOAST,,36,,1.0
specialRequest,BREAKFAST,BREAKFAST,,AVOCADO TOAST,,50,,2.0
specialRequest,BREAKFAST,BREAKFAST,,AVOCADO TOAST,,83,,2.0
specialRequest,BREAKFAST,BREAKFAST,,AVOCADO TOAST,,89,,1.0
specialRequest,BREAKFAST,BREAKFAST,,AVOCADO TOAST,,No Red Cabbage And No Raddish,,1.0
specialRequest,BREAKFAST,BREAKFAST,,AVOCADO TOAST,,100,,2.0
specialRequest,BREAKFAST,BREAKFAST,,AVOCADO TOAST,,110,,2.0
specialRequest,BREAKFAST,BREAKFAST,,AVOCADO TOAST,,112,,1.0
specialRequest,BREAKFAST,BREAKFAST,,AVOCADO TOAST,,116,,2.0
specialRequest,BREAKFAST,BREAKFAST,,AVOCADO TOAST,,118,,3.0
specialRequest,BREAKFAST,BREAKFAST,,AVOCADO TOAST,,119,,1.0
specialRequest,BREAKFAST,BREAKFAST,,AVOCADO TOAST,,21,,1.0
specialRequest,BREAKFAST,BREAKFAST,,AVOCADO TOAST,,25,,2.0
specialRequest,BREAKFAST,BREAKFAST,,AVOCADO TOAST,,26,,3.0
specialRequest,BREAKFAST,BREAKFAST,,AVOCADO TOAST,,30,,1.0
specialRequest,BREAKFAST,BREAKFAST,,AVOCADO TOAST,,32,,1.0
specialRequest,BREAKFAST,BREAKFAST,,AVOCADO TOAST,,40,,1.0
specialRequest,BREAKFAST,BREAKFAST,,AVOCADO TOAST,,43,,2.0
specialRequest,BREAKFAST,BREAKFAST,,AVOCADO TOAST,,45,,1.0
specialRequest,BREAKFAST,BREAKFAST,,AVOCADO TOAST,,47,,5.0
specialRequest,BREAKFAST,BREAKFAST,,AVOCADO TOAST,,48,,2.0
specialRequest,BREAKFAST,BREAKFAST,,AVOCADO TOAST,,49,,1.0
specialRequest,BREAKFAST,BREAKFAST,,AVOCADO TOAST,,52,,2.0
specialRequest,BREAKFAST,BREAKFAST,,AVOCADO TOAST,,53,,2.0
specialRequest,BREAKFAST,BREAKFAST,,AVOCADO TOAST,,55,,1.0
specialRequest,BREAKFAST,BREAKFAST,,AVOCADO TOAST,,56,,3.0
specialRequest,BREAKFAST,BREAKFAST,,AVOCADO TOAST,,57,,2.0
specialRequest,BREAKFAST,BREAKFAST,,AVOCADO TOAST,,58,,1.0
specialRequest,BREAKFAST,BREAKFAST,,AVOCADO TOAST,,60,,1.0
specialRequest,BREAKFAST,BREAKFAST,,AVOCADO TOAST,,84,,1.0
specialRequest,BREAKFAST,BREAKFAST,,AVOCADO TOAST,,86,,3.0
specialRequest,BREAKFAST,BREAKFAST,,AVOCADO TOAST,,92,,2.0
specialRequest,BREAKFAST,BREAKFAST,,AVOCADO TOAST,,94,,1.0
specialRequest,BREAKFAST,BREAKFAST,,AVOCADO TOAST,,96,,1.0
specialRequest,BREAKFAST,BREAKFAST,,AVOCADO TOAST,,99,,1.0
specialRequest,BREAKFAST,BREAKFAST,,AVOCADO TOAST,,Con Huevo,,1.0
specialRequest,BREAKFAST,BREAKFAST,,AVOCADO TOAST,,Ham,,1.0
specialRequest,BREAKFAST,BREAKFAST,,AVOCADO TOAST,,No Raddish,,1.0
specialRequest,BREAKFAST,BREAKFAST,,AVOCADO TOAST,,Salmon Y Huevo,,2.0
menuItem,BREAKFAST,BREAKFAST,,HEY MAMBO COMBO,,,BREAKFAST,51.0
modifier,BREAKFAST,BREAKFAST,,HEY MAMBO COMBO,,Cappuccino,,1.0
modifier,BREAKFAST,BREAKFAST,,HEY MAMBO COMBO,,Espresso,,14.0
modifier,BREAKFAST,BREAKFAST,,HEY MAMBO COMBO,,Americano Coffee,,10.0
modifier,BREAKFAST,BREAKFAST,,HEY MAMBO COMBO,,Capuccino,,22.0
modifier,BREAKFAST,BREAKFAST,,HEY MAMBO COMBO,,Coffee Latte,,5.0
modifier,BREAKFAST,BREAKFAST,,HEY MAMBO COMBO,,Almond Milk,,2.0
modifier,BREAKFAST,BREAKFAST,,HEY MAMBO COMBO,,Oat Milk,,4.0
modifier,BREAKFAST,BREAKFAST,,HEY MAMBO COMBO,,Half & Half,,3.0
modifier,BREAKFAST,BREAKFAST,,HEY MAMBO COMBO,,To go Iced,,2.0
modifier,BREAKFAST,BREAKFAST,,HEY MAMBO COMBO,,Croissant,,12.0
modifier,BREAKFAST,BREAKFAST,,HEY MAMBO COMBO,,Nutella Croissant,,14.0
modifier,BREAKFAST,BREAKFAST,,HEY MAMBO COMBO,,Cream Croissant,,1.0
modifier,BREAKFAST,BREAKFAST,,HEY MAMBO COMBO,,Pistacchio Croissant,,11.0
modifier,BREAKFAST,BREAKFAST,,HEY MAMBO COMBO,,Ham,,1.0
modifier,BREAKFAST,BREAKFAST,,HEY MAMBO COMBO,,Boiled Egg,,1.0
specialRequest,BREAKFAST,BREAKFAST,,HEY MAMBO COMBO,,Double Expresso,,1.0
menuItem,BREAKFAST,BREAKFAST,,SOLE SOLE COMBO,,,BREAKFAST,77.0
modifier,BREAKFAST,BREAKFAST,,SOLE SOLE COMBO,,Fried Eggs,,32.0
modifier,BREAKFAST,BREAKFAST,,SOLE SOLE COMBO,,Scrambled Eggs,,24.0
modifier,BREAKFAST,BREAKFAST,,SOLE SOLE COMBO,,Prosciutto,,1.0
modifier,BREAKFAST,BREAKFAST,,SOLE SOLE COMBO,,Boiled Egg,,4.0
specialRequest,BREAKFAST,BREAKFAST,,SOLE SOLE COMBO,,55,,2.0
specialRequest,BREAKFAST,BREAKFAST,,SOLE SOLE COMBO,,57,,2.0
specialRequest,BREAKFAST,BREAKFAST,,SOLE SOLE COMBO,,87,,2.0
specialRequest,BREAKFAST,BREAKFAST,,SOLE SOLE COMBO,,Medium,,1.0
specialRequest,BREAKFAST,BREAKFAST,,SOLE SOLE COMBO,,Only Eggs,,1.0
specialRequest,BREAKFAST,BREAKFAST,,SOLE SOLE COMBO,,Well Done,,1.0
specialRequest,BREAKFAST,BREAKFAST,,SOLE SOLE COMBO,,110,,1.0
specialRequest,BREAKFAST,BREAKFAST,,SOLE SOLE COMBO,,113,,1.0
specialRequest,BREAKFAST,BREAKFAST,,SOLE SOLE COMBO,,116,,1.0
specialRequest,BREAKFAST,BREAKFAST,,SOLE SOLE COMBO,,119,,1.0
specialRequest,BREAKFAST,BREAKFAST,,SOLE SOLE COMBO,,163,,1.0
specialRequest,BREAKFAST,BREAKFAST,,SOLE SOLE COMBO,,21,,2.0
specialRequest,BREAKFAST,BREAKFAST,,SOLE SOLE COMBO,,22,,2.0
specialRequest,BREAKFAST,BREAKFAST,,SOLE SOLE COMBO,,24,,1.0
specialRequest,BREAKFAST,BREAKFAST,,SOLE SOLE COMBO,,25,,2.0
specialRequest,BREAKFAST,BREAKFAST,,SOLE SOLE COMBO,,28,,1.0
specialRequest,BREAKFAST,BREAKFAST,,SOLE SOLE COMBO,,30,,2.0
specialRequest,BREAKFAST,BREAKFAST,,SOLE SOLE COMBO,,42,,2.0
specialRequest,BREAKFAST,BREAKFAST,,SOLE SOLE COMBO,,49,,1.0
specialRequest,BREAKFAST,BREAKFAST,,SOLE SOLE COMBO,,60,,2.0
specialRequest,BREAKFAST,BREAKFAST,,SOLE SOLE COMBO,,94,,2.0
specialRequest,BREAKFAST,BREAKFAST,,SOLE SOLE COMBO,,98,,2.0
specialRequest,BREAKFAST,BREAKFAST,,SOLE SOLE COMBO,,99,,1.0
specialRequest,BREAKFAST,BREAKFAST,,SOLE SOLE COMBO,,Bacon On Side,,1.0
specialRequest,BREAKFAST,BREAKFAST,,SOLE SOLE COMBO,,No Hacer,,1.0
specialRequest,BREAKFAST,BREAKFAST,,SOLE SOLE COMBO,,Replace The Bacon By Avocado,,1.0
menuItem,BREAKFAST,BREAKFAST,,FRESCO COMBO,,,BREAKFAST,26.0
modifier,BREAKFAST,BREAKFAST,,FRESCO COMBO,,Bacon,,3.0
modifier,BREAKFAST,BREAKFAST,,FRESCO COMBO,,Smoked Salmon,,2.0
modifier,BREAKFAST,BREAKFAST,,FRESCO COMBO,,Boiled Egg,,2.0
specialRequest,BREAKFAST,BREAKFAST,,FRESCO COMBO,,110,,1.0
specialRequest,BREAKFAST,BREAKFAST,,FRESCO COMBO,,116,,1.0
specialRequest,BREAKFAST,BREAKFAST,,FRESCO COMBO,,83,,2.0
specialRequest,BREAKFAST,BREAKFAST,,FRESCO COMBO,,87,,1.0
specialRequest,BREAKFAST,BREAKFAST,,FRESCO COMBO,,Boiled Egg,,1.0
specialRequest,BREAKFAST,BREAKFAST,,FRESCO COMBO,,No Raddish No Cabbage,,1.0
specialRequest,BREAKFAST,BREAKFAST,,FRESCO COMBO,,112,,1.0
specialRequest,BREAKFAST,BREAKFAST,,FRESCO COMBO,,118,,1.0
specialRequest,BREAKFAST,BREAKFAST,,FRESCO COMBO,,119,,4.0
specialRequest,BREAKFAST,BREAKFAST,,FRESCO COMBO,,21,,1.0
specialRequest,BREAKFAST,BREAKFAST,,FRESCO COMBO,,56,,1.0
specialRequest,BREAKFAST,BREAKFAST,,FRESCO COMBO,,60,,2.0
specialRequest,BREAKFAST,BREAKFAST,,FRESCO COMBO,,81,,1.0
specialRequest,BREAKFAST,BREAKFAST,,FRESCO COMBO,,86,,1.0
specialRequest,BREAKFAST,BREAKFAST,,FRESCO COMBO,,89,,1.0
specialRequest,BREAKFAST,BREAKFAST,,FRESCO COMBO,,96,,1.0
menuItem,BREAKFAST,BREAKFAST,,PARFAIT BERRIES & GRANOLA,,,BREAKFAST,69.0
menuItem,BREAKFAST,BREAKFAST,,FRUIT CUP,,,BREAKFAST,42.0
menuItem,BREAKFAST,BREAKFAST,,test item,,,BREAKFAST,1.0
"",PASTA,,,,,,,1553.0
"",PASTA,PASTA,,,,,,1553.0
menuItem,PASTA,PASTA,,SPAGHETTI POMODORO,,,,215.0
modifier,PASTA,PASTA,,SPAGHETTI POMODORO,,Mozzarella Ball,,2.0
modifier,PASTA,PASTA,,SPAGHETTI POMODORO,,Stracciatella Cheese,,1.0
modifier,PASTA,PASTA,,SPAGHETTI POMODORO,,Shaved Parmesan,,23.0
modifier,PASTA,PASTA,,SPAGHETTI POMODORO,,Grilled Vegetable,,3.0
modifier,PASTA,PASTA,,SPAGHETTI POMODORO,,Grilled Chicklen,,14.0
modifier,PASTA,PASTA,,SPAGHETTI POMODORO,,Bread,,3.0
modifier,PASTA,PASTA,,SPAGHETTI POMODORO,,Regular,,61.0
sizedSpecialRequest,PASTA,PASTA,,SPAGHETTI POMODORO,Regular,112,,1.0
sizedSpecialRequest,PASTA,PASTA,,SPAGHETTI POMODORO,Regular,116,,1.0
sizedSpecialRequest,PASTA,PASTA,,SPAGHETTI POMODORO,Regular,164,,1.0
sizedSpecialRequest,PASTA,PASTA,,SPAGHETTI POMODORO,Regular,22,,1.0
sizedSpecialRequest,PASTA,PASTA,,SPAGHETTI POMODORO,Regular,30,,1.0
sizedSpecialRequest,PASTA,PASTA,,SPAGHETTI POMODORO,Regular,32,,1.0
sizedSpecialRequest,PASTA,PASTA,,SPAGHETTI POMODORO,Regular,86,,1.0
sizedSpecialRequest,PASTA,PASTA,,SPAGHETTI POMODORO,Regular,Chesse Parmesan Apparte,,1.0
sizedModifier,PASTA,PASTA,,SPAGHETTI POMODORO,Regular,Grilled Chicklen,,2.0
sizedModifier,PASTA,PASTA,,SPAGHETTI POMODORO,Regular,Marinated Chicken,,1.0
sizedModifier,PASTA,PASTA,,SPAGHETTI POMODORO,Regular,Meatballs,,15.0
sizedModifier,PASTA,PASTA,,SPAGHETTI POMODORO,Regular,Mushrooms,,1.0
sizedSpecialRequest,PASTA,PASTA,,SPAGHETTI POMODORO,Regular,Olives,,1.0
sizedSpecialRequest,PASTA,PASTA,,SPAGHETTI POMODORO,Regular,RIGATONI,,2.0
sizedSpecialRequest,PASTA,PASTA,,SPAGHETTI POMODORO,Regular,Rigatoni,,3.0
sizedModifier,PASTA,PASTA,,SPAGHETTI POMODORO,Regular,Shaved Parmesan,,6.0
sizedSpecialRequest,PASTA,PASTA,,SPAGHETTI POMODORO,Regular,Solo Aceite Y Parmesan,,1.0
modifier,PASTA,PASTA,,SPAGHETTI POMODORO,,XL,,4.0
sizedSpecialRequest,PASTA,PASTA,,SPAGHETTI POMODORO,XL,104,,1.0
sizedSpecialRequest,PASTA,PASTA,,SPAGHETTI POMODORO,XL,48,,1.0
sizedModifier,PASTA,PASTA,,SPAGHETTI POMODORO,XL,Extra Sauce,,1.0
sizedModifier,PASTA,PASTA,,SPAGHETTI POMODORO,XL,Marinated Chicken,,1.0
specialRequest,PASTA,PASTA,,SPAGHETTI POMODORO,,110,,1.0
specialRequest,PASTA,PASTA,,SPAGHETTI POMODORO,,113,,1.0
specialRequest,PASTA,PASTA,,SPAGHETTI POMODORO,,118,,2.0
specialRequest,PASTA,PASTA,,SPAGHETTI POMODORO,,21,,1.0
specialRequest,PASTA,PASTA,,SPAGHETTI POMODORO,,22,,1.0
specialRequest,PASTA,PASTA,,SPAGHETTI POMODORO,,25,,1.0
specialRequest,PASTA,PASTA,,SPAGHETTI POMODORO,,40,,2.0
specialRequest,PASTA,PASTA,,SPAGHETTI POMODORO,,56,,3.0
specialRequest,PASTA,PASTA,,SPAGHETTI POMODORO,,58,,1.0
specialRequest,PASTA,PASTA,,SPAGHETTI POMODORO,,60,,1.0
specialRequest,PASTA,PASTA,,SPAGHETTI POMODORO,,99,,1.0
specialRequest,PASTA,PASTA,,SPAGHETTI POMODORO,,Con Rigatoni,,1.0
specialRequest,PASTA,PASTA,,SPAGHETTI POMODORO,,Mucho Caliente,,1.0
specialRequest,PASTA,PASTA,,SPAGHETTI POMODORO,,No Basil,,1.0
specialRequest,PASTA,PASTA,,SPAGHETTI POMODORO,,No Pomodoro,,1.0
specialRequest,PASTA,PASTA,,SPAGHETTI POMODORO,,Rigatoni,,1.0
specialRequest,PASTA,PASTA,,SPAGHETTI POMODORO,,Rigatoni!,,1.0
specialRequest,PASTA,PASTA,,SPAGHETTI POMODORO,,Salmon,,1.0
specialRequest,PASTA,PASTA,,SPAGHETTI POMODORO,,100,,2.0
specialRequest,PASTA,PASTA,,SPAGHETTI POMODORO,,103,,1.0
specialRequest,PASTA,PASTA,,SPAGHETTI POMODORO,,112,,2.0
specialRequest,PASTA,PASTA,,SPAGHETTI POMODORO,,119,,1.0
specialRequest,PASTA,PASTA,,SPAGHETTI POMODORO,,163,,1.0
specialRequest,PASTA,PASTA,,SPAGHETTI POMODORO,,170,,3.0
specialRequest,PASTA,PASTA,,SPAGHETTI POMODORO,,32,,1.0
specialRequest,PASTA,PASTA,,SPAGHETTI POMODORO,,34,,1.0
specialRequest,PASTA,PASTA,,SPAGHETTI POMODORO,,39,,2.0
specialRequest,PASTA,PASTA,,SPAGHETTI POMODORO,,42,,1.0
specialRequest,PASTA,PASTA,,SPAGHETTI POMODORO,,43,,2.0
specialRequest,PASTA,PASTA,,SPAGHETTI POMODORO,,45,,2.0
specialRequest,PASTA,PASTA,,SPAGHETTI POMODORO,,47,,2.0
specialRequest,PASTA,PASTA,,SPAGHETTI POMODORO,,49,,1.0
specialRequest,PASTA,PASTA,,SPAGHETTI POMODORO,,50,,3.0
specialRequest,PASTA,PASTA,,SPAGHETTI POMODORO,,55,,1.0
specialRequest,PASTA,PASTA,,SPAGHETTI POMODORO,,57,,1.0
specialRequest,PASTA,PASTA,,SPAGHETTI POMODORO,,83,,2.0
specialRequest,PASTA,PASTA,,SPAGHETTI POMODORO,,86,,1.0
specialRequest,PASTA,PASTA,,SPAGHETTI POMODORO,,87,,2.0
specialRequest,PASTA,PASTA,,SPAGHETTI POMODORO,,89,,1.0
specialRequest,PASTA,PASTA,,SPAGHETTI POMODORO,,94,,1.0
specialRequest,PASTA,PASTA,,SPAGHETTI POMODORO,,96,,1.0
specialRequest,PASTA,PASTA,,SPAGHETTI POMODORO,,98,,1.0
specialRequest,PASTA,PASTA,,SPAGHETTI POMODORO,,Chicken On The Sida,,1.0
specialRequest,PASTA,PASTA,,SPAGHETTI POMODORO,,Mas Salsa Tomato,,1.0
specialRequest,PASTA,PASTA,,SPAGHETTI POMODORO,,No Cheese,,1.0
specialRequest,PASTA,PASTA,,SPAGHETTI POMODORO,,"No Sauce, Only Oil & Cheese",,1.0
specialRequest,PASTA,PASTA,,SPAGHETTI POMODORO,,Rigatoni Noodle,,1.0
specialRequest,PASTA,PASTA,,SPAGHETTI POMODORO,,Rigatonni!!!,,1.0
specialRequest,PASTA,PASTA,,SPAGHETTI POMODORO,,Sin Salsa,,1.0
specialRequest,PASTA,PASTA,,SPAGHETTI POMODORO,,Solo Pasta Y Mantequilla,,1.0
menuItem,PASTA,PASTA,,SPAGHETTI CARBONARA,,,,201.0
modifier,PASTA,PASTA,,SPAGHETTI CARBONARA,,Mozzarella Ball,,1.0
modifier,PASTA,PASTA,,SPAGHETTI CARBONARA,,Shaved Parmesan,,11.0
modifier,PASTA,PASTA,,SPAGHETTI CARBONARA,,Bacon,,1.0
modifier,PASTA,PASTA,,SPAGHETTI CARBONARA,,Grilled Chicklen,,7.0
modifier,PASTA,PASTA,,SPAGHETTI CARBONARA,,Bread,,2.0
modifier,PASTA,PASTA,,SPAGHETTI CARBONARA,,Prosciutto,,1.0
modifier,PASTA,PASTA,,SPAGHETTI CARBONARA,,Small,,38.0
sizedSpecialRequest,PASTA,PASTA,,SPAGHETTI CARBONARA,Small,116,,1.0
sizedSpecialRequest,PASTA,PASTA,,SPAGHETTI CARBONARA,Small,30,,1.0
sizedSpecialRequest,PASTA,PASTA,,SPAGHETTI CARBONARA,Small,32,,1.0
sizedSpecialRequest,PASTA,PASTA,,SPAGHETTI CARBONARA,Small,35,,2.0
sizedSpecialRequest,PASTA,PASTA,,SPAGHETTI CARBONARA,Small,36,,1.0
sizedSpecialRequest,PASTA,PASTA,,SPAGHETTI CARBONARA,Small,53,,1.0
sizedSpecialRequest,PASTA,PASTA,,SPAGHETTI CARBONARA,Small,56,,1.0
sizedModifier,PASTA,PASTA,,SPAGHETTI CARBONARA,Small,Meatballs,,1.0
sizedModifier,PASTA,PASTA,,SPAGHETTI CARBONARA,Small,Mozzarella Ball,,1.0
sizedSpecialRequest,PASTA,PASTA,,SPAGHETTI CARBONARA,Small,No Meat,,1.0
sizedSpecialRequest,PASTA,PASTA,,SPAGHETTI CARBONARA,Small,Pan,,2.0
sizedSpecialRequest,PASTA,PASTA,,SPAGHETTI CARBONARA,Small,Rigatoni,,1.0
sizedModifier,PASTA,PASTA,,SPAGHETTI CARBONARA,Small,Shaved Parmesan,,4.0
modifier,PASTA,PASTA,,SPAGHETTI CARBONARA,,Regular,,14.0
sizedModifier,PASTA,PASTA,,SPAGHETTI CARBONARA,Regular,Marinated Chicken,,1.0
sizedModifier,PASTA,PASTA,,SPAGHETTI CARBONARA,Regular,Meatballs,,2.0
sizedSpecialRequest,PASTA,PASTA,,SPAGHETTI CARBONARA,Regular,Xl Pepita,,1.0
specialRequest,PASTA,PASTA,,SPAGHETTI CARBONARA,,109,,1.0
specialRequest,PASTA,PASTA,,SPAGHETTI CARBONARA,,161,,1.0
specialRequest,PASTA,PASTA,,SPAGHETTI CARBONARA,,28,,3.0
specialRequest,PASTA,PASTA,,SPAGHETTI CARBONARA,,30,,1.0
specialRequest,PASTA,PASTA,,SPAGHETTI CARBONARA,,43,,1.0
specialRequest,PASTA,PASTA,,SPAGHETTI CARBONARA,,48,,2.0
specialRequest,PASTA,PASTA,,SPAGHETTI CARBONARA,,52,,2.0
specialRequest,PASTA,PASTA,,SPAGHETTI CARBONARA,,87,,1.0
specialRequest,PASTA,PASTA,,SPAGHETTI CARBONARA,,99,,2.0
specialRequest,PASTA,PASTA,,SPAGHETTI CARBONARA,,No Cheese,,1.0
specialRequest,PASTA,PASTA,,SPAGHETTI CARBONARA,,113,,1.0
specialRequest,PASTA,PASTA,,SPAGHETTI CARBONARA,,116,,3.0
specialRequest,PASTA,PASTA,,SPAGHETTI CARBONARA,,36,,2.0
specialRequest,PASTA,PASTA,,SPAGHETTI CARBONARA,,40,,1.0
specialRequest,PASTA,PASTA,,SPAGHETTI CARBONARA,,41,,1.0
specialRequest,PASTA,PASTA,,SPAGHETTI CARBONARA,,47,,2.0
specialRequest,PASTA,PASTA,,SPAGHETTI CARBONARA,,50,,1.0
specialRequest,PASTA,PASTA,,SPAGHETTI CARBONARA,,57,,1.0
specialRequest,PASTA,PASTA,,SPAGHETTI CARBONARA,,81,,2.0
specialRequest,PASTA,PASTA,,SPAGHETTI CARBONARA,,84,,1.0
specialRequest,PASTA,PASTA,,SPAGHETTI CARBONARA,,86,,1.0
specialRequest,PASTA,PASTA,,SPAGHETTI CARBONARA,,92,,1.0
specialRequest,PASTA,PASTA,,SPAGHETTI CARBONARA,,98,,1.0
specialRequest,PASTA,PASTA,,SPAGHETTI CARBONARA,,Extra Mozza,,1.0
specialRequest,PASTA,PASTA,,SPAGHETTI CARBONARA,,No Pimenta,,1.0
specialRequest,PASTA,PASTA,,SPAGHETTI CARBONARA,,Sin Queso,,1.0
menuItem,PASTA,PASTA,,SPAGHETTI ALFREDO,,,,220.0
modifier,PASTA,PASTA,,SPAGHETTI ALFREDO,,Stracciatella Cheese,,2.0
modifier,PASTA,PASTA,,SPAGHETTI ALFREDO,,Shaved Parmesan,,17.0
modifier,PASTA,PASTA,,SPAGHETTI ALFREDO,,Mushrooms,,2.0
modifier,PASTA,PASTA,,SPAGHETTI ALFREDO,,Grilled Vegetable,,1.0
modifier,PASTA,PASTA,,SPAGHETTI ALFREDO,,Grilled Chicklen,,76.0
modifier,PASTA,PASTA,,SPAGHETTI ALFREDO,,Extra Sauce,,2.0
modifier,PASTA,PASTA,,SPAGHETTI ALFREDO,,Prosciutto,,5.0
modifier,PASTA,PASTA,,SPAGHETTI ALFREDO,,Regular,,51.0
sizedSpecialRequest,PASTA,PASTA,,SPAGHETTI ALFREDO,Regular,119,,1.0
sizedSpecialRequest,PASTA,PASTA,,SPAGHETTI ALFREDO,Regular,163,,1.0
sizedSpecialRequest,PASTA,PASTA,,SPAGHETTI ALFREDO,Regular,22,,1.0
sizedSpecialRequest,PASTA,PASTA,,SPAGHETTI ALFREDO,Regular,25,,1.0
sizedSpecialRequest,PASTA,PASTA,,SPAGHETTI ALFREDO,Regular,26,,1.0
sizedSpecialRequest,PASTA,PASTA,,SPAGHETTI ALFREDO,Regular,36,,1.0
sizedSpecialRequest,PASTA,PASTA,,SPAGHETTI ALFREDO,Regular,92,,1.0
sizedModifier,PASTA,PASTA,,SPAGHETTI ALFREDO,Regular,Bacon,,1.0
sizedSpecialRequest,PASTA,PASTA,,SPAGHETTI ALFREDO,Regular,Chicken,,1.0
sizedModifier,PASTA,PASTA,,SPAGHETTI ALFREDO,Regular,Grilled Chicklen,,6.0
sizedModifier,PASTA,PASTA,,SPAGHETTI ALFREDO,Regular,Marinated Chicken,,10.0
sizedModifier,PASTA,PASTA,,SPAGHETTI ALFREDO,Regular,Mushrooms,,1.0
sizedSpecialRequest,PASTA,PASTA,,SPAGHETTI ALFREDO,Regular,"No Pepper, No Salt",,2.0
sizedSpecialRequest,PASTA,PASTA,,SPAGHETTI ALFREDO,Regular,PARA TU FAVORITO,,1.0
sizedSpecialRequest,PASTA,PASTA,,SPAGHETTI ALFREDO,Regular,RIGATONI,,1.0
sizedSpecialRequest,PASTA,PASTA,,SPAGHETTI ALFREDO,Regular,Rigatoni,,1.0
sizedModifier,PASTA,PASTA,,SPAGHETTI ALFREDO,Regular,Shaved Parmesan,,5.0
modifier,PASTA,PASTA,,SPAGHETTI ALFREDO,,XL,,6.0
sizedSpecialRequest,PASTA,PASTA,,SPAGHETTI ALFREDO,XL,24,,1.0
sizedSpecialRequest,PASTA,PASTA,,SPAGHETTI ALFREDO,XL,57,,2.0
sizedModifier,PASTA,PASTA,,SPAGHETTI ALFREDO,XL,Marinated Chicken,,2.0
sizedSpecialRequest,PASTA,PASTA,,SPAGHETTI ALFREDO,XL,Rigatonni,,1.0
sizedModifier,PASTA,PASTA,,SPAGHETTI ALFREDO,XL,Shaved Parmesan,,1.0
specialRequest,PASTA,PASTA,,SPAGHETTI ALFREDO,,28,,1.0
specialRequest,PASTA,PASTA,,SPAGHETTI ALFREDO,,30,,1.0
specialRequest,PASTA,PASTA,,SPAGHETTI ALFREDO,,32,,2.0
specialRequest,PASTA,PASTA,,SPAGHETTI ALFREDO,,35,,1.0
specialRequest,PASTA,PASTA,,SPAGHETTI ALFREDO,,36,,1.0
specialRequest,PASTA,PASTA,,SPAGHETTI ALFREDO,,39,,1.0
specialRequest,PASTA,PASTA,,SPAGHETTI ALFREDO,,400,,2.0
specialRequest,PASTA,PASTA,,SPAGHETTI ALFREDO,,45,,1.0
specialRequest,PASTA,PASTA,,SPAGHETTI ALFREDO,,50,,3.0
specialRequest,PASTA,PASTA,,SPAGHETTI ALFREDO,,53,,1.0
specialRequest,PASTA,PASTA,,SPAGHETTI ALFREDO,,81,,1.0
specialRequest,PASTA,PASTA,,SPAGHETTI ALFREDO,,94,,1.0
specialRequest,PASTA,PASTA,,SPAGHETTI ALFREDO,,96,,1.0
specialRequest,PASTA,PASTA,,SPAGHETTI ALFREDO,,109,,2.0
specialRequest,PASTA,PASTA,,SPAGHETTI ALFREDO,,110,,1.0
specialRequest,PASTA,PASTA,,SPAGHETTI ALFREDO,,113,,1.0
specialRequest,PASTA,PASTA,,SPAGHETTI ALFREDO,,116,,1.0
specialRequest,PASTA,PASTA,,SPAGHETTI ALFREDO,,118,,2.0
specialRequest,PASTA,PASTA,,SPAGHETTI ALFREDO,,119,,1.0
specialRequest,PASTA,PASTA,,SPAGHETTI ALFREDO,,161,,1.0
specialRequest,PASTA,PASTA,,SPAGHETTI ALFREDO,,170,,1.0
specialRequest,PASTA,PASTA,,SPAGHETTI ALFREDO,,26,,3.0
specialRequest,PASTA,PASTA,,SPAGHETTI ALFREDO,,34,,1.0
specialRequest,PASTA,PASTA,,SPAGHETTI ALFREDO,,40,,2.0
specialRequest,PASTA,PASTA,,SPAGHETTI ALFREDO,,42,,2.0
specialRequest,PASTA,PASTA,,SPAGHETTI ALFREDO,,47,,3.0
specialRequest,PASTA,PASTA,,SPAGHETTI ALFREDO,,48,,2.0
specialRequest,PASTA,PASTA,,SPAGHETTI ALFREDO,,49,,1.0
specialRequest,PASTA,PASTA,,SPAGHETTI ALFREDO,,52,,1.0
specialRequest,PASTA,PASTA,,SPAGHETTI ALFREDO,,57,,1.0
specialRequest,PASTA,PASTA,,SPAGHETTI ALFREDO,,58,,2.0
specialRequest,PASTA,PASTA,,SPAGHETTI ALFREDO,,83,,1.0
specialRequest,PASTA,PASTA,,SPAGHETTI ALFREDO,,84,,1.0
specialRequest,PASTA,PASTA,,SPAGHETTI ALFREDO,,98,,1.0
specialRequest,PASTA,PASTA,,SPAGHETTI ALFREDO,,Avocado,,1.0
specialRequest,PASTA,PASTA,,SPAGHETTI ALFREDO,,Bread,,1.0
specialRequest,PASTA,PASTA,,SPAGHETTI ALFREDO,,Chicken,,1.0
specialRequest,PASTA,PASTA,,SPAGHETTI ALFREDO,,Con Pane,,1.0
specialRequest,PASTA,PASTA,,SPAGHETTI ALFREDO,,Rigantoni Noodle,,1.0
specialRequest,PASTA,PASTA,,SPAGHETTI ALFREDO,,Rigatoni,,2.0
specialRequest,PASTA,PASTA,,SPAGHETTI ALFREDO,,Salmon,,1.0
menuItem,PASTA,PASTA,,SPAGHETTI BASIL PESTO,,,,56.0
menuItem,PASTA,PASTA,,SPAGHETTI GENOVESE,,,,73.0
modifier,PASTA,PASTA,,SPAGHETTI BASIL PESTO,,Shaved Parmesan,,9.0
modifier,PASTA,PASTA,,SPAGHETTI BASIL PESTO,,Grilled Vegetable,,1.0
modifier,PASTA,PASTA,,SPAGHETTI BASIL PESTO,,Bacon,,2.0
modifier,PASTA,PASTA,,SPAGHETTI BASIL PESTO,,Grilled Chicklen,,8.0
modifier,PASTA,PASTA,,SPAGHETTI BASIL PESTO,,Bread,,3.0
modifier,PASTA,PASTA,,SPAGHETTI BASIL PESTO,,Prosciutto,,2.0
modifier,PASTA,PASTA,,SPAGHETTI BASIL PESTO,,Regular,,53.0
sizedSpecialRequest,PASTA,PASTA,,SPAGHETTI BASIL PESTO,Regular,118,,1.0
sizedSpecialRequest,PASTA,PASTA,,SPAGHETTI BASIL PESTO,Regular,163 Rigatani,,1.0
sizedSpecialRequest,PASTA,PASTA,,SPAGHETTI BASIL PESTO,Regular,30,,1.0
sizedSpecialRequest,PASTA,PASTA,,SPAGHETTI BASIL PESTO,Regular,34,,1.0
sizedSpecialRequest,PASTA,PASTA,,SPAGHETTI BASIL PESTO,Regular,35,,2.0
sizedSpecialRequest,PASTA,PASTA,,SPAGHETTI BASIL PESTO,Regular,36,,1.0
sizedSpecialRequest,PASTA,PASTA,,SPAGHETTI BASIL PESTO,Regular,87,,1.0
sizedModifier,PASTA,PASTA,,SPAGHETTI BASIL PESTO,Regular,Grilled Chicklen,,1.0
sizedModifier,PASTA,PASTA,,SPAGHETTI BASIL PESTO,Regular,Grilled Vegetable,,1.0
sizedModifier,PASTA,PASTA,,SPAGHETTI BASIL PESTO,Regular,Marinated Chicken,,3.0
sizedModifier,PASTA,PASTA,,SPAGHETTI BASIL PESTO,Regular,Meatballs,,1.0
sizedModifier,PASTA,PASTA,,SPAGHETTI BASIL PESTO,Regular,Mozzarella Ball,,1.0
sizedSpecialRequest,PASTA,PASTA,,SPAGHETTI BASIL PESTO,Regular,No Picante Extra Virgin Olive Oil,,2.0
sizedSpecialRequest,PASTA,PASTA,,SPAGHETTI BASIL PESTO,Regular,Parmesan Al Entro,,1.0
sizedSpecialRequest,PASTA,PASTA,,SPAGHETTI BASIL PESTO,Regular,Salmon,,1.0
sizedModifier,PASTA,PASTA,,SPAGHETTI BASIL PESTO,Regular,Shaved Parmesan,,14.0
sizedModifier,PASTA,PASTA,,SPAGHETTI BASIL PESTO,Regular,Stracciatella Cheese,,1.0
modifier,PASTA,PASTA,,SPAGHETTI BASIL PESTO,,XL,,3.0
sizedSpecialRequest,PASTA,PASTA,,SPAGHETTI BASIL PESTO,XL,36,,1.0
sizedModifier,PASTA,PASTA,,SPAGHETTI BASIL PESTO,XL,Marinated Chicken,,1.0
sizedModifier,PASTA,PASTA,,SPAGHETTI BASIL PESTO,XL,Meatballs,,2.0
specialRequest,PASTA,PASTA,,SPAGHETTI BASIL PESTO,,112,,1.0
specialRequest,PASTA,PASTA,,SPAGHETTI BASIL PESTO,,118,,1.0
specialRequest,PASTA,PASTA,,SPAGHETTI BASIL PESTO,,40,,1.0
specialRequest,PASTA,PASTA,,SPAGHETTI BASIL PESTO,,170,,1.0
specialRequest,PASTA,PASTA,,SPAGHETTI BASIL PESTO,,22,,1.0
specialRequest,PASTA,PASTA,,SPAGHETTI BASIL PESTO,,26,,1.0
specialRequest,PASTA,PASTA,,SPAGHETTI BASIL PESTO,,30,,1.0
specialRequest,PASTA,PASTA,,SPAGHETTI BASIL PESTO,,34,,1.0
specialRequest,PASTA,PASTA,,SPAGHETTI BASIL PESTO,,35,,1.0
specialRequest,PASTA,PASTA,,SPAGHETTI BASIL PESTO,,45,,2.0
specialRequest,PASTA,PASTA,,SPAGHETTI BASIL PESTO,,47,,1.0
specialRequest,PASTA,PASTA,,SPAGHETTI BASIL PESTO,,48,,1.0
specialRequest,PASTA,PASTA,,SPAGHETTI BASIL PESTO,,49,,1.0
specialRequest,PASTA,PASTA,,SPAGHETTI BASIL PESTO,,52,,1.0
specialRequest,PASTA,PASTA,,SPAGHETTI BASIL PESTO,,55,,1.0
specialRequest,PASTA,PASTA,,SPAGHETTI BASIL PESTO,,84,,1.0
specialRequest,PASTA,PASTA,,SPAGHETTI BASIL PESTO,,86,,1.0
specialRequest,PASTA,PASTA,,SPAGHETTI BASIL PESTO,,Mozarela,,1.0
specialRequest,PASTA,PASTA,,SPAGHETTI BASIL PESTO,,No Tomates,,1.0
menuItem,PASTA,PASTA,,RIGATONI ALLA SICILIANA,,,,151.0
modifier,PASTA,PASTA,,RIGATONI ALLA SICILIANA,,Mozzarella Ball,,1.0
modifier,PASTA,PASTA,,RIGATONI ALLA SICILIANA,,Shaved Parmesan,,24.0
modifier,PASTA,PASTA,,RIGATONI ALLA SICILIANA,,Grilled Vegetable,,2.0
modifier,PASTA,PASTA,,RIGATONI ALLA SICILIANA,,Grilled Chicklen,,16.0
modifier,PASTA,PASTA,,RIGATONI ALLA SICILIANA,,Bread,,4.0
modifier,PASTA,PASTA,,RIGATONI ALLA SICILIANA,,Prosciutto,,3.0
modifier,PASTA,PASTA,,RIGATONI ALLA SICILIANA,,Regular,,28.0
sizedSpecialRequest,PASTA,PASTA,,RIGATONI ALLA SICILIANA,Regular,32,,1.0
sizedSpecialRequest,PASTA,PASTA,,RIGATONI ALLA SICILIANA,Regular,36,,1.0
sizedSpecialRequest,PASTA,PASTA,,RIGATONI ALLA SICILIANA,Regular,53,,1.0
sizedModifier,PASTA,PASTA,,RIGATONI ALLA SICILIANA,Regular,Bacon,,1.0
sizedModifier,PASTA,PASTA,,RIGATONI ALLA SICILIANA,Regular,Bread,,1.0
sizedModifier,PASTA,PASTA,,RIGATONI ALLA SICILIANA,Regular,Grilled Vegetable,,1.0
sizedModifier,PASTA,PASTA,,RIGATONI ALLA SICILIANA,Regular,Marinated Chicken,,1.0
sizedModifier,PASTA,PASTA,,RIGATONI ALLA SICILIANA,Regular,Meatballs,,3.0
sizedModifier,PASTA,PASTA,,RIGATONI ALLA SICILIANA,Regular,Prosciutto,,1.0
sizedModifier,PASTA,PASTA,,RIGATONI ALLA SICILIANA,Regular,Shaved Parmesan,,4.0
modifier,PASTA,PASTA,,RIGATONI ALLA SICILIANA,,XL,,1.0
sizedModifier,PASTA,PASTA,,RIGATONI ALLA SICILIANA,XL,Shaved Parmesan,,1.0
specialRequest,PASTA,PASTA,,RIGATONI ALLA SICILIANA,,109,,1.0
specialRequest,PASTA,PASTA,,RIGATONI ALLA SICILIANA,,170,,1.0
specialRequest,PASTA,PASTA,,RIGATONI ALLA SICILIANA,,34,,1.0
specialRequest,PASTA,PASTA,,RIGATONI ALLA SICILIANA,,47,,1.0
specialRequest,PASTA,PASTA,,RIGATONI ALLA SICILIANA,,55,,1.0
specialRequest,PASTA,PASTA,,RIGATONI ALLA SICILIANA,,Vegetebal Aparte,,1.0
specialRequest,PASTA,PASTA,,RIGATONI ALLA SICILIANA,,103,,1.0
specialRequest,PASTA,PASTA,,RIGATONI ALLA SICILIANA,,116,,1.0
specialRequest,PASTA,PASTA,,RIGATONI ALLA SICILIANA,,21,,1.0
specialRequest,PASTA,PASTA,,RIGATONI ALLA SICILIANA,,26,,3.0
specialRequest,PASTA,PASTA,,RIGATONI ALLA SICILIANA,,27,,1.0
specialRequest,PASTA,PASTA,,RIGATONI ALLA SICILIANA,,32,,1.0
specialRequest,PASTA,PASTA,,RIGATONI ALLA SICILIANA,,36,,2.0
specialRequest,PASTA,PASTA,,RIGATONI ALLA SICILIANA,,40,,1.0
specialRequest,PASTA,PASTA,,RIGATONI ALLA SICILIANA,,41,,1.0
specialRequest,PASTA,PASTA,,RIGATONI ALLA SICILIANA,,42,,2.0
specialRequest,PASTA,PASTA,,RIGATONI ALLA SICILIANA,,43,,1.0
specialRequest,PASTA,PASTA,,RIGATONI ALLA SICILIANA,,48,,2.0
specialRequest,PASTA,PASTA,,RIGATONI ALLA SICILIANA,,50,,1.0
specialRequest,PASTA,PASTA,,RIGATONI ALLA SICILIANA,,81,,1.0
specialRequest,PASTA,PASTA,,RIGATONI ALLA SICILIANA,,84,,2.0
specialRequest,PASTA,PASTA,,RIGATONI ALLA SICILIANA,,94,,1.0
specialRequest,PASTA,PASTA,,RIGATONI ALLA SICILIANA,,Chicken,,1.0
menuItem,PASTA,PASTA,,RIGATONI VODKA,,,,153.0
modifier,PASTA,PASTA,,RIGATONI VODKA,,Shaved Parmesan,,15.0
modifier,PASTA,PASTA,,RIGATONI VODKA,,Grilled Chicklen,,16.0
modifier,PASTA,PASTA,,RIGATONI VODKA,,Bread,,5.0
modifier,PASTA,PASTA,,RIGATONI VODKA,,Extra Sauce,,1.0
modifier,PASTA,PASTA,,RIGATONI VODKA,,Prosciutto,,1.0
modifier,PASTA,PASTA,,RIGATONI VODKA,,Regular,,36.0
sizedSpecialRequest,PASTA,PASTA,,RIGATONI VODKA,Regular,109,,1.0
sizedSpecialRequest,PASTA,PASTA,,RIGATONI VODKA,Regular,47,,2.0
sizedModifier,PASTA,PASTA,,RIGATONI VODKA,Regular,Grilled Chicklen,,2.0
sizedModifier,PASTA,PASTA,,RIGATONI VODKA,Regular,Marinated Chicken,,4.0
sizedModifier,PASTA,PASTA,,RIGATONI VODKA,Regular,Meatballs,,2.0
sizedModifier,PASTA,PASTA,,RIGATONI VODKA,Regular,Prosciutto,,1.0
sizedSpecialRequest,PASTA,PASTA,,RIGATONI VODKA,Regular,SOLO MANTEQUILLA NO SALSA,,1.0
sizedModifier,PASTA,PASTA,,RIGATONI VODKA,Regular,Shaved Parmesan,,1.0
modifier,PASTA,PASTA,,RIGATONI VODKA,,XL,,1.0
sizedSpecialRequest,PASTA,PASTA,,RIGATONI VODKA,XL,24,,1.0
specialRequest,PASTA,PASTA,,RIGATONI VODKA,,112,,3.0
specialRequest,PASTA,PASTA,,RIGATONI VODKA,,113,,1.0
specialRequest,PASTA,PASTA,,RIGATONI VODKA,,22,,2.0
specialRequest,PASTA,PASTA,,RIGATONI VODKA,,25,,2.0
specialRequest,PASTA,PASTA,,RIGATONI VODKA,,28,,1.0
specialRequest,PASTA,PASTA,,RIGATONI VODKA,,52,,1.0
specialRequest,PASTA,PASTA,,RIGATONI VODKA,,96,,1.0
specialRequest,PASTA,PASTA,,RIGATONI VODKA,,No Onion,,1.0
specialRequest,PASTA,PASTA,,RIGATONI VODKA,,103,,1.0
specialRequest,PASTA,PASTA,,RIGATONI VODKA,,109,,1.0
specialRequest,PASTA,PASTA,,RIGATONI VODKA,,119,,3.0
specialRequest,PASTA,PASTA,,RIGATONI VODKA,,119 Spagetty,,1.0
specialRequest,PASTA,PASTA,,RIGATONI VODKA,,164,,1.0
specialRequest,PASTA,PASTA,,RIGATONI VODKA,,170,,1.0
specialRequest,PASTA,PASTA,,RIGATONI VODKA,,21,,1.0
specialRequest,PASTA,PASTA,,RIGATONI VODKA,,32,,2.0
specialRequest,PASTA,PASTA,,RIGATONI VODKA,,35,,1.0
specialRequest,PASTA,PASTA,,RIGATONI VODKA,,36,,1.0
specialRequest,PASTA,PASTA,,RIGATONI VODKA,,40,,1.0
specialRequest,PASTA,PASTA,,RIGATONI VODKA,,42,,1.0
specialRequest,PASTA,PASTA,,RIGATONI VODKA,,43,,1.0
specialRequest,PASTA,PASTA,,RIGATONI VODKA,,45,,1.0
specialRequest,PASTA,PASTA,,RIGATONI VODKA,,48,,3.0
specialRequest,PASTA,PASTA,,RIGATONI VODKA,,49,,1.0
specialRequest,PASTA,PASTA,,RIGATONI VODKA,,53,,1.0
specialRequest,PASTA,PASTA,,RIGATONI VODKA,,56,,1.0
specialRequest,PASTA,PASTA,,RIGATONI VODKA,,60,,1.0
specialRequest,PASTA,PASTA,,RIGATONI VODKA,,81,,3.0
specialRequest,PASTA,PASTA,,RIGATONI VODKA,,No Black Pepper,,1.0
specialRequest,PASTA,PASTA,,RIGATONI VODKA,,No Queso No Garlic Oil,,1.0
specialRequest,PASTA,PASTA,,RIGATONI VODKA,,spicy please! w parmesean,,1.0
menuItem,PASTA,PASTA,,RIGATONI BOLOGNESE,,,,237.0
modifier,PASTA,PASTA,,RIGATONI BOLOGNESE,,Mozzarella Ball,,1.0
modifier,PASTA,PASTA,,RIGATONI BOLOGNESE,,Stracciatella Cheese,,1.0
modifier,PASTA,PASTA,,RIGATONI BOLOGNESE,,Shaved Parmesan,,31.0
modifier,PASTA,PASTA,,RIGATONI BOLOGNESE,,Gluten-Free Pizza Dough,,1.0
modifier,PASTA,PASTA,,RIGATONI BOLOGNESE,,Grilled Chicklen,,2.0
modifier,PASTA,PASTA,,RIGATONI BOLOGNESE,,Bread,,2.0
modifier,PASTA,PASTA,,RIGATONI BOLOGNESE,,Extra Sauce,,1.0
modifier,PASTA,PASTA,,RIGATONI BOLOGNESE,,Small,,74.0
sizedSpecialRequest,PASTA,PASTA,,RIGATONI BOLOGNESE,Small,32,,1.0
sizedSpecialRequest,PASTA,PASTA,,RIGATONI BOLOGNESE,Small,36,,1.0
sizedSpecialRequest,PASTA,PASTA,,RIGATONI BOLOGNESE,Small,48,,1.0
sizedSpecialRequest,PASTA,PASTA,,RIGATONI BOLOGNESE,Small,48 Parmesan A Parte,,1.0
sizedSpecialRequest,PASTA,PASTA,,RIGATONI BOLOGNESE,Small,55,,1.0
sizedSpecialRequest,PASTA,PASTA,,RIGATONI BOLOGNESE,Small,56,,1.0
sizedSpecialRequest,PASTA,PASTA,,RIGATONI BOLOGNESE,Small,99,,1.0
sizedModifier,PASTA,PASTA,,RIGATONI BOLOGNESE,Small,Bread,,1.0
sizedSpecialRequest,PASTA,PASTA,,RIGATONI BOLOGNESE,Small,Cheese Aparte,,1.0
sizedModifier,PASTA,PASTA,,RIGATONI BOLOGNESE,Small,Extra Sauce,,1.0
sizedModifier,PASTA,PASTA,,RIGATONI BOLOGNESE,Small,Marinated Chicken,,1.0
sizedModifier,PASTA,PASTA,,RIGATONI BOLOGNESE,Small,Meatballs,,8.0
sizedSpecialRequest,PASTA,PASTA,,RIGATONI BOLOGNESE,Small,Queso Aparte,,1.0
sizedModifier,PASTA,PASTA,,RIGATONI BOLOGNESE,Small,Shaved Parmesan,,12.0
sizedSpecialRequest,PASTA,PASTA,,RIGATONI BOLOGNESE,Small,Spaghetti,,2.0
modifier,PASTA,PASTA,,RIGATONI BOLOGNESE,,XL,,8.0
sizedModifier,PASTA,PASTA,,RIGATONI BOLOGNESE,XL,Bread,,1.0
sizedModifier,PASTA,PASTA,,RIGATONI BOLOGNESE,XL,Meatballs,,1.0
specialRequest,PASTA,PASTA,,RIGATONI BOLOGNESE,,100,,2.0
specialRequest,PASTA,PASTA,,RIGATONI BOLOGNESE,,119,,1.0
specialRequest,PASTA,PASTA,,RIGATONI BOLOGNESE,,22,,1.0
specialRequest,PASTA,PASTA,,RIGATONI BOLOGNESE,,24,,1.0
specialRequest,PASTA,PASTA,,RIGATONI BOLOGNESE,,35,,3.0
specialRequest,PASTA,PASTA,,RIGATONI BOLOGNESE,,43,,2.0
specialRequest,PASTA,PASTA,,RIGATONI BOLOGNESE,,57,,3.0
specialRequest,PASTA,PASTA,,RIGATONI BOLOGNESE,,86,,1.0
specialRequest,PASTA,PASTA,,RIGATONI BOLOGNESE,,89,,1.0
specialRequest,PASTA,PASTA,,RIGATONI BOLOGNESE,,Mozzarella Sherred,,1.0
specialRequest,PASTA,PASTA,,RIGATONI BOLOGNESE,,103,,1.0
specialRequest,PASTA,PASTA,,RIGATONI BOLOGNESE,,113,,1.0
specialRequest,PASTA,PASTA,,RIGATONI BOLOGNESE,,163,,1.0
specialRequest,PASTA,PASTA,,RIGATONI BOLOGNESE,,170,,1.0
specialRequest,PASTA,PASTA,,RIGATONI BOLOGNESE,,25,,1.0
specialRequest,PASTA,PASTA,,RIGATONI BOLOGNESE,,28,,3.0
specialRequest,PASTA,PASTA,,RIGATONI BOLOGNESE,,32,,1.0
specialRequest,PASTA,PASTA,,RIGATONI BOLOGNESE,,36,,1.0
specialRequest,PASTA,PASTA,,RIGATONI BOLOGNESE,,42,,2.0
specialRequest,PASTA,PASTA,,RIGATONI BOLOGNESE,,45,,2.0
specialRequest,PASTA,PASTA,,RIGATONI BOLOGNESE,,47,,2.0
specialRequest,PASTA,PASTA,,RIGATONI BOLOGNESE,,48,,1.0
specialRequest,PASTA,PASTA,,RIGATONI BOLOGNESE,,50,,1.0
specialRequest,PASTA,PASTA,,RIGATONI BOLOGNESE,,53,,2.0
specialRequest,PASTA,PASTA,,RIGATONI BOLOGNESE,,55,,1.0
specialRequest,PASTA,PASTA,,RIGATONI BOLOGNESE,,60,,2.0
specialRequest,PASTA,PASTA,,RIGATONI BOLOGNESE,,81,,1.0
specialRequest,PASTA,PASTA,,RIGATONI BOLOGNESE,,82,,1.0
specialRequest,PASTA,PASTA,,RIGATONI BOLOGNESE,,94,,1.0
specialRequest,PASTA,PASTA,,RIGATONI BOLOGNESE,,96,,3.0
specialRequest,PASTA,PASTA,,RIGATONI BOLOGNESE,,Bread,,2.0
specialRequest,PASTA,PASTA,,RIGATONI BOLOGNESE,,Spaghetti,,1.0
menuItem,PASTA,PASTA,,RIGATONI TARTUFO,,,,95.0
modifier,PASTA,PASTA,,RIGATONI TARTUFO,,Mozzarella Ball,,1.0
modifier,PASTA,PASTA,,RIGATONI TARTUFO,,Shaved Parmesan,,9.0
modifier,PASTA,PASTA,,RIGATONI TARTUFO,,Grilled Vegetable,,1.0
modifier,PASTA,PASTA,,RIGATONI TARTUFO,,Grilled Chicklen,,4.0
modifier,PASTA,PASTA,,RIGATONI TARTUFO,,Bread,,2.0
modifier,PASTA,PASTA,,RIGATONI TARTUFO,,Small,,23.0
sizedSpecialRequest,PASTA,PASTA,,RIGATONI TARTUFO,Small,110,,1.0
sizedSpecialRequest,PASTA,PASTA,,RIGATONI TARTUFO,Small,32,,1.0
sizedSpecialRequest,PASTA,PASTA,,RIGATONI TARTUFO,Small,35,,3.0
sizedSpecialRequest,PASTA,PASTA,,RIGATONI TARTUFO,Small,41,,1.0
sizedModifier,PASTA,PASTA,,RIGATONI TARTUFO,Small,Bread,,1.0
sizedModifier,PASTA,PASTA,,RIGATONI TARTUFO,Small,Grilled Chicklen,,2.0
sizedModifier,PASTA,PASTA,,RIGATONI TARTUFO,Small,Marinated Chicken,,1.0
sizedModifier,PASTA,PASTA,,RIGATONI TARTUFO,Small,Meatballs,,1.0
sizedModifier,PASTA,PASTA,,RIGATONI TARTUFO,Small,Shaved Parmesan,,3.0
modifier,PASTA,PASTA,,RIGATONI TARTUFO,,XL,,3.0
sizedModifier,PASTA,PASTA,,RIGATONI TARTUFO,XL,Grilled Vegetable,,1.0
sizedModifier,PASTA,PASTA,,RIGATONI TARTUFO,XL,Meatballs,,2.0
specialRequest,PASTA,PASTA,,RIGATONI TARTUFO,,22,,1.0
specialRequest,PASTA,PASTA,,RIGATONI TARTUFO,,47,,1.0
specialRequest,PASTA,PASTA,,RIGATONI TARTUFO,,100,,1.0
specialRequest,PASTA,PASTA,,RIGATONI TARTUFO,,32,,2.0
specialRequest,PASTA,PASTA,,RIGATONI TARTUFO,,48,,1.0
specialRequest,PASTA,PASTA,,RIGATONI TARTUFO,,52,,2.0
specialRequest,PASTA,PASTA,,RIGATONI TARTUFO,,53,,1.0
specialRequest,PASTA,PASTA,,RIGATONI TARTUFO,,60,,1.0
specialRequest,PASTA,PASTA,,RIGATONI TARTUFO,,Spaghetti!!,,1.0
menuItem,PASTA,PASTA,,LASAGNA,,,,152.0
modifier,PASTA,PASTA,,LASAGNA,,Shaved Parmesan,,7.0
modifier,PASTA,PASTA,,LASAGNA,,Bread,,7.0
modifier,PASTA,PASTA,,LASAGNA,,Prosciutto,,1.0
modifier,PASTA,PASTA,,LASAGNA,,Regular,,23.0
sizedSpecialRequest,PASTA,PASTA,,LASAGNA,Regular,60,,1.0
sizedSpecialRequest,PASTA,PASTA,,LASAGNA,Regular,87,,1.0
sizedModifier,PASTA,PASTA,,LASAGNA,Regular,Bread,,4.0
sizedModifier,PASTA,PASTA,,LASAGNA,Regular,Shaved Parmesan,,1.0
modifier,PASTA,PASTA,,LASAGNA,,XL,,6.0
sizedSpecialRequest,PASTA,PASTA,,LASAGNA,XL,119,,1.0
sizedSpecialRequest,PASTA,PASTA,,LASAGNA,XL,24,,1.0
sizedModifier,PASTA,PASTA,,LASAGNA,XL,Bread,,1.0
sizedSpecialRequest,PASTA,PASTA,,LASAGNA,XL,Cotarla Por La Mitad Y Diferente Plato,,1.0
sizedModifier,PASTA,PASTA,,LASAGNA,XL,Meatballs,,1.0
specialRequest,PASTA,PASTA,,LASAGNA,,100,,3.0
specialRequest,PASTA,PASTA,,LASAGNA,,113,,3.0
specialRequest,PASTA,PASTA,,LASAGNA,,30,,1.0
specialRequest,PASTA,PASTA,,LASAGNA,,49,,1.0
specialRequest,PASTA,PASTA,,LASAGNA,,56,,2.0
specialRequest,PASTA,PASTA,,LASAGNA,,109,,1.0
specialRequest,PASTA,PASTA,,LASAGNA,,112,,1.0
specialRequest,PASTA,PASTA,,LASAGNA,,164,,2.0
specialRequest,PASTA,PASTA,,LASAGNA,,24,,1.0
specialRequest,PASTA,PASTA,,LASAGNA,,25,,5.0
specialRequest,PASTA,PASTA,,LASAGNA,,26,,3.0
specialRequest,PASTA,PASTA,,LASAGNA,,28,,1.0
specialRequest,PASTA,PASTA,,LASAGNA,,32,,1.0
specialRequest,PASTA,PASTA,,LASAGNA,,42,,1.0
specialRequest,PASTA,PASTA,,LASAGNA,,43,,3.0
specialRequest,PASTA,PASTA,,LASAGNA,,45,,1.0
specialRequest,PASTA,PASTA,,LASAGNA,,53,,1.0
specialRequest,PASTA,PASTA,,LASAGNA,,57,,1.0
specialRequest,PASTA,PASTA,,LASAGNA,,94,,1.0
specialRequest,PASTA,PASTA,,LASAGNA,,Poquito Spicy,,1.0
specialRequest,PASTA,PASTA,,LASAGNA,,To Go,,1.0
"",PIZZA,,,,,,,1518.0
"",PIZZA,PIZZA,,,,,,1518.0
menuItem,PIZZA,PIZZA,,PIZZA MARGHERITA,,,,495.0
modifier,PIZZA,PIZZA,,PIZZA MARGHERITA,,Shredded Mozzarella,,2.0
modifier,PIZZA,PIZZA,,PIZZA MARGHERITA,,Mushrooms,,2.0
modifier,PIZZA,PIZZA,,PIZZA MARGHERITA,,Marinated Chicken,,1.0
modifier,PIZZA,PIZZA,,PIZZA MARGHERITA,,Grilled Vegetable,,2.0
modifier,PIZZA,PIZZA,,PIZZA MARGHERITA,,PESTO OIL,,4.0
modifier,PIZZA,PIZZA,,PIZZA MARGHERITA,,Vegan Mozzarella,,2.0
modifier,PIZZA,PIZZA,,PIZZA MARGHERITA,,Gluten-Free Pizza Dough,,12.0
modifier,PIZZA,PIZZA,,PIZZA MARGHERITA,,Bacon,,2.0
modifier,PIZZA,PIZZA,,PIZZA MARGHERITA,,Gluten-Free Pizza Dough,,4.0
modifier,PIZZA,PIZZA,,PIZZA MARGHERITA,,Prosciutto,,5.0
modifier,PIZZA,PIZZA,,PIZZA MARGHERITA,,Shaved Parmesan,,12.0
modifier,PIZZA,PIZZA,,PIZZA MARGHERITA,,Arugula,,1.0
modifier,PIZZA,PIZZA,,PIZZA MARGHERITA,,VEGAN mozzarella cheese,,3.0
specialRequest,PIZZA,PIZZA,,PIZZA MARGHERITA,,103,,4.0
specialRequest,PIZZA,PIZZA,,PIZZA MARGHERITA,,109,,1.0
specialRequest,PIZZA,PIZZA,,PIZZA MARGHERITA,,110,,9.0
specialRequest,PIZZA,PIZZA,,PIZZA MARGHERITA,,112,,5.0
specialRequest,PIZZA,PIZZA,,PIZZA MARGHERITA,,116,,1.0
specialRequest,PIZZA,PIZZA,,PIZZA MARGHERITA,,118,,8.0
specialRequest,PIZZA,PIZZA,,PIZZA MARGHERITA,,119,,6.0
specialRequest,PIZZA,PIZZA,,PIZZA MARGHERITA,,164,,2.0
specialRequest,PIZZA,PIZZA,,PIZZA MARGHERITA,,170,,3.0
specialRequest,PIZZA,PIZZA,,PIZZA MARGHERITA,,28,,4.0
specialRequest,PIZZA,PIZZA,,PIZZA MARGHERITA,,30,,4.0
specialRequest,PIZZA,PIZZA,,PIZZA MARGHERITA,,40,,4.0
specialRequest,PIZZA,PIZZA,,PIZZA MARGHERITA,,47,,6.0
specialRequest,PIZZA,PIZZA,,PIZZA MARGHERITA,,50,,4.0
specialRequest,PIZZA,PIZZA,,PIZZA MARGHERITA,,53,,3.0
specialRequest,PIZZA,PIZZA,,PIZZA MARGHERITA,,86,,5.0
specialRequest,PIZZA,PIZZA,,PIZZA MARGHERITA,,87,,6.0
specialRequest,PIZZA,PIZZA,,PIZZA MARGHERITA,,89,,4.0
specialRequest,PIZZA,PIZZA,,PIZZA MARGHERITA,,92,,5.0
specialRequest,PIZZA,PIZZA,,PIZZA MARGHERITA,,Chicken,,1.0
specialRequest,PIZZA,PIZZA,,PIZZA MARGHERITA,,No Mucho Queso,,1.0
specialRequest,PIZZA,PIZZA,,PIZZA MARGHERITA,,Nueva Glove,,1.0
specialRequest,PIZZA,PIZZA,,PIZZA MARGHERITA,,Oinion,,1.0
specialRequest,PIZZA,PIZZA,,PIZZA MARGHERITA,,Roue De La Chance,,1.0
specialRequest,PIZZA,PIZZA,,PIZZA MARGHERITA,,Sin Queso,,1.0
specialRequest,PIZZA,PIZZA,,PIZZA MARGHERITA,,Solo Mozzarella No Tomato,,1.0
specialRequest,PIZZA,PIZZA,,PIZZA MARGHERITA,,100,,2.0
specialRequest,PIZZA,PIZZA,,PIZZA MARGHERITA,,104,,1.0
specialRequest,PIZZA,PIZZA,,PIZZA MARGHERITA,,113,,4.0
specialRequest,PIZZA,PIZZA,,PIZZA MARGHERITA,,161,,3.0
specialRequest,PIZZA,PIZZA,,PIZZA MARGHERITA,,163,,2.0
specialRequest,PIZZA,PIZZA,,PIZZA MARGHERITA,,21,,1.0
specialRequest,PIZZA,PIZZA,,PIZZA MARGHERITA,,21;,,1.0
specialRequest,PIZZA,PIZZA,,PIZZA MARGHERITA,,24,,2.0
specialRequest,PIZZA,PIZZA,,PIZZA MARGHERITA,,25,,1.0
specialRequest,PIZZA,PIZZA,,PIZZA MARGHERITA,,26,,6.0
specialRequest,PIZZA,PIZZA,,PIZZA MARGHERITA,,32,,4.0
specialRequest,PIZZA,PIZZA,,PIZZA MARGHERITA,,35,,4.0
specialRequest,PIZZA,PIZZA,,PIZZA MARGHERITA,,41,,1.0
specialRequest,PIZZA,PIZZA,,PIZZA MARGHERITA,,42,,2.0
specialRequest,PIZZA,PIZZA,,PIZZA MARGHERITA,,43,,2.0
specialRequest,PIZZA,PIZZA,,PIZZA MARGHERITA,,45,,2.0
specialRequest,PIZZA,PIZZA,,PIZZA MARGHERITA,,48,,2.0
specialRequest,PIZZA,PIZZA,,PIZZA MARGHERITA,,49,,2.0
specialRequest,PIZZA,PIZZA,,PIZZA MARGHERITA,,51,,1.0
specialRequest,PIZZA,PIZZA,,PIZZA MARGHERITA,,52,,2.0
specialRequest,PIZZA,PIZZA,,PIZZA MARGHERITA,,56,,6.0
specialRequest,PIZZA,PIZZA,,PIZZA MARGHERITA,,57,,1.0
specialRequest,PIZZA,PIZZA,,PIZZA MARGHERITA,,60,,3.0
specialRequest,PIZZA,PIZZA,,PIZZA MARGHERITA,,81,,1.0
specialRequest,PIZZA,PIZZA,,PIZZA MARGHERITA,,82,,4.0
specialRequest,PIZZA,PIZZA,,PIZZA MARGHERITA,,83,,5.0
specialRequest,PIZZA,PIZZA,,PIZZA MARGHERITA,,84,,4.0
specialRequest,PIZZA,PIZZA,,PIZZA MARGHERITA,,94,,6.0
specialRequest,PIZZA,PIZZA,,PIZZA MARGHERITA,,96,,4.0
specialRequest,PIZZA,PIZZA,,PIZZA MARGHERITA,,98,,3.0
specialRequest,PIZZA,PIZZA,,PIZZA MARGHERITA,,99,,2.0
specialRequest,PIZZA,PIZZA,,PIZZA MARGHERITA,,Add Tomatoes,,1.0
specialRequest,PIZZA,PIZZA,,PIZZA MARGHERITA,,Balsamic Glaze,,1.0
specialRequest,PIZZA,PIZZA,,PIZZA MARGHERITA,,Change Mind,,1.0
specialRequest,PIZZA,PIZZA,,PIZZA MARGHERITA,,EXTA ALERRIA TO GLUTEN CON HARINA,,1.0
specialRequest,PIZZA,PIZZA,,PIZZA MARGHERITA,,Mas Queso,,1.0
specialRequest,PIZZA,PIZZA,,PIZZA MARGHERITA,,No Basil,,1.0
specialRequest,PIZZA,PIZZA,,PIZZA MARGHERITA,,"No Cheese, Only Sauce",,1.0
specialRequest,PIZZA,PIZZA,,PIZZA MARGHERITA,,No Origano Mas Basil,,1.0
specialRequest,PIZZA,PIZZA,,PIZZA MARGHERITA,,Parmesan A Paerte,,1.0
specialRequest,PIZZA,PIZZA,,PIZZA MARGHERITA,,Test,,1.0
specialRequest,PIZZA,PIZZA,,PIZZA MARGHERITA,,Well Done,,2.0
menuItem,PIZZA,PIZZA,,PIZZA COTTO,,,,144.0
modifier,PIZZA,PIZZA,,PIZZA COTTO,,Shredded Mozzarella,,2.0
modifier,PIZZA,PIZZA,,PIZZA COTTO,,Mushrooms,,1.0
modifier,PIZZA,PIZZA,,PIZZA COTTO,,Vegan Mozzarella,,1.0
modifier,PIZZA,PIZZA,,PIZZA COTTO,,Gluten-Free Pizza Dough,,4.0
modifier,PIZZA,PIZZA,,PIZZA COTTO,,Prosciutto,,3.0
modifier,PIZZA,PIZZA,,PIZZA COTTO,,Shaved Parmesan,,4.0
modifier,PIZZA,PIZZA,,PIZZA COTTO,,Arugula,,2.0
modifier,PIZZA,PIZZA,,PIZZA COTTO,,VEGAN mozzarella cheese,,1.0
specialRequest,PIZZA,PIZZA,,PIZZA COTTO,,21,,1.0
specialRequest,PIZZA,PIZZA,,PIZZA COTTO,,28,,1.0
specialRequest,PIZZA,PIZZA,,PIZZA COTTO,,40,,1.0
specialRequest,PIZZA,PIZZA,,PIZZA COTTO,,100,,1.0
specialRequest,PIZZA,PIZZA,,PIZZA COTTO,,103,,1.0
specialRequest,PIZZA,PIZZA,,PIZZA COTTO,,109,,2.0
specialRequest,PIZZA,PIZZA,,PIZZA COTTO,,112,,3.0
specialRequest,PIZZA,PIZZA,,PIZZA COTTO,,161,,1.0
specialRequest,PIZZA,PIZZA,,PIZZA COTTO,,164,,1.0
specialRequest,PIZZA,PIZZA,,PIZZA COTTO,,25,,1.0
specialRequest,PIZZA,PIZZA,,PIZZA COTTO,,26,,1.0
specialRequest,PIZZA,PIZZA,,PIZZA COTTO,,34,,2.0
specialRequest,PIZZA,PIZZA,,PIZZA COTTO,,41,,1.0
specialRequest,PIZZA,PIZZA,,PIZZA COTTO,,47,,1.0
specialRequest,PIZZA,PIZZA,,PIZZA COTTO,,53,,1.0
specialRequest,PIZZA,PIZZA,,PIZZA COTTO,,92,,3.0
specialRequest,PIZZA,PIZZA,,PIZZA COTTO,,94,,1.0
specialRequest,PIZZA,PIZZA,,PIZZA COTTO,,99,,1.0
specialRequest,PIZZA,PIZZA,,PIZZA COTTO,,No Tomato Sauce,,1.0
menuItem,PIZZA,PIZZA,,PIZZA DIAVOLA,,,,262.0
modifier,PIZZA,PIZZA,,PIZZA DIAVOLA,,Shredded Mozzarella,,2.0
modifier,PIZZA,PIZZA,,PIZZA DIAVOLA,,Stracciatella Cheese,,1.0
modifier,PIZZA,PIZZA,,PIZZA DIAVOLA,,Mushrooms,,1.0
modifier,PIZZA,PIZZA,,PIZZA DIAVOLA,,Grilled Vegetable,,1.0
modifier,PIZZA,PIZZA,,PIZZA DIAVOLA,,PESTO OIL,,3.0
modifier,PIZZA,PIZZA,,PIZZA DIAVOLA,,Vegan Mozzarella,,1.0
modifier,PIZZA,PIZZA,,PIZZA DIAVOLA,,Gluten-Free Pizza Dough,,3.0
modifier,PIZZA,PIZZA,,PIZZA DIAVOLA,,Shaved Parmesan,,11.0
modifier,PIZZA,PIZZA,,PIZZA DIAVOLA,,Arugula,,4.0
modifier,PIZZA,PIZZA,,PIZZA DIAVOLA,,Meatballs,,2.0
specialRequest,PIZZA,PIZZA,,PIZZA DIAVOLA,,22,,1.0
specialRequest,PIZZA,PIZZA,,PIZZA DIAVOLA,,28,,1.0
specialRequest,PIZZA,PIZZA,,PIZZA DIAVOLA,,32,,1.0
specialRequest,PIZZA,PIZZA,,PIZZA DIAVOLA,,49,,2.0
specialRequest,PIZZA,PIZZA,,PIZZA DIAVOLA,,56,,1.0
specialRequest,PIZZA,PIZZA,,PIZZA DIAVOLA,,84,,2.0
specialRequest,PIZZA,PIZZA,,PIZZA DIAVOLA,,92,,2.0
specialRequest,PIZZA,PIZZA,,PIZZA DIAVOLA,,To Go Solo La Diavola,,0.0
specialRequest,PIZZA,PIZZA,,PIZZA DIAVOLA,,100,,3.0
specialRequest,PIZZA,PIZZA,,PIZZA DIAVOLA,,103,,1.0
specialRequest,PIZZA,PIZZA,,PIZZA DIAVOLA,,104,,1.0
specialRequest,PIZZA,PIZZA,,PIZZA DIAVOLA,,110,,2.0
specialRequest,PIZZA,PIZZA,,PIZZA DIAVOLA,,112,,1.0
specialRequest,PIZZA,PIZZA,,PIZZA DIAVOLA,,113,,1.0
specialRequest,PIZZA,PIZZA,,PIZZA DIAVOLA,,116,,1.0
specialRequest,PIZZA,PIZZA,,PIZZA DIAVOLA,,118,,2.0
specialRequest,PIZZA,PIZZA,,PIZZA DIAVOLA,,119,,1.0
specialRequest,PIZZA,PIZZA,,PIZZA DIAVOLA,,170,,4.0
specialRequest,PIZZA,PIZZA,,PIZZA DIAVOLA,,21,,2.0
specialRequest,PIZZA,PIZZA,,PIZZA DIAVOLA,,24,,1.0
specialRequest,PIZZA,PIZZA,,PIZZA DIAVOLA,,25,,1.0
specialRequest,PIZZA,PIZZA,,PIZZA DIAVOLA,,30,,1.0
specialRequest,PIZZA,PIZZA,,PIZZA DIAVOLA,,36,,1.0
specialRequest,PIZZA,PIZZA,,PIZZA DIAVOLA,,41,,1.0
specialRequest,PIZZA,PIZZA,,PIZZA DIAVOLA,,45,,1.0
specialRequest,PIZZA,PIZZA,,PIZZA DIAVOLA,,50,,2.0
specialRequest,PIZZA,PIZZA,,PIZZA DIAVOLA,,52,,1.0
specialRequest,PIZZA,PIZZA,,PIZZA DIAVOLA,,53,,3.0
specialRequest,PIZZA,PIZZA,,PIZZA DIAVOLA,,55,,7.0
specialRequest,PIZZA,PIZZA,,PIZZA DIAVOLA,,57,,3.0
specialRequest,PIZZA,PIZZA,,PIZZA DIAVOLA,,58,,1.0
specialRequest,PIZZA,PIZZA,,PIZZA DIAVOLA,,82,,1.0
specialRequest,PIZZA,PIZZA,,PIZZA DIAVOLA,,83,,4.0
specialRequest,PIZZA,PIZZA,,PIZZA DIAVOLA,,86,,2.0
specialRequest,PIZZA,PIZZA,,PIZZA DIAVOLA,,87,,1.0
specialRequest,PIZZA,PIZZA,,PIZZA DIAVOLA,,94,,3.0
specialRequest,PIZZA,PIZZA,,PIZZA DIAVOLA,,96,,2.0
specialRequest,PIZZA,PIZZA,,PIZZA DIAVOLA,,98,,1.0
specialRequest,PIZZA,PIZZA,,PIZZA DIAVOLA,,99,,1.0
specialRequest,PIZZA,PIZZA,,PIZZA DIAVOLA,,Aleria Peanut,,1.0
specialRequest,PIZZA,PIZZA,,PIZZA DIAVOLA,,Bryant C,,1.0
specialRequest,PIZZA,PIZZA,,PIZZA DIAVOLA,,No Cheese,,1.0
menuItem,PIZZA,PIZZA,,PIZZA PRIMAVERA,,,,40.0
modifier,PIZZA,PIZZA,,PIZZA PRIMAVERA,,Vegan Mozzarella,,4.0
modifier,PIZZA,PIZZA,,PIZZA PRIMAVERA,,Gluten-Free Pizza Dough,,1.0
modifier,PIZZA,PIZZA,,PIZZA PRIMAVERA,,Bacon,,1.0
modifier,PIZZA,PIZZA,,PIZZA PRIMAVERA,,Gluten-Free Pizza Dough,,1.0
modifier,PIZZA,PIZZA,,PIZZA PRIMAVERA,,Arugula,,2.0
specialRequest,PIZZA,PIZZA,,PIZZA PRIMAVERA,,100,,1.0
specialRequest,PIZZA,PIZZA,,PIZZA PRIMAVERA,,110,,1.0
specialRequest,PIZZA,PIZZA,,PIZZA PRIMAVERA,,21,,1.0
specialRequest,PIZZA,PIZZA,,PIZZA PRIMAVERA,,22,,1.0
specialRequest,PIZZA,PIZZA,,PIZZA PRIMAVERA,,39,,1.0
specialRequest,PIZZA,PIZZA,,PIZZA PRIMAVERA,,119,,1.0
specialRequest,PIZZA,PIZZA,,PIZZA PRIMAVERA,,25,,1.0
specialRequest,PIZZA,PIZZA,,PIZZA PRIMAVERA,,26,,1.0
specialRequest,PIZZA,PIZZA,,PIZZA PRIMAVERA,,35,,1.0
specialRequest,PIZZA,PIZZA,,PIZZA PRIMAVERA,,45,,1.0
specialRequest,PIZZA,PIZZA,,PIZZA PRIMAVERA,,84,,1.0
specialRequest,PIZZA,PIZZA,,PIZZA PRIMAVERA,,86,,1.0
specialRequest,PIZZA,PIZZA,,PIZZA PRIMAVERA,,Mushroom,,1.0
specialRequest,PIZZA,PIZZA,,PIZZA PRIMAVERA,,No Cheese,,1.0
specialRequest,PIZZA,PIZZA,,PIZZA PRIMAVERA,,No Hacer Es Lunch Box,,1.0
specialRequest,PIZZA,PIZZA,,PIZZA PRIMAVERA,,No Parmesan,,1.0
menuItem,PIZZA,PIZZA,,PIZZA REGINA,,,,104.0
modifier,PIZZA,PIZZA,,PIZZA REGINA,,PESTO OIL,,1.0
modifier,PIZZA,PIZZA,,PIZZA REGINA,,Gluten-Free Pizza Dough,,6.0
modifier,PIZZA,PIZZA,,PIZZA REGINA,,Bacon,,1.0
modifier,PIZZA,PIZZA,,PIZZA REGINA,,Gluten-Free Pizza Dough,,1.0
modifier,PIZZA,PIZZA,,PIZZA REGINA,,Prosciutto,,1.0
modifier,PIZZA,PIZZA,,PIZZA REGINA,,Shaved Parmesan,,3.0
specialRequest,PIZZA,PIZZA,,PIZZA REGINA,,40,,3.0
specialRequest,PIZZA,PIZZA,,PIZZA REGINA,,83,,2.0
specialRequest,PIZZA,PIZZA,,PIZZA REGINA,,86,,1.0
specialRequest,PIZZA,PIZZA,,PIZZA REGINA,,No Ham,,1.0
specialRequest,PIZZA,PIZZA,,PIZZA REGINA,,Poquito Salsa Tomato,,1.0
specialRequest,PIZZA,PIZZA,,PIZZA REGINA,,116,,1.0
specialRequest,PIZZA,PIZZA,,PIZZA REGINA,,161,,1.0
specialRequest,PIZZA,PIZZA,,PIZZA REGINA,,170,,1.0
specialRequest,PIZZA,PIZZA,,PIZZA REGINA,,24,,2.0
specialRequest,PIZZA,PIZZA,,PIZZA REGINA,,26,,2.0
specialRequest,PIZZA,PIZZA,,PIZZA REGINA,,28,,1.0
specialRequest,PIZZA,PIZZA,,PIZZA REGINA,,45,,1.0
specialRequest,PIZZA,PIZZA,,PIZZA REGINA,,52,,1.0
specialRequest,PIZZA,PIZZA,,PIZZA REGINA,,53,,1.0
specialRequest,PIZZA,PIZZA,,PIZZA REGINA,,87,,1.0
specialRequest,PIZZA,PIZZA,,PIZZA REGINA,,96,,1.0
specialRequest,PIZZA,PIZZA,,PIZZA REGINA,,98,,1.0
specialRequest,PIZZA,PIZZA,,PIZZA REGINA,,Extra Mortadella,,1.0
menuItem,PIZZA,PIZZA,,PIZZA MARGHERITA DI BURRATA,,,,151.0
modifier,PIZZA,PIZZA,,PIZZA MARGHERITA DI BURRATA,,Shredded Mozzarella,,2.0
modifier,PIZZA,PIZZA,,PIZZA MARGHERITA DI BURRATA,,Mozzarella Ball,,2.0
modifier,PIZZA,PIZZA,,PIZZA MARGHERITA DI BURRATA,,Marinated Chicken,,1.0
modifier,PIZZA,PIZZA,,PIZZA MARGHERITA DI BURRATA,,Grilled Vegetable,,4.0
modifier,PIZZA,PIZZA,,PIZZA MARGHERITA DI BURRATA,,PESTO OIL,,1.0
modifier,PIZZA,PIZZA,,PIZZA MARGHERITA DI BURRATA,,Bacon,,1.0
modifier,PIZZA,PIZZA,,PIZZA MARGHERITA DI BURRATA,,Prosciutto,,2.0
modifier,PIZZA,PIZZA,,PIZZA MARGHERITA DI BURRATA,,Spianata Calabrese,,2.0
modifier,PIZZA,PIZZA,,PIZZA MARGHERITA DI BURRATA,,Shaved Parmesan,,2.0
modifier,PIZZA,PIZZA,,PIZZA MARGHERITA DI BURRATA,,Arugula,,1.0
modifier,PIZZA,PIZZA,,PIZZA MARGHERITA DI BURRATA,,Extra Sauce,,1.0
specialRequest,PIZZA,PIZZA,,PIZZA MARGHERITA DI BURRATA,,109,,1.0
specialRequest,PIZZA,PIZZA,,PIZZA MARGHERITA DI BURRATA,,110,,1.0
specialRequest,PIZZA,PIZZA,,PIZZA MARGHERITA DI BURRATA,,170,,1.0
specialRequest,PIZZA,PIZZA,,PIZZA MARGHERITA DI BURRATA,,36,,1.0
specialRequest,PIZZA,PIZZA,,PIZZA MARGHERITA DI BURRATA,,47,,2.0
specialRequest,PIZZA,PIZZA,,PIZZA MARGHERITA DI BURRATA,,92,,2.0
specialRequest,PIZZA,PIZZA,,PIZZA MARGHERITA DI BURRATA,,100,,1.0
specialRequest,PIZZA,PIZZA,,PIZZA MARGHERITA DI BURRATA,,112,,1.0
specialRequest,PIZZA,PIZZA,,PIZZA MARGHERITA DI BURRATA,,119,,1.0
specialRequest,PIZZA,PIZZA,,PIZZA MARGHERITA DI BURRATA,,25,,3.0
specialRequest,PIZZA,PIZZA,,PIZZA MARGHERITA DI BURRATA,,32,,1.0
specialRequest,PIZZA,PIZZA,,PIZZA MARGHERITA DI BURRATA,,34,,1.0
specialRequest,PIZZA,PIZZA,,PIZZA MARGHERITA DI BURRATA,,42,,1.0
specialRequest,PIZZA,PIZZA,,PIZZA MARGHERITA DI BURRATA,,56,,2.0
specialRequest,PIZZA,PIZZA,,PIZZA MARGHERITA DI BURRATA,,58,,1.0
specialRequest,PIZZA,PIZZA,,PIZZA MARGHERITA DI BURRATA,,60,,1.0
specialRequest,PIZZA,PIZZA,,PIZZA MARGHERITA DI BURRATA,,82,,1.0
specialRequest,PIZZA,PIZZA,,PIZZA MARGHERITA DI BURRATA,,83,,2.0
specialRequest,PIZZA,PIZZA,,PIZZA MARGHERITA DI BURRATA,,84,,1.0
specialRequest,PIZZA,PIZZA,,PIZZA MARGHERITA DI BURRATA,,89,,1.0
specialRequest,PIZZA,PIZZA,,PIZZA MARGHERITA DI BURRATA,,98,,1.0
specialRequest,PIZZA,PIZZA,,PIZZA MARGHERITA DI BURRATA,,99,,2.0
specialRequest,PIZZA,PIZZA,,PIZZA MARGHERITA DI BURRATA,,No Cherry Tomatoes,,1.0
specialRequest,PIZZA,PIZZA,,PIZZA MARGHERITA DI BURRATA,,Well Done,,1.0
specialRequest,PIZZA,PIZZA,,PIZZA MARGHERITA DI BURRATA,,With Chiken 86,,1.0
menuItem,PIZZA,PIZZA,,PIZZA TRUFFLE,,,,34.0
menuItem,PIZZA,PIZZA,,PIZZA POSITANO,,,,150.0
modifier,PIZZA,PIZZA,,PIZZA TRUFFLE,,Ham,,1.0
modifier,PIZZA,PIZZA,,PIZZA TRUFFLE,,Stracciatella Cheese,,4.0
modifier,PIZZA,PIZZA,,PIZZA TRUFFLE,,Marinated Chicken,,1.0
modifier,PIZZA,PIZZA,,PIZZA TRUFFLE,,Grilled Vegetable,,1.0
modifier,PIZZA,PIZZA,,PIZZA TRUFFLE,,PESTO OIL,,1.0
modifier,PIZZA,PIZZA,,PIZZA TRUFFLE,,Vegan Mozzarella,,2.0
modifier,PIZZA,PIZZA,,PIZZA TRUFFLE,,Gluten-Free Pizza Dough,,6.0
modifier,PIZZA,PIZZA,,PIZZA TRUFFLE,,Gluten-Free Pizza Dough,,1.0
modifier,PIZZA,PIZZA,,PIZZA TRUFFLE,,Prosciutto,,2.0
modifier,PIZZA,PIZZA,,PIZZA TRUFFLE,,Spianata Calabrese,,1.0
modifier,PIZZA,PIZZA,,PIZZA TRUFFLE,,Shaved Parmesan,,2.0
modifier,PIZZA,PIZZA,,PIZZA TRUFFLE,,Arugula,,2.0
modifier,PIZZA,PIZZA,,PIZZA TRUFFLE,,Extra Sauce,,1.0
modifier,PIZZA,PIZZA,,PIZZA TRUFFLE,,Meatballs,,1.0
specialRequest,PIZZA,PIZZA,,PIZZA TRUFFLE,,100,,1.0
specialRequest,PIZZA,PIZZA,,PIZZA TRUFFLE,,104,,1.0
specialRequest,PIZZA,PIZZA,,PIZZA TRUFFLE,,109,,3.0
specialRequest,PIZZA,PIZZA,,PIZZA TRUFFLE,,163,,1.0
specialRequest,PIZZA,PIZZA,,PIZZA TRUFFLE,,170,,2.0
specialRequest,PIZZA,PIZZA,,PIZZA TRUFFLE,,24,,1.0
specialRequest,PIZZA,PIZZA,,PIZZA TRUFFLE,,47,,3.0
specialRequest,PIZZA,PIZZA,,PIZZA TRUFFLE,,48,,1.0
specialRequest,PIZZA,PIZZA,,PIZZA TRUFFLE,,49,,1.0
specialRequest,PIZZA,PIZZA,,PIZZA TRUFFLE,,50,,3.0
specialRequest,PIZZA,PIZZA,,PIZZA TRUFFLE,,83,,1.0
specialRequest,PIZZA,PIZZA,,PIZZA TRUFFLE,,84,,1.0
specialRequest,PIZZA,PIZZA,,PIZZA TRUFFLE,,94,,1.0
specialRequest,PIZZA,PIZZA,,PIZZA TRUFFLE,,103,,1.0
specialRequest,PIZZA,PIZZA,,PIZZA TRUFFLE,,113,,3.0
specialRequest,PIZZA,PIZZA,,PIZZA TRUFFLE,,118,,1.0
specialRequest,PIZZA,PIZZA,,PIZZA TRUFFLE,,119,,2.0
specialRequest,PIZZA,PIZZA,,PIZZA TRUFFLE,,22,,1.0
specialRequest,PIZZA,PIZZA,,PIZZA TRUFFLE,,26,,3.0
specialRequest,PIZZA,PIZZA,,PIZZA TRUFFLE,,32,,1.0
specialRequest,PIZZA,PIZZA,,PIZZA TRUFFLE,,39,,1.0
specialRequest,PIZZA,PIZZA,,PIZZA TRUFFLE,,40,,1.0
specialRequest,PIZZA,PIZZA,,PIZZA TRUFFLE,,42,,1.0
specialRequest,PIZZA,PIZZA,,PIZZA TRUFFLE,,43,,2.0
specialRequest,PIZZA,PIZZA,,PIZZA TRUFFLE,,52,,1.0
specialRequest,PIZZA,PIZZA,,PIZZA TRUFFLE,,53,,3.0
specialRequest,PIZZA,PIZZA,,PIZZA TRUFFLE,,55,,2.0
specialRequest,PIZZA,PIZZA,,PIZZA TRUFFLE,,57,,1.0
specialRequest,PIZZA,PIZZA,,PIZZA TRUFFLE,,60,,2.0
specialRequest,PIZZA,PIZZA,,PIZZA TRUFFLE,,81,,3.0
specialRequest,PIZZA,PIZZA,,PIZZA TRUFFLE,,89,,1.0
specialRequest,PIZZA,PIZZA,,PIZZA TRUFFLE,,92,,2.0
specialRequest,PIZZA,PIZZA,,PIZZA TRUFFLE,,99,,1.0
specialRequest,PIZZA,PIZZA,,PIZZA TRUFFLE,,Bryant C,,1.0
specialRequest,PIZZA,PIZZA,,PIZZA TRUFFLE,,No Black Pepper,,1.0
specialRequest,PIZZA,PIZZA,,PIZZA TRUFFLE,,No Parmegiano,,1.0
specialRequest,PIZZA,PIZZA,,PIZZA TRUFFLE,,Rapido 56,,1.0
specialRequest,PIZZA,PIZZA,,PIZZA TRUFFLE,,Well Done,,1.0
menuItem,PIZZA,PIZZA,,PIZZA PROSCIUTTO E BURRATA,,,,138.0
modifier,PIZZA,PIZZA,,PIZZA PROSCIUTTO E BURRATA,,PESTO OIL,,1.0
modifier,PIZZA,PIZZA,,PIZZA PROSCIUTTO E BURRATA,,Vegan Mozzarella,,1.0
modifier,PIZZA,PIZZA,,PIZZA PROSCIUTTO E BURRATA,,Gluten-Free Pizza Dough,,1.0
modifier,PIZZA,PIZZA,,PIZZA PROSCIUTTO E BURRATA,,Gluten-Free Pizza Dough,,1.0
modifier,PIZZA,PIZZA,,PIZZA PROSCIUTTO E BURRATA,,Shaved Parmesan,,4.0
modifier,PIZZA,PIZZA,,PIZZA PROSCIUTTO E BURRATA,,Arugula,,2.0
specialRequest,PIZZA,PIZZA,,PIZZA PROSCIUTTO E BURRATA,,100,,2.0
specialRequest,PIZZA,PIZZA,,PIZZA PROSCIUTTO E BURRATA,,110,,1.0
specialRequest,PIZZA,PIZZA,,PIZZA PROSCIUTTO E BURRATA,,118,,1.0
specialRequest,PIZZA,PIZZA,,PIZZA PROSCIUTTO E BURRATA,,21,,1.0
specialRequest,PIZZA,PIZZA,,PIZZA PROSCIUTTO E BURRATA,,36,,2.0
specialRequest,PIZZA,PIZZA,,PIZZA PROSCIUTTO E BURRATA,,48,,1.0
specialRequest,PIZZA,PIZZA,,PIZZA PROSCIUTTO E BURRATA,,57,,1.0
specialRequest,PIZZA,PIZZA,,PIZZA PROSCIUTTO E BURRATA,,81,,1.0
specialRequest,PIZZA,PIZZA,,PIZZA PROSCIUTTO E BURRATA,,87,,1.0
specialRequest,PIZZA,PIZZA,,PIZZA PROSCIUTTO E BURRATA,,94,,1.0
specialRequest,PIZZA,PIZZA,,PIZZA PROSCIUTTO E BURRATA,,109,,1.0
specialRequest,PIZZA,PIZZA,,PIZZA PROSCIUTTO E BURRATA,,112,,1.0
specialRequest,PIZZA,PIZZA,,PIZZA PROSCIUTTO E BURRATA,,113,,2.0
specialRequest,PIZZA,PIZZA,,PIZZA PROSCIUTTO E BURRATA,,116,,1.0
specialRequest,PIZZA,PIZZA,,PIZZA PROSCIUTTO E BURRATA,,119,,3.0
specialRequest,PIZZA,PIZZA,,PIZZA PROSCIUTTO E BURRATA,,170,,1.0
specialRequest,PIZZA,PIZZA,,PIZZA PROSCIUTTO E BURRATA,,34,,1.0
specialRequest,PIZZA,PIZZA,,PIZZA PROSCIUTTO E BURRATA,,41,,1.0
specialRequest,PIZZA,PIZZA,,PIZZA PROSCIUTTO E BURRATA,,49,,2.0
specialRequest,PIZZA,PIZZA,,PIZZA PROSCIUTTO E BURRATA,,50,,2.0
specialRequest,PIZZA,PIZZA,,PIZZA PROSCIUTTO E BURRATA,,83,,1.0
specialRequest,PIZZA,PIZZA,,PIZZA PROSCIUTTO E BURRATA,,89,,2.0
specialRequest,PIZZA,PIZZA,,PIZZA PROSCIUTTO E BURRATA,,92,,1.0
specialRequest,PIZZA,PIZZA,,PIZZA PROSCIUTTO E BURRATA,,98,,2.0
"",SALAD,,,,,,,593.0
"",SALAD,SALAD,,,,,,593.0
menuItem,SALAD,SALAD,,CAPRESE,,,,122.0
modifier,SALAD,SALAD,,CAPRESE,,Prosciutto,,4.0
modifier,SALAD,SALAD,,CAPRESE,,Shaved Parmesan,,1.0
modifier,SALAD,SALAD,,CAPRESE,,Arugula,,1.0
modifier,SALAD,SALAD,,CAPRESE,,Vegan Mozzarella Cheese,,1.0
modifier,SALAD,SALAD,,CAPRESE,,Marinated Chicken,,12.0
modifier,SALAD,SALAD,,CAPRESE,,Grilled Chicklen,,5.0
modifier,SALAD,SALAD,,CAPRESE,,Marinated Salmon,,1.0
modifier,SALAD,SALAD,,CAPRESE,,Mozzarella Ball,,1.0
modifier,SALAD,SALAD,,CAPRESE,,Bread,,4.0
modifier,SALAD,SALAD,,CAPRESE,,Ham,,1.0
modifier,SALAD,SALAD,,CAPRESE,,Bacon,,1.0
modifier,SALAD,SALAD,,CAPRESE,,Smoked Salmon,,2.0
modifier,SALAD,SALAD,,CAPRESE,,ORANGE VINEGRETTE,,1.0
modifier,SALAD,SALAD,,CAPRESE,,Boiled Egg,,6.0
modifier,SALAD,SALAD,,CAPRESE,,EXTRA AVOCADO,,4.0
specialRequest,SALAD,SALAD,,CAPRESE,,47,,1.0
specialRequest,SALAD,SALAD,,CAPRESE,,83,,1.0
specialRequest,SALAD,SALAD,,CAPRESE,,119,,1.0
specialRequest,SALAD,SALAD,,CAPRESE,,No Basil,,1.0
menuItem,SALAD,SALAD,,CAESAR,,,,201.0
modifier,SALAD,SALAD,,CAESAR,,Marinated Chicken,,2.0
modifier,SALAD,SALAD,,CAESAR,,Prosciutto,,1.0
modifier,SALAD,SALAD,,CAESAR,,Shaved Parmesan,,3.0
modifier,SALAD,SALAD,,CAESAR,,Arugula,,1.0
modifier,SALAD,SALAD,,CAESAR,,Marinated Chicken,,64.0
modifier,SALAD,SALAD,,CAESAR,,Grilled Chicklen,,26.0
modifier,SALAD,SALAD,,CAESAR,,Marinated Salmon,,3.0
modifier,SALAD,SALAD,,CAESAR,,Stracciatella Cheese,,1.0
modifier,SALAD,SALAD,,CAESAR,,Bread,,1.0
modifier,SALAD,SALAD,,CAESAR,,Smoked Salmon,,3.0
modifier,SALAD,SALAD,,CAESAR,,Boiled Egg,,5.0
modifier,SALAD,SALAD,,CAESAR,,EXTRA AVOCADO,,4.0
modifier,SALAD,SALAD,,CAESAR,,Meatballs,,1.0
specialRequest,SALAD,SALAD,,CAESAR,,119,,1.0
specialRequest,SALAD,SALAD,,CAESAR,,45,,1.0
specialRequest,SALAD,SALAD,,CAESAR,,No Salsa,,1.0
specialRequest,SALAD,SALAD,,CAESAR,,No Tomate Animal Necessita De Hacer,,1.0
specialRequest,SALAD,SALAD,,CAESAR,,Pan Aparte No Salsa,,1.0
specialRequest,SALAD,SALAD,,CAESAR,,Sauce On Side,,1.0
specialRequest,SALAD,SALAD,,CAESAR,,104,,1.0
specialRequest,SALAD,SALAD,,CAESAR,,112,,1.0
specialRequest,SALAD,SALAD,,CAESAR,,26,,1.0
specialRequest,SALAD,SALAD,,CAESAR,,43,,1.0
specialRequest,SALAD,SALAD,,CAESAR,,57,,1.0
specialRequest,SALAD,SALAD,,CAESAR,,HACER POR FAVOR,,1.0
specialRequest,SALAD,SALAD,,CAESAR,,Hacer,,1.0
specialRequest,SALAD,SALAD,,CAESAR,,More Dressing,,1.0
specialRequest,SALAD,SALAD,,CAESAR,,Neccesit De Hacer Los Ceaser Tienes Nada!!!,,1.0
specialRequest,SALAD,SALAD,,CAESAR,,No TOmates,,1.0
specialRequest,SALAD,SALAD,,CAESAR,,No Tomatoes,,2.0
menuItem,SALAD,SALAD,,AMORE VERDE,,,,61.0
modifier,SALAD,SALAD,,AMORE VERDE,,Marinated Chicken,,11.0
modifier,SALAD,SALAD,,AMORE VERDE,,Grilled Chicklen,,4.0
modifier,SALAD,SALAD,,AMORE VERDE,,Marinated Salmon,,6.0
modifier,SALAD,SALAD,,AMORE VERDE,,Grilled Vegetable,,1.0
modifier,SALAD,SALAD,,AMORE VERDE,,Smoked Salmon,,1.0
modifier,SALAD,SALAD,,AMORE VERDE,,HONEY AND LEMON VINEGRETTE,,3.0
modifier,SALAD,SALAD,,AMORE VERDE,,ORANGE VINEGRETTE,,2.0
modifier,SALAD,SALAD,,AMORE VERDE,,EXTRA AVOCADO,,1.0
modifier,SALAD,SALAD,,AMORE VERDE,,BURRATA 50 Gr,,1.0
specialRequest,SALAD,SALAD,,AMORE VERDE,,53,,1.0
specialRequest,SALAD,SALAD,,AMORE VERDE,,Necessito De Hacer 119,,1.0
specialRequest,SALAD,SALAD,,AMORE VERDE,,No Edemame,,1.0
specialRequest,SALAD,SALAD,,AMORE VERDE,,No Onions,,3.0
menuItem,SALAD,SALAD,,LA VITA SANA,,,,84.0
modifier,SALAD,SALAD,,LA VITA SANA,,Marinated Chicken,,1.0
modifier,SALAD,SALAD,,LA VITA SANA,,Prosciutto,,1.0
modifier,SALAD,SALAD,,LA VITA SANA,,Arugula,,3.0
modifier,SALAD,SALAD,,LA VITA SANA,,Marinated Chicken,,23.0
modifier,SALAD,SALAD,,LA VITA SANA,,Grilled Chicklen,,7.0
modifier,SALAD,SALAD,,LA VITA SANA,,Marinated Salmon,,5.0
modifier,SALAD,SALAD,,LA VITA SANA,,Grilled Vegetable,,1.0
modifier,SALAD,SALAD,,LA VITA SANA,,Mozzarella Ball,,1.0
modifier,SALAD,SALAD,,LA VITA SANA,,Bread,,1.0
modifier,SALAD,SALAD,,LA VITA SANA,,Smoked Salmon,,2.0
modifier,SALAD,SALAD,,LA VITA SANA,,Mushrooms,,1.0
modifier,SALAD,SALAD,,LA VITA SANA,,PESTO OIL,,1.0
modifier,SALAD,SALAD,,LA VITA SANA,,HONEY AND LEMON VINEGRETTE,,3.0
modifier,SALAD,SALAD,,LA VITA SANA,,Boiled Egg,,17.0
modifier,SALAD,SALAD,,LA VITA SANA,,EXTRA AVOCADO,,4.0
specialRequest,SALAD,SALAD,,LA VITA SANA,,No Edemame + Basil,,2.0
specialRequest,SALAD,SALAD,,LA VITA SANA,,No Kale +arugula,,2.0
specialRequest,SALAD,SALAD,,LA VITA SANA,,119,,1.0
specialRequest,SALAD,SALAD,,LA VITA SANA,,24,,1.0
specialRequest,SALAD,SALAD,,LA VITA SANA,,45,,1.0
specialRequest,SALAD,SALAD,,LA VITA SANA,,86,,1.0
specialRequest,SALAD,SALAD,,LA VITA SANA,,Hacer,,1.0
menuItem,SALAD,SALAD,,MEDITERRANEA,,,,125.0
modifier,SALAD,SALAD,,MEDITERRANEA,,Prosciutto,,3.0
modifier,SALAD,SALAD,,MEDITERRANEA,,Shaved Parmesan,,1.0
modifier,SALAD,SALAD,,MEDITERRANEA,,Arugula,,1.0
modifier,SALAD,SALAD,,MEDITERRANEA,,Marinated Chicken,,22.0
modifier,SALAD,SALAD,,MEDITERRANEA,,Grilled Chicklen,,6.0
modifier,SALAD,SALAD,,MEDITERRANEA,,Marinated Salmon,,5.0
modifier,SALAD,SALAD,,MEDITERRANEA,,Mozzarella Ball,,1.0
modifier,SALAD,SALAD,,MEDITERRANEA,,Bread,,2.0
modifier,SALAD,SALAD,,MEDITERRANEA,,Smoked Salmon,,6.0
modifier,SALAD,SALAD,,MEDITERRANEA,,HONEY AND LEMON VINEGRETTE,,1.0
modifier,SALAD,SALAD,,MEDITERRANEA,,ORANGE VINEGRETTE,,1.0
modifier,SALAD,SALAD,,MEDITERRANEA,,Boiled Egg,,5.0
modifier,SALAD,SALAD,,MEDITERRANEA,,EXTRA AVOCADO,,8.0
specialRequest,SALAD,SALAD,,MEDITERRANEA,,No Cheese,,1.0
specialRequest,SALAD,SALAD,,MEDITERRANEA,,32,,2.0
specialRequest,SALAD,SALAD,,MEDITERRANEA,,36,,1.0
specialRequest,SALAD,SALAD,,MEDITERRANEA,,53,,1.0
specialRequest,SALAD,SALAD,,MEDITERRANEA,,99,,1.0
specialRequest,SALAD,SALAD,,MEDITERRANEA,,No Barrata,,1.0
specialRequest,SALAD,SALAD,,MEDITERRANEA,,No Oignon,,1.0
specialRequest,SALAD,SALAD,,MEDITERRANEA,,Tossed,,1.0
"",PIZZA PALA,,,,,,,1090.0
"",PIZZA PALA,PIZZA PALA,,,,,,1090.0
menuItem,PIZZA PALA,PIZZA PALA,,SLICE SPIANATA PALA,,,,227.0
modifier,PIZZA PALA,PIZZA PALA,,SLICE SPIANATA PALA,,Prosciutto,,1.0
modifier,PIZZA PALA,PIZZA PALA,,SLICE SPIANATA PALA,,Spianata Calabrese,,1.0
modifier,PIZZA PALA,PIZZA PALA,,SLICE SPIANATA PALA,,Shaved Parmesan,,1.0
modifier,PIZZA PALA,PIZZA PALA,,SLICE SPIANATA PALA,,Grilled Chicklen,,1.0
specialRequest,PIZZA PALA,PIZZA PALA,,SLICE SPIANATA PALA,,96,,1.0
menuItem,PIZZA PALA,PIZZA PALA,,SLICE MARGHERITA PALA,,,,277.0
modifier,PIZZA PALA,PIZZA PALA,,SLICE MARGHERITA PALA,,Marinated Chicken,,1.0
modifier,PIZZA PALA,PIZZA PALA,,SLICE MARGHERITA PALA,,Prosciutto,,2.0
modifier,PIZZA PALA,PIZZA PALA,,SLICE MARGHERITA PALA,,Grilled Vegetable,,1.0
modifier,PIZZA PALA,PIZZA PALA,,SLICE MARGHERITA PALA,,Grilled Chicklen,,3.0
modifier,PIZZA PALA,PIZZA PALA,,SLICE MARGHERITA PALA,,Stracciatella Cheese,,1.0
modifier,PIZZA PALA,PIZZA PALA,,SLICE MARGHERITA PALA,,Bacon,,1.0
modifier,PIZZA PALA,PIZZA PALA,,SLICE MARGHERITA PALA,,Smoked Salmon,,3.0
menuItem,PIZZA PALA,PIZZA PALA,,SLICE ARUG/STRAC PALA,,,,144.0
menuItem,PIZZA PALA,PIZZA PALA,,SLICE PROSCIUTTO PALA,,,,128.0
modifier,PIZZA PALA,PIZZA PALA,,SLICE PROSCIUTTO PALA,,Marinated Chicken,,1.0
modifier,PIZZA PALA,PIZZA PALA,,SLICE PROSCIUTTO PALA,,Prosciutto,,2.0
modifier,PIZZA PALA,PIZZA PALA,,SLICE PROSCIUTTO PALA,,BURRATA 50 Gr,,1.0
menuItem,PIZZA PALA,PIZZA PALA,,SLICE PRIMAVERA PALA,,,,60.0
modifier,PIZZA PALA,PIZZA PALA,,SLICE PRIMAVERA PALA,,Stracciatella Cheese,,1.0
modifier,PIZZA PALA,PIZZA PALA,,SLICE PRIMAVERA PALA,,Ham,,1.0
menuItem,PIZZA PALA,PIZZA PALA,,SLICE TRUFFLE PALA,,,,241.0
modifier,PIZZA PALA,PIZZA PALA,,SLICE TRUFFLE PALA,,Prosciutto,,1.0
modifier,PIZZA PALA,PIZZA PALA,,SLICE TRUFFLE PALA,,Spianata Calabrese,,1.0
modifier,PIZZA PALA,PIZZA PALA,,SLICE TRUFFLE PALA,,Arugula,,2.0
modifier,PIZZA PALA,PIZZA PALA,,SLICE TRUFFLE PALA,,Grilled Chicklen,,2.0
modifier,PIZZA PALA,PIZZA PALA,,SLICE TRUFFLE PALA,,Mozzarella Ball,,2.0
modifier,PIZZA PALA,PIZZA PALA,,SLICE TRUFFLE PALA,,Stracciatella Cheese,,1.0
modifier,PIZZA PALA,PIZZA PALA,,SLICE TRUFFLE PALA,,Bacon,,1.0
modifier,PIZZA PALA,PIZZA PALA,,SLICE TRUFFLE PALA,,Mushrooms,,1.0
specialRequest,PIZZA PALA,PIZZA PALA,,SLICE TRUFFLE PALA,,42,,1.0
specialRequest,PIZZA PALA,PIZZA PALA,,SLICE TRUFFLE PALA,,49,,1.0
menuItem,PIZZA PALA,PIZZA PALA,,FULL MARGHERITA PALA,,,,4.0
modifier,PIZZA PALA,PIZZA PALA,,FULL MARGHERITA PALA,,Grilled Vegetable,,1.0
modifier,PIZZA PALA,PIZZA PALA,,FULL MARGHERITA PALA,,Grilled Chicklen,,1.0
modifier,PIZZA PALA,PIZZA PALA,,FULL MARGHERITA PALA,,Meatballs,,1.0
menuItem,PIZZA PALA,PIZZA PALA,,FULL PROSCIUTTO PALA,,,,1.0
menuItem,PIZZA PALA,PIZZA PALA,,FULL HAM PALA,,,,4.0
modifier,PIZZA PALA,PIZZA PALA,,FULL HAM PALA,,Prosciutto,,2.0
menuItem,PIZZA PALA,PIZZA PALA,,FULL SPIANATA PALA,,,,4.0
specialRequest,PIZZA PALA,PIZZA PALA,,FULL SPIANATA PALA,,45,,1.0
"",PANINI,,,,,,,516.0
"",PANINI,PANINI,,,,,,516.0
menuItem,PANINI,PANINI,,Panino Turkey & Egg,,,,70.0
modifier,PANINI,PANINI,,Panino Turkey & Egg,,Arugula,,1.0
modifier,PANINI,PANINI,,Panino Turkey & Egg,,Stracciatella Cheese,,1.0
modifier,PANINI,PANINI,,Panino Turkey & Egg,,Bacon,,1.0
menuItem,PANINI,PANINI,,Panino Ham,,,,61.0
modifier,PANINI,PANINI,,Panino Ham,,Prosciutto,,1.0
modifier,PANINI,PANINI,,Panino Ham,,Bacon,,1.0
menuItem,PANINI,PANINI,,Panino Egg & Bacon,,,,62.0
menuItem,PANINI,PANINI,,Focaccia Caprese,,,,60.0
modifier,PANINI,PANINI,,Focaccia Caprese,,Prosciutto,,2.0
modifier,PANINI,PANINI,,Focaccia Caprese,,Mozzarella Ball,,1.0
modifier,PANINI,PANINI,,Focaccia Caprese,,Ham,,1.0
menuItem,PANINI,PANINI,,Focaccia Prosciutto Crudo,,,,62.0
modifier,PANINI,PANINI,,Focaccia Prosciutto Crudo,,Prosciutto,,1.0
modifier,PANINI,PANINI,,Focaccia Prosciutto Crudo,,Sliced Tomatoes,,1.0
modifier,PANINI,PANINI,,Focaccia Prosciutto Crudo,,Arugula,,1.0
modifier,PANINI,PANINI,,Focaccia Prosciutto Crudo,,Mozzarella Ball,,3.0
modifier,PANINI,PANINI,,Focaccia Prosciutto Crudo,,Stracciatella Cheese,,1.0
modifier,PANINI,PANINI,,Focaccia Prosciutto Crudo,,PESTO OIL,,2.0
specialRequest,PANINI,PANINI,,Focaccia Prosciutto Crudo,,Lauren W,,1.0
menuItem,PANINI,PANINI,,Focaccia Mortadella & Stracciatella,,,,70.0
modifier,PANINI,PANINI,,Focaccia Mortadella & Stracciatella,,Prosciutto,,1.0
modifier,PANINI,PANINI,,Focaccia Mortadella & Stracciatella,,Sliced Tomatoes,,1.0
modifier,PANINI,PANINI,,Focaccia Mortadella & Stracciatella,,Arugula,,2.0
modifier,PANINI,PANINI,,Focaccia Mortadella & Stracciatella,,Mozzarella Ball,,1.0
modifier,PANINI,PANINI,,Focaccia Mortadella & Stracciatella,,PESTO OIL,,2.0
menuItem,PANINI,PANINI,,Salty Croissant Egg & Bacon,,,,55.0
modifier,PANINI,PANINI,,Salty Croissant Egg & Bacon,,Mozzarella Ball,,1.0
menuItem,PANINI,PANINI,,Salty Croissant Ham & Cheese,,,,47.0
modifier,PANINI,PANINI,,Salty Croissant Ham & Cheese,,Bacon,,1.0
menuItem,PANINI,PANINI,,Portafoglio Caprese,,,,8.0
modifier,PANINI,PANINI,,Portafoglio Caprese,,Ham,,1.0
modifier,PANINI,PANINI,,Portafoglio Caprese,,Smoked Salmon,,1.0
modifier,PANINI,PANINI,,Portafoglio Caprese,,Mushrooms,,1.0
menuItem,PANINI,PANINI,,Portafoglio Ham,,,,16.0
modifier,PANINI,PANINI,,Portafoglio Ham,,Sliced Tomatoes,,1.0
menuItem,PANINI,PANINI,,Portafoglio Prosciutto Crudo,,,,5.0
"",BAKERY,,,,,,,456.0
"",BAKERY,BAKERY,,,,,,456.0
menuItem,BAKERY,BAKERY,,Croissant Plain,,,,77.0
menuItem,BAKERY,BAKERY,,Nutella Croissant,,,,94.0
menuItem,BAKERY,BAKERY,,Cream Croissant,,,,1.0
menuItem,BAKERY,BAKERY,,Almond Croissant,,,,62.0
menuItem,BAKERY,BAKERY,,Pistacchio Croissant,,,,69.0
menuItem,BAKERY,BAKERY,,Bombolone Nutella,,,,67.0
menuItem,BAKERY,BAKERY,,Bombolone Crema,,,,4.0
menuItem,BAKERY,BAKERY,,Bombolone Pistacchio,,,,44.0
specialRequest,BAKERY,BAKERY,,Bombolone Pistacchio,,96,,1.0
menuItem,BAKERY,BAKERY,,Biscotti,,,,35.0
menuItem,BAKERY,BAKERY,,Sfogliatella small,,,,0.0
menuItem,BAKERY,BAKERY,,Chocolate cake,,,,2.0
menuItem,BAKERY,BAKERY,,Lobster Tail,,,,1.0
"",DESSERT,,,,,,,761.0
"",DESSERT,DESSERT,,,,,,761.0
menuItem,DESSERT,DESSERT,,TIRAMIS? COFFEE,,,,191.0
menuItem,DESSERT,DESSERT,,TIRAMIS? NUTELLA,,,,60.0
menuItem,DESSERT,DESSERT,,CANNOLO PISTACCHIO,,,,133.0
menuItem,DESSERT,DESSERT,,CANNOLO CIOCCOLATO,,,,166.0
menuItem,DESSERT,DESSERT,,CROSTATA SEASONAL FRUIT,,,,55.0
menuItem,DESSERT,DESSERT,,PANNA COTTA,,,,9.0
menuItem,DESSERT,DESSERT,,Panna cotta,,,,15.0
menuItem,DESSERT,DESSERT,,GELATO,,,,40.0
menuItem,DESSERT,DESSERT,,TIRAMIS? PISTACCHIO,,,,91.0
menuItem,DESSERT,DESSERT,,TIRAMIS? LIMONCELLO,,,,1.0
"",BISCOTTI,,,,,,,68.0
"",BISCOTTI,BISCOTTI,,,,,,68.0
menuItem,BISCOTTI,BISCOTTI,,BOCCONCINI PISTACCHIO,,,,17.0
menuItem,BISCOTTI,BISCOTTI,,MINI CANNOLI GIANDUJA,,,,7.0
menuItem,BISCOTTI,BISCOTTI,,ARAGOSTINE LIMONE,,,,3.0
menuItem,BISCOTTI,BISCOTTI,,ARAGOSTINE PISTACCHIO,,,,12.0
menuItem,BISCOTTI,BISCOTTI,,BISCOTTI,,,,29.0
"",BEVERAGE,,,,,,,9322.0
"",BEVERAGE,JUICE,,,,,,1430.0
menuItem,BEVERAGE,JUICE,,ACE,,,JUICE,155.0
modifier,BEVERAGE,JUICE,,ACE,,16 oz,,29.0
modifier,BEVERAGE,JUICE,,ACE,,EXTRA STRAWBERRY,,1.0
specialRequest,BEVERAGE,JUICE,,ACE,,No Ginger,,2.0
specialRequest,BEVERAGE,JUICE,,ACE,,Orange Ananas Citron,,1.0
menuItem,BEVERAGE,JUICE,,ORANGE JUICE,,,JUICE,627.0
modifier,BEVERAGE,JUICE,,ORANGE JUICE,,16 oz,,70.0
modifier,BEVERAGE,JUICE,,ORANGE JUICE,,EXTRA STRAWBERRY,,4.0
modifier,BEVERAGE,JUICE,,ORANGE JUICE,,EXTRA PINEAPPLE,,1.0
modifier,BEVERAGE,JUICE,,ORANGE JUICE,,EXTRA CARROT,,1.0
modifier,BEVERAGE,JUICE,,ORANGE JUICE,,EXTRA GINGER,,1.0
specialRequest,BEVERAGE,JUICE,,ORANGE JUICE,,92,,1.0
specialRequest,BEVERAGE,JUICE,,ORANGE JUICE,,Apple,,2.0
menuItem,BEVERAGE,JUICE,,PEACEFULL,,,JUICE,133.0
modifier,BEVERAGE,JUICE,,PEACEFULL,,16 oz,,27.0
modifier,BEVERAGE,JUICE,,PEACEFULL,,EXTRA PINEAPPLE,,2.0
menuItem,BEVERAGE,JUICE,,LOVE,,,JUICE,54.0
modifier,BEVERAGE,JUICE,,LOVE,,16 oz,,10.0
specialRequest,BEVERAGE,JUICE,,LOVE,,No Mint,,1.0
specialRequest,BEVERAGE,JUICE,,LOVE,,And Mikk,,1.0
menuItem,BEVERAGE,JUICE,,DETOX,,,JUICE,182.0
modifier,BEVERAGE,JUICE,,DETOX,,16 oz,,29.0
modifier,BEVERAGE,JUICE,,DETOX,,EXTRA PINEAPPLE,,1.0
modifier,BEVERAGE,JUICE,,DETOX,,EXTRA CARROT,,1.0
modifier,BEVERAGE,JUICE,,DETOX,,EXTRA GINGER,,2.0
specialRequest,BEVERAGE,JUICE,,DETOX,,113,,1.0
specialRequest,BEVERAGE,JUICE,,DETOX,,No Ginger,,2.0
specialRequest,BEVERAGE,JUICE,,DETOX,,Extraginger,,1.0
specialRequest,BEVERAGE,JUICE,,DETOX,,More Celery,,1.0
specialRequest,BEVERAGE,JUICE,,DETOX,,No Ice,,1.0
specialRequest,BEVERAGE,JUICE,,DETOX,,No To Much Apple,,1.0
menuItem,BEVERAGE,JUICE,,KISS,,,JUICE,29.0
modifier,BEVERAGE,JUICE,,KISS,,16 oz,,2.0
menuItem,BEVERAGE,JUICE,,SUNSET,,,JUICE,126.0
modifier,BEVERAGE,JUICE,,SUNSET,,16 oz,,18.0
modifier,BEVERAGE,JUICE,,SUNSET,,EXTRA GINGER,,1.0
modifier,BEVERAGE,JUICE,,SUNSET,,EXTRA PROTEIN POWDER,,2.0
specialRequest,BEVERAGE,JUICE,,SUNSET,,Frozen,,2.0
menuItem,BEVERAGE,JUICE,,POWER PUNCH,,,JUICE,122.0
modifier,BEVERAGE,JUICE,,POWER PUNCH,,16 oz,,38.0
modifier,BEVERAGE,JUICE,,POWER PUNCH,,EXTRA STRAWBERRY,,3.0
modifier,BEVERAGE,JUICE,,POWER PUNCH,,EXTRA MIXED BERRY,,4.0
modifier,BEVERAGE,JUICE,,POWER PUNCH,,EXTRA PROTEIN POWDER,,4.0
menuItem,BEVERAGE,JUICE,,extra prote?ne,,,JUICE,2.0
"",BEVERAGE,COFFEE,,,,,,2292.0
menuItem,BEVERAGE,COFFEE,,SINGLE ESPRESSO,,,COFFEE,245.0
modifier,BEVERAGE,COFFEE,,SINGLE ESPRESSO,,Almond Milk,,1.0
modifier,BEVERAGE,COFFEE,,SINGLE ESPRESSO,,To Go Iced,,1.0
modifier,BEVERAGE,COFFEE,,SINGLE ESPRESSO,,Whole Milk,,2.0
menuItem,BEVERAGE,COFFEE,,DOUBLE ESPRESSO,,,COFFEE,184.0
modifier,BEVERAGE,COFFEE,,DOUBLE ESPRESSO,,Almond Milk,,1.0
modifier,BEVERAGE,COFFEE,,DOUBLE ESPRESSO,,To Go Iced,,2.0
modifier,BEVERAGE,COFFEE,,DOUBLE ESPRESSO,,Whole Milk,,6.0
menuItem,BEVERAGE,COFFEE,,MACCHIATO,,,COFFEE,112.0
modifier,BEVERAGE,COFFEE,,MACCHIATO,,Almond Milk,,3.0
modifier,BEVERAGE,COFFEE,,MACCHIATO,,Oat Milk,,3.0
modifier,BEVERAGE,COFFEE,,MACCHIATO,,To Go Iced,,2.0
modifier,BEVERAGE,COFFEE,,MACCHIATO,,Whole Milk,,9.0
modifier,BEVERAGE,COFFEE,,MACCHIATO,,Caramel,,2.0
modifier,BEVERAGE,COFFEE,,MACCHIATO,,Hazelnut,,1.0
menuItem,BEVERAGE,COFFEE,,DOUBLE MACCHIATO,,,COFFEE,37.0
modifier,BEVERAGE,COFFEE,,DOUBLE MACCHIATO,,Almond Milk,,3.0
modifier,BEVERAGE,COFFEE,,DOUBLE MACCHIATO,,Oat Milk,,4.0
modifier,BEVERAGE,COFFEE,,DOUBLE MACCHIATO,,Whole Milk,,4.0
modifier,BEVERAGE,COFFEE,,DOUBLE MACCHIATO,,Caramel,,1.0
modifier,BEVERAGE,COFFEE,,DOUBLE MACCHIATO,,Hazelnut,,1.0
menuItem,BEVERAGE,COFFEE,,CAFFE LATTE,,,COFFEE,542.0
modifier,BEVERAGE,COFFEE,,CAFFE LATTE,,12 OZ,,447.0
sizedSpecialRequest,BEVERAGE,COFFEE,,CAFFE LATTE,12 OZ,Add Honey,,2.0
sizedModifier,BEVERAGE,COFFEE,,CAFFE LATTE,12 OZ,Almond Milk,,25.0
sizedModifier,BEVERAGE,COFFEE,,CAFFE LATTE,12 OZ,Caramel,,22.0
sizedSpecialRequest,BEVERAGE,COFFEE,,CAFFE LATTE,12 OZ,Extra Hot,,1.0
sizedSpecialRequest,BEVERAGE,COFFEE,,CAFFE LATTE,12 OZ,Extra Milk,,1.0
sizedSpecialRequest,BEVERAGE,COFFEE,,CAFFE LATTE,12 OZ,Flat White,,1.0
sizedModifier,BEVERAGE,COFFEE,,CAFFE LATTE,12 OZ,Hazelnut,,10.0
sizedSpecialRequest,BEVERAGE,COFFEE,,CAFFE LATTE,12 OZ,Iced,,5.0
sizedSpecialRequest,BEVERAGE,COFFEE,,CAFFE LATTE,12 OZ,MOCHA,,1.0
sizedSpecialRequest,BEVERAGE,COFFEE,,CAFFE LATTE,12 OZ,Mocha,,1.0
sizedModifier,BEVERAGE,COFFEE,,CAFFE LATTE,12 OZ,Oat Milk,,37.0
sizedModifier,BEVERAGE,COFFEE,,CAFFE LATTE,12 OZ,To Go Iced,,73.0
sizedModifier,BEVERAGE,COFFEE,,CAFFE LATTE,12 OZ,Whole Milk,,56.0
sizedModifier,BEVERAGE,COFFEE,,CAFFE LATTE,12 OZ,vanilla,,39.0
modifier,BEVERAGE,COFFEE,,CAFFE LATTE,,16 OZ,,95.0
sizedModifier,BEVERAGE,COFFEE,,CAFFE LATTE,16 OZ,Almond Milk,,6.0
sizedModifier,BEVERAGE,COFFEE,,CAFFE LATTE,16 OZ,Caramel,,6.0
sizedSpecialRequest,BEVERAGE,COFFEE,,CAFFE LATTE,16 OZ,Flat Whitr,,1.0
sizedModifier,BEVERAGE,COFFEE,,CAFFE LATTE,16 OZ,Hazelnut,,3.0
sizedSpecialRequest,BEVERAGE,COFFEE,,CAFFE LATTE,16 OZ,Ice,,1.0
sizedSpecialRequest,BEVERAGE,COFFEE,,CAFFE LATTE,16 OZ,Iced,,2.0
sizedModifier,BEVERAGE,COFFEE,,CAFFE LATTE,16 OZ,Oat Milk,,14.0
sizedModifier,BEVERAGE,COFFEE,,CAFFE LATTE,16 OZ,To Go Iced,,21.0
sizedModifier,BEVERAGE,COFFEE,,CAFFE LATTE,16 OZ,Whole Milk,,15.0
sizedModifier,BEVERAGE,COFFEE,,CAFFE LATTE,16 OZ,vanilla,,10.0
menuItem,BEVERAGE,COFFEE,,CAPPUCCINO,,,COFFEE,513.0
modifier,BEVERAGE,COFFEE,,CAPPUCCINO,,12 OZ,,458.0
sizedSpecialRequest,BEVERAGE,COFFEE,,CAPPUCCINO,12 OZ,2 Shot,,1.0
sizedModifier,BEVERAGE,COFFEE,,CAPPUCCINO,12 OZ,Almond Milk,,28.0
sizedModifier,BEVERAGE,COFFEE,,CAPPUCCINO,12 OZ,Caramel,,7.0
sizedSpecialRequest,BEVERAGE,COFFEE,,CAPPUCCINO,12 OZ,Cup To Go,,1.0
sizedSpecialRequest,BEVERAGE,COFFEE,,CAPPUCCINO,12 OZ,Extra Hot,,1.0
sizedSpecialRequest,BEVERAGE,COFFEE,,CAPPUCCINO,12 OZ,Flat,,1.0
sizedSpecialRequest,BEVERAGE,COFFEE,,CAPPUCCINO,12 OZ,Flat White,,2.0
sizedModifier,BEVERAGE,COFFEE,,CAPPUCCINO,12 OZ,Hazelnut,,6.0
sizedModifier,BEVERAGE,COFFEE,,CAPPUCCINO,12 OZ,Oat Milk,,16.0
sizedModifier,BEVERAGE,COFFEE,,CAPPUCCINO,12 OZ,To Go Iced,,5.0
sizedModifier,BEVERAGE,COFFEE,,CAPPUCCINO,12 OZ,Whole Milk,,65.0
sizedModifier,BEVERAGE,COFFEE,,CAPPUCCINO,12 OZ,vanilla,,3.0
modifier,BEVERAGE,COFFEE,,CAPPUCCINO,,16 OZ,,55.0
sizedModifier,BEVERAGE,COFFEE,,CAPPUCCINO,16 OZ,Almond Milk,,4.0
sizedModifier,BEVERAGE,COFFEE,,CAPPUCCINO,16 OZ,Caramel,,3.0
sizedModifier,BEVERAGE,COFFEE,,CAPPUCCINO,16 OZ,Hazelnut,,1.0
sizedModifier,BEVERAGE,COFFEE,,CAPPUCCINO,16 OZ,Oat Milk,,5.0
sizedModifier,BEVERAGE,COFFEE,,CAPPUCCINO,16 OZ,To Go Iced,,2.0
sizedModifier,BEVERAGE,COFFEE,,CAPPUCCINO,16 OZ,Whole Milk,,6.0
sizedModifier,BEVERAGE,COFFEE,,CAPPUCCINO,16 OZ,vanilla,,4.0
menuItem,BEVERAGE,COFFEE,,AMERICANO,,,COFFEE,437.0
modifier,BEVERAGE,COFFEE,,AMERICANO,,12 OZ,,364.0
sizedModifier,BEVERAGE,COFFEE,,AMERICANO,12 OZ,Almond Milk,,1.0
sizedModifier,BEVERAGE,COFFEE,,AMERICANO,12 OZ,Caramel,,2.0
sizedSpecialRequest,BEVERAGE,COFFEE,,AMERICANO,12 OZ,Iced,,2.0
sizedModifier,BEVERAGE,COFFEE,,AMERICANO,12 OZ,Oat Milk,,8.0
sizedModifier,BEVERAGE,COFFEE,,AMERICANO,12 OZ,To Go Iced,,55.0
sizedModifier,BEVERAGE,COFFEE,,AMERICANO,12 OZ,Whole Milk,,45.0
sizedModifier,BEVERAGE,COFFEE,,AMERICANO,12 OZ,vanilla,,2.0
modifier,BEVERAGE,COFFEE,,AMERICANO,,16 OZ,,73.0
sizedModifier,BEVERAGE,COFFEE,,AMERICANO,16 OZ,Almond Milk,,4.0
sizedModifier,BEVERAGE,COFFEE,,AMERICANO,16 OZ,Caramel,,2.0
sizedModifier,BEVERAGE,COFFEE,,AMERICANO,16 OZ,Oat Milk,,2.0
sizedModifier,BEVERAGE,COFFEE,,AMERICANO,16 OZ,To Go Iced,,10.0
sizedModifier,BEVERAGE,COFFEE,,AMERICANO,16 OZ,Whole Milk,,7.0
sizedModifier,BEVERAGE,COFFEE,,AMERICANO,16 OZ,vanilla,,1.0
menuItem,BEVERAGE,COFFEE,,MATCHA LATTE,,,COFFEE,46.0
modifier,BEVERAGE,COFFEE,,MATCHA LATTE,,12 OZ,,38.0
sizedModifier,BEVERAGE,COFFEE,,MATCHA LATTE,12 OZ,Almond Milk,,3.0
sizedModifier,BEVERAGE,COFFEE,,MATCHA LATTE,12 OZ,Caramel,,3.0
sizedSpecialRequest,BEVERAGE,COFFEE,,MATCHA LATTE,12 OZ,Iced,,3.0
sizedModifier,BEVERAGE,COFFEE,,MATCHA LATTE,12 OZ,Oat Milk,,12.0
sizedSpecialRequest,BEVERAGE,COFFEE,,MATCHA LATTE,12 OZ,Strawberry,,1.0
sizedModifier,BEVERAGE,COFFEE,,MATCHA LATTE,12 OZ,To Go Iced,,12.0
sizedModifier,BEVERAGE,COFFEE,,MATCHA LATTE,12 OZ,Whole Milk,,4.0
sizedModifier,BEVERAGE,COFFEE,,MATCHA LATTE,12 OZ,vanilla,,8.0
modifier,BEVERAGE,COFFEE,,MATCHA LATTE,,16 OZ,,8.0
sizedModifier,BEVERAGE,COFFEE,,MATCHA LATTE,16 OZ,Almond Milk,,2.0
sizedModifier,BEVERAGE,COFFEE,,MATCHA LATTE,16 OZ,Caramel,,1.0
sizedModifier,BEVERAGE,COFFEE,,MATCHA LATTE,16 OZ,Hazelnut,,1.0
sizedSpecialRequest,BEVERAGE,COFFEE,,MATCHA LATTE,16 OZ,Ice,,1.0
sizedModifier,BEVERAGE,COFFEE,,MATCHA LATTE,16 OZ,To Go Iced,,2.0
sizedModifier,BEVERAGE,COFFEE,,MATCHA LATTE,16 OZ,Whole Milk,,1.0
sizedModifier,BEVERAGE,COFFEE,,MATCHA LATTE,16 OZ,vanilla,,2.0
menuItem,BEVERAGE,COFFEE,,HOT TEA,,,COFFEE,122.0
modifier,BEVERAGE,COFFEE,,HOT TEA,,16 OZ,,9.0
sizedModifier,BEVERAGE,COFFEE,,HOT TEA,16 OZ,Oat Milk,,1.0
modifier,BEVERAGE,COFFEE,,HOT TEA,,12 OZ,,113.0
sizedModifier,BEVERAGE,COFFEE,,HOT TEA,12 OZ,Almond Milk,,2.0
sizedSpecialRequest,BEVERAGE,COFFEE,,HOT TEA,12 OZ,Iced,,0.0
sizedModifier,BEVERAGE,COFFEE,,HOT TEA,12 OZ,To Go Iced,,1.0
sizedModifier,BEVERAGE,COFFEE,,HOT TEA,12 OZ,Whole Milk,,6.0
menuItem,BEVERAGE,COFFEE,,HOT CHOCOLATE,,,COFFEE,38.0
modifier,BEVERAGE,COFFEE,,HOT CHOCOLATE,,12 OZ,,36.0
sizedModifier,BEVERAGE,COFFEE,,HOT CHOCOLATE,12 OZ,Almond Milk,,3.0
sizedModifier,BEVERAGE,COFFEE,,HOT CHOCOLATE,12 OZ,Caramel,,2.0
sizedSpecialRequest,BEVERAGE,COFFEE,,HOT CHOCOLATE,12 OZ,Cold,,1.0
sizedModifier,BEVERAGE,COFFEE,,HOT CHOCOLATE,12 OZ,Hazelnut,,1.0
sizedModifier,BEVERAGE,COFFEE,,HOT CHOCOLATE,12 OZ,Oat Milk,,1.0
sizedModifier,BEVERAGE,COFFEE,,HOT CHOCOLATE,12 OZ,Whole Milk,,8.0
sizedModifier,BEVERAGE,COFFEE,,HOT CHOCOLATE,12 OZ,vanilla,,1.0
modifier,BEVERAGE,COFFEE,,HOT CHOCOLATE,,16 OZ,,2.0
menuItem,BEVERAGE,COFFEE,,MILK,,,COFFEE,4.0
modifier,BEVERAGE,COFFEE,,MILK,,12 OZ,,4.0
sizedModifier,BEVERAGE,COFFEE,,MILK,12 OZ,vanilla,,1.0
menuItem,BEVERAGE,COFFEE,,Extra shot,,,COFFEE,10.0
menuItem,BEVERAGE,COFFEE,,extra syrup vanilla,,,COFFEE,1.0
modifier,BEVERAGE,COFFEE,,extra syrup vanilla,,vanilla,,1.0
menuItem,BEVERAGE,COFFEE,,extra syrup caramel,,,COFFEE,1.0
"",BEVERAGE,Wine,,,,,,564.0
"",BEVERAGE,Wine,Wines by the Glass,,,,,507.0
menuItem,BEVERAGE,Wine,Wines by the Glass,GLS PINOT GRIGIO Bennati,,,WINE,50.0
menuItem,BEVERAGE,Wine,Wines by the Glass,GLS PINOT GRIGIO Canaletto,,,WINE,48.0
menuItem,BEVERAGE,Wine,Wines by the Glass,GLS CHARDONNAY La Vis,,,WINE,36.0
menuItem,BEVERAGE,Wine,Wines by the Glass,GLS SAUVIGNON BLANC St Pauls,,,WINE,44.0
specialRequest,BEVERAGE,Wine,Wines by the Glass,GLS SAUVIGNON BLANC St Pauls,,94,,1.0
menuItem,BEVERAGE,Wine,Wines by the Glass,GLS GAVI di GAVI Villa Sparina,,,WINE,8.0
menuItem,BEVERAGE,Wine,Wines by the Glass,GLS PINOT NOIR La Vis,,,WINE,36.0
menuItem,BEVERAGE,Wine,Wines by the Glass,GLS CABERNET SAUVIGNON La Vis,,,WINE,59.0
menuItem,BEVERAGE,Wine,Wines by the Glass,GLS CHIANTI Cafaggio,,,WINE,23.0
menuItem,BEVERAGE,Wine,Wines by the Glass,GLS BARBERA DEL MONTEFERRATO,,,WINE,9.0
menuItem,BEVERAGE,Wine,Wines by the Glass,GLS ROSE San Marzano,,,WINE,24.0
menuItem,BEVERAGE,Wine,Wines by the Glass,GLS PROSECCO Valdo,,,WINE,43.0
menuItem,BEVERAGE,Wine,Wines by the Glass,GLS PROSECCO Rose La Gioiosa,,,WINE,7.0
menuItem,BEVERAGE,Wine,Wines by the Glass,GLS MOSCATO Pico Maccario,,,WINE,2.0
menuItem,BEVERAGE,Wine,Wines by the Glass,GLS PROSECCO SUPERIOR Valdo,,,WINE,3.0
menuItem,BEVERAGE,Wine,Wines by the Glass,$6 Promo Gl Wine,,,WINE,115.0
"",BEVERAGE,Wine,Wines by the Bottle,,,,,57.0
menuItem,BEVERAGE,Wine,Wines by the Bottle,BTL PINOT GRIGIO Bennati,,,WINE,1.0
menuItem,BEVERAGE,Wine,Wines by the Bottle,BTL PINOT GRIGIO Canaletto,,,WINE,9.0
menuItem,BEVERAGE,Wine,Wines by the Bottle,BTL CHARDONNAY La Vis,,,WINE,3.0
menuItem,BEVERAGE,Wine,Wines by the Bottle,BTL SAUVIGNON BLANC St Pauls,,,WINE,1.0
menuItem,BEVERAGE,Wine,Wines by the Bottle,BTL GAVI DI GAVI Villa Sparina,,,WINE,3.0
specialRequest,BEVERAGE,Wine,Wines by the Bottle,BTL GAVI DI GAVI Villa Sparina,,57,,1.0
menuItem,BEVERAGE,Wine,Wines by the Bottle,BTL PINOT NOIR La Vis,,,WINE,11.0
menuItem,BEVERAGE,Wine,Wines by the Bottle,BTL CABERNET SAUVIGNON La Vis,,,WINE,3.0
menuItem,BEVERAGE,Wine,Wines by the Bottle,BTL CHIANTI Cafaggio,,,WINE,4.0
menuItem,BEVERAGE,Wine,Wines by the Bottle,BTL ROSE San Marzano,,,WINE,2.0
menuItem,BEVERAGE,Wine,Wines by the Bottle,BTL PROSECCO Valdo,,,WINE,4.0
menuItem,BEVERAGE,Wine,Wines by the Bottle,BTL PROSECCO ROSE La Gioiosa,,,WINE,5.0
menuItem,BEVERAGE,Wine,Wines by the Bottle,BTL MOSCATO Pico Maccario,,,WINE,10.0
menuItem,BEVERAGE,Wine,Wines by the Bottle,BTL PROSECCO SUPERIOR Valdo,,,WINE,1.0
"",BEVERAGE,Beer,,,,,,787.0
menuItem,BEVERAGE,Beer,,$5 HH Beer,,,PANINI,59.0
menuItem,BEVERAGE,Beer,,DFT Peroni,,,PANINI,362.0
menuItem,BEVERAGE,Beer,,Peroni,,,BEER,267.0
menuItem,BEVERAGE,Beer,,Moretti,,,BEER,99.0
"",BEVERAGE,Drinks - Cocktail,,,,,,643.0
menuItem,BEVERAGE,Drinks - Cocktail,,$5 Spritz Promo,,,DRINKS - COCKTAILS,137.0
specialRequest,BEVERAGE,Drinks - Cocktail,,$5 Spritz Promo,,32,,1.0
menuItem,BEVERAGE,Drinks - Cocktail,,$10 HH Cocktail,,,DRINKS - COCKTAILS,10.0
menuItem,BEVERAGE,Drinks - Cocktail,,Mimosa,,,DRINKS - COCKTAILS,39.0
menuItem,BEVERAGE,Drinks - Cocktail,,Aperol Spritz,,,DRINKS - COCKTAILS,276.0
menuItem,BEVERAGE,Drinks - Cocktail,,Campari Spritz,,,DRINKS - COCKTAILS,28.0
menuItem,BEVERAGE,Drinks - Cocktail,,Amalfi Spritz,,,DRINKS - COCKTAILS,41.0
menuItem,BEVERAGE,Drinks - Cocktail,,Hugo Spritz,,,DRINKS - COCKTAILS,105.0
menuItem,BEVERAGE,Drinks - Cocktail,,IT Spritz,,,DRINKS - COCKTAILS,2.0
menuItem,BEVERAGE,Drinks - Cocktail,,limoncell,,,DRINKS - COCKTAILS,5.0
"",BEVERAGE,DRINK,,,,,,3606.0
menuItem,BEVERAGE,DRINK,,MOLECOLA,,,DRINK,592.0
menuItem,BEVERAGE,DRINK,,MOLECOLA SUGAR FREE,,,DRINK,426.0
specialRequest,BEVERAGE,DRINK,,MOLECOLA SUGAR FREE,,(Please label for Maria),,1.0
menuItem,BEVERAGE,DRINK,,LIMONATA,,,DRINK,289.0
menuItem,BEVERAGE,DRINK,,ARANCIATA,,,DRINK,125.0
specialRequest,BEVERAGE,DRINK,,ARANCIATA,,32,,1.0
menuItem,BEVERAGE,DRINK,,ARANCIATA ROSSA,,,DRINK,173.0
menuItem,BEVERAGE,DRINK,,THE LIMONE,,,DRINK,62.0
menuItem,BEVERAGE,DRINK,,THE PESCA,,,DRINK,96.0
menuItem,BEVERAGE,DRINK,,STILL WATER SMALL,,,DRINK,1255.0
menuItem,BEVERAGE,DRINK,,SPARKLING WATER SMALL,,,DRINK,588.0
"",BACI,,,,,,,335.0
"",BACI,BACI,,,,,,335.0
menuItem,BACI,BACI,,BACI SPICY CLUB,,,,7.0
menuItem,BACI,BACI,,SPICY CLUB,,,,26.0
menuItem,BACI,BACI,,CESAR CLUB,,,,15.0
menuItem,BACI,BACI,,PROSCIUTTO CLUB,,,,63.0
menuItem,BACI,BACI,,CAPRI CLUB,,,,68.0
menuItem,BACI,BACI,,MORTADELLA CLUB,,,,88.0
specialRequest,BACI,BACI,,MORTADELLA CLUB,,48,,1.0
specialRequest,BACI,BACI,,MORTADELLA CLUB,,24,,1.0
menuItem,BACI,BACI,,BACI COTTO CLUB,,,,5.0
menuItem,BACI,BACI,,COTTO CLUB,,,,63.0
