Type,Menu,Menu group,Subgroup,"Item, open item",Size modifier,"Modifiers, special requests",Sales Category,Qty sold
"",,,,,,,,17370.0
"",FOOD,,,,,,,4069.0
"",FOOD,BREAKFAST,,,,,,281.0
menuItem,FOOD,BREAKFAST,,EGG & BACON,,,BREAKFAST,85.0
modifier,FOOD,BREAKFAST,,EGG & BACON,,Fried Eggs,,56.0
modifier,FOOD,BREAKFAST,,EGG & BACON,,Scrambled Eggs,,29.0
modifier,FOOD,BREAKFAST,,EGG & BACON,,Shaved Parmesan,,3.0
modifier,FOOD,BREAKFAST,,EGG & BACON,,Bacon,,1.0
modifier,FOOD,BREAKFAST,,EGG & BACON,,EXTRA AVOCADO,,1.0
specialRequest,FOOD,BREAKFAST,,EGG & BACON,,201,,1.0
specialRequest,FOOD,BREAKFAST,,EGG & BACON,,207,,1.0
specialRequest,FOOD,BREAKFAST,,EGG & BACON,,209,,6.0
specialRequest,FOOD,BREAKFAST,,EGG & BACON,,211,,2.0
specialRequest,FOOD,BREAKFAST,,EGG & BACON,,217,,8.0
specialRequest,FOOD,BREAKFAST,,EGG & BACON,,220,,1.0
specialRequest,FOOD,BREAKFAST,,EGG & BACON,,225,,3.0
specialRequest,FOOD,BREAKFAST,,EGG & BACON,,44,,1.0
specialRequest,FOOD,BREAKFAST,,EGG & BACON,,46,,2.0
specialRequest,FOOD,BREAKFAST,,EGG & BACON,,52,,10.0
specialRequest,FOOD,BREAKFAST,,EGG & BACON,,Bien Fritos,,2.0
specialRequest,FOOD,BREAKFAST,,EGG & BACON,,Exttra Egg,,1.0
specialRequest,FOOD,BREAKFAST,,EGG & BACON,,No Bacon Add Hsm,,1.0
specialRequest,FOOD,BREAKFAST,,EGG & BACON,,No Bacon Y Los Huevos Bien Fritos,,1.0
specialRequest,FOOD,BREAKFAST,,EGG & BACON,,212,,4.0
specialRequest,FOOD,BREAKFAST,,EGG & BACON,,213,,4.0
specialRequest,FOOD,BREAKFAST,,EGG & BACON,,218,,1.0
specialRequest,FOOD,BREAKFAST,,EGG & BACON,,219,,3.0
specialRequest,FOOD,BREAKFAST,,EGG & BACON,,223,,14.0
specialRequest,FOOD,BREAKFAST,,EGG & BACON,,224,,2.0
specialRequest,FOOD,BREAKFAST,,EGG & BACON,,45,,4.0
specialRequest,FOOD,BREAKFAST,,EGG & BACON,,50,,6.0
specialRequest,FOOD,BREAKFAST,,EGG & BACON,,54,,4.0
specialRequest,FOOD,BREAKFAST,,EGG & BACON,,55,,2.0
specialRequest,FOOD,BREAKFAST,,EGG & BACON,,Bacon Krispy,,1.0
specialRequest,FOOD,BREAKFAST,,EGG & BACON,,Extra Egg,,1.0
specialRequest,FOOD,BREAKFAST,,EGG & BACON,,Junto Con El Huevo,,1.0
specialRequest,FOOD,BREAKFAST,,EGG & BACON,,No Bacon,,1.0
specialRequest,FOOD,BREAKFAST,,EGG & BACON,,No Bacon Add Turkey,,2.0
menuItem,FOOD,BREAKFAST,,HEY MAMBO COMBO,,,BREAKFAST,45.0
modifier,FOOD,BREAKFAST,,HEY MAMBO COMBO,,Croissant,,17.0
modifier,FOOD,BREAKFAST,,HEY MAMBO COMBO,,Nutella Croissant,,10.0
modifier,FOOD,BREAKFAST,,HEY MAMBO COMBO,,Pistacchio Croissant,,10.0
modifier,FOOD,BREAKFAST,,HEY MAMBO COMBO,,Raspberry Croissant,,2.0
modifier,FOOD,BREAKFAST,,HEY MAMBO COMBO,,Espresso,COFFEE,11.0
modifier,FOOD,BREAKFAST,,HEY MAMBO COMBO,,Americano Coffee,COFFEE,10.0
modifier,FOOD,BREAKFAST,,HEY MAMBO COMBO,,Capuccino,COFFEE,8.0
modifier,FOOD,BREAKFAST,,HEY MAMBO COMBO,,Coffe Latte,COFFEE,16.0
modifier,FOOD,BREAKFAST,,HEY MAMBO COMBO,,Cream Croissant,,6.0
modifier,FOOD,BREAKFAST,,HEY MAMBO COMBO,,Almond Milk,,1.0
menuItem,FOOD,BREAKFAST,,SOLE SOLE COMBO,,,BREAKFAST,30.0
modifier,FOOD,BREAKFAST,,SOLE SOLE COMBO,,Fried Eggs,,23.0
modifier,FOOD,BREAKFAST,,SOLE SOLE COMBO,,Scrambled Eggs,,7.0
modifier,FOOD,BREAKFAST,,SOLE SOLE COMBO,,Shaved Parmesan,,1.0
specialRequest,FOOD,BREAKFAST,,SOLE SOLE COMBO,,209,,1.0
specialRequest,FOOD,BREAKFAST,,SOLE SOLE COMBO,,211,,3.0
specialRequest,FOOD,BREAKFAST,,SOLE SOLE COMBO,,219,,1.0
specialRequest,FOOD,BREAKFAST,,SOLE SOLE COMBO,,220,,3.0
specialRequest,FOOD,BREAKFAST,,SOLE SOLE COMBO,,49,,3.0
specialRequest,FOOD,BREAKFAST,,SOLE SOLE COMBO,,No Pan,,1.0
specialRequest,FOOD,BREAKFAST,,SOLE SOLE COMBO,,No Tan Cocinados Los Huevos,,1.0
specialRequest,FOOD,BREAKFAST,,SOLE SOLE COMBO,,207,,1.0
specialRequest,FOOD,BREAKFAST,,SOLE SOLE COMBO,,218,,1.0
specialRequest,FOOD,BREAKFAST,,SOLE SOLE COMBO,,225,,3.0
specialRequest,FOOD,BREAKFAST,,SOLE SOLE COMBO,,44,,4.0
specialRequest,FOOD,BREAKFAST,,SOLE SOLE COMBO,,46,,3.0
specialRequest,FOOD,BREAKFAST,,SOLE SOLE COMBO,,52,,3.0
specialRequest,FOOD,BREAKFAST,,SOLE SOLE COMBO,,55,,4.0
menuItem,FOOD,BREAKFAST,,TRUFFLE SCRAMBLED EGGS,,,BREAKFAST,19.0
modifier,FOOD,BREAKFAST,,TRUFFLE SCRAMBLED EGGS,,Prosciutto,,1.0
specialRequest,FOOD,BREAKFAST,,TRUFFLE SCRAMBLED EGGS,,207,,2.0
specialRequest,FOOD,BREAKFAST,,TRUFFLE SCRAMBLED EGGS,,209,,1.0
specialRequest,FOOD,BREAKFAST,,TRUFFLE SCRAMBLED EGGS,,213,,2.0
specialRequest,FOOD,BREAKFAST,,TRUFFLE SCRAMBLED EGGS,,45,,1.0
specialRequest,FOOD,BREAKFAST,,TRUFFLE SCRAMBLED EGGS,,49,,2.0
specialRequest,FOOD,BREAKFAST,,TRUFFLE SCRAMBLED EGGS,,212,,1.0
specialRequest,FOOD,BREAKFAST,,TRUFFLE SCRAMBLED EGGS,,223,,2.0
specialRequest,FOOD,BREAKFAST,,TRUFFLE SCRAMBLED EGGS,,224,,1.0
specialRequest,FOOD,BREAKFAST,,TRUFFLE SCRAMBLED EGGS,,225,,1.0
specialRequest,FOOD,BREAKFAST,,TRUFFLE SCRAMBLED EGGS,,52,,3.0
specialRequest,FOOD,BREAKFAST,,TRUFFLE SCRAMBLED EGGS,,54,,2.0
specialRequest,FOOD,BREAKFAST,,TRUFFLE SCRAMBLED EGGS,,55,,1.0
menuItem,FOOD,BREAKFAST,,AVOCADO TOAST,,,BREAKFAST,30.0
modifier,FOOD,BREAKFAST,,AVOCADO TOAST,,Smoked Salmon,,2.0
modifier,FOOD,BREAKFAST,,AVOCADO TOAST,,Boiled Egg,,5.0
specialRequest,FOOD,BREAKFAST,,AVOCADO TOAST,,201,,2.0
specialRequest,FOOD,BREAKFAST,,AVOCADO TOAST,,207,,1.0
specialRequest,FOOD,BREAKFAST,,AVOCADO TOAST,,219,,1.0
specialRequest,FOOD,BREAKFAST,,AVOCADO TOAST,,220,,5.0
specialRequest,FOOD,BREAKFAST,,AVOCADO TOAST,,223,,1.0
specialRequest,FOOD,BREAKFAST,,AVOCADO TOAST,,225,,1.0
specialRequest,FOOD,BREAKFAST,,AVOCADO TOAST,,45,,1.0
specialRequest,FOOD,BREAKFAST,,AVOCADO TOAST,,50,,1.0
specialRequest,FOOD,BREAKFAST,,AVOCADO TOAST,,52,,2.0
specialRequest,FOOD,BREAKFAST,,AVOCADO TOAST,,54,,1.0
specialRequest,FOOD,BREAKFAST,,AVOCADO TOAST,,No Arugula,,1.0
specialRequest,FOOD,BREAKFAST,,AVOCADO TOAST,,Scrambled No Boiled,,1.0
specialRequest,FOOD,BREAKFAST,,AVOCADO TOAST,,203,,1.0
specialRequest,FOOD,BREAKFAST,,AVOCADO TOAST,,211,,2.0
specialRequest,FOOD,BREAKFAST,,AVOCADO TOAST,,212,,2.0
specialRequest,FOOD,BREAKFAST,,AVOCADO TOAST,,213,,2.0
specialRequest,FOOD,BREAKFAST,,AVOCADO TOAST,,217,,3.0
specialRequest,FOOD,BREAKFAST,,AVOCADO TOAST,,44,,3.0
specialRequest,FOOD,BREAKFAST,,AVOCADO TOAST,,46,,1.0
specialRequest,FOOD,BREAKFAST,,AVOCADO TOAST,,Huevo Frito,,4.0
specialRequest,FOOD,BREAKFAST,,AVOCADO TOAST,,Huevos Bien Fritos X2,,1.0
specialRequest,FOOD,BREAKFAST,,AVOCADO TOAST,,No Greens,,1.0
menuItem,FOOD,BREAKFAST,,PARFAIT BERRIES & GRANOLA,,,BREAKFAST,35.0
menuItem,FOOD,BREAKFAST,,FRESCO COMBO,,,BREAKFAST,9.0
modifier,FOOD,BREAKFAST,,FRESCO COMBO,,Smoked Salmon,,2.0
specialRequest,FOOD,BREAKFAST,,FRESCO COMBO,,207,,1.0
specialRequest,FOOD,BREAKFAST,,FRESCO COMBO,,223,,1.0
specialRequest,FOOD,BREAKFAST,,FRESCO COMBO,,55,,1.0
specialRequest,FOOD,BREAKFAST,,FRESCO COMBO,,203,,1.0
specialRequest,FOOD,BREAKFAST,,FRESCO COMBO,,224,,2.0
specialRequest,FOOD,BREAKFAST,,FRESCO COMBO,,45,,2.0
specialRequest,FOOD,BREAKFAST,,FRESCO COMBO,,49,,1.0
menuItem,FOOD,BREAKFAST,,FRUIT CUP,,,BREAKFAST,28.0
"",FOOD,APPETIZER,,,,,,44.0
menuItem,FOOD,APPETIZER,,IT BRUSCHETTA,,,APPETIZER,20.0
specialRequest,FOOD,APPETIZER,,IT BRUSCHETTA,,10,,2.0
specialRequest,FOOD,APPETIZER,,IT BRUSCHETTA,,101,,1.0
specialRequest,FOOD,APPETIZER,,IT BRUSCHETTA,,103,,2.0
specialRequest,FOOD,APPETIZER,,IT BRUSCHETTA,,113,,1.0
specialRequest,FOOD,APPETIZER,,IT BRUSCHETTA,,116,,2.0
specialRequest,FOOD,APPETIZER,,IT BRUSCHETTA,,123,,1.0
specialRequest,FOOD,APPETIZER,,IT BRUSCHETTA,,15,,1.0
specialRequest,FOOD,APPETIZER,,IT BRUSCHETTA,,203,,1.0
specialRequest,FOOD,APPETIZER,,IT BRUSCHETTA,,11,,1.0
specialRequest,FOOD,APPETIZER,,IT BRUSCHETTA,,120,,1.0
specialRequest,FOOD,APPETIZER,,IT BRUSCHETTA,,129,,2.0
specialRequest,FOOD,APPETIZER,,IT BRUSCHETTA,,14,,2.0
specialRequest,FOOD,APPETIZER,,IT BRUSCHETTA,,71,,2.0
specialRequest,FOOD,APPETIZER,,IT BRUSCHETTA,,No Ajo,,1.0
menuItem,FOOD,APPETIZER,,STRACCIATELLA AND FOCACCIA,,,APPETIZER,18.0
specialRequest,FOOD,APPETIZER,,STRACCIATELLA AND FOCACCIA,,10,,1.0
specialRequest,FOOD,APPETIZER,,STRACCIATELLA AND FOCACCIA,,103,,2.0
specialRequest,FOOD,APPETIZER,,STRACCIATELLA AND FOCACCIA,,111,,1.0
specialRequest,FOOD,APPETIZER,,STRACCIATELLA AND FOCACCIA,,113,,1.0
specialRequest,FOOD,APPETIZER,,STRACCIATELLA AND FOCACCIA,,71,,1.0
specialRequest,FOOD,APPETIZER,,STRACCIATELLA AND FOCACCIA,,101,,1.0
specialRequest,FOOD,APPETIZER,,STRACCIATELLA AND FOCACCIA,,106,,2.0
specialRequest,FOOD,APPETIZER,,STRACCIATELLA AND FOCACCIA,,115,,1.0
specialRequest,FOOD,APPETIZER,,STRACCIATELLA AND FOCACCIA,,13,,2.0
specialRequest,FOOD,APPETIZER,,STRACCIATELLA AND FOCACCIA,,15,,2.0
menuItem,FOOD,APPETIZER,,ANTIPASTO DELLA CASA,,,APPETIZER,4.0
specialRequest,FOOD,APPETIZER,,ANTIPASTO DELLA CASA,,103,,1.0
specialRequest,FOOD,APPETIZER,,ANTIPASTO DELLA CASA,,129,,1.0
menuItem,FOOD,APPETIZER,,ANTIPASTO DELLA FAMIGLIA,,,APPETIZER,2.0
specialRequest,FOOD,APPETIZER,,ANTIPASTO DELLA FAMIGLIA,,106,,1.0
specialRequest,FOOD,APPETIZER,,ANTIPASTO DELLA FAMIGLIA,,71,,1.0
"",FOOD,PASTA,,,,,,1092.0
menuItem,FOOD,PASTA,,SPAGHETTI POMODORO,,,PASTA,188.0
modifier,FOOD,PASTA,,SPAGHETTI POMODORO,,Shredded Mozzarella,,1.0
modifier,FOOD,PASTA,,SPAGHETTI POMODORO,,Mozzarella Ball,,2.0
modifier,FOOD,PASTA,,SPAGHETTI POMODORO,,Beeper Number,,65.0
modifier,FOOD,PASTA,,SPAGHETTI POMODORO,,Marinated Chicken,,11.0
modifier,FOOD,PASTA,,SPAGHETTI POMODORO,,Regular,,54.0
sizedSpecialRequest,FOOD,PASTA,,SPAGHETTI POMODORO,Regular,203,,2.0
sizedSpecialRequest,FOOD,PASTA,,SPAGHETTI POMODORO,Regular,207,,2.0
sizedSpecialRequest,FOOD,PASTA,,SPAGHETTI POMODORO,Regular,209,,4.0
sizedSpecialRequest,FOOD,PASTA,,SPAGHETTI POMODORO,Regular,211,,4.0
sizedSpecialRequest,FOOD,PASTA,,SPAGHETTI POMODORO,Regular,212,,1.0
sizedSpecialRequest,FOOD,PASTA,,SPAGHETTI POMODORO,Regular,213,,1.0
sizedSpecialRequest,FOOD,PASTA,,SPAGHETTI POMODORO,Regular,217,,1.0
sizedSpecialRequest,FOOD,PASTA,,SPAGHETTI POMODORO,Regular,218,,3.0
sizedSpecialRequest,FOOD,PASTA,,SPAGHETTI POMODORO,Regular,219,,2.0
sizedSpecialRequest,FOOD,PASTA,,SPAGHETTI POMODORO,Regular,220,,3.0
sizedSpecialRequest,FOOD,PASTA,,SPAGHETTI POMODORO,Regular,223,,8.0
sizedSpecialRequest,FOOD,PASTA,,SPAGHETTI POMODORO,Regular,224,,3.0
sizedSpecialRequest,FOOD,PASTA,,SPAGHETTI POMODORO,Regular,44,,3.0
sizedSpecialRequest,FOOD,PASTA,,SPAGHETTI POMODORO,Regular,45,,1.0
sizedSpecialRequest,FOOD,PASTA,,SPAGHETTI POMODORO,Regular,46,,1.0
sizedSpecialRequest,FOOD,PASTA,,SPAGHETTI POMODORO,Regular,49,,1.0
sizedSpecialRequest,FOOD,PASTA,,SPAGHETTI POMODORO,Regular,52,,2.0
sizedSpecialRequest,FOOD,PASTA,,SPAGHETTI POMODORO,Regular,54,,1.0
sizedSpecialRequest,FOOD,PASTA,,SPAGHETTI POMODORO,Regular,55,,5.0
sizedSpecialRequest,FOOD,PASTA,,SPAGHETTI POMODORO,Regular,En Blanco Con Queso,,1.0
sizedModifier,FOOD,PASTA,,SPAGHETTI POMODORO,Regular,Meatballs,,3.0
sizedSpecialRequest,FOOD,PASTA,,SPAGHETTI POMODORO,Regular,Rigatoni,,4.0
sizedSpecialRequest,FOOD,PASTA,,SPAGHETTI POMODORO,Regular,"Sin Salsa, Solo Manteca",,1.0
sizedSpecialRequest,FOOD,PASTA,,SPAGHETTI POMODORO,Regular,Solo Aceite Nada Mas,,1.0
sizedSpecialRequest,FOOD,PASTA,,SPAGHETTI POMODORO,Regular,Solo Aceite Y Queso Nada Mas,,1.0
sizedSpecialRequest,FOOD,PASTA,,SPAGHETTI POMODORO,Regular,Solo Aceite Yqueso Nada Mas,,1.0
sizedSpecialRequest,FOOD,PASTA,,SPAGHETTI POMODORO,Regular,Solo MNtequilla Y Queso Nada Mas,,1.0
sizedSpecialRequest,FOOD,PASTA,,SPAGHETTI POMODORO,Regular,Solo Manteca,,1.0
modifier,FOOD,PASTA,,SPAGHETTI POMODORO,,XL,,8.0
sizedSpecialRequest,FOOD,PASTA,,SPAGHETTI POMODORO,XL,211,,1.0
sizedSpecialRequest,FOOD,PASTA,,SPAGHETTI POMODORO,XL,218,,1.0
sizedSpecialRequest,FOOD,PASTA,,SPAGHETTI POMODORO,XL,225,,1.0
sizedSpecialRequest,FOOD,PASTA,,SPAGHETTI POMODORO,XL,45,,1.0
sizedSpecialRequest,FOOD,PASTA,,SPAGHETTI POMODORO,XL,46,,1.0
sizedSpecialRequest,FOOD,PASTA,,SPAGHETTI POMODORO,XL,49,,1.0
sizedSpecialRequest,FOOD,PASTA,,SPAGHETTI POMODORO,XL,50,,1.0
specialRequest,FOOD,PASTA,,SPAGHETTI POMODORO,,207,,14.0
specialRequest,FOOD,PASTA,,SPAGHETTI POMODORO,,218,,2.0
specialRequest,FOOD,PASTA,,SPAGHETTI POMODORO,,220,,5.0
specialRequest,FOOD,PASTA,,SPAGHETTI POMODORO,,225 Solo Oliva Y Queso,,1.0
specialRequest,FOOD,PASTA,,SPAGHETTI POMODORO,,44,,3.0
specialRequest,FOOD,PASTA,,SPAGHETTI POMODORO,,45,,2.0
specialRequest,FOOD,PASTA,,SPAGHETTI POMODORO,,46,,6.0
specialRequest,FOOD,PASTA,,SPAGHETTI POMODORO,,54,,4.0
specialRequest,FOOD,PASTA,,SPAGHETTI POMODORO,,No Salsa,,1.0
specialRequest,FOOD,PASTA,,SPAGHETTI POMODORO,,Solo Manteca Y Queso,,1.0
specialRequest,FOOD,PASTA,,SPAGHETTI POMODORO,,Solo Rigatoni Aceite Y Queso Nada Mas,,1.0
specialRequest,FOOD,PASTA,,SPAGHETTI POMODORO,,201,,2.0
specialRequest,FOOD,PASTA,,SPAGHETTI POMODORO,,203,,11.0
specialRequest,FOOD,PASTA,,SPAGHETTI POMODORO,,209,,2.0
specialRequest,FOOD,PASTA,,SPAGHETTI POMODORO,,211,,8.0
specialRequest,FOOD,PASTA,,SPAGHETTI POMODORO,,212,,3.0
specialRequest,FOOD,PASTA,,SPAGHETTI POMODORO,,213,,11.0
specialRequest,FOOD,PASTA,,SPAGHETTI POMODORO,,217,,1.0
specialRequest,FOOD,PASTA,,SPAGHETTI POMODORO,,219,,6.0
specialRequest,FOOD,PASTA,,SPAGHETTI POMODORO,,223,,6.0
specialRequest,FOOD,PASTA,,SPAGHETTI POMODORO,,224,,4.0
specialRequest,FOOD,PASTA,,SPAGHETTI POMODORO,,225,,2.0
specialRequest,FOOD,PASTA,,SPAGHETTI POMODORO,,49,,3.0
specialRequest,FOOD,PASTA,,SPAGHETTI POMODORO,,50,,3.0
specialRequest,FOOD,PASTA,,SPAGHETTI POMODORO,,52,,5.0
specialRequest,FOOD,PASTA,,SPAGHETTI POMODORO,,55,,8.0
specialRequest,FOOD,PASTA,,SPAGHETTI POMODORO,,Las Pastas Bien Cocidas,,1.0
specialRequest,FOOD,PASTA,,SPAGHETTI POMODORO,,No Cheese,,1.0
specialRequest,FOOD,PASTA,,SPAGHETTI POMODORO,,No Oregano,,1.0
specialRequest,FOOD,PASTA,,SPAGHETTI POMODORO,,No Queeo,,1.0
specialRequest,FOOD,PASTA,,SPAGHETTI POMODORO,,No Queso,,1.0
specialRequest,FOOD,PASTA,,SPAGHETTI POMODORO,,Picante,,1.0
specialRequest,FOOD,PASTA,,SPAGHETTI POMODORO,,Poca Salsa,,1.0
specialRequest,FOOD,PASTA,,SPAGHETTI POMODORO,,Rigatoni,,1.0
specialRequest,FOOD,PASTA,,SPAGHETTI POMODORO,,Solo Aceite Y El Pollo,,1.0
specialRequest,FOOD,PASTA,,SPAGHETTI POMODORO,,"Solo Manteca, No Salsa",,1.0
specialRequest,FOOD,PASTA,,SPAGHETTI POMODORO,,Solo Queso,,1.0
menuItem,FOOD,PASTA,,RIGATONI ALLA SICILIANA,,,PASTA,77.0
modifier,FOOD,PASTA,,RIGATONI ALLA SICILIANA,,Beeper Number,,22.0
modifier,FOOD,PASTA,,RIGATONI ALLA SICILIANA,,Marinated Chicken,,9.0
modifier,FOOD,PASTA,,RIGATONI ALLA SICILIANA,,Marinated Salmon,,1.0
modifier,FOOD,PASTA,,RIGATONI ALLA SICILIANA,,Regular,,26.0
sizedSpecialRequest,FOOD,PASTA,,RIGATONI ALLA SICILIANA,Regular,207,,2.0
sizedSpecialRequest,FOOD,PASTA,,RIGATONI ALLA SICILIANA,Regular,209,,3.0
sizedSpecialRequest,FOOD,PASTA,,RIGATONI ALLA SICILIANA,Regular,211,,2.0
sizedSpecialRequest,FOOD,PASTA,,RIGATONI ALLA SICILIANA,Regular,212,,1.0
sizedSpecialRequest,FOOD,PASTA,,RIGATONI ALLA SICILIANA,Regular,213,,1.0
sizedSpecialRequest,FOOD,PASTA,,RIGATONI ALLA SICILIANA,Regular,217,,1.0
sizedSpecialRequest,FOOD,PASTA,,RIGATONI ALLA SICILIANA,Regular,219,,1.0
sizedSpecialRequest,FOOD,PASTA,,RIGATONI ALLA SICILIANA,Regular,220,,1.0
sizedSpecialRequest,FOOD,PASTA,,RIGATONI ALLA SICILIANA,Regular,223,,1.0
sizedSpecialRequest,FOOD,PASTA,,RIGATONI ALLA SICILIANA,Regular,225,,1.0
sizedSpecialRequest,FOOD,PASTA,,RIGATONI ALLA SICILIANA,Regular,44,,1.0
sizedSpecialRequest,FOOD,PASTA,,RIGATONI ALLA SICILIANA,Regular,45,,2.0
sizedSpecialRequest,FOOD,PASTA,,RIGATONI ALLA SICILIANA,Regular,46,,1.0
sizedSpecialRequest,FOOD,PASTA,,RIGATONI ALLA SICILIANA,Regular,49,,1.0
sizedSpecialRequest,FOOD,PASTA,,RIGATONI ALLA SICILIANA,Regular,50,,1.0
sizedSpecialRequest,FOOD,PASTA,,RIGATONI ALLA SICILIANA,Regular,52,,2.0
sizedSpecialRequest,FOOD,PASTA,,RIGATONI ALLA SICILIANA,Regular,54,,1.0
sizedSpecialRequest,FOOD,PASTA,,RIGATONI ALLA SICILIANA,Regular,55,,1.0
sizedModifier,FOOD,PASTA,,RIGATONI ALLA SICILIANA,Regular,Marinated Chicken,,5.0
sizedModifier,FOOD,PASTA,,RIGATONI ALLA SICILIANA,Regular,Mozzarella Ball,,1.0
specialRequest,FOOD,PASTA,,RIGATONI ALLA SICILIANA,,203,,3.0
specialRequest,FOOD,PASTA,,RIGATONI ALLA SICILIANA,,209,,3.0
specialRequest,FOOD,PASTA,,RIGATONI ALLA SICILIANA,,218,,1.0
specialRequest,FOOD,PASTA,,RIGATONI ALLA SICILIANA,,224,,1.0
specialRequest,FOOD,PASTA,,RIGATONI ALLA SICILIANA,,45,,2.0
specialRequest,FOOD,PASTA,,RIGATONI ALLA SICILIANA,,46,,2.0
specialRequest,FOOD,PASTA,,RIGATONI ALLA SICILIANA,,49,,2.0
specialRequest,FOOD,PASTA,,RIGATONI ALLA SICILIANA,,Chilly Flakes,,1.0
specialRequest,FOOD,PASTA,,RIGATONI ALLA SICILIANA,,207,,1.0
specialRequest,FOOD,PASTA,,RIGATONI ALLA SICILIANA,,211,,2.0
specialRequest,FOOD,PASTA,,RIGATONI ALLA SICILIANA,,223,,2.0
specialRequest,FOOD,PASTA,,RIGATONI ALLA SICILIANA,,44,,3.0
specialRequest,FOOD,PASTA,,RIGATONI ALLA SICILIANA,,50,,1.0
specialRequest,FOOD,PASTA,,RIGATONI ALLA SICILIANA,,52,,5.0
specialRequest,FOOD,PASTA,,RIGATONI ALLA SICILIANA,,54,,6.0
menuItem,FOOD,PASTA,,SPAGHETTI ALFREDO,,,PASTA,146.0
modifier,FOOD,PASTA,,SPAGHETTI ALFREDO,,Shaved Parmesan,,5.0
modifier,FOOD,PASTA,,SPAGHETTI ALFREDO,,Mushrooms,,1.0
modifier,FOOD,PASTA,,SPAGHETTI ALFREDO,,Beeper Number,,38.0
modifier,FOOD,PASTA,,SPAGHETTI ALFREDO,,No Beeper Number,,1.0
modifier,FOOD,PASTA,,SPAGHETTI ALFREDO,,Marinated Chicken,,46.0
modifier,FOOD,PASTA,,SPAGHETTI ALFREDO,,Marinated Salmon,,1.0
modifier,FOOD,PASTA,,SPAGHETTI ALFREDO,,Straciatella Cheese,,1.0
modifier,FOOD,PASTA,,SPAGHETTI ALFREDO,,Bacon,,1.0
modifier,FOOD,PASTA,,SPAGHETTI ALFREDO,,Grilled Chicken,,14.0
modifier,FOOD,PASTA,,SPAGHETTI ALFREDO,,Regular,,30.0
sizedSpecialRequest,FOOD,PASTA,,SPAGHETTI ALFREDO,Regular,203,,2.0
sizedSpecialRequest,FOOD,PASTA,,SPAGHETTI ALFREDO,Regular,211,,1.0
sizedSpecialRequest,FOOD,PASTA,,SPAGHETTI ALFREDO,Regular,213,,1.0
sizedSpecialRequest,FOOD,PASTA,,SPAGHETTI ALFREDO,Regular,220,,5.0
sizedSpecialRequest,FOOD,PASTA,,SPAGHETTI ALFREDO,Regular,223,,2.0
sizedSpecialRequest,FOOD,PASTA,,SPAGHETTI ALFREDO,Regular,225,,2.0
sizedSpecialRequest,FOOD,PASTA,,SPAGHETTI ALFREDO,Regular,44,,3.0
sizedSpecialRequest,FOOD,PASTA,,SPAGHETTI ALFREDO,Regular,46,,3.0
sizedSpecialRequest,FOOD,PASTA,,SPAGHETTI ALFREDO,Regular,49 RIGATONI,,1.0
sizedSpecialRequest,FOOD,PASTA,,SPAGHETTI ALFREDO,Regular,50,,1.0
sizedSpecialRequest,FOOD,PASTA,,SPAGHETTI ALFREDO,Regular,52,,1.0
sizedSpecialRequest,FOOD,PASTA,,SPAGHETTI ALFREDO,Regular,54,,3.0
sizedSpecialRequest,FOOD,PASTA,,SPAGHETTI ALFREDO,Regular,55,,1.0
sizedModifier,FOOD,PASTA,,SPAGHETTI ALFREDO,Regular,Grilled Chicken,,1.0
sizedModifier,FOOD,PASTA,,SPAGHETTI ALFREDO,Regular,Marinated Chicken,,4.0
modifier,FOOD,PASTA,,SPAGHETTI ALFREDO,,XL,,4.0
sizedSpecialRequest,FOOD,PASTA,,SPAGHETTI ALFREDO,XL,211,,1.0
sizedSpecialRequest,FOOD,PASTA,,SPAGHETTI ALFREDO,XL,45,,1.0
sizedSpecialRequest,FOOD,PASTA,,SPAGHETTI ALFREDO,XL,49,,1.0
sizedModifier,FOOD,PASTA,,SPAGHETTI ALFREDO,XL,Marinated Chicken,,2.0
specialRequest,FOOD,PASTA,,SPAGHETTI ALFREDO,,201,,2.0
specialRequest,FOOD,PASTA,,SPAGHETTI ALFREDO,,209,,5.0
specialRequest,FOOD,PASTA,,SPAGHETTI ALFREDO,,210,,1.0
specialRequest,FOOD,PASTA,,SPAGHETTI ALFREDO,,211,,1.0
specialRequest,FOOD,PASTA,,SPAGHETTI ALFREDO,,213,,6.0
specialRequest,FOOD,PASTA,,SPAGHETTI ALFREDO,,225,,4.0
specialRequest,FOOD,PASTA,,SPAGHETTI ALFREDO,,44,,2.0
specialRequest,FOOD,PASTA,,SPAGHETTI ALFREDO,,46,,3.0
specialRequest,FOOD,PASTA,,SPAGHETTI ALFREDO,,50,,6.0
specialRequest,FOOD,PASTA,,SPAGHETTI ALFREDO,,50 RIGATONI,,1.0
specialRequest,FOOD,PASTA,,SPAGHETTI ALFREDO,,55,,4.0
specialRequest,FOOD,PASTA,,SPAGHETTI ALFREDO,,Rigatoni,,3.0
specialRequest,FOOD,PASTA,,SPAGHETTI ALFREDO,,203,,3.0
specialRequest,FOOD,PASTA,,SPAGHETTI ALFREDO,,207,,1.0
specialRequest,FOOD,PASTA,,SPAGHETTI ALFREDO,,212,,2.0
specialRequest,FOOD,PASTA,,SPAGHETTI ALFREDO,,217,,2.0
specialRequest,FOOD,PASTA,,SPAGHETTI ALFREDO,,218,,5.0
specialRequest,FOOD,PASTA,,SPAGHETTI ALFREDO,,219,,6.0
specialRequest,FOOD,PASTA,,SPAGHETTI ALFREDO,,220,,2.0
specialRequest,FOOD,PASTA,,SPAGHETTI ALFREDO,,223,,3.0
specialRequest,FOOD,PASTA,,SPAGHETTI ALFREDO,,224,,8.0
specialRequest,FOOD,PASTA,,SPAGHETTI ALFREDO,,45,,6.0
specialRequest,FOOD,PASTA,,SPAGHETTI ALFREDO,,49,,2.0
specialRequest,FOOD,PASTA,,SPAGHETTI ALFREDO,,52,,2.0
specialRequest,FOOD,PASTA,,SPAGHETTI ALFREDO,,54,,6.0
menuItem,FOOD,PASTA,,SPAGHETTI BASIL PESTO,,,PASTA,44.0
menuItem,FOOD,PASTA,,SPAGHETTI GENOVESE (BASIL PESTO),,,PASTA,56.0
modifier,FOOD,PASTA,,SPAGHETTI BASIL PESTO,,Shredded Mozzarella,,1.0
modifier,FOOD,PASTA,,SPAGHETTI BASIL PESTO,,Shaved Parmesan,,1.0
modifier,FOOD,PASTA,,SPAGHETTI BASIL PESTO,,Beeper Number,,23.0
modifier,FOOD,PASTA,,SPAGHETTI BASIL PESTO,,Marinated Chicken,,3.0
modifier,FOOD,PASTA,,SPAGHETTI BASIL PESTO,,Marinated Salmon,,1.0
modifier,FOOD,PASTA,,SPAGHETTI BASIL PESTO,,Regular,,39.0
sizedSpecialRequest,FOOD,PASTA,,SPAGHETTI BASIL PESTO,Regular,207,,1.0
sizedSpecialRequest,FOOD,PASTA,,SPAGHETTI BASIL PESTO,Regular,209,,1.0
sizedSpecialRequest,FOOD,PASTA,,SPAGHETTI BASIL PESTO,Regular,211,,4.0
sizedSpecialRequest,FOOD,PASTA,,SPAGHETTI BASIL PESTO,Regular,212,,2.0
sizedSpecialRequest,FOOD,PASTA,,SPAGHETTI BASIL PESTO,Regular,213,,1.0
sizedSpecialRequest,FOOD,PASTA,,SPAGHETTI BASIL PESTO,Regular,217,,6.0
sizedSpecialRequest,FOOD,PASTA,,SPAGHETTI BASIL PESTO,Regular,219,,2.0
sizedSpecialRequest,FOOD,PASTA,,SPAGHETTI BASIL PESTO,Regular,220,,4.0
sizedSpecialRequest,FOOD,PASTA,,SPAGHETTI BASIL PESTO,Regular,224,,1.0
sizedSpecialRequest,FOOD,PASTA,,SPAGHETTI BASIL PESTO,Regular,44,,1.0
sizedSpecialRequest,FOOD,PASTA,,SPAGHETTI BASIL PESTO,Regular,46,,1.0
sizedSpecialRequest,FOOD,PASTA,,SPAGHETTI BASIL PESTO,Regular,49,,2.0
sizedSpecialRequest,FOOD,PASTA,,SPAGHETTI BASIL PESTO,Regular,50,,1.0
sizedSpecialRequest,FOOD,PASTA,,SPAGHETTI BASIL PESTO,Regular,52,,3.0
sizedSpecialRequest,FOOD,PASTA,,SPAGHETTI BASIL PESTO,Regular,54,,1.0
sizedSpecialRequest,FOOD,PASTA,,SPAGHETTI BASIL PESTO,Regular,55,,2.0
sizedModifier,FOOD,PASTA,,SPAGHETTI BASIL PESTO,Regular,Grilled Chicken,,3.0
sizedModifier,FOOD,PASTA,,SPAGHETTI BASIL PESTO,Regular,Marinated Chicken,,4.0
sizedModifier,FOOD,PASTA,,SPAGHETTI BASIL PESTO,Regular,Straciatella Cheese,,2.0
modifier,FOOD,PASTA,,SPAGHETTI BASIL PESTO,,XL,,5.0
sizedSpecialRequest,FOOD,PASTA,,SPAGHETTI BASIL PESTO,XL,211,,1.0
sizedSpecialRequest,FOOD,PASTA,,SPAGHETTI BASIL PESTO,XL,217,,1.0
sizedSpecialRequest,FOOD,PASTA,,SPAGHETTI BASIL PESTO,XL,46 RIGATONI,,1.0
sizedSpecialRequest,FOOD,PASTA,,SPAGHETTI BASIL PESTO,XL,52,,1.0
sizedModifier,FOOD,PASTA,,SPAGHETTI BASIL PESTO,XL,Marinated Chicken,,1.0
specialRequest,FOOD,PASTA,,SPAGHETTI BASIL PESTO,,201,,2.0
specialRequest,FOOD,PASTA,,SPAGHETTI BASIL PESTO,,219,,2.0
specialRequest,FOOD,PASTA,,SPAGHETTI BASIL PESTO,,220,,2.0
specialRequest,FOOD,PASTA,,SPAGHETTI BASIL PESTO,,49,,5.0
specialRequest,FOOD,PASTA,,SPAGHETTI BASIL PESTO,,55,,2.0
specialRequest,FOOD,PASTA,,SPAGHETTI BASIL PESTO,,Sin Queso Arriba,,1.0
specialRequest,FOOD,PASTA,,SPAGHETTI BASIL PESTO,,203,,2.0
specialRequest,FOOD,PASTA,,SPAGHETTI BASIL PESTO,,207,,3.0
specialRequest,FOOD,PASTA,,SPAGHETTI BASIL PESTO,,209,,2.0
specialRequest,FOOD,PASTA,,SPAGHETTI BASIL PESTO,,211,,1.0
specialRequest,FOOD,PASTA,,SPAGHETTI BASIL PESTO,,212,,1.0
specialRequest,FOOD,PASTA,,SPAGHETTI BASIL PESTO,,212 No Cherrys,,1.0
specialRequest,FOOD,PASTA,,SPAGHETTI BASIL PESTO,,213,,2.0
specialRequest,FOOD,PASTA,,SPAGHETTI BASIL PESTO,,218,,2.0
specialRequest,FOOD,PASTA,,SPAGHETTI BASIL PESTO,,224,,1.0
specialRequest,FOOD,PASTA,,SPAGHETTI BASIL PESTO,,225,,1.0
specialRequest,FOOD,PASTA,,SPAGHETTI BASIL PESTO,,45,,3.0
specialRequest,FOOD,PASTA,,SPAGHETTI BASIL PESTO,,46,,1.0
specialRequest,FOOD,PASTA,,SPAGHETTI BASIL PESTO,,50,,2.0
specialRequest,FOOD,PASTA,,SPAGHETTI BASIL PESTO,,52,,4.0
specialRequest,FOOD,PASTA,,SPAGHETTI BASIL PESTO,,54,,3.0
specialRequest,FOOD,PASTA,,SPAGHETTI BASIL PESTO,,No Queso,,1.0
specialRequest,FOOD,PASTA,,SPAGHETTI BASIL PESTO,,Rigatoni,,1.0
menuItem,FOOD,PASTA,,RIGATONI VODKA,,,PASTA,92.0
modifier,FOOD,PASTA,,RIGATONI VODKA,,Shaved Parmesan,,1.0
modifier,FOOD,PASTA,,RIGATONI VODKA,,Beeper Number,,22.0
modifier,FOOD,PASTA,,RIGATONI VODKA,,Marinated Chicken,,6.0
modifier,FOOD,PASTA,,RIGATONI VODKA,,Regular,,18.0
sizedSpecialRequest,FOOD,PASTA,,RIGATONI VODKA,Regular,201,,1.0
sizedSpecialRequest,FOOD,PASTA,,RIGATONI VODKA,Regular,203,,2.0
sizedSpecialRequest,FOOD,PASTA,,RIGATONI VODKA,Regular,207,,1.0
sizedSpecialRequest,FOOD,PASTA,,RIGATONI VODKA,Regular,217,,1.0
sizedSpecialRequest,FOOD,PASTA,,RIGATONI VODKA,Regular,219,,3.0
sizedSpecialRequest,FOOD,PASTA,,RIGATONI VODKA,Regular,45,,1.0
sizedSpecialRequest,FOOD,PASTA,,RIGATONI VODKA,Regular,46,,2.0
sizedSpecialRequest,FOOD,PASTA,,RIGATONI VODKA,Regular,50,,1.0
sizedSpecialRequest,FOOD,PASTA,,RIGATONI VODKA,Regular,52,,1.0
sizedSpecialRequest,FOOD,PASTA,,RIGATONI VODKA,Regular,55,,1.0
sizedModifier,FOOD,PASTA,,RIGATONI VODKA,Regular,Marinated Chicken,,2.0
sizedModifier,FOOD,PASTA,,RIGATONI VODKA,Regular,Meatballs,,3.0
sizedSpecialRequest,FOOD,PASTA,,RIGATONI VODKA,Regular,Spaghetti,,1.0
sizedSpecialRequest,FOOD,PASTA,,RIGATONI VODKA,Regular,Spaguetti,,1.0
modifier,FOOD,PASTA,,RIGATONI VODKA,,XL,,2.0
sizedSpecialRequest,FOOD,PASTA,,RIGATONI VODKA,XL,212,,1.0
sizedSpecialRequest,FOOD,PASTA,,RIGATONI VODKA,XL,52,,1.0
specialRequest,FOOD,PASTA,,RIGATONI VODKA,,201,,2.0
specialRequest,FOOD,PASTA,,RIGATONI VODKA,,207,,1.0
specialRequest,FOOD,PASTA,,RIGATONI VODKA,,209,,2.0
specialRequest,FOOD,PASTA,,RIGATONI VODKA,,218,,1.0
specialRequest,FOOD,PASTA,,RIGATONI VODKA,,219,,3.0
specialRequest,FOOD,PASTA,,RIGATONI VODKA,,223,,1.0
specialRequest,FOOD,PASTA,,RIGATONI VODKA,,44,,4.0
specialRequest,FOOD,PASTA,,RIGATONI VODKA,,45,,3.0
specialRequest,FOOD,PASTA,,RIGATONI VODKA,,50,,1.0
specialRequest,FOOD,PASTA,,RIGATONI VODKA,,54,,2.0
specialRequest,FOOD,PASTA,,RIGATONI VODKA,,Please note that chicken was added,,1.0
specialRequest,FOOD,PASTA,,RIGATONI VODKA,,203,,1.0
specialRequest,FOOD,PASTA,,RIGATONI VODKA,,211,,3.0
specialRequest,FOOD,PASTA,,RIGATONI VODKA,,212,,1.0
specialRequest,FOOD,PASTA,,RIGATONI VODKA,,213,,3.0
specialRequest,FOOD,PASTA,,RIGATONI VODKA,,224,,3.0
specialRequest,FOOD,PASTA,,RIGATONI VODKA,,46,,1.0
specialRequest,FOOD,PASTA,,RIGATONI VODKA,,49,,2.0
specialRequest,FOOD,PASTA,,RIGATONI VODKA,,50 SPAGUETTI,,1.0
specialRequest,FOOD,PASTA,,RIGATONI VODKA,,52,,5.0
specialRequest,FOOD,PASTA,,RIGATONI VODKA,,55,,4.0
specialRequest,FOOD,PASTA,,RIGATONI VODKA,,El Pollo Apartev,,1.0
specialRequest,FOOD,PASTA,,RIGATONI VODKA,,Sin Vodka,,1.0
menuItem,FOOD,PASTA,,LASAGNA,,,PASTA,107.0
modifier,FOOD,PASTA,,LASAGNA,,Shredded Mozzarella,,2.0
modifier,FOOD,PASTA,,LASAGNA,,Beeper Number,,21.0
specialRequest,FOOD,PASTA,,LASAGNA,,201,,5.0
specialRequest,FOOD,PASTA,,LASAGNA,,207,,2.0
specialRequest,FOOD,PASTA,,LASAGNA,,213,,4.0
specialRequest,FOOD,PASTA,,LASAGNA,,224,,2.0
specialRequest,FOOD,PASTA,,LASAGNA,,40,,4.0
specialRequest,FOOD,PASTA,,LASAGNA,,44,,4.0
specialRequest,FOOD,PASTA,,LASAGNA,,52,,4.0
specialRequest,FOOD,PASTA,,LASAGNA,,54,,3.0
specialRequest,FOOD,PASTA,,LASAGNA,,55,,6.0
specialRequest,FOOD,PASTA,,LASAGNA,,203,,3.0
specialRequest,FOOD,PASTA,,LASAGNA,,209,,4.0
specialRequest,FOOD,PASTA,,LASAGNA,,211,,6.0
specialRequest,FOOD,PASTA,,LASAGNA,,217,,1.0
specialRequest,FOOD,PASTA,,LASAGNA,,219,,3.0
specialRequest,FOOD,PASTA,,LASAGNA,,220,,5.0
specialRequest,FOOD,PASTA,,LASAGNA,,223,,6.0
specialRequest,FOOD,PASTA,,LASAGNA,,225,,2.0
specialRequest,FOOD,PASTA,,LASAGNA,,45,,4.0
specialRequest,FOOD,PASTA,,LASAGNA,,46,,7.0
specialRequest,FOOD,PASTA,,LASAGNA,,49,,3.0
specialRequest,FOOD,PASTA,,LASAGNA,,50,,9.0
specialRequest,FOOD,PASTA,,LASAGNA,,Esta Para Llevar,,1.0
menuItem,FOOD,PASTA,,RIGATONI BOLOGNESE,,,PASTA,197.0
modifier,FOOD,PASTA,,RIGATONI BOLOGNESE,,Shredded Mozzarella,,1.0
modifier,FOOD,PASTA,,RIGATONI BOLOGNESE,,Shaved Parmesan,,2.0
modifier,FOOD,PASTA,,RIGATONI BOLOGNESE,,Beeper Number,,47.0
modifier,FOOD,PASTA,,RIGATONI BOLOGNESE,,Marinated Chicken,,1.0
modifier,FOOD,PASTA,,RIGATONI BOLOGNESE,,Regular,,64.0
sizedSpecialRequest,FOOD,PASTA,,RIGATONI BOLOGNESE,Regular,201,,1.0
sizedSpecialRequest,FOOD,PASTA,,RIGATONI BOLOGNESE,Regular,203,,2.0
sizedSpecialRequest,FOOD,PASTA,,RIGATONI BOLOGNESE,Regular,207,,2.0
sizedSpecialRequest,FOOD,PASTA,,RIGATONI BOLOGNESE,Regular,209,,7.0
sizedSpecialRequest,FOOD,PASTA,,RIGATONI BOLOGNESE,Regular,211,,3.0
sizedSpecialRequest,FOOD,PASTA,,RIGATONI BOLOGNESE,Regular,213,,3.0
sizedSpecialRequest,FOOD,PASTA,,RIGATONI BOLOGNESE,Regular,217,,1.0
sizedSpecialRequest,FOOD,PASTA,,RIGATONI BOLOGNESE,Regular,218,,2.0
sizedSpecialRequest,FOOD,PASTA,,RIGATONI BOLOGNESE,Regular,219,,5.0
sizedSpecialRequest,FOOD,PASTA,,RIGATONI BOLOGNESE,Regular,22,,1.0
sizedSpecialRequest,FOOD,PASTA,,RIGATONI BOLOGNESE,Regular,220,,5.0
sizedSpecialRequest,FOOD,PASTA,,RIGATONI BOLOGNESE,Regular,223,,2.0
sizedSpecialRequest,FOOD,PASTA,,RIGATONI BOLOGNESE,Regular,224,,2.0
sizedSpecialRequest,FOOD,PASTA,,RIGATONI BOLOGNESE,Regular,225,,1.0
sizedSpecialRequest,FOOD,PASTA,,RIGATONI BOLOGNESE,Regular,45,,2.0
sizedSpecialRequest,FOOD,PASTA,,RIGATONI BOLOGNESE,Regular,46,,4.0
sizedSpecialRequest,FOOD,PASTA,,RIGATONI BOLOGNESE,Regular,49,,2.0
sizedSpecialRequest,FOOD,PASTA,,RIGATONI BOLOGNESE,Regular,50,,5.0
sizedSpecialRequest,FOOD,PASTA,,RIGATONI BOLOGNESE,Regular,52,,2.0
sizedSpecialRequest,FOOD,PASTA,,RIGATONI BOLOGNESE,Regular,54,,2.0
sizedSpecialRequest,FOOD,PASTA,,RIGATONI BOLOGNESE,Regular,55,,2.0
sizedModifier,FOOD,PASTA,,RIGATONI BOLOGNESE,Regular,Bread,,1.0
sizedSpecialRequest,FOOD,PASTA,,RIGATONI BOLOGNESE,Regular,Espaguetti,,1.0
sizedModifier,FOOD,PASTA,,RIGATONI BOLOGNESE,Regular,Meatballs,,2.0
sizedModifier,FOOD,PASTA,,RIGATONI BOLOGNESE,Regular,Shaved Parmesan,,2.0
modifier,FOOD,PASTA,,RIGATONI BOLOGNESE,,XL,,4.0
sizedSpecialRequest,FOOD,PASTA,,RIGATONI BOLOGNESE,XL,217,,1.0
sizedSpecialRequest,FOOD,PASTA,,RIGATONI BOLOGNESE,XL,225,,2.0
sizedSpecialRequest,FOOD,PASTA,,RIGATONI BOLOGNESE,XL,45,,1.0
sizedModifier,FOOD,PASTA,,RIGATONI BOLOGNESE,XL,Meatballs,,1.0
specialRequest,FOOD,PASTA,,RIGATONI BOLOGNESE,,207,,1.0
specialRequest,FOOD,PASTA,,RIGATONI BOLOGNESE,,209,,4.0
specialRequest,FOOD,PASTA,,RIGATONI BOLOGNESE,,211,,2.0
specialRequest,FOOD,PASTA,,RIGATONI BOLOGNESE,,220,,2.0
specialRequest,FOOD,PASTA,,RIGATONI BOLOGNESE,,223,,5.0
specialRequest,FOOD,PASTA,,RIGATONI BOLOGNESE,,225,,2.0
specialRequest,FOOD,PASTA,,RIGATONI BOLOGNESE,,44,,4.0
specialRequest,FOOD,PASTA,,RIGATONI BOLOGNESE,,55,,7.0
specialRequest,FOOD,PASTA,,RIGATONI BOLOGNESE,,Bar,,1.0
specialRequest,FOOD,PASTA,,RIGATONI BOLOGNESE,,Parmesano A Parte,,2.0
specialRequest,FOOD,PASTA,,RIGATONI BOLOGNESE,,SPAGUETTI 50,,1.0
specialRequest,FOOD,PASTA,,RIGATONI BOLOGNESE,,Spaghetti,,6.0
specialRequest,FOOD,PASTA,,RIGATONI BOLOGNESE,,123,,1.0
specialRequest,FOOD,PASTA,,RIGATONI BOLOGNESE,,201,,4.0
specialRequest,FOOD,PASTA,,RIGATONI BOLOGNESE,,203,,8.0
specialRequest,FOOD,PASTA,,RIGATONI BOLOGNESE,,212,,2.0
specialRequest,FOOD,PASTA,,RIGATONI BOLOGNESE,,213,,7.0
specialRequest,FOOD,PASTA,,RIGATONI BOLOGNESE,,217,,4.0
specialRequest,FOOD,PASTA,,RIGATONI BOLOGNESE,,218,,1.0
specialRequest,FOOD,PASTA,,RIGATONI BOLOGNESE,,220 SPAGUETTI,,1.0
specialRequest,FOOD,PASTA,,RIGATONI BOLOGNESE,,224,,6.0
specialRequest,FOOD,PASTA,,RIGATONI BOLOGNESE,,44 Sin Vodka,,1.0
specialRequest,FOOD,PASTA,,RIGATONI BOLOGNESE,,45,,7.0
specialRequest,FOOD,PASTA,,RIGATONI BOLOGNESE,,46,,12.0
specialRequest,FOOD,PASTA,,RIGATONI BOLOGNESE,,49,,2.0
specialRequest,FOOD,PASTA,,RIGATONI BOLOGNESE,,50,,7.0
specialRequest,FOOD,PASTA,,RIGATONI BOLOGNESE,,52,,6.0
specialRequest,FOOD,PASTA,,RIGATONI BOLOGNESE,,54,,4.0
specialRequest,FOOD,PASTA,,RIGATONI BOLOGNESE,,Espaguetti,,1.0
specialRequest,FOOD,PASTA,,RIGATONI BOLOGNESE,,Mas Salsa,,1.0
specialRequest,FOOD,PASTA,,RIGATONI BOLOGNESE,,No Hacer Esta Todavia,,1.0
specialRequest,FOOD,PASTA,,RIGATONI BOLOGNESE,,No Queso,,2.0
specialRequest,FOOD,PASTA,,RIGATONI BOLOGNESE,,SPAGUETTI 49,,1.0
specialRequest,FOOD,PASTA,,RIGATONI BOLOGNESE,,Spaguetti,,1.0
specialRequest,FOOD,PASTA,,RIGATONI BOLOGNESE,,UNA SIN QUESO,,3.0
menuItem,FOOD,PASTA,,SPAGHETTI CARBONARA,,,PASTA,142.0
modifier,FOOD,PASTA,,SPAGHETTI CARBONARA,,Beeper Number,,41.0
modifier,FOOD,PASTA,,SPAGHETTI CARBONARA,,Marinated Chicken,,2.0
modifier,FOOD,PASTA,,SPAGHETTI CARBONARA,,Bread,,1.0
modifier,FOOD,PASTA,,SPAGHETTI CARBONARA,,Regular,,31.0
sizedSpecialRequest,FOOD,PASTA,,SPAGHETTI CARBONARA,Regular,203,,1.0
sizedSpecialRequest,FOOD,PASTA,,SPAGHETTI CARBONARA,Regular,209,,5.0
sizedSpecialRequest,FOOD,PASTA,,SPAGHETTI CARBONARA,Regular,213,,1.0
sizedSpecialRequest,FOOD,PASTA,,SPAGHETTI CARBONARA,Regular,217,,1.0
sizedSpecialRequest,FOOD,PASTA,,SPAGHETTI CARBONARA,Regular,218,,1.0
sizedSpecialRequest,FOOD,PASTA,,SPAGHETTI CARBONARA,Regular,219,,3.0
sizedSpecialRequest,FOOD,PASTA,,SPAGHETTI CARBONARA,Regular,223,,1.0
sizedSpecialRequest,FOOD,PASTA,,SPAGHETTI CARBONARA,Regular,224,,1.0
sizedSpecialRequest,FOOD,PASTA,,SPAGHETTI CARBONARA,Regular,225,,1.0
sizedSpecialRequest,FOOD,PASTA,,SPAGHETTI CARBONARA,Regular,44,,1.0
sizedSpecialRequest,FOOD,PASTA,,SPAGHETTI CARBONARA,Regular,45,,2.0
sizedSpecialRequest,FOOD,PASTA,,SPAGHETTI CARBONARA,Regular,46,,1.0
sizedSpecialRequest,FOOD,PASTA,,SPAGHETTI CARBONARA,Regular,49,,3.0
sizedSpecialRequest,FOOD,PASTA,,SPAGHETTI CARBONARA,Regular,54,,2.0
sizedSpecialRequest,FOOD,PASTA,,SPAGHETTI CARBONARA,Regular,55,,2.0
sizedModifier,FOOD,PASTA,,SPAGHETTI CARBONARA,Regular,Marinated Chicken,,1.0
sizedSpecialRequest,FOOD,PASTA,,SPAGHETTI CARBONARA,Regular,Rigatton,,1.0
sizedSpecialRequest,FOOD,PASTA,,SPAGHETTI CARBONARA,Regular,Sin Pimienta,,1.0
modifier,FOOD,PASTA,,SPAGHETTI CARBONARA,,XL,,6.0
sizedSpecialRequest,FOOD,PASTA,,SPAGHETTI CARBONARA,XL,201,,1.0
sizedSpecialRequest,FOOD,PASTA,,SPAGHETTI CARBONARA,XL,220,,1.0
sizedSpecialRequest,FOOD,PASTA,,SPAGHETTI CARBONARA,XL,44,,1.0
sizedSpecialRequest,FOOD,PASTA,,SPAGHETTI CARBONARA,XL,49,,1.0
sizedSpecialRequest,FOOD,PASTA,,SPAGHETTI CARBONARA,XL,52,,1.0
sizedSpecialRequest,FOOD,PASTA,,SPAGHETTI CARBONARA,XL,54,,1.0
sizedModifier,FOOD,PASTA,,SPAGHETTI CARBONARA,XL,Marinated Chicken,,1.0
specialRequest,FOOD,PASTA,,SPAGHETTI CARBONARA,,207,,1.0
specialRequest,FOOD,PASTA,,SPAGHETTI CARBONARA,,211,,6.0
specialRequest,FOOD,PASTA,,SPAGHETTI CARBONARA,,218,,2.0
specialRequest,FOOD,PASTA,,SPAGHETTI CARBONARA,,44,,9.0
specialRequest,FOOD,PASTA,,SPAGHETTI CARBONARA,,46,,3.0
specialRequest,FOOD,PASTA,,SPAGHETTI CARBONARA,,52,,5.0
specialRequest,FOOD,PASTA,,SPAGHETTI CARBONARA,,55,,6.0
specialRequest,FOOD,PASTA,,SPAGHETTI CARBONARA,,201,,5.0
specialRequest,FOOD,PASTA,,SPAGHETTI CARBONARA,,209,,5.0
specialRequest,FOOD,PASTA,,SPAGHETTI CARBONARA,,212,,2.0
specialRequest,FOOD,PASTA,,SPAGHETTI CARBONARA,,213,,6.0
specialRequest,FOOD,PASTA,,SPAGHETTI CARBONARA,,217,,2.0
specialRequest,FOOD,PASTA,,SPAGHETTI CARBONARA,,220,,3.0
specialRequest,FOOD,PASTA,,SPAGHETTI CARBONARA,,223,,6.0
specialRequest,FOOD,PASTA,,SPAGHETTI CARBONARA,,224,,3.0
specialRequest,FOOD,PASTA,,SPAGHETTI CARBONARA,,45,,11.0
specialRequest,FOOD,PASTA,,SPAGHETTI CARBONARA,,50,,4.0
specialRequest,FOOD,PASTA,,SPAGHETTI CARBONARA,,54,,4.0
specialRequest,FOOD,PASTA,,SPAGHETTI CARBONARA,,No Cheese,,1.0
specialRequest,FOOD,PASTA,,SPAGHETTI CARBONARA,,Rigatoni,,1.0
menuItem,FOOD,PASTA,,RIGATONI TARTUFO (TRUFFLE),,,PASTA,43.0
modifier,FOOD,PASTA,,RIGATONI TARTUFO (TRUFFLE),,Beeper Number,,8.0
modifier,FOOD,PASTA,,RIGATONI TARTUFO (TRUFFLE),,Marinated Chicken,,2.0
modifier,FOOD,PASTA,,RIGATONI TARTUFO (TRUFFLE),,Regular,,15.0
sizedSpecialRequest,FOOD,PASTA,,RIGATONI TARTUFO (TRUFFLE),Regular,201,,1.0
sizedSpecialRequest,FOOD,PASTA,,RIGATONI TARTUFO (TRUFFLE),Regular,209,,1.0
sizedSpecialRequest,FOOD,PASTA,,RIGATONI TARTUFO (TRUFFLE),Regular,211,,2.0
sizedSpecialRequest,FOOD,PASTA,,RIGATONI TARTUFO (TRUFFLE),Regular,223,,2.0
sizedSpecialRequest,FOOD,PASTA,,RIGATONI TARTUFO (TRUFFLE),Regular,52,,1.0
sizedModifier,FOOD,PASTA,,RIGATONI TARTUFO (TRUFFLE),Regular,Marinated Chicken,,1.0
sizedSpecialRequest,FOOD,PASTA,,RIGATONI TARTUFO (TRUFFLE),Regular,No Mushroom,,1.0
modifier,FOOD,PASTA,,RIGATONI TARTUFO (TRUFFLE),,XL,,2.0
sizedSpecialRequest,FOOD,PASTA,,RIGATONI TARTUFO (TRUFFLE),XL,49,,1.0
sizedSpecialRequest,FOOD,PASTA,,RIGATONI TARTUFO (TRUFFLE),XL,52,,1.0
specialRequest,FOOD,PASTA,,RIGATONI TARTUFO (TRUFFLE),,201,,5.0
specialRequest,FOOD,PASTA,,RIGATONI TARTUFO (TRUFFLE),,220,,1.0
specialRequest,FOOD,PASTA,,RIGATONI TARTUFO (TRUFFLE),,223,,1.0
specialRequest,FOOD,PASTA,,RIGATONI TARTUFO (TRUFFLE),,224,,3.0
specialRequest,FOOD,PASTA,,RIGATONI TARTUFO (TRUFFLE),,46,,1.0
specialRequest,FOOD,PASTA,,RIGATONI TARTUFO (TRUFFLE),,49,,1.0
specialRequest,FOOD,PASTA,,RIGATONI TARTUFO (TRUFFLE),,52,,1.0
specialRequest,FOOD,PASTA,,RIGATONI TARTUFO (TRUFFLE),,54,,1.0
specialRequest,FOOD,PASTA,,RIGATONI TARTUFO (TRUFFLE),,211,,1.0
specialRequest,FOOD,PASTA,,RIGATONI TARTUFO (TRUFFLE),,225,,1.0
"",FOOD,PIZZA,,,,,,806.0
menuItem,FOOD,PIZZA,,MARGHERITA,,,PIZZA,360.0
modifier,FOOD,PIZZA,,MARGHERITA,,Prosciutto,,1.0
modifier,FOOD,PIZZA,,MARGHERITA,,Spianata Calabrese,,2.0
modifier,FOOD,PIZZA,,MARGHERITA,,Mushrooms,,2.0
modifier,FOOD,PIZZA,,MARGHERITA,,Arugula,,1.0
modifier,FOOD,PIZZA,,MARGHERITA,,Beeper Number,,136.0
modifier,FOOD,PIZZA,,MARGHERITA,,Marinated Chicken,,5.0
modifier,FOOD,PIZZA,,MARGHERITA,,Grilled Vegetables,,3.0
modifier,FOOD,PIZZA,,MARGHERITA,,Straciatella Cheese,,1.0
modifier,FOOD,PIZZA,,MARGHERITA,,GLUTEN FREE,,3.0
modifier,FOOD,PIZZA,,MARGHERITA,,Extra Sauce,,1.0
modifier,FOOD,PIZZA,,MARGHERITA,,Grilled Chicken,,1.0
modifier,FOOD,PIZZA,,MARGHERITA,,GLUTEN FREE,,6.0
specialRequest,FOOD,PIZZA,,MARGHERITA,,103,,15.0
specialRequest,FOOD,PIZZA,,MARGHERITA,,11,,9.0
specialRequest,FOOD,PIZZA,,MARGHERITA,,115,,20.0
specialRequest,FOOD,PIZZA,,MARGHERITA,,116,,11.0
specialRequest,FOOD,PIZZA,,MARGHERITA,,15,,17.0
specialRequest,FOOD,PIZZA,,MARGHERITA,,16,,15.0
specialRequest,FOOD,PIZZA,,MARGHERITA,,225,,1.0
specialRequest,FOOD,PIZZA,,MARGHERITA,,71,,23.0
specialRequest,FOOD,PIZZA,,MARGHERITA,,93,,2.0
specialRequest,FOOD,PIZZA,,MARGHERITA,,Cevoja Y Pimiento,,1.0
specialRequest,FOOD,PIZZA,,MARGHERITA,,Chill Flakes,,1.0
specialRequest,FOOD,PIZZA,,MARGHERITA,,Extrasalsa,,1.0
specialRequest,FOOD,PIZZA,,MARGHERITA,,Light Cheese,,1.0
specialRequest,FOOD,PIZZA,,MARGHERITA,,No Queso,,1.0
specialRequest,FOOD,PIZZA,,MARGHERITA,,10,,18.0
specialRequest,FOOD,PIZZA,,MARGHERITA,,101,,7.0
specialRequest,FOOD,PIZZA,,MARGHERITA,,106,,22.0
specialRequest,FOOD,PIZZA,,MARGHERITA,,109,,24.0
specialRequest,FOOD,PIZZA,,MARGHERITA,,110,,1.0
specialRequest,FOOD,PIZZA,,MARGHERITA,,111,,14.0
specialRequest,FOOD,PIZZA,,MARGHERITA,,113,,18.0
specialRequest,FOOD,PIZZA,,MARGHERITA,,117,,11.0
specialRequest,FOOD,PIZZA,,MARGHERITA,,118,,12.0
specialRequest,FOOD,PIZZA,,MARGHERITA,,120,,25.0
specialRequest,FOOD,PIZZA,,MARGHERITA,,123,,5.0
specialRequest,FOOD,PIZZA,,MARGHERITA,,127,,10.0
specialRequest,FOOD,PIZZA,,MARGHERITA,,129,,11.0
specialRequest,FOOD,PIZZA,,MARGHERITA,,13,,8.0
specialRequest,FOOD,PIZZA,,MARGHERITA,,14,,13.0
specialRequest,FOOD,PIZZA,,MARGHERITA,,64,,15.0
specialRequest,FOOD,PIZZA,,MARGHERITA,,81,,9.0
specialRequest,FOOD,PIZZA,,MARGHERITA,,Alergica A Sevoja,,1.0
specialRequest,FOOD,PIZZA,,MARGHERITA,,Bien Cocida,,1.0
specialRequest,FOOD,PIZZA,,MARGHERITA,,Extra Cheese,,4.0
specialRequest,FOOD,PIZZA,,MARGHERITA,,Krispy,,4.0
specialRequest,FOOD,PIZZA,,MARGHERITA,,No Basil,,1.0
specialRequest,FOOD,PIZZA,,MARGHERITA,,No Hacer,,1.0
specialRequest,FOOD,PIZZA,,MARGHERITA,,No Oregano,,2.0
specialRequest,FOOD,PIZZA,,MARGHERITA,,Onion Y Peppers,,1.0
specialRequest,FOOD,PIZZA,,MARGHERITA,,Pepper Y Onions,,1.0
specialRequest,FOOD,PIZZA,,MARGHERITA,,Prosciutto En Un Plato A Partr,,1.0
specialRequest,FOOD,PIZZA,,MARGHERITA,,Solo Salsa,,1.0
menuItem,FOOD,PIZZA,,COTTO,,,PIZZA,68.0
modifier,FOOD,PIZZA,,COTTO,,Shredded Mozzarella,,1.0
modifier,FOOD,PIZZA,,COTTO,,Beeper Number,,24.0
modifier,FOOD,PIZZA,,COTTO,,Bacon,,2.0
modifier,FOOD,PIZZA,,COTTO,,GLUTEN FREE,,2.0
specialRequest,FOOD,PIZZA,,COTTO,,10,,3.0
specialRequest,FOOD,PIZZA,,COTTO,,101,,1.0
specialRequest,FOOD,PIZZA,,COTTO,,103,,4.0
specialRequest,FOOD,PIZZA,,COTTO,,106,,1.0
specialRequest,FOOD,PIZZA,,COTTO,,109,,4.0
specialRequest,FOOD,PIZZA,,COTTO,,11,,3.0
specialRequest,FOOD,PIZZA,,COTTO,,113,,7.0
specialRequest,FOOD,PIZZA,,COTTO,,116,,4.0
specialRequest,FOOD,PIZZA,,COTTO,,120,,5.0
specialRequest,FOOD,PIZZA,,COTTO,,127,,1.0
specialRequest,FOOD,PIZZA,,COTTO,,129,,3.0
specialRequest,FOOD,PIZZA,,COTTO,,14,,3.0
specialRequest,FOOD,PIZZA,,COTTO,,16,,4.0
specialRequest,FOOD,PIZZA,,COTTO,,64,,1.0
specialRequest,FOOD,PIZZA,,COTTO,,71,,4.0
specialRequest,FOOD,PIZZA,,COTTO,,93,,1.0
specialRequest,FOOD,PIZZA,,COTTO,,Extra Quesp,,1.0
specialRequest,FOOD,PIZZA,,COTTO,,111,,5.0
specialRequest,FOOD,PIZZA,,COTTO,,115,,2.0
specialRequest,FOOD,PIZZA,,COTTO,,117,,2.0
specialRequest,FOOD,PIZZA,,COTTO,,118,,1.0
specialRequest,FOOD,PIZZA,,COTTO,,13,,1.0
specialRequest,FOOD,PIZZA,,COTTO,,81,,2.0
menuItem,FOOD,PIZZA,,DIAVOLA,,,PIZZA,137.0
modifier,FOOD,PIZZA,,DIAVOLA,,Prosciutto,,3.0
modifier,FOOD,PIZZA,,DIAVOLA,,Mushrooms,,1.0
modifier,FOOD,PIZZA,,DIAVOLA,,Beeper Number,,41.0
modifier,FOOD,PIZZA,,DIAVOLA,,Marinated Chicken,,1.0
modifier,FOOD,PIZZA,,DIAVOLA,,GLUTEN FREE,,1.0
specialRequest,FOOD,PIZZA,,DIAVOLA,,101,,1.0
specialRequest,FOOD,PIZZA,,DIAVOLA,,106,,7.0
specialRequest,FOOD,PIZZA,,DIAVOLA,,110,,1.0
specialRequest,FOOD,PIZZA,,DIAVOLA,,117,,2.0
specialRequest,FOOD,PIZZA,,DIAVOLA,,120,,4.0
specialRequest,FOOD,PIZZA,,DIAVOLA,,123,,1.0
specialRequest,FOOD,PIZZA,,DIAVOLA,,71,,1.0
specialRequest,FOOD,PIZZA,,DIAVOLA,,81,,6.0
specialRequest,FOOD,PIZZA,,DIAVOLA,,SIN QUESO,,1.0
specialRequest,FOOD,PIZZA,,DIAVOLA,,10,,9.0
specialRequest,FOOD,PIZZA,,DIAVOLA,,103,,7.0
specialRequest,FOOD,PIZZA,,DIAVOLA,,109,,8.0
specialRequest,FOOD,PIZZA,,DIAVOLA,,11,,5.0
specialRequest,FOOD,PIZZA,,DIAVOLA,,111,,4.0
specialRequest,FOOD,PIZZA,,DIAVOLA,,113,,8.0
specialRequest,FOOD,PIZZA,,DIAVOLA,,115,,3.0
specialRequest,FOOD,PIZZA,,DIAVOLA,,116,,3.0
specialRequest,FOOD,PIZZA,,DIAVOLA,,118,,6.0
specialRequest,FOOD,PIZZA,,DIAVOLA,,127,,2.0
specialRequest,FOOD,PIZZA,,DIAVOLA,,129,,6.0
specialRequest,FOOD,PIZZA,,DIAVOLA,,14,,8.0
specialRequest,FOOD,PIZZA,,DIAVOLA,,15,,5.0
specialRequest,FOOD,PIZZA,,DIAVOLA,,16,,5.0
specialRequest,FOOD,PIZZA,,DIAVOLA,,64,,5.0
specialRequest,FOOD,PIZZA,,DIAVOLA,,93,,2.0
menuItem,FOOD,PIZZA,,PRIMAVERA,,,PIZZA,24.0
modifier,FOOD,PIZZA,,PRIMAVERA,,Spianata Calabrese,,1.0
modifier,FOOD,PIZZA,,PRIMAVERA,,Beeper Number,,9.0
modifier,FOOD,PIZZA,,PRIMAVERA,,Grilled Vegetables,,1.0
modifier,FOOD,PIZZA,,PRIMAVERA,,GLUTEN FREE,,1.0
modifier,FOOD,PIZZA,,PRIMAVERA,,Vegan Mozzarella,,1.0
specialRequest,FOOD,PIZZA,,PRIMAVERA,,106,,2.0
specialRequest,FOOD,PIZZA,,PRIMAVERA,,111,,1.0
specialRequest,FOOD,PIZZA,,PRIMAVERA,,116,,3.0
specialRequest,FOOD,PIZZA,,PRIMAVERA,,127,,1.0
specialRequest,FOOD,PIZZA,,PRIMAVERA,,15,,1.0
specialRequest,FOOD,PIZZA,,PRIMAVERA,,71,,1.0
specialRequest,FOOD,PIZZA,,PRIMAVERA,,No Merenguena,,1.0
specialRequest,FOOD,PIZZA,,PRIMAVERA,,101,,1.0
specialRequest,FOOD,PIZZA,,PRIMAVERA,,11,,3.0
specialRequest,FOOD,PIZZA,,PRIMAVERA,,113,,1.0
specialRequest,FOOD,PIZZA,,PRIMAVERA,,118,,2.0
specialRequest,FOOD,PIZZA,,PRIMAVERA,,14,,1.0
specialRequest,FOOD,PIZZA,,PRIMAVERA,,16,,3.0
specialRequest,FOOD,PIZZA,,PRIMAVERA,,81,,1.0
menuItem,FOOD,PIZZA,,REGINA,,,PIZZA,35.0
modifier,FOOD,PIZZA,,REGINA,,Beeper Number,,9.0
modifier,FOOD,PIZZA,,REGINA,,GLUTEN FREE,,2.0
specialRequest,FOOD,PIZZA,,REGINA,,101,,1.0
specialRequest,FOOD,PIZZA,,REGINA,,11,,1.0
specialRequest,FOOD,PIZZA,,REGINA,,111,,1.0
specialRequest,FOOD,PIZZA,,REGINA,,120,,1.0
specialRequest,FOOD,PIZZA,,REGINA,,123,,1.0
specialRequest,FOOD,PIZZA,,REGINA,,14,,1.0
specialRequest,FOOD,PIZZA,,REGINA,,81,,3.0
specialRequest,FOOD,PIZZA,,REGINA,,NO MUSHROOMS,,1.0
specialRequest,FOOD,PIZZA,,REGINA,,103,,1.0
specialRequest,FOOD,PIZZA,,REGINA,,106,,4.0
specialRequest,FOOD,PIZZA,,REGINA,,113,,4.0
specialRequest,FOOD,PIZZA,,REGINA,,116,,3.0
specialRequest,FOOD,PIZZA,,REGINA,,129,,1.0
specialRequest,FOOD,PIZZA,,REGINA,,15,,1.0
specialRequest,FOOD,PIZZA,,REGINA,,16,,4.0
specialRequest,FOOD,PIZZA,,REGINA,,64,,2.0
specialRequest,FOOD,PIZZA,,REGINA,,71,,1.0
specialRequest,FOOD,PIZZA,,REGINA,,No Ham,,1.0
specialRequest,FOOD,PIZZA,,REGINA,,"With Procciuto, No Cook Ham",,1.0
menuItem,FOOD,PIZZA,,MARGHERITA DI BURRATA,,,PIZZA,54.0
modifier,FOOD,PIZZA,,MARGHERITA DI BURRATA,,Spianata Calabrese,,1.0
modifier,FOOD,PIZZA,,MARGHERITA DI BURRATA,,Arugula,,1.0
modifier,FOOD,PIZZA,,MARGHERITA DI BURRATA,,Beeper Number,,15.0
modifier,FOOD,PIZZA,,MARGHERITA DI BURRATA,,Marinated Chicken,,2.0
modifier,FOOD,PIZZA,,MARGHERITA DI BURRATA,,Grilled Vegetables,,1.0
specialRequest,FOOD,PIZZA,,MARGHERITA DI BURRATA,,113,,1.0
specialRequest,FOOD,PIZZA,,MARGHERITA DI BURRATA,,120,,2.0
specialRequest,FOOD,PIZZA,,MARGHERITA DI BURRATA,,15,,7.0
specialRequest,FOOD,PIZZA,,MARGHERITA DI BURRATA,,71,,3.0
specialRequest,FOOD,PIZZA,,MARGHERITA DI BURRATA,,101,,2.0
specialRequest,FOOD,PIZZA,,MARGHERITA DI BURRATA,,103,,2.0
specialRequest,FOOD,PIZZA,,MARGHERITA DI BURRATA,,106,,5.0
specialRequest,FOOD,PIZZA,,MARGHERITA DI BURRATA,,109,,2.0
specialRequest,FOOD,PIZZA,,MARGHERITA DI BURRATA,,111,,2.0
specialRequest,FOOD,PIZZA,,MARGHERITA DI BURRATA,,115,,3.0
specialRequest,FOOD,PIZZA,,MARGHERITA DI BURRATA,,116,,1.0
specialRequest,FOOD,PIZZA,,MARGHERITA DI BURRATA,,118,,1.0
specialRequest,FOOD,PIZZA,,MARGHERITA DI BURRATA,,123,,1.0
specialRequest,FOOD,PIZZA,,MARGHERITA DI BURRATA,,127,,3.0
specialRequest,FOOD,PIZZA,,MARGHERITA DI BURRATA,,129,,2.0
specialRequest,FOOD,PIZZA,,MARGHERITA DI BURRATA,,13,,2.0
specialRequest,FOOD,PIZZA,,MARGHERITA DI BURRATA,,14,,2.0
specialRequest,FOOD,PIZZA,,MARGHERITA DI BURRATA,,16,,2.0
specialRequest,FOOD,PIZZA,,MARGHERITA DI BURRATA,,64,,2.0
menuItem,FOOD,PIZZA,,POSITANO (TRUFFLE CREAM),,,PIZZA,47.0
menuItem,FOOD,PIZZA,,TRUFFLE,,,PIZZA,23.0
modifier,FOOD,PIZZA,,POSITANO (TRUFFLE CREAM),,Prosciutto,,1.0
modifier,FOOD,PIZZA,,POSITANO (TRUFFLE CREAM),,Beeper Number,,7.0
modifier,FOOD,PIZZA,,POSITANO (TRUFFLE CREAM),,Marinated Chicken,,2.0
specialRequest,FOOD,PIZZA,,POSITANO (TRUFFLE CREAM),,10,,2.0
specialRequest,FOOD,PIZZA,,POSITANO (TRUFFLE CREAM),,101,,1.0
specialRequest,FOOD,PIZZA,,POSITANO (TRUFFLE CREAM),,110,,1.0
specialRequest,FOOD,PIZZA,,POSITANO (TRUFFLE CREAM),,111,,3.0
specialRequest,FOOD,PIZZA,,POSITANO (TRUFFLE CREAM),,116,,3.0
specialRequest,FOOD,PIZZA,,POSITANO (TRUFFLE CREAM),,118,,2.0
specialRequest,FOOD,PIZZA,,POSITANO (TRUFFLE CREAM),,15,,5.0
specialRequest,FOOD,PIZZA,,POSITANO (TRUFFLE CREAM),,71,,2.0
specialRequest,FOOD,PIZZA,,POSITANO (TRUFFLE CREAM),,81,,3.0
specialRequest,FOOD,PIZZA,,POSITANO (TRUFFLE CREAM),,93,,1.0
specialRequest,FOOD,PIZZA,,POSITANO (TRUFFLE CREAM),,106,,1.0
specialRequest,FOOD,PIZZA,,POSITANO (TRUFFLE CREAM),,109,,3.0
specialRequest,FOOD,PIZZA,,POSITANO (TRUFFLE CREAM),,11,,1.0
specialRequest,FOOD,PIZZA,,POSITANO (TRUFFLE CREAM),,117,,1.0
specialRequest,FOOD,PIZZA,,POSITANO (TRUFFLE CREAM),,120,,2.0
specialRequest,FOOD,PIZZA,,POSITANO (TRUFFLE CREAM),,127,,1.0
specialRequest,FOOD,PIZZA,,POSITANO (TRUFFLE CREAM),,129,,1.0
specialRequest,FOOD,PIZZA,,POSITANO (TRUFFLE CREAM),,13,,1.0
specialRequest,FOOD,PIZZA,,POSITANO (TRUFFLE CREAM),,14,,1.0
specialRequest,FOOD,PIZZA,,POSITANO (TRUFFLE CREAM),,16,,4.0
specialRequest,FOOD,PIZZA,,POSITANO (TRUFFLE CREAM),,64,,3.0
menuItem,FOOD,PIZZA,,PROSCIUTTO E BURRATA,,,PIZZA,58.0
modifier,FOOD,PIZZA,,PROSCIUTTO E BURRATA,,Beeper Number,,16.0
modifier,FOOD,PIZZA,,PROSCIUTTO E BURRATA,,GLUTEN FREE,,1.0
specialRequest,FOOD,PIZZA,,PROSCIUTTO E BURRATA,,10,,2.0
specialRequest,FOOD,PIZZA,,PROSCIUTTO E BURRATA,,103,,2.0
specialRequest,FOOD,PIZZA,,PROSCIUTTO E BURRATA,,11,,2.0
specialRequest,FOOD,PIZZA,,PROSCIUTTO E BURRATA,,113,,2.0
specialRequest,FOOD,PIZZA,,PROSCIUTTO E BURRATA,,115,,1.0
specialRequest,FOOD,PIZZA,,PROSCIUTTO E BURRATA,,117,,2.0
specialRequest,FOOD,PIZZA,,PROSCIUTTO E BURRATA,,120,,1.0
specialRequest,FOOD,PIZZA,,PROSCIUTTO E BURRATA,,123,,1.0
specialRequest,FOOD,PIZZA,,PROSCIUTTO E BURRATA,,129,,2.0
specialRequest,FOOD,PIZZA,,PROSCIUTTO E BURRATA,,14,,2.0
specialRequest,FOOD,PIZZA,,PROSCIUTTO E BURRATA,,71,,4.0
specialRequest,FOOD,PIZZA,,PROSCIUTTO E BURRATA,,81,,1.0
specialRequest,FOOD,PIZZA,,PROSCIUTTO E BURRATA,,101,,5.0
specialRequest,FOOD,PIZZA,,PROSCIUTTO E BURRATA,,109,,2.0
specialRequest,FOOD,PIZZA,,PROSCIUTTO E BURRATA,,110,,1.0
specialRequest,FOOD,PIZZA,,PROSCIUTTO E BURRATA,,111,,1.0
specialRequest,FOOD,PIZZA,,PROSCIUTTO E BURRATA,,116,,1.0
specialRequest,FOOD,PIZZA,,PROSCIUTTO E BURRATA,,118,,4.0
specialRequest,FOOD,PIZZA,,PROSCIUTTO E BURRATA,,127,,1.0
specialRequest,FOOD,PIZZA,,PROSCIUTTO E BURRATA,,13,,5.0
specialRequest,FOOD,PIZZA,,PROSCIUTTO E BURRATA,,15,,3.0
specialRequest,FOOD,PIZZA,,PROSCIUTTO E BURRATA,,16,,3.0
specialRequest,FOOD,PIZZA,,PROSCIUTTO E BURRATA,,93,,2.0
specialRequest,FOOD,PIZZA,,PROSCIUTTO E BURRATA,,Chilly Flakes,,1.0
"",FOOD,SALAD,,,,,,250.0
menuItem,FOOD,SALAD,,CAESAR,,,SALAD,111.0
modifier,FOOD,SALAD,,CAESAR,,Marinated Chicken,,13.0
modifier,FOOD,SALAD,,CAESAR,,Marinated Salmon,,1.0
modifier,FOOD,SALAD,,CAESAR,,Bacon,,1.0
modifier,FOOD,SALAD,,CAESAR,,Eggs,,4.0
modifier,FOOD,SALAD,,CAESAR,,Marinated Chicken,,12.0
modifier,FOOD,SALAD,,CAESAR,,Grilled Chicken,,8.0
modifier,FOOD,SALAD,,CAESAR,,Marinated Salmon,,1.0
modifier,FOOD,SALAD,,CAESAR,,Mozzarella Ball,,1.0
modifier,FOOD,SALAD,,CAESAR,,Boiled Egg,,5.0
specialRequest,FOOD,SALAD,,CAESAR,,209,,1.0
specialRequest,FOOD,SALAD,,CAESAR,,219,,3.0
specialRequest,FOOD,SALAD,,CAESAR,,218,,1.0
specialRequest,FOOD,SALAD,,CAESAR,,44 Hacer Sin Tomate,,1.0
specialRequest,FOOD,SALAD,,CAESAR,,52,,1.0
specialRequest,FOOD,SALAD,,CAESAR,,54 Hacer,,1.0
specialRequest,FOOD,SALAD,,CAESAR,,Avocado,,1.0
specialRequest,FOOD,SALAD,,CAESAR,,Da Hacer,,1.0
specialRequest,FOOD,SALAD,,CAESAR,,Hacer,,4.0
menuItem,FOOD,SALAD,,AMORE VERDE,,,SALAD,24.0
modifier,FOOD,SALAD,,AMORE VERDE,,Marinated Chicken,,2.0
modifier,FOOD,SALAD,,AMORE VERDE,,Marinated Salmon,,1.0
modifier,FOOD,SALAD,,AMORE VERDE,,Eggs,,2.0
modifier,FOOD,SALAD,,AMORE VERDE,,Marinated Chicken,,4.0
modifier,FOOD,SALAD,,AMORE VERDE,,Grilled Chicken,,1.0
modifier,FOOD,SALAD,,AMORE VERDE,,Marinated Salmon,,2.0
specialRequest,FOOD,SALAD,,AMORE VERDE,,220 Hacer Sin Cebolla,,1.0
menuItem,FOOD,SALAD,,LA VITA SANA,,,SALAD,45.0
modifier,FOOD,SALAD,,LA VITA SANA,,Mozzarella Ball,,3.0
modifier,FOOD,SALAD,,LA VITA SANA,,Marinated Chicken,,6.0
modifier,FOOD,SALAD,,LA VITA SANA,,Marinated Salmon,,4.0
modifier,FOOD,SALAD,,LA VITA SANA,,Eggs,,3.0
modifier,FOOD,SALAD,,LA VITA SANA,,Marinated Chicken,,3.0
modifier,FOOD,SALAD,,LA VITA SANA,,Grilled Chicken,,3.0
modifier,FOOD,SALAD,,LA VITA SANA,,Marinated Salmon,,2.0
modifier,FOOD,SALAD,,LA VITA SANA,,Grilled Vegetables,,1.0
modifier,FOOD,SALAD,,LA VITA SANA,,Mozzarella Ball,,2.0
modifier,FOOD,SALAD,,LA VITA SANA,,Boiled Egg,,4.0
modifier,FOOD,SALAD,,LA VITA SANA,,EXTRA AVOCADO,,1.0
specialRequest,FOOD,SALAD,,LA VITA SANA,,219 Hacer,,1.0
specialRequest,FOOD,SALAD,,LA VITA SANA,,Con Salmon,,1.0
specialRequest,FOOD,SALAD,,LA VITA SANA,,211,,1.0
menuItem,FOOD,SALAD,,MEDITERRANEA,,,SALAD,29.0
modifier,FOOD,SALAD,,MEDITERRANEA,,Marinated Chicken,,2.0
modifier,FOOD,SALAD,,MEDITERRANEA,,Marinated Salmon,,2.0
modifier,FOOD,SALAD,,MEDITERRANEA,,Meatballs,,1.0
modifier,FOOD,SALAD,,MEDITERRANEA,,Eggs,,1.0
modifier,FOOD,SALAD,,MEDITERRANEA,,Marinated Salmon,,4.0
modifier,FOOD,SALAD,,MEDITERRANEA,,Mozzarella Ball,,1.0
modifier,FOOD,SALAD,,MEDITERRANEA,,Boiled Egg,,1.0
specialRequest,FOOD,SALAD,,MEDITERRANEA,,223,,1.0
specialRequest,FOOD,SALAD,,MEDITERRANEA,,Da Hacer,,1.0
menuItem,FOOD,SALAD,,CAPRESE,,,SALAD,41.0
modifier,FOOD,SALAD,,CAPRESE,,Marinated Chicken,,2.0
modifier,FOOD,SALAD,,CAPRESE,,Marinated Salmon,,2.0
modifier,FOOD,SALAD,,CAPRESE,,Eggs,,1.0
modifier,FOOD,SALAD,,CAPRESE,,Marinated Chicken,,5.0
modifier,FOOD,SALAD,,CAPRESE,,Grilled Chicken,,1.0
modifier,FOOD,SALAD,,CAPRESE,,Marinated Salmon,,4.0
modifier,FOOD,SALAD,,CAPRESE,,Boiled Egg,,5.0
modifier,FOOD,SALAD,,CAPRESE,,EXTRA AVOCADO,,1.0
modifier,FOOD,SALAD,,CAPRESE,,BURRATA 50 Gr,,1.0
specialRequest,FOOD,SALAD,,CAPRESE,,111,,1.0
specialRequest,FOOD,SALAD,,CAPRESE,,220 Hacer,,1.0
specialRequest,FOOD,SALAD,,CAPRESE,,201,,1.0
"",FOOD,PIZZA PALA,,,,,,216.0
menuItem,FOOD,PIZZA PALA,,1/2 ARUG/STRAC PALA,,,PIZZA PALA,13.0
menuItem,FOOD,PIZZA PALA,,1/2 HAM PALA,,,PIZZA PALA,2.0
menuItem,FOOD,PIZZA PALA,,1/2 MARGHERITA PALA,,,PIZZA PALA,51.0
modifier,FOOD,PIZZA PALA,,1/2 MARGHERITA PALA,,Grilled Chicken,,1.0
menuItem,FOOD,PIZZA PALA,,1/2 PRIMAVERA PALA,,,PIZZA PALA,13.0
menuItem,FOOD,PIZZA PALA,,1/2 PROSCIUTTO PALA,,,PIZZA PALA,25.0
menuItem,FOOD,PIZZA PALA,,1/2 SPIANATA PALA,,,PIZZA PALA,54.0
modifier,FOOD,PIZZA PALA,,1/2 SPIANATA PALA,,Marinated Chicken,,1.0
menuItem,FOOD,PIZZA PALA,,1/2 TRUFFLE PALA,,,PIZZA PALA,41.0
menuItem,FOOD,PIZZA PALA,,FULL MARGHERITA PALA,,,PIZZA PALA,9.0
menuItem,FOOD,PIZZA PALA,,FULL PROSCIUTTO PALA,,,PIZZA PALA,1.0
menuItem,FOOD,PIZZA PALA,,FULL SPIANATA PALA,,,PIZZA PALA,5.0
menuItem,FOOD,PIZZA PALA,,FULL TRUFFLE PALA,,,PIZZA PALA,2.0
"",FOOD,BACI,,,,,,109.0
menuItem,FOOD,BACI,,CAPRI CLUB,,,EXTRA,26.0
modifier,FOOD,BACI,,CAPRI CLUB,,Marinated Chicken,,1.0
menuItem,FOOD,BACI,,SPICY CLUB,,,EXTRA,2.0
menuItem,FOOD,BACI,,COTTO CLUB,,,EXTRA,3.0
menuItem,FOOD,BACI,,BACI COTTO CLUB,,,EXTRA,6.0
menuItem,FOOD,BACI,,MORTADELLA CLUB,,,EXTRA,5.0
menuItem,FOOD,BACI,,CESAR CLUB,,,EXTRA,17.0
menuItem,FOOD,BACI,,PROSCIUTTO CLUB,,,EXTRA,19.0
modifier,FOOD,BACI,,PROSCIUTTO CLUB,,Sliced Tomatoes,,1.0
modifier,FOOD,BACI,,PROSCIUTTO CLUB,,Arugula,,1.0
menuItem,FOOD,BACI,,DELLA MAMMA,,,EXTRA,26.0
menuItem,FOOD,BACI,,MEATBALLS CLUB,,,EXTRA,5.0
"",FOOD,PANINI,,,,,,313.0
menuItem,FOOD,PANINI,,Focaccia Crudo,,,PANINI,52.0
modifier,FOOD,PANINI,,Focaccia Crudo,,Arugula,,2.0
modifier,FOOD,PANINI,,Focaccia Crudo,,Arugula,,1.0
menuItem,FOOD,PANINI,,Focaccia Caprese,,,PANINI,38.0
modifier,FOOD,PANINI,,Focaccia Caprese,,Prosciutto,,1.0
menuItem,FOOD,PANINI,,Focaccia Mortadella Stracciatella,,,PANINI,1.0
menuItem,FOOD,PANINI,,Panino Ham,,,PANINI,45.0
modifier,FOOD,PANINI,,Panino Ham,,Eggs,,1.0
modifier,FOOD,PANINI,,Panino Ham,,Boiled Egg,,1.0
menuItem,FOOD,PANINI,,Panino Egg & Bacon,,,PANINI,40.0
menuItem,FOOD,PANINI,,Panino Turkey & Egg,,,PANINI,92.0
menuItem,FOOD,PANINI,,Focaccia Cotto,,,PANINI,14.0
menuItem,FOOD,PANINI,,Portafoglio Caprese,,,PANINI,4.0
menuItem,FOOD,PANINI,,Portafoglio Crudo,,,PANINI,18.0
menuItem,FOOD,PANINI,,Portafoglio Ham,,,PANINI,9.0
"",FOOD,DESSERT,,,,,,334.0
menuItem,FOOD,DESSERT,,TIRAMIS? COFFEE,,,DESSERT,76.0
menuItem,FOOD,DESSERT,,TIRAMIS? NUTELLA,,,DESSERT,25.0
menuItem,FOOD,DESSERT,,TIRAMISU STRAWBERRY & PISTACCHIO,,,DESSERT,9.0
menuItem,FOOD,DESSERT,,CANNOLO ARANCIA,,,DESSERT,3.0
menuItem,FOOD,DESSERT,,CANNOLO PISTACCHIO,,,DESSERT,77.0
menuItem,FOOD,DESSERT,,CANNOLO CHOCOLATE,,,DESSERT,80.0
menuItem,FOOD,DESSERT,,CROSTATA SEASONAL FRUIT,,,DESSERT,14.0
menuItem,FOOD,DESSERT,,TIRAMIS? CARAMEL,,,DESSERT,15.0
menuItem,FOOD,DESSERT,,TIRAMIS? STRAWBERRY,,,DESSERT,11.0
menuItem,FOOD,DESSERT,,TIRAMIS? PISTACCHIO,,,DESSERT,15.0
menuItem,FOOD,DESSERT,,TIRAMIS? LIMONCELLO,,,DESSERT,9.0
"",FOOD,BAKERY,,,,,,584.0
menuItem,FOOD,BAKERY,,Croissant Plain,,,BAKERY,75.0
menuItem,FOOD,BAKERY,,Nutella Croissant,,,BAKERY,89.0
menuItem,FOOD,BAKERY,,Cream Croissant,,,BAKERY,19.0
menuItem,FOOD,BAKERY,,Pistacchio Croissant,,,BAKERY,26.0
menuItem,FOOD,BAKERY,,Apricot Croissant,,,BAKERY,7.0
menuItem,FOOD,BAKERY,,Raspberry Croissant,,,BAKERY,17.0
menuItem,FOOD,BAKERY,,Salty Croissant Ham & Cheese,,,BAKERY,89.0
modifier,FOOD,BAKERY,,Salty Croissant Ham & Cheese,,Eggs,,1.0
menuItem,FOOD,BAKERY,,Salty Croissant Caprese,,,BAKERY,1.0
menuItem,FOOD,BAKERY,,Salty Croissant Egg & Bacon,,,BAKERY,99.0
modifier,FOOD,BAKERY,,Salty Croissant Egg & Bacon,,Shredded Mozzarella,,1.0
menuItem,FOOD,BAKERY,,Bombolone Nutella,,,BAKERY,52.0
menuItem,FOOD,BAKERY,,Bombolone Crema,,,BAKERY,6.0
menuItem,FOOD,BAKERY,,Bombolone Pistacchio,,,BAKERY,5.0
menuItem,FOOD,BAKERY,,Bombolone Raspberry,,,BAKERY,7.0
menuItem,FOOD,BAKERY,,MUFFIN,,,BAKERY,3.0
menuItem,FOOD,BAKERY,,DANISH,,,BAKERY,8.0
menuItem,FOOD,BAKERY,,Biscotti 2X1,,,BAKERY,38.0
menuItem,FOOD,BAKERY,,Small Cannoli,,,BAKERY,40.0
menuItem,FOOD,BAKERY,,Croissant Almond,,,BAKERY,3.0
"",FOOD,BISCOTTI,,,,,,24.0
menuItem,FOOD,BISCOTTI,,BOCCONCINI LIMONE,,,EXTRA,2.0
menuItem,FOOD,BISCOTTI,,BOCCONCINI PISTACCHIO,,,EXTRA,1.0
menuItem,FOOD,BISCOTTI,,MINI CANNOLI GIANDUJA,,,EXTRA,1.0
menuItem,FOOD,BISCOTTI,,MINI CANNOLI PISTACCHIO,,,EXTRA,1.0
menuItem,FOOD,BISCOTTI,,ARAGOSTINE GIANDUJA,,,EXTRA,4.0
menuItem,FOOD,BISCOTTI,,BISCOTTI,,,EXTRA,15.0
"",FOOD,ADD-ONS,,,,,,16.0
menuItem,FOOD,ADD-ONS,,Marinated Chicken,,,EXTRA,1.0
menuItem,FOOD,ADD-ONS,,Mozzarella Ball,,,EXTRA,3.0
menuItem,FOOD,ADD-ONS,,Egg,,,EXTRA,5.0
menuItem,FOOD,ADD-ONS,,Grilled Vegetables,,,EXTRA,1.0
menuItem,FOOD,ADD-ONS,,Bacon,,,EXTRA,1.0
menuItem,FOOD,ADD-ONS,,Bread,,,EXTRA,4.0
menuItem,FOOD,ADD-ONS,,Avocado,,,EXTRA,1.0
"",APPETIZER,,,,,,,51.0
"",APPETIZER,APPETIZER,,,,,,51.0
menuItem,APPETIZER,APPETIZER,,IT BRUSCHETTA,,,,24.0
specialRequest,APPETIZER,APPETIZER,,IT BRUSCHETTA,,103,,2.0
specialRequest,APPETIZER,APPETIZER,,IT BRUSCHETTA,,11,,1.0
specialRequest,APPETIZER,APPETIZER,,IT BRUSCHETTA,,113,,1.0
specialRequest,APPETIZER,APPETIZER,,IT BRUSCHETTA,,127,,2.0
specialRequest,APPETIZER,APPETIZER,,IT BRUSCHETTA,,71,,1.0
specialRequest,APPETIZER,APPETIZER,,IT BRUSCHETTA,,10,,1.0
specialRequest,APPETIZER,APPETIZER,,IT BRUSCHETTA,,101,,1.0
specialRequest,APPETIZER,APPETIZER,,IT BRUSCHETTA,,109,,1.0
specialRequest,APPETIZER,APPETIZER,,IT BRUSCHETTA,,111,,1.0
specialRequest,APPETIZER,APPETIZER,,IT BRUSCHETTA,,115,,1.0
specialRequest,APPETIZER,APPETIZER,,IT BRUSCHETTA,,118,,3.0
specialRequest,APPETIZER,APPETIZER,,IT BRUSCHETTA,,120,,3.0
specialRequest,APPETIZER,APPETIZER,,IT BRUSCHETTA,,15,,1.0
specialRequest,APPETIZER,APPETIZER,,IT BRUSCHETTA,,19,,0.0
specialRequest,APPETIZER,APPETIZER,,IT BRUSCHETTA,,64,,1.0
menuItem,APPETIZER,APPETIZER,,STRACCIATELLA AND FOCACCIA,,,,21.0
modifier,APPETIZER,APPETIZER,,STRACCIATELLA AND FOCACCIA,,Mozzarella Ball,,1.0
specialRequest,APPETIZER,APPETIZER,,STRACCIATELLA AND FOCACCIA,,120,,1.0
specialRequest,APPETIZER,APPETIZER,,STRACCIATELLA AND FOCACCIA,,101,,1.0
specialRequest,APPETIZER,APPETIZER,,STRACCIATELLA AND FOCACCIA,,103,,1.0
specialRequest,APPETIZER,APPETIZER,,STRACCIATELLA AND FOCACCIA,,113,,1.0
specialRequest,APPETIZER,APPETIZER,,STRACCIATELLA AND FOCACCIA,,118,,3.0
specialRequest,APPETIZER,APPETIZER,,STRACCIATELLA AND FOCACCIA,,127,,2.0
specialRequest,APPETIZER,APPETIZER,,STRACCIATELLA AND FOCACCIA,,13,,3.0
specialRequest,APPETIZER,APPETIZER,,STRACCIATELLA AND FOCACCIA,,14,,1.0
menuItem,APPETIZER,APPETIZER,,ANTIPASTO DELLA CASA,,,,5.0
specialRequest,APPETIZER,APPETIZER,,ANTIPASTO DELLA CASA,,46,,1.0
specialRequest,APPETIZER,APPETIZER,,ANTIPASTO DELLA CASA,,111,,1.0
specialRequest,APPETIZER,APPETIZER,,ANTIPASTO DELLA CASA,,117,,1.0
specialRequest,APPETIZER,APPETIZER,,ANTIPASTO DELLA CASA,,120,,1.0
specialRequest,APPETIZER,APPETIZER,,ANTIPASTO DELLA CASA,,127,,1.0
menuItem,APPETIZER,APPETIZER,,ANTIPASTO DELLA FAMIGLIA,,,,1.0
specialRequest,APPETIZER,APPETIZER,,ANTIPASTO DELLA FAMIGLIA,,10,,1.0
"",BREAKFAST,,,,,,,816.0
"",BREAKFAST,BREAKFAST,,,,,,816.0
menuItem,BREAKFAST,BREAKFAST,,EGG & BACON,,,BREAKFAST,191.0
modifier,BREAKFAST,BREAKFAST,,EGG & BACON,,Beeper Number,,163.0
modifier,BREAKFAST,BREAKFAST,,EGG & BACON,,No Beeper Number,,1.0
modifier,BREAKFAST,BREAKFAST,,EGG & BACON,,Fried Eggs,,115.0
modifier,BREAKFAST,BREAKFAST,,EGG & BACON,,Scrambled Eggs,,76.0
modifier,BREAKFAST,BREAKFAST,,EGG & BACON,,Ham,,1.0
modifier,BREAKFAST,BREAKFAST,,EGG & BACON,,Boiled Egg,,1.0
modifier,BREAKFAST,BREAKFAST,,EGG & BACON,,EXTRA AVOCADO,,1.0
specialRequest,BREAKFAST,BREAKFAST,,EGG & BACON,,209,,12.0
specialRequest,BREAKFAST,BREAKFAST,,EGG & BACON,,218,,5.0
specialRequest,BREAKFAST,BREAKFAST,,EGG & BACON,,46,,10.0
specialRequest,BREAKFAST,BREAKFAST,,EGG & BACON,,50,,11.0
specialRequest,BREAKFAST,BREAKFAST,,EGG & BACON,,Bien Fritos,,1.0
specialRequest,BREAKFAST,BREAKFAST,,EGG & BACON,,"No Bacon, Avocado",,2.0
specialRequest,BREAKFAST,BREAKFAST,,EGG & BACON,,Scrambled,,1.0
specialRequest,BREAKFAST,BREAKFAST,,EGG & BACON,,YEMA BLANDA,,1.0
specialRequest,BREAKFAST,BREAKFAST,,EGG & BACON,,201,,6.0
specialRequest,BREAKFAST,BREAKFAST,,EGG & BACON,,203,,5.0
specialRequest,BREAKFAST,BREAKFAST,,EGG & BACON,,207,,4.0
specialRequest,BREAKFAST,BREAKFAST,,EGG & BACON,,211,,6.0
specialRequest,BREAKFAST,BREAKFAST,,EGG & BACON,,212,,7.0
specialRequest,BREAKFAST,BREAKFAST,,EGG & BACON,,213,,13.0
specialRequest,BREAKFAST,BREAKFAST,,EGG & BACON,,217,,3.0
specialRequest,BREAKFAST,BREAKFAST,,EGG & BACON,,219,,7.0
specialRequest,BREAKFAST,BREAKFAST,,EGG & BACON,,220,,5.0
specialRequest,BREAKFAST,BREAKFAST,,EGG & BACON,,223,,7.0
specialRequest,BREAKFAST,BREAKFAST,,EGG & BACON,,224,,7.0
specialRequest,BREAKFAST,BREAKFAST,,EGG & BACON,,225,,10.0
specialRequest,BREAKFAST,BREAKFAST,,EGG & BACON,,44,,7.0
specialRequest,BREAKFAST,BREAKFAST,,EGG & BACON,,45,,8.0
specialRequest,BREAKFAST,BREAKFAST,,EGG & BACON,,49,,10.0
specialRequest,BREAKFAST,BREAKFAST,,EGG & BACON,,52,,10.0
specialRequest,BREAKFAST,BREAKFAST,,EGG & BACON,,54,,13.0
specialRequest,BREAKFAST,BREAKFAST,,EGG & BACON,,55,,15.0
specialRequest,BREAKFAST,BREAKFAST,,EGG & BACON,,@07,,1.0
specialRequest,BREAKFAST,BREAKFAST,,EGG & BACON,,Add Avocado,,3.0
specialRequest,BREAKFAST,BREAKFAST,,EGG & BACON,,Add Tomatoe,,1.0
specialRequest,BREAKFAST,BREAKFAST,,EGG & BACON,,Bacon Krispy,,3.0
specialRequest,BREAKFAST,BREAKFAST,,EGG & BACON,,Bien Cocido El Huevo,,1.0
specialRequest,BREAKFAST,BREAKFAST,,EGG & BACON,,Blandos,,2.0
specialRequest,BREAKFAST,BREAKFAST,,EGG & BACON,,Medium Fried,,1.0
specialRequest,BREAKFAST,BREAKFAST,,EGG & BACON,,Mozarella Sliced,,1.0
specialRequest,BREAKFAST,BREAKFAST,,EGG & BACON,,No Bacon,,10.0
specialRequest,BREAKFAST,BREAKFAST,,EGG & BACON,,No Bacon Add Avocado,,4.0
specialRequest,BREAKFAST,BREAKFAST,,EGG & BACON,,No Bacon Add Cheese,,1.0
specialRequest,BREAKFAST,BREAKFAST,,EGG & BACON,,No Bacon Add Turkey,,1.0
specialRequest,BREAKFAST,BREAKFAST,,EGG & BACON,,No Greens,,1.0
specialRequest,BREAKFAST,BREAKFAST,,EGG & BACON,,Only Eggs,,1.0
specialRequest,BREAKFAST,BREAKFAST,,EGG & BACON,,Poc Aceite,,1.0
specialRequest,BREAKFAST,BREAKFAST,,EGG & BACON,,Very Crispy,,1.0
menuItem,BREAKFAST,BREAKFAST,,PARFAIT BERRIES & GRANOLA,,,BREAKFAST,43.0
menuItem,BREAKFAST,BREAKFAST,,TRUFFLE SCRAMBLED EGGS,,,BREAKFAST,44.0
modifier,BREAKFAST,BREAKFAST,,TRUFFLE SCRAMBLED EGGS,,Beeper Number,,38.0
modifier,BREAKFAST,BREAKFAST,,TRUFFLE SCRAMBLED EGGS,,Mushrooms,,3.0
specialRequest,BREAKFAST,BREAKFAST,,TRUFFLE SCRAMBLED EGGS,,203,,1.0
specialRequest,BREAKFAST,BREAKFAST,,TRUFFLE SCRAMBLED EGGS,,209,,2.0
specialRequest,BREAKFAST,BREAKFAST,,TRUFFLE SCRAMBLED EGGS,,212,,1.0
specialRequest,BREAKFAST,BREAKFAST,,TRUFFLE SCRAMBLED EGGS,,217,,1.0
specialRequest,BREAKFAST,BREAKFAST,,TRUFFLE SCRAMBLED EGGS,,218,,1.0
specialRequest,BREAKFAST,BREAKFAST,,TRUFFLE SCRAMBLED EGGS,,44,,5.0
specialRequest,BREAKFAST,BREAKFAST,,TRUFFLE SCRAMBLED EGGS,,46,,1.0
specialRequest,BREAKFAST,BREAKFAST,,TRUFFLE SCRAMBLED EGGS,,49,,2.0
specialRequest,BREAKFAST,BREAKFAST,,TRUFFLE SCRAMBLED EGGS,,52,,2.0
specialRequest,BREAKFAST,BREAKFAST,,TRUFFLE SCRAMBLED EGGS,,54,,4.0
specialRequest,BREAKFAST,BREAKFAST,,TRUFFLE SCRAMBLED EGGS,,55,,3.0
specialRequest,BREAKFAST,BREAKFAST,,TRUFFLE SCRAMBLED EGGS,,201,,3.0
specialRequest,BREAKFAST,BREAKFAST,,TRUFFLE SCRAMBLED EGGS,,207,,1.0
specialRequest,BREAKFAST,BREAKFAST,,TRUFFLE SCRAMBLED EGGS,,211,,4.0
specialRequest,BREAKFAST,BREAKFAST,,TRUFFLE SCRAMBLED EGGS,,213,,3.0
specialRequest,BREAKFAST,BREAKFAST,,TRUFFLE SCRAMBLED EGGS,,223,,1.0
specialRequest,BREAKFAST,BREAKFAST,,TRUFFLE SCRAMBLED EGGS,,224,,2.0
specialRequest,BREAKFAST,BREAKFAST,,TRUFFLE SCRAMBLED EGGS,,45,,1.0
specialRequest,BREAKFAST,BREAKFAST,,TRUFFLE SCRAMBLED EGGS,,No Greens,,1.0
specialRequest,BREAKFAST,BREAKFAST,,TRUFFLE SCRAMBLED EGGS,,Sin Bacon,,2.0
specialRequest,BREAKFAST,BREAKFAST,,TRUFFLE SCRAMBLED EGGS,,Sliced Mozarella,,1.0
menuItem,BREAKFAST,BREAKFAST,,AVOCADO TOAST,,,BREAKFAST,106.0
modifier,BREAKFAST,BREAKFAST,,AVOCADO TOAST,,Beeper Number,,93.0
modifier,BREAKFAST,BREAKFAST,,AVOCADO TOAST,,Eggs,,4.0
modifier,BREAKFAST,BREAKFAST,,AVOCADO TOAST,,Ham,,1.0
modifier,BREAKFAST,BREAKFAST,,AVOCADO TOAST,,Bacon,,6.0
modifier,BREAKFAST,BREAKFAST,,AVOCADO TOAST,,Smoked Salmon,,14.0
modifier,BREAKFAST,BREAKFAST,,AVOCADO TOAST,,Boiled Egg,,20.0
specialRequest,BREAKFAST,BREAKFAST,,AVOCADO TOAST,,209,,2.0
specialRequest,BREAKFAST,BREAKFAST,,AVOCADO TOAST,,212,,2.0
specialRequest,BREAKFAST,BREAKFAST,,AVOCADO TOAST,,213,,8.0
specialRequest,BREAKFAST,BREAKFAST,,AVOCADO TOAST,,218,,3.0
specialRequest,BREAKFAST,BREAKFAST,,AVOCADO TOAST,,219,,4.0
specialRequest,BREAKFAST,BREAKFAST,,AVOCADO TOAST,,44,,4.0
specialRequest,BREAKFAST,BREAKFAST,,AVOCADO TOAST,,45,,13.0
specialRequest,BREAKFAST,BREAKFAST,,AVOCADO TOAST,,46,,4.0
specialRequest,BREAKFAST,BREAKFAST,,AVOCADO TOAST,,Huevos Fritos,,1.0
specialRequest,BREAKFAST,BREAKFAST,,AVOCADO TOAST,,Sin Cebolla,,1.0
specialRequest,BREAKFAST,BREAKFAST,,AVOCADO TOAST,,201,,14.0
specialRequest,BREAKFAST,BREAKFAST,,AVOCADO TOAST,,203,,6.0
specialRequest,BREAKFAST,BREAKFAST,,AVOCADO TOAST,,207,,4.0
specialRequest,BREAKFAST,BREAKFAST,,AVOCADO TOAST,,211,,7.0
specialRequest,BREAKFAST,BREAKFAST,,AVOCADO TOAST,,220,,6.0
specialRequest,BREAKFAST,BREAKFAST,,AVOCADO TOAST,,223,,3.0
specialRequest,BREAKFAST,BREAKFAST,,AVOCADO TOAST,,224,,4.0
specialRequest,BREAKFAST,BREAKFAST,,AVOCADO TOAST,,225,,3.0
specialRequest,BREAKFAST,BREAKFAST,,AVOCADO TOAST,,49,,4.0
specialRequest,BREAKFAST,BREAKFAST,,AVOCADO TOAST,,50,,2.0
specialRequest,BREAKFAST,BREAKFAST,,AVOCADO TOAST,,52,,3.0
specialRequest,BREAKFAST,BREAKFAST,,AVOCADO TOAST,,54,,5.0
specialRequest,BREAKFAST,BREAKFAST,,AVOCADO TOAST,,55,,3.0
specialRequest,BREAKFAST,BREAKFAST,,AVOCADO TOAST,,No Greens,,9.0
menuItem,BREAKFAST,BREAKFAST,,FRESCO COMBO,,,BREAKFAST,48.0
modifier,BREAKFAST,BREAKFAST,,FRESCO COMBO,,Beeper Number,,45.0
modifier,BREAKFAST,BREAKFAST,,FRESCO COMBO,,Ham,,1.0
modifier,BREAKFAST,BREAKFAST,,FRESCO COMBO,,Smoked Salmon,,5.0
modifier,BREAKFAST,BREAKFAST,,FRESCO COMBO,,Boiled Egg,,9.0
specialRequest,BREAKFAST,BREAKFAST,,FRESCO COMBO,,201,,2.0
specialRequest,BREAKFAST,BREAKFAST,,FRESCO COMBO,,203,,2.0
specialRequest,BREAKFAST,BREAKFAST,,FRESCO COMBO,,219,,1.0
specialRequest,BREAKFAST,BREAKFAST,,FRESCO COMBO,,46,,1.0
specialRequest,BREAKFAST,BREAKFAST,,FRESCO COMBO,,54,,3.0
specialRequest,BREAKFAST,BREAKFAST,,FRESCO COMBO,,Bread,,1.0
specialRequest,BREAKFAST,BREAKFAST,,FRESCO COMBO,,Huevo Frito,,3.0
specialRequest,BREAKFAST,BREAKFAST,,FRESCO COMBO,,No Radish,,1.0
specialRequest,BREAKFAST,BREAKFAST,,FRESCO COMBO,,207,,3.0
specialRequest,BREAKFAST,BREAKFAST,,FRESCO COMBO,,212,,1.0
specialRequest,BREAKFAST,BREAKFAST,,FRESCO COMBO,,217,,3.0
specialRequest,BREAKFAST,BREAKFAST,,FRESCO COMBO,,218,,2.0
specialRequest,BREAKFAST,BREAKFAST,,FRESCO COMBO,,220,,1.0
specialRequest,BREAKFAST,BREAKFAST,,FRESCO COMBO,,223,,2.0
specialRequest,BREAKFAST,BREAKFAST,,FRESCO COMBO,,224,,6.0
specialRequest,BREAKFAST,BREAKFAST,,FRESCO COMBO,,225,,1.0
specialRequest,BREAKFAST,BREAKFAST,,FRESCO COMBO,,49,,2.0
specialRequest,BREAKFAST,BREAKFAST,,FRESCO COMBO,,52,,8.0
specialRequest,BREAKFAST,BREAKFAST,,FRESCO COMBO,,55,,8.0
specialRequest,BREAKFAST,BREAKFAST,,FRESCO COMBO,,El Huevo Hervido A Parte,,1.0
specialRequest,BREAKFAST,BREAKFAST,,FRESCO COMBO,,Huevo Hervido,,1.0
menuItem,BREAKFAST,BREAKFAST,,HEY MAMBO COMBO,,,BREAKFAST,219.0
modifier,BREAKFAST,BREAKFAST,,HEY MAMBO COMBO,,No Beeper Number,,1.0
modifier,BREAKFAST,BREAKFAST,,HEY MAMBO COMBO,,Croissant,,57.0
modifier,BREAKFAST,BREAKFAST,,HEY MAMBO COMBO,,Nutella Croissant,,95.0
modifier,BREAKFAST,BREAKFAST,,HEY MAMBO COMBO,,Pistacchio Croissant,,24.0
modifier,BREAKFAST,BREAKFAST,,HEY MAMBO COMBO,,Raspberry Croissant,,16.0
modifier,BREAKFAST,BREAKFAST,,HEY MAMBO COMBO,,Espresso,COFFEE,72.0
modifier,BREAKFAST,BREAKFAST,,HEY MAMBO COMBO,,Americano Coffee,COFFEE,47.0
modifier,BREAKFAST,BREAKFAST,,HEY MAMBO COMBO,,Capuccino,COFFEE,53.0
modifier,BREAKFAST,BREAKFAST,,HEY MAMBO COMBO,,Coffe Latte,COFFEE,47.0
modifier,BREAKFAST,BREAKFAST,,HEY MAMBO COMBO,,Cream Croissant,,13.0
modifier,BREAKFAST,BREAKFAST,,HEY MAMBO COMBO,,Apricot Jam Croissant,,14.0
specialRequest,BREAKFAST,BREAKFAST,,HEY MAMBO COMBO,,Iced,,1.0
menuItem,BREAKFAST,BREAKFAST,,SOLE SOLE COMBO,,,BREAKFAST,134.0
modifier,BREAKFAST,BREAKFAST,,SOLE SOLE COMBO,,Beeper Number,,115.0
modifier,BREAKFAST,BREAKFAST,,SOLE SOLE COMBO,,Eggs,,1.0
modifier,BREAKFAST,BREAKFAST,,SOLE SOLE COMBO,,Fried Eggs,,96.0
modifier,BREAKFAST,BREAKFAST,,SOLE SOLE COMBO,,Scrambled Eggs,,38.0
modifier,BREAKFAST,BREAKFAST,,SOLE SOLE COMBO,,EXTRA AVOCADO,,2.0
specialRequest,BREAKFAST,BREAKFAST,,SOLE SOLE COMBO,,201,,6.0
specialRequest,BREAKFAST,BREAKFAST,,SOLE SOLE COMBO,,203,,5.0
specialRequest,BREAKFAST,BREAKFAST,,SOLE SOLE COMBO,,212,,4.0
specialRequest,BREAKFAST,BREAKFAST,,SOLE SOLE COMBO,,213,,8.0
specialRequest,BREAKFAST,BREAKFAST,,SOLE SOLE COMBO,,218,,6.0
specialRequest,BREAKFAST,BREAKFAST,,SOLE SOLE COMBO,,219,,5.0
specialRequest,BREAKFAST,BREAKFAST,,SOLE SOLE COMBO,,4,,3.0
specialRequest,BREAKFAST,BREAKFAST,,SOLE SOLE COMBO,,46,,2.0
specialRequest,BREAKFAST,BREAKFAST,,SOLE SOLE COMBO,,52,,7.0
specialRequest,BREAKFAST,BREAKFAST,,SOLE SOLE COMBO,,55,,8.0
specialRequest,BREAKFAST,BREAKFAST,,SOLE SOLE COMBO,,Bien Frito,,1.0
specialRequest,BREAKFAST,BREAKFAST,,SOLE SOLE COMBO,,No Greens,,1.0
specialRequest,BREAKFAST,BREAKFAST,,SOLE SOLE COMBO,,207,,8.0
specialRequest,BREAKFAST,BREAKFAST,,SOLE SOLE COMBO,,209,,7.0
specialRequest,BREAKFAST,BREAKFAST,,SOLE SOLE COMBO,,211,,6.0
specialRequest,BREAKFAST,BREAKFAST,,SOLE SOLE COMBO,,217,,3.0
specialRequest,BREAKFAST,BREAKFAST,,SOLE SOLE COMBO,,223,,1.0
specialRequest,BREAKFAST,BREAKFAST,,SOLE SOLE COMBO,,224,,5.0
specialRequest,BREAKFAST,BREAKFAST,,SOLE SOLE COMBO,,225,,12.0
specialRequest,BREAKFAST,BREAKFAST,,SOLE SOLE COMBO,,44,,1.0
specialRequest,BREAKFAST,BREAKFAST,,SOLE SOLE COMBO,,45,,9.0
specialRequest,BREAKFAST,BREAKFAST,,SOLE SOLE COMBO,,49,,9.0
specialRequest,BREAKFAST,BREAKFAST,,SOLE SOLE COMBO,,50,,4.0
specialRequest,BREAKFAST,BREAKFAST,,SOLE SOLE COMBO,,54,,11.0
specialRequest,BREAKFAST,BREAKFAST,,SOLE SOLE COMBO,,Adicional De Scrambled,,1.0
specialRequest,BREAKFAST,BREAKFAST,,SOLE SOLE COMBO,,Avocado,,1.0
specialRequest,BREAKFAST,BREAKFAST,,SOLE SOLE COMBO,,Bacon Krispy,,2.0
specialRequest,BREAKFAST,BREAKFAST,,SOLE SOLE COMBO,,Biennfritos,,1.0
specialRequest,BREAKFAST,BREAKFAST,,SOLE SOLE COMBO,,No Bacon,,3.0
specialRequest,BREAKFAST,BREAKFAST,,SOLE SOLE COMBO,,No Bacon Add Avocado,,2.0
specialRequest,BREAKFAST,BREAKFAST,,SOLE SOLE COMBO,,No Bacon Add Egg,,1.0
specialRequest,BREAKFAST,BREAKFAST,,SOLE SOLE COMBO,,Sin Pan,,1.0
menuItem,BREAKFAST,BREAKFAST,,FRUIT CUP,,,,28.0
menuItem,BREAKFAST,BREAKFAST,,test item,,,,3.0
"",Catering Menu,,,,,,,6.0
"",Catering Menu,WATER & SODA,,,,,,6.0
menuItem,Catering Menu,WATER & SODA,,Still Water,,,,5.0
menuItem,Catering Menu,WATER & SODA,,Sparkling Water,,,,1.0
"",PASTA,,,,,,,856.0
"",PASTA,PASTA,,,,,,856.0
menuItem,PASTA,PASTA,,SPAGHETTI POMODORO,,,,169.0
modifier,PASTA,PASTA,,SPAGHETTI POMODORO,,Mozzarella Ball,,2.0
modifier,PASTA,PASTA,,SPAGHETTI POMODORO,,Bread,,1.0
modifier,PASTA,PASTA,,SPAGHETTI POMODORO,,Shaved Parmesan,,6.0
modifier,PASTA,PASTA,,SPAGHETTI POMODORO,,Grilled Chicken,,8.0
modifier,PASTA,PASTA,,SPAGHETTI POMODORO,,Regular,,3.0
sizedSpecialRequest,PASTA,PASTA,,SPAGHETTI POMODORO,Regular,Light on sauce. No cheese.,,1.0
sizedModifier,PASTA,PASTA,,SPAGHETTI POMODORO,Regular,Meatballs,,1.0
specialRequest,PASTA,PASTA,,SPAGHETTI POMODORO,,%49,,1.0
specialRequest,PASTA,PASTA,,SPAGHETTI POMODORO,,209,,6.0
specialRequest,PASTA,PASTA,,SPAGHETTI POMODORO,,213,,2.0
specialRequest,PASTA,PASTA,,SPAGHETTI POMODORO,,219,,10.0
specialRequest,PASTA,PASTA,,SPAGHETTI POMODORO,,220,,5.0
specialRequest,PASTA,PASTA,,SPAGHETTI POMODORO,,224,,4.0
specialRequest,PASTA,PASTA,,SPAGHETTI POMODORO,,225,,6.0
specialRequest,PASTA,PASTA,,SPAGHETTI POMODORO,,45,,8.0
specialRequest,PASTA,PASTA,,SPAGHETTI POMODORO,,45 Solo Manteca,,1.0
specialRequest,PASTA,PASTA,,SPAGHETTI POMODORO,,52,,12.0
specialRequest,PASTA,PASTA,,SPAGHETTI POMODORO,,55,,8.0
specialRequest,PASTA,PASTA,,SPAGHETTI POMODORO,,Add Avocado En Plato A Parte,,1.0
specialRequest,PASTA,PASTA,,SPAGHETTI POMODORO,,Alerjica A Pimienta,,1.0
specialRequest,PASTA,PASTA,,SPAGHETTI POMODORO,,Con Queso,,1.0
specialRequest,PASTA,PASTA,,SPAGHETTI POMODORO,,Light on sauce.,,1.0
specialRequest,PASTA,PASTA,,SPAGHETTI POMODORO,,No Queso,,1.0
specialRequest,PASTA,PASTA,,SPAGHETTI POMODORO,,RIGATONI,,2.0
specialRequest,PASTA,PASTA,,SPAGHETTI POMODORO,,Rigattoni,,2.0
specialRequest,PASTA,PASTA,,SPAGHETTI POMODORO,,Solo Aceite Y El Queso A Parte,,1.0
specialRequest,PASTA,PASTA,,SPAGHETTI POMODORO,,Spicy,,1.0
specialRequest,PASTA,PASTA,,SPAGHETTI POMODORO,,201,,9.0
specialRequest,PASTA,PASTA,,SPAGHETTI POMODORO,,203,,5.0
specialRequest,PASTA,PASTA,,SPAGHETTI POMODORO,,207,,13.0
specialRequest,PASTA,PASTA,,SPAGHETTI POMODORO,,211,,3.0
specialRequest,PASTA,PASTA,,SPAGHETTI POMODORO,,211 Queso Y Aceite De Oliva,,1.0
specialRequest,PASTA,PASTA,,SPAGHETTI POMODORO,,212,,8.0
specialRequest,PASTA,PASTA,,SPAGHETTI POMODORO,,217,,15.0
specialRequest,PASTA,PASTA,,SPAGHETTI POMODORO,,218,,1.0
specialRequest,PASTA,PASTA,,SPAGHETTI POMODORO,,223,,2.0
specialRequest,PASTA,PASTA,,SPAGHETTI POMODORO,,46,,3.0
specialRequest,PASTA,PASTA,,SPAGHETTI POMODORO,,49,,14.0
specialRequest,PASTA,PASTA,,SPAGHETTI POMODORO,,50,,1.0
specialRequest,PASTA,PASTA,,SPAGHETTI POMODORO,,54,,8.0
specialRequest,PASTA,PASTA,,SPAGHETTI POMODORO,,Espaguetti Solo Mantequilla Nada Mas,,2.0
specialRequest,PASTA,PASTA,,SPAGHETTI POMODORO,,Manteca Y Queso,,1.0
specialRequest,PASTA,PASTA,,SPAGHETTI POMODORO,,No Salsa,,1.0
specialRequest,PASTA,PASTA,,SPAGHETTI POMODORO,,Poca Salsa,,1.0
specialRequest,PASTA,PASTA,,SPAGHETTI POMODORO,,Pollo A Parte,,1.0
specialRequest,PASTA,PASTA,,SPAGHETTI POMODORO,,Solo Aceite De Olicay Queso,,1.0
specialRequest,PASTA,PASTA,,SPAGHETTI POMODORO,,Solo Aceite Y Queso,,2.0
specialRequest,PASTA,PASTA,,SPAGHETTI POMODORO,,Solo Manteca,,1.0
menuItem,PASTA,PASTA,,SPAGHETTI ALFREDO,,,,129.0
modifier,PASTA,PASTA,,SPAGHETTI ALFREDO,,Mushrooms,,1.0
modifier,PASTA,PASTA,,SPAGHETTI ALFREDO,,Shaved Parmesan,,3.0
modifier,PASTA,PASTA,,SPAGHETTI ALFREDO,,Grilled Chicken,,74.0
modifier,PASTA,PASTA,,SPAGHETTI ALFREDO,,Regular,,2.0
sizedModifier,PASTA,PASTA,,SPAGHETTI ALFREDO,Regular,Grilled Chicken,,1.0
sizedModifier,PASTA,PASTA,,SPAGHETTI ALFREDO,Regular,Grilled Vegetables,,1.0
sizedModifier,PASTA,PASTA,,SPAGHETTI ALFREDO,Regular,Marinated Chicken,,1.0
specialRequest,PASTA,PASTA,,SPAGHETTI ALFREDO,,201,,7.0
specialRequest,PASTA,PASTA,,SPAGHETTI ALFREDO,,203,,4.0
specialRequest,PASTA,PASTA,,SPAGHETTI ALFREDO,,209,,6.0
specialRequest,PASTA,PASTA,,SPAGHETTI ALFREDO,,213,,7.0
specialRequest,PASTA,PASTA,,SPAGHETTI ALFREDO,,218,,3.0
specialRequest,PASTA,PASTA,,SPAGHETTI ALFREDO,,219,,1.0
specialRequest,PASTA,PASTA,,SPAGHETTI ALFREDO,,220,,1.0
specialRequest,PASTA,PASTA,,SPAGHETTI ALFREDO,,223,,1.0
specialRequest,PASTA,PASTA,,SPAGHETTI ALFREDO,,44,,1.0
specialRequest,PASTA,PASTA,,SPAGHETTI ALFREDO,,46,,4.0
specialRequest,PASTA,PASTA,,SPAGHETTI ALFREDO,,54,,7.0
specialRequest,PASTA,PASTA,,SPAGHETTI ALFREDO,,207,,3.0
specialRequest,PASTA,PASTA,,SPAGHETTI ALFREDO,,211,,3.0
specialRequest,PASTA,PASTA,,SPAGHETTI ALFREDO,,212,,11.0
specialRequest,PASTA,PASTA,,SPAGHETTI ALFREDO,,217,,9.0
specialRequest,PASTA,PASTA,,SPAGHETTI ALFREDO,,217 RIGATONI,,1.0
specialRequest,PASTA,PASTA,,SPAGHETTI ALFREDO,,224,,7.0
specialRequest,PASTA,PASTA,,SPAGHETTI ALFREDO,,225,,2.0
specialRequest,PASTA,PASTA,,SPAGHETTI ALFREDO,,45,,6.0
specialRequest,PASTA,PASTA,,SPAGHETTI ALFREDO,,49,,7.0
specialRequest,PASTA,PASTA,,SPAGHETTI ALFREDO,,50,,1.0
specialRequest,PASTA,PASTA,,SPAGHETTI ALFREDO,,52,,4.0
specialRequest,PASTA,PASTA,,SPAGHETTI ALFREDO,,55,,7.0
specialRequest,PASTA,PASTA,,SPAGHETTI ALFREDO,,Poca Salsa,,1.0
specialRequest,PASTA,PASTA,,SPAGHETTI ALFREDO,,Rigattoni,,2.0
specialRequest,PASTA,PASTA,,SPAGHETTI ALFREDO,,Rigattoni 201,,1.0
specialRequest,PASTA,PASTA,,SPAGHETTI ALFREDO,,Seria Salmon,,1.0
menuItem,PASTA,PASTA,,SPAGHETTI GENOVESE (BASIL PESTO),,,,40.0
modifier,PASTA,PASTA,,SPAGHETTI BASIL PESTO,,Shaved Parmesan,,1.0
modifier,PASTA,PASTA,,SPAGHETTI BASIL PESTO,,Grilled Chicken,,4.0
specialRequest,PASTA,PASTA,,SPAGHETTI BASIL PESTO,,203,,3.0
specialRequest,PASTA,PASTA,,SPAGHETTI BASIL PESTO,,217,,1.0
specialRequest,PASTA,PASTA,,SPAGHETTI BASIL PESTO,,218,,1.0
specialRequest,PASTA,PASTA,,SPAGHETTI BASIL PESTO,,46,,2.0
specialRequest,PASTA,PASTA,,SPAGHETTI BASIL PESTO,,54,,7.0
specialRequest,PASTA,PASTA,,SPAGHETTI BASIL PESTO,,Rigattoni,,1.0
specialRequest,PASTA,PASTA,,SPAGHETTI BASIL PESTO,,201,,1.0
specialRequest,PASTA,PASTA,,SPAGHETTI BASIL PESTO,,209,,3.0
specialRequest,PASTA,PASTA,,SPAGHETTI BASIL PESTO,,211,,3.0
specialRequest,PASTA,PASTA,,SPAGHETTI BASIL PESTO,,212,,1.0
specialRequest,PASTA,PASTA,,SPAGHETTI BASIL PESTO,,213,,3.0
specialRequest,PASTA,PASTA,,SPAGHETTI BASIL PESTO,,219,,1.0
specialRequest,PASTA,PASTA,,SPAGHETTI BASIL PESTO,,220,,1.0
specialRequest,PASTA,PASTA,,SPAGHETTI BASIL PESTO,,225,,2.0
specialRequest,PASTA,PASTA,,SPAGHETTI BASIL PESTO,,45,,2.0
specialRequest,PASTA,PASTA,,SPAGHETTI BASIL PESTO,,49,,1.0
specialRequest,PASTA,PASTA,,SPAGHETTI BASIL PESTO,,50,,3.0
specialRequest,PASTA,PASTA,,SPAGHETTI BASIL PESTO,,55,,1.0
specialRequest,PASTA,PASTA,,SPAGHETTI BASIL PESTO,,Con Pan,,1.0
menuItem,PASTA,PASTA,,SPAGHETTI CARBONARA,,,,101.0
modifier,PASTA,PASTA,,SPAGHETTI CARBONARA,,Bread,,1.0
modifier,PASTA,PASTA,,SPAGHETTI CARBONARA,,Shaved Parmesan,,2.0
modifier,PASTA,PASTA,,SPAGHETTI CARBONARA,,Grilled Chicken,,2.0
modifier,PASTA,PASTA,,SPAGHETTI CARBONARA,,Regular,,1.0
specialRequest,PASTA,PASTA,,SPAGHETTI CARBONARA,,207,,3.0
specialRequest,PASTA,PASTA,,SPAGHETTI CARBONARA,,209,,2.0
specialRequest,PASTA,PASTA,,SPAGHETTI CARBONARA,,213,,5.0
specialRequest,PASTA,PASTA,,SPAGHETTI CARBONARA,,217,,3.0
specialRequest,PASTA,PASTA,,SPAGHETTI CARBONARA,,223,,4.0
specialRequest,PASTA,PASTA,,SPAGHETTI CARBONARA,,224,,3.0
specialRequest,PASTA,PASTA,,SPAGHETTI CARBONARA,,225,,1.0
specialRequest,PASTA,PASTA,,SPAGHETTI CARBONARA,,54,,5.0
specialRequest,PASTA,PASTA,,SPAGHETTI CARBONARA,,55,,3.0
specialRequest,PASTA,PASTA,,SPAGHETTI CARBONARA,,Sin Pepper,,1.0
specialRequest,PASTA,PASTA,,SPAGHETTI CARBONARA,,201,,3.0
specialRequest,PASTA,PASTA,,SPAGHETTI CARBONARA,,203,,2.0
specialRequest,PASTA,PASTA,,SPAGHETTI CARBONARA,,211,,3.0
specialRequest,PASTA,PASTA,,SPAGHETTI CARBONARA,,212,,2.0
specialRequest,PASTA,PASTA,,SPAGHETTI CARBONARA,,218,,1.0
specialRequest,PASTA,PASTA,,SPAGHETTI CARBONARA,,219,,2.0
specialRequest,PASTA,PASTA,,SPAGHETTI CARBONARA,,220,,3.0
specialRequest,PASTA,PASTA,,SPAGHETTI CARBONARA,,44,,3.0
specialRequest,PASTA,PASTA,,SPAGHETTI CARBONARA,,45,,7.0
specialRequest,PASTA,PASTA,,SPAGHETTI CARBONARA,,46,,1.0
specialRequest,PASTA,PASTA,,SPAGHETTI CARBONARA,,49,,6.0
specialRequest,PASTA,PASTA,,SPAGHETTI CARBONARA,,50,,1.0
specialRequest,PASTA,PASTA,,SPAGHETTI CARBONARA,,52,,4.0
menuItem,PASTA,PASTA,,RIGATONI ALLA SICILIANA,,,,59.0
modifier,PASTA,PASTA,,RIGATONI ALLA SICILIANA,,Bread,,2.0
modifier,PASTA,PASTA,,RIGATONI ALLA SICILIANA,,Grilled Chicken,,4.0
specialRequest,PASTA,PASTA,,RIGATONI ALLA SICILIANA,,201,,4.0
specialRequest,PASTA,PASTA,,RIGATONI ALLA SICILIANA,,207,,2.0
specialRequest,PASTA,PASTA,,RIGATONI ALLA SICILIANA,,211,,1.0
specialRequest,PASTA,PASTA,,RIGATONI ALLA SICILIANA,,218,,1.0
specialRequest,PASTA,PASTA,,RIGATONI ALLA SICILIANA,,220,,1.0
specialRequest,PASTA,PASTA,,RIGATONI ALLA SICILIANA,,225,,2.0
specialRequest,PASTA,PASTA,,RIGATONI ALLA SICILIANA,,52,,4.0
specialRequest,PASTA,PASTA,,RIGATONI ALLA SICILIANA,,54,,1.0
specialRequest,PASTA,PASTA,,RIGATONI ALLA SICILIANA,,No Pimienta,,1.0
specialRequest,PASTA,PASTA,,RIGATONI ALLA SICILIANA,,Sin Pimienta,,1.0
specialRequest,PASTA,PASTA,,RIGATONI ALLA SICILIANA,,203,,3.0
specialRequest,PASTA,PASTA,,RIGATONI ALLA SICILIANA,,209,,2.0
specialRequest,PASTA,PASTA,,RIGATONI ALLA SICILIANA,,212,,2.0
specialRequest,PASTA,PASTA,,RIGATONI ALLA SICILIANA,,213,,1.0
specialRequest,PASTA,PASTA,,RIGATONI ALLA SICILIANA,,217,,3.0
specialRequest,PASTA,PASTA,,RIGATONI ALLA SICILIANA,,223,,1.0
specialRequest,PASTA,PASTA,,RIGATONI ALLA SICILIANA,,49,,5.0
specialRequest,PASTA,PASTA,,RIGATONI ALLA SICILIANA,,50,,4.0
specialRequest,PASTA,PASTA,,RIGATONI ALLA SICILIANA,,55,,2.0
menuItem,PASTA,PASTA,,RIGATONI VODKA,,,,74.0
modifier,PASTA,PASTA,,RIGATONI VODKA,,Mozzarella Ball,,1.0
modifier,PASTA,PASTA,,RIGATONI VODKA,,Shaved Parmesan,,1.0
modifier,PASTA,PASTA,,RIGATONI VODKA,,Grilled Chicken,,11.0
modifier,PASTA,PASTA,,RIGATONI VODKA,,Regular,,3.0
sizedModifier,PASTA,PASTA,,RIGATONI VODKA,Regular,Extra Sauce,,1.0
sizedModifier,PASTA,PASTA,,RIGATONI VODKA,Regular,Grilled Chicken,,1.0
sizedModifier,PASTA,PASTA,,RIGATONI VODKA,Regular,Shaved Parmesan,,1.0
sizedModifier,PASTA,PASTA,,RIGATONI VODKA,Regular,Straciatella Cheese,,1.0
specialRequest,PASTA,PASTA,,RIGATONI VODKA,,213,,1.0
specialRequest,PASTA,PASTA,,RIGATONI VODKA,,218,,2.0
specialRequest,PASTA,PASTA,,RIGATONI VODKA,,220,,2.0
specialRequest,PASTA,PASTA,,RIGATONI VODKA,,224,,2.0
specialRequest,PASTA,PASTA,,RIGATONI VODKA,,225,,3.0
specialRequest,PASTA,PASTA,,RIGATONI VODKA,,46,,1.0
specialRequest,PASTA,PASTA,,RIGATONI VODKA,,54,,3.0
specialRequest,PASTA,PASTA,,RIGATONI VODKA,,201,,2.0
specialRequest,PASTA,PASTA,,RIGATONI VODKA,,203,,4.0
specialRequest,PASTA,PASTA,,RIGATONI VODKA,,207,,3.0
specialRequest,PASTA,PASTA,,RIGATONI VODKA,,209,,2.0
specialRequest,PASTA,PASTA,,RIGATONI VODKA,,210,,1.0
specialRequest,PASTA,PASTA,,RIGATONI VODKA,,211,,1.0
specialRequest,PASTA,PASTA,,RIGATONI VODKA,,212,,3.0
specialRequest,PASTA,PASTA,,RIGATONI VODKA,,217,,2.0
specialRequest,PASTA,PASTA,,RIGATONI VODKA,,223,,2.0
specialRequest,PASTA,PASTA,,RIGATONI VODKA,,44,,1.0
specialRequest,PASTA,PASTA,,RIGATONI VODKA,,45,,4.0
specialRequest,PASTA,PASTA,,RIGATONI VODKA,,49,,4.0
specialRequest,PASTA,PASTA,,RIGATONI VODKA,,55,,5.0
specialRequest,PASTA,PASTA,,RIGATONI VODKA,,Sin Black Pepper,,1.0
specialRequest,PASTA,PASTA,,RIGATONI VODKA,,Spaghetti,,1.0
menuItem,PASTA,PASTA,,RIGATONI BOLOGNESE,,,,144.0
modifier,PASTA,PASTA,,RIGATONI BOLOGNESE,,Shaved Parmesan,,1.0
modifier,PASTA,PASTA,,RIGATONI BOLOGNESE,,Grilled Chicken,,2.0
specialRequest,PASTA,PASTA,,RIGATONI BOLOGNESE,,203,,4.0
specialRequest,PASTA,PASTA,,RIGATONI BOLOGNESE,,212,,8.0
specialRequest,PASTA,PASTA,,RIGATONI BOLOGNESE,,217,,4.0
specialRequest,PASTA,PASTA,,RIGATONI BOLOGNESE,,219,,3.0
specialRequest,PASTA,PASTA,,RIGATONI BOLOGNESE,,219 Spaguetti,,1.0
specialRequest,PASTA,PASTA,,RIGATONI BOLOGNESE,,224,,5.0
specialRequest,PASTA,PASTA,,RIGATONI BOLOGNESE,,46,,5.0
specialRequest,PASTA,PASTA,,RIGATONI BOLOGNESE,,55,,3.0
specialRequest,PASTA,PASTA,,RIGATONI BOLOGNESE,,No Pepper,,1.0
specialRequest,PASTA,PASTA,,RIGATONI BOLOGNESE,,Salsa Blanca,,1.0
specialRequest,PASTA,PASTA,,RIGATONI BOLOGNESE,,Spaghetti,,2.0
specialRequest,PASTA,PASTA,,RIGATONI BOLOGNESE,,1 Es Lasagna,,2.0
specialRequest,PASTA,PASTA,,RIGATONI BOLOGNESE,,201,,6.0
specialRequest,PASTA,PASTA,,RIGATONI BOLOGNESE,,207,,11.0
specialRequest,PASTA,PASTA,,RIGATONI BOLOGNESE,,209,,1.0
specialRequest,PASTA,PASTA,,RIGATONI BOLOGNESE,,211,,5.0
specialRequest,PASTA,PASTA,,RIGATONI BOLOGNESE,,213,,10.0
specialRequest,PASTA,PASTA,,RIGATONI BOLOGNESE,,218,,5.0
specialRequest,PASTA,PASTA,,RIGATONI BOLOGNESE,,220,,5.0
specialRequest,PASTA,PASTA,,RIGATONI BOLOGNESE,,223,,3.0
specialRequest,PASTA,PASTA,,RIGATONI BOLOGNESE,,225,,6.0
specialRequest,PASTA,PASTA,,RIGATONI BOLOGNESE,,44,,3.0
specialRequest,PASTA,PASTA,,RIGATONI BOLOGNESE,,45,,4.0
specialRequest,PASTA,PASTA,,RIGATONI BOLOGNESE,,49,,3.0
specialRequest,PASTA,PASTA,,RIGATONI BOLOGNESE,,50,,6.0
specialRequest,PASTA,PASTA,,RIGATONI BOLOGNESE,,52,,4.0
specialRequest,PASTA,PASTA,,RIGATONI BOLOGNESE,,54,,10.0
specialRequest,PASTA,PASTA,,RIGATONI BOLOGNESE,,Espaguetti,,1.0
specialRequest,PASTA,PASTA,,RIGATONI BOLOGNESE,,Espzguetti,,1.0
specialRequest,PASTA,PASTA,,RIGATONI BOLOGNESE,,No Cheese,,1.0
specialRequest,PASTA,PASTA,,RIGATONI BOLOGNESE,,No Queso,,2.0
menuItem,PASTA,PASTA,,RIGATONI TARTUFO (TRUFFLE),,,,40.0
modifier,PASTA,PASTA,,RIGATONI TARTUFO (TRUFFLE),,Prosciutto,,2.0
modifier,PASTA,PASTA,,RIGATONI TARTUFO (TRUFFLE),,Shaved Parmesan,,2.0
modifier,PASTA,PASTA,,RIGATONI TARTUFO (TRUFFLE),,Grilled Chicken,,5.0
modifier,PASTA,PASTA,,RIGATONI TARTUFO (TRUFFLE),,Regular,,2.0
specialRequest,PASTA,PASTA,,RIGATONI TARTUFO (TRUFFLE),,201,,1.0
specialRequest,PASTA,PASTA,,RIGATONI TARTUFO (TRUFFLE),,209,,1.0
specialRequest,PASTA,PASTA,,RIGATONI TARTUFO (TRUFFLE),,212,,1.0
specialRequest,PASTA,PASTA,,RIGATONI TARTUFO (TRUFFLE),,218,,1.0
specialRequest,PASTA,PASTA,,RIGATONI TARTUFO (TRUFFLE),,223,,1.0
specialRequest,PASTA,PASTA,,RIGATONI TARTUFO (TRUFFLE),,49,,1.0
specialRequest,PASTA,PASTA,,RIGATONI TARTUFO (TRUFFLE),,50,,1.0
specialRequest,PASTA,PASTA,,RIGATONI TARTUFO (TRUFFLE),,Mushrooms A Un Lado,,1.0
specialRequest,PASTA,PASTA,,RIGATONI TARTUFO (TRUFFLE),,203,,2.0
specialRequest,PASTA,PASTA,,RIGATONI TARTUFO (TRUFFLE),,207,,2.0
specialRequest,PASTA,PASTA,,RIGATONI TARTUFO (TRUFFLE),,213,,1.0
specialRequest,PASTA,PASTA,,RIGATONI TARTUFO (TRUFFLE),,220,,2.0
specialRequest,PASTA,PASTA,,RIGATONI TARTUFO (TRUFFLE),,224,,1.0
specialRequest,PASTA,PASTA,,RIGATONI TARTUFO (TRUFFLE),,225,,1.0
specialRequest,PASTA,PASTA,,RIGATONI TARTUFO (TRUFFLE),,44,,1.0
specialRequest,PASTA,PASTA,,RIGATONI TARTUFO (TRUFFLE),,46,,1.0
specialRequest,PASTA,PASTA,,RIGATONI TARTUFO (TRUFFLE),,54,,3.0
specialRequest,PASTA,PASTA,,RIGATONI TARTUFO (TRUFFLE),,55,,4.0
specialRequest,PASTA,PASTA,,RIGATONI TARTUFO (TRUFFLE),,Spaguetti,,1.0
menuItem,PASTA,PASTA,,LASAGNA,,,,99.0
modifier,PASTA,PASTA,,LASAGNA,,GLUTEN FREE,,1.0
modifier,PASTA,PASTA,,LASAGNA,,Shaved Parmesan,,1.0
specialRequest,PASTA,PASTA,,LASAGNA,,201,,4.0
specialRequest,PASTA,PASTA,,LASAGNA,,202,,1.0
specialRequest,PASTA,PASTA,,LASAGNA,,209,,2.0
specialRequest,PASTA,PASTA,,LASAGNA,,212,,2.0
specialRequest,PASTA,PASTA,,LASAGNA,,213,,1.0
specialRequest,PASTA,PASTA,,LASAGNA,,217,,3.0
specialRequest,PASTA,PASTA,,LASAGNA,,218,,2.0
specialRequest,PASTA,PASTA,,LASAGNA,,219,,1.0
specialRequest,PASTA,PASTA,,LASAGNA,,224,,6.0
specialRequest,PASTA,PASTA,,LASAGNA,,225,,2.0
specialRequest,PASTA,PASTA,,LASAGNA,,44,,3.0
specialRequest,PASTA,PASTA,,LASAGNA,,45,,3.0
specialRequest,PASTA,PASTA,,LASAGNA,,203,,2.0
specialRequest,PASTA,PASTA,,LASAGNA,,207,,8.0
specialRequest,PASTA,PASTA,,LASAGNA,,211,,3.0
specialRequest,PASTA,PASTA,,LASAGNA,,46,,4.0
specialRequest,PASTA,PASTA,,LASAGNA,,49,,6.0
specialRequest,PASTA,PASTA,,LASAGNA,,50,,2.0
specialRequest,PASTA,PASTA,,LASAGNA,,52,,3.0
specialRequest,PASTA,PASTA,,LASAGNA,,54,,5.0
specialRequest,PASTA,PASTA,,LASAGNA,,55,,3.0
menuItem,PASTA,PASTA,,test item,,,,1.0
"",PIZZA,,,,,,,681.0
"",PIZZA,PIZZA,,,,,,681.0
menuItem,PIZZA,PIZZA,,MARGHERITA,,,,264.0
modifier,PIZZA,PIZZA,,MARGHERITA,,Bacon,,1.0
modifier,PIZZA,PIZZA,,MARGHERITA,,Mushrooms,,2.0
modifier,PIZZA,PIZZA,,MARGHERITA,,Arugula,,2.0
modifier,PIZZA,PIZZA,,MARGHERITA,,Grilled Vegetables,,1.0
modifier,PIZZA,PIZZA,,MARGHERITA,,Straciatella Cheese,,1.0
modifier,PIZZA,PIZZA,,MARGHERITA,,Grilled Chicken,,2.0
modifier,PIZZA,PIZZA,,MARGHERITA,,GLUTEN FREE,,1.0
specialRequest,PIZZA,PIZZA,,MARGHERITA,,"1 Dine In , Otra Take Out",,2.0
specialRequest,PIZZA,PIZZA,,MARGHERITA,,103,,10.0
specialRequest,PIZZA,PIZZA,,MARGHERITA,,111,,14.0
specialRequest,PIZZA,PIZZA,,MARGHERITA,,117,,7.0
specialRequest,PIZZA,PIZZA,,MARGHERITA,,118,,11.0
specialRequest,PIZZA,PIZZA,,MARGHERITA,,127,,21.0
specialRequest,PIZZA,PIZZA,,MARGHERITA,,13,,10.0
specialRequest,PIZZA,PIZZA,,MARGHERITA,,14,,12.0
specialRequest,PIZZA,PIZZA,,MARGHERITA,,15,,5.0
specialRequest,PIZZA,PIZZA,,MARGHERITA,,81,,3.0
specialRequest,PIZZA,PIZZA,,MARGHERITA,,No Origano,,1.0
specialRequest,PIZZA,PIZZA,,MARGHERITA,,Very Crispy,,1.0
specialRequest,PIZZA,PIZZA,,MARGHERITA,,10,,9.0
specialRequest,PIZZA,PIZZA,,MARGHERITA,,101,,9.0
specialRequest,PIZZA,PIZZA,,MARGHERITA,,106,,17.0
specialRequest,PIZZA,PIZZA,,MARGHERITA,,109,,13.0
specialRequest,PIZZA,PIZZA,,MARGHERITA,,11,,12.0
specialRequest,PIZZA,PIZZA,,MARGHERITA,,110,,3.0
specialRequest,PIZZA,PIZZA,,MARGHERITA,,113,,4.0
specialRequest,PIZZA,PIZZA,,MARGHERITA,,115,,14.0
specialRequest,PIZZA,PIZZA,,MARGHERITA,,116,,6.0
specialRequest,PIZZA,PIZZA,,MARGHERITA,,12,,1.0
specialRequest,PIZZA,PIZZA,,MARGHERITA,,120,,15.0
specialRequest,PIZZA,PIZZA,,MARGHERITA,,123,,6.0
specialRequest,PIZZA,PIZZA,,MARGHERITA,,129,,14.0
specialRequest,PIZZA,PIZZA,,MARGHERITA,,16,,11.0
specialRequest,PIZZA,PIZZA,,MARGHERITA,,19,,1.0
specialRequest,PIZZA,PIZZA,,MARGHERITA,,64,,6.0
specialRequest,PIZZA,PIZZA,,MARGHERITA,,71,,6.0
specialRequest,PIZZA,PIZZA,,MARGHERITA,,Onion,,1.0
specialRequest,PIZZA,PIZZA,,MARGHERITA,,"Sin Salsa De Tomate, Con Parmesan Chesee",,1.0
specialRequest,PIZZA,PIZZA,,MARGHERITA,,To Go,,2.0
menuItem,PIZZA,PIZZA,,MARGHERITA DI BURRATA,,,,73.0
modifier,PIZZA,PIZZA,,MARGHERITA DI BURRATA,,Mozzarella Ball,,1.0
modifier,PIZZA,PIZZA,,MARGHERITA DI BURRATA,,GLUTEN FREE,,1.0
specialRequest,PIZZA,PIZZA,,MARGHERITA DI BURRATA,,106,,1.0
specialRequest,PIZZA,PIZZA,,MARGHERITA DI BURRATA,,109,,3.0
specialRequest,PIZZA,PIZZA,,MARGHERITA DI BURRATA,,11,,1.0
specialRequest,PIZZA,PIZZA,,MARGHERITA DI BURRATA,,110,,1.0
specialRequest,PIZZA,PIZZA,,MARGHERITA DI BURRATA,,111,,4.0
specialRequest,PIZZA,PIZZA,,MARGHERITA DI BURRATA,,116,,1.0
specialRequest,PIZZA,PIZZA,,MARGHERITA DI BURRATA,,123,,3.0
specialRequest,PIZZA,PIZZA,,MARGHERITA DI BURRATA,,14,,1.0
specialRequest,PIZZA,PIZZA,,MARGHERITA DI BURRATA,,10,,4.0
specialRequest,PIZZA,PIZZA,,MARGHERITA DI BURRATA,,101,,5.0
specialRequest,PIZZA,PIZZA,,MARGHERITA DI BURRATA,,103,,3.0
specialRequest,PIZZA,PIZZA,,MARGHERITA DI BURRATA,,113,,3.0
specialRequest,PIZZA,PIZZA,,MARGHERITA DI BURRATA,,115,,2.0
specialRequest,PIZZA,PIZZA,,MARGHERITA DI BURRATA,,117,,1.0
specialRequest,PIZZA,PIZZA,,MARGHERITA DI BURRATA,,118,,4.0
specialRequest,PIZZA,PIZZA,,MARGHERITA DI BURRATA,,120,,3.0
specialRequest,PIZZA,PIZZA,,MARGHERITA DI BURRATA,,129,,3.0
specialRequest,PIZZA,PIZZA,,MARGHERITA DI BURRATA,,13,,2.0
specialRequest,PIZZA,PIZZA,,MARGHERITA DI BURRATA,,15,,1.0
specialRequest,PIZZA,PIZZA,,MARGHERITA DI BURRATA,,16,,1.0
specialRequest,PIZZA,PIZZA,,MARGHERITA DI BURRATA,,64,,1.0
specialRequest,PIZZA,PIZZA,,MARGHERITA DI BURRATA,,71,,3.0
specialRequest,PIZZA,PIZZA,,MARGHERITA DI BURRATA,,81,,2.0
menuItem,PIZZA,PIZZA,,COTTO,,,,68.0
modifier,PIZZA,PIZZA,,COTTO,,Mushrooms,,3.0
modifier,PIZZA,PIZZA,,COTTO,,Arugula,,1.0
modifier,PIZZA,PIZZA,,COTTO,,Grilled Chicken,,1.0
specialRequest,PIZZA,PIZZA,,COTTO,,110,,1.0
specialRequest,PIZZA,PIZZA,,COTTO,,113,,5.0
specialRequest,PIZZA,PIZZA,,COTTO,,116,,1.0
specialRequest,PIZZA,PIZZA,,COTTO,,118,,2.0
specialRequest,PIZZA,PIZZA,,COTTO,,120,,2.0
specialRequest,PIZZA,PIZZA,,COTTO,,123,,3.0
specialRequest,PIZZA,PIZZA,,COTTO,,13,,4.0
specialRequest,PIZZA,PIZZA,,COTTO,,14,,4.0
specialRequest,PIZZA,PIZZA,,COTTO,,15,,1.0
specialRequest,PIZZA,PIZZA,,COTTO,,64,,2.0
specialRequest,PIZZA,PIZZA,,COTTO,,No Mozzarella,,1.0
specialRequest,PIZZA,PIZZA,,COTTO,,10,,1.0
specialRequest,PIZZA,PIZZA,,COTTO,,101,,1.0
specialRequest,PIZZA,PIZZA,,COTTO,,103,,3.0
specialRequest,PIZZA,PIZZA,,COTTO,,11,,4.0
specialRequest,PIZZA,PIZZA,,COTTO,,110 NO MUZZARELLA,,1.0
specialRequest,PIZZA,PIZZA,,COTTO,,115,,2.0
specialRequest,PIZZA,PIZZA,,COTTO,,117,,6.0
specialRequest,PIZZA,PIZZA,,COTTO,,127,,1.0
specialRequest,PIZZA,PIZZA,,COTTO,,129,,3.0
specialRequest,PIZZA,PIZZA,,COTTO,,16,,1.0
specialRequest,PIZZA,PIZZA,,COTTO,,19,,1.0
specialRequest,PIZZA,PIZZA,,COTTO,,81,,1.0
menuItem,PIZZA,PIZZA,,DIAVOLA,,,,108.0
modifier,PIZZA,PIZZA,,DIAVOLA,,Straciatella Cheese,,1.0
modifier,PIZZA,PIZZA,,DIAVOLA,,GLUTEN FREE,,1.0
specialRequest,PIZZA,PIZZA,,DIAVOLA,,101,,2.0
specialRequest,PIZZA,PIZZA,,DIAVOLA,,103,,6.0
specialRequest,PIZZA,PIZZA,,DIAVOLA,,109,,1.0
specialRequest,PIZZA,PIZZA,,DIAVOLA,,111,,3.0
specialRequest,PIZZA,PIZZA,,DIAVOLA,,116,,3.0
specialRequest,PIZZA,PIZZA,,DIAVOLA,,64,,3.0
specialRequest,PIZZA,PIZZA,,DIAVOLA,,71,,2.0
specialRequest,PIZZA,PIZZA,,DIAVOLA,,Meta Margherita,,1.0
specialRequest,PIZZA,PIZZA,,DIAVOLA,,10,,3.0
specialRequest,PIZZA,PIZZA,,DIAVOLA,,106,,4.0
specialRequest,PIZZA,PIZZA,,DIAVOLA,,11,,9.0
specialRequest,PIZZA,PIZZA,,DIAVOLA,,110,,3.0
specialRequest,PIZZA,PIZZA,,DIAVOLA,,113,,8.0
specialRequest,PIZZA,PIZZA,,DIAVOLA,,115,,4.0
specialRequest,PIZZA,PIZZA,,DIAVOLA,,117,,4.0
specialRequest,PIZZA,PIZZA,,DIAVOLA,,118,,4.0
specialRequest,PIZZA,PIZZA,,DIAVOLA,,120,,7.0
specialRequest,PIZZA,PIZZA,,DIAVOLA,,127,,6.0
specialRequest,PIZZA,PIZZA,,DIAVOLA,,129,,1.0
specialRequest,PIZZA,PIZZA,,DIAVOLA,,13,,2.0
specialRequest,PIZZA,PIZZA,,DIAVOLA,,14,,1.0
specialRequest,PIZZA,PIZZA,,DIAVOLA,,15,,4.0
specialRequest,PIZZA,PIZZA,,DIAVOLA,,16,,2.0
specialRequest,PIZZA,PIZZA,,DIAVOLA,,81,,4.0
specialRequest,PIZZA,PIZZA,,DIAVOLA,,Extra Chilli,,1.0
menuItem,PIZZA,PIZZA,,PRIMAVERA,,,,20.0
modifier,PIZZA,PIZZA,,PRIMAVERA,,GLUTEN FREE,,1.0
specialRequest,PIZZA,PIZZA,,PRIMAVERA,,106,,3.0
specialRequest,PIZZA,PIZZA,,PRIMAVERA,,123,,1.0
specialRequest,PIZZA,PIZZA,,PRIMAVERA,,13,,1.0
specialRequest,PIZZA,PIZZA,,PRIMAVERA,,16,,1.0
specialRequest,PIZZA,PIZZA,,PRIMAVERA,,10,,1.0
specialRequest,PIZZA,PIZZA,,PRIMAVERA,,11,,2.0
specialRequest,PIZZA,PIZZA,,PRIMAVERA,,113,,2.0
specialRequest,PIZZA,PIZZA,,PRIMAVERA,,115,,1.0
specialRequest,PIZZA,PIZZA,,PRIMAVERA,,120,,1.0
specialRequest,PIZZA,PIZZA,,PRIMAVERA,,14,,1.0
specialRequest,PIZZA,PIZZA,,PRIMAVERA,,64,,1.0
specialRequest,PIZZA,PIZZA,,PRIMAVERA,,81,,1.0
specialRequest,PIZZA,PIZZA,,PRIMAVERA,,No Arugula,,1.0
menuItem,PIZZA,PIZZA,,REGINA,,,,36.0
modifier,PIZZA,PIZZA,,REGINA,,Ham,,1.0
modifier,PIZZA,PIZZA,,REGINA,,GLUTEN FREE,,2.0
specialRequest,PIZZA,PIZZA,,REGINA,,103,,1.0
specialRequest,PIZZA,PIZZA,,REGINA,,11,,2.0
specialRequest,PIZZA,PIZZA,,REGINA,,118,,3.0
specialRequest,PIZZA,PIZZA,,REGINA,,120,,1.0
specialRequest,PIZZA,PIZZA,,REGINA,,123,,2.0
specialRequest,PIZZA,PIZZA,,REGINA,,14,,1.0
specialRequest,PIZZA,PIZZA,,REGINA,,15,,2.0
specialRequest,PIZZA,PIZZA,,REGINA,,Sin Mushroom,,1.0
specialRequest,PIZZA,PIZZA,,REGINA,,10,,3.0
specialRequest,PIZZA,PIZZA,,REGINA,,113,,1.0
specialRequest,PIZZA,PIZZA,,REGINA,,115,,4.0
specialRequest,PIZZA,PIZZA,,REGINA,,116,,1.0
specialRequest,PIZZA,PIZZA,,REGINA,,117,,1.0
specialRequest,PIZZA,PIZZA,,REGINA,,127,,1.0
specialRequest,PIZZA,PIZZA,,REGINA,,13,,4.0
specialRequest,PIZZA,PIZZA,,REGINA,,71,,1.0
specialRequest,PIZZA,PIZZA,,REGINA,,81,,1.0
specialRequest,PIZZA,PIZZA,,REGINA,,No Ham,,1.0
specialRequest,PIZZA,PIZZA,,REGINA,,No Mushrooms,,1.0
menuItem,PIZZA,PIZZA,,POSITANO (TRUFFLE CREAM),,,,50.0
modifier,PIZZA,PIZZA,,POSITANO (TRUFFLE CREAM),,Prosciutto,,2.0
modifier,PIZZA,PIZZA,,POSITANO (TRUFFLE CREAM),,Spianata Calabrese,,2.0
modifier,PIZZA,PIZZA,,POSITANO (TRUFFLE CREAM),,Grilled Chicken,,2.0
specialRequest,PIZZA,PIZZA,,POSITANO (TRUFFLE CREAM),,106,,1.0
specialRequest,PIZZA,PIZZA,,POSITANO (TRUFFLE CREAM),,11,,1.0
specialRequest,PIZZA,PIZZA,,POSITANO (TRUFFLE CREAM),,113,,3.0
specialRequest,PIZZA,PIZZA,,POSITANO (TRUFFLE CREAM),,115,,1.0
specialRequest,PIZZA,PIZZA,,POSITANO (TRUFFLE CREAM),,118,,7.0
specialRequest,PIZZA,PIZZA,,POSITANO (TRUFFLE CREAM),,127,,1.0
specialRequest,PIZZA,PIZZA,,POSITANO (TRUFFLE CREAM),,16,,3.0
specialRequest,PIZZA,PIZZA,,POSITANO (TRUFFLE CREAM),,64,,1.0
specialRequest,PIZZA,PIZZA,,POSITANO (TRUFFLE CREAM),,71,,3.0
specialRequest,PIZZA,PIZZA,,POSITANO (TRUFFLE CREAM),,10,,2.0
specialRequest,PIZZA,PIZZA,,POSITANO (TRUFFLE CREAM),,103,,3.0
specialRequest,PIZZA,PIZZA,,POSITANO (TRUFFLE CREAM),,109,,2.0
specialRequest,PIZZA,PIZZA,,POSITANO (TRUFFLE CREAM),,110,,1.0
specialRequest,PIZZA,PIZZA,,POSITANO (TRUFFLE CREAM),,111,,2.0
specialRequest,PIZZA,PIZZA,,POSITANO (TRUFFLE CREAM),,117,,1.0
specialRequest,PIZZA,PIZZA,,POSITANO (TRUFFLE CREAM),,120,,1.0
specialRequest,PIZZA,PIZZA,,POSITANO (TRUFFLE CREAM),,123,,3.0
specialRequest,PIZZA,PIZZA,,POSITANO (TRUFFLE CREAM),,129,,1.0
specialRequest,PIZZA,PIZZA,,POSITANO (TRUFFLE CREAM),,13,,4.0
specialRequest,PIZZA,PIZZA,,POSITANO (TRUFFLE CREAM),,15,,1.0
specialRequest,PIZZA,PIZZA,,POSITANO (TRUFFLE CREAM),,81,,1.0
menuItem,PIZZA,PIZZA,,PROSCIUTTO E BURRATA,,,,61.0
modifier,PIZZA,PIZZA,,PROSCIUTTO E BURRATA,,Mozzarella Ball,,1.0
modifier,PIZZA,PIZZA,,PROSCIUTTO E BURRATA,,Arugula,,2.0
specialRequest,PIZZA,PIZZA,,PROSCIUTTO E BURRATA,,106,,1.0
specialRequest,PIZZA,PIZZA,,PROSCIUTTO E BURRATA,,11,,3.0
specialRequest,PIZZA,PIZZA,,PROSCIUTTO E BURRATA,,110,,1.0
specialRequest,PIZZA,PIZZA,,PROSCIUTTO E BURRATA,,111,,3.0
specialRequest,PIZZA,PIZZA,,PROSCIUTTO E BURRATA,,115,,4.0
specialRequest,PIZZA,PIZZA,,PROSCIUTTO E BURRATA,,117,,3.0
specialRequest,PIZZA,PIZZA,,PROSCIUTTO E BURRATA,,118,,3.0
specialRequest,PIZZA,PIZZA,,PROSCIUTTO E BURRATA,,123,,2.0
specialRequest,PIZZA,PIZZA,,PROSCIUTTO E BURRATA,,15,,3.0
specialRequest,PIZZA,PIZZA,,PROSCIUTTO E BURRATA,,64,,2.0
specialRequest,PIZZA,PIZZA,,PROSCIUTTO E BURRATA,,10,,3.0
specialRequest,PIZZA,PIZZA,,PROSCIUTTO E BURRATA,,101,,3.0
specialRequest,PIZZA,PIZZA,,PROSCIUTTO E BURRATA,,103,,2.0
specialRequest,PIZZA,PIZZA,,PROSCIUTTO E BURRATA,,109,,1.0
specialRequest,PIZZA,PIZZA,,PROSCIUTTO E BURRATA,,120,,2.0
specialRequest,PIZZA,PIZZA,,PROSCIUTTO E BURRATA,,127,,4.0
specialRequest,PIZZA,PIZZA,,PROSCIUTTO E BURRATA,,129,,4.0
specialRequest,PIZZA,PIZZA,,PROSCIUTTO E BURRATA,,13,,2.0
specialRequest,PIZZA,PIZZA,,PROSCIUTTO E BURRATA,,14,,3.0
specialRequest,PIZZA,PIZZA,,PROSCIUTTO E BURRATA,,19,,1.0
specialRequest,PIZZA,PIZZA,,PROSCIUTTO E BURRATA,,71,,2.0
menuItem,PIZZA,PIZZA,,test item,,,,1.0
"",PIZZA PALA,,,,,,,171.0
"",PIZZA PALA,PIZZA PALA,,,,,,171.0
menuItem,PIZZA PALA,PIZZA PALA,,1/2 ARUG/STRAC PALA,,,,8.0
menuItem,PIZZA PALA,PIZZA PALA,,1/2 MARGHERITA PALA,,,,37.0
menuItem,PIZZA PALA,PIZZA PALA,,1/2 PRIMAVERA PALA,,,,5.0
menuItem,PIZZA PALA,PIZZA PALA,,1/2 PROSCIUTTO PALA,,,,26.0
menuItem,PIZZA PALA,PIZZA PALA,,1/2 TRUFFLE PALA,,,,26.0
menuItem,PIZZA PALA,PIZZA PALA,,1/2 SPIANATA PALA,,,,46.0
menuItem,PIZZA PALA,PIZZA PALA,,FULL MARGHERITA PALA,,,,10.0
menuItem,PIZZA PALA,PIZZA PALA,,FULL HAM PALA,,,,1.0
menuItem,PIZZA PALA,PIZZA PALA,,FULL PROSCIUTTO PALA,,,,2.0
menuItem,PIZZA PALA,PIZZA PALA,,FULL TRUFFLE PALA,,,,1.0
menuItem,PIZZA PALA,PIZZA PALA,,FULL SPIANATA PALA,,,,4.0
menuItem,PIZZA PALA,PIZZA PALA,,SLICE MARGHERITA PALA,,,,1.0
menuItem,PIZZA PALA,PIZZA PALA,,SLICE SPIANATA PALA,,,,1.0
menuItem,PIZZA PALA,PIZZA PALA,,test item,,,,3.0
"",PANINI,,,,,,,218.0
"",PANINI,PANINI,,,,,,218.0
menuItem,PANINI,PANINI,,Focaccia Crudo,,,,36.0
modifier,PANINI,PANINI,,Focaccia Crudo,,Sliced Tomatoes,,1.0
modifier,PANINI,PANINI,,Focaccia Crudo,,Boiled Egg,,2.0
menuItem,PANINI,PANINI,,Focaccia Caprese,,,,26.0
modifier,PANINI,PANINI,,Focaccia Caprese,,Prosciutto,,1.0
menuItem,PANINI,PANINI,,Focaccia Cotto,,,,11.0
modifier,PANINI,PANINI,,Focaccia Cotto,,Sliced Tomatoes,,1.0
menuItem,PANINI,PANINI,,Focaccia Mortadella Stracciatella,,,,3.0
menuItem,PANINI,PANINI,,Panino Ham,,,,28.0
menuItem,PANINI,PANINI,,Panino Egg & Bacon,,,,36.0
menuItem,PANINI,PANINI,,Panino Turkey & Egg,,,,58.0
menuItem,PANINI,PANINI,,Portafoglio Caprese,,,,6.0
modifier,PANINI,PANINI,,Portafoglio Caprese,,Prosciutto,,1.0
modifier,PANINI,PANINI,,Portafoglio Caprese,,EXTRA AVOCADO,,1.0
menuItem,PANINI,PANINI,,Portafoglio Crudo,,,,10.0
menuItem,PANINI,PANINI,,Portafoglio Ham,,,,1.0
menuItem,PANINI,PANINI,,test item,,,,3.0
"",SALAD,,,,,,,198.0
"",SALAD,SALAD,,,,,,198.0
menuItem,SALAD,SALAD,,CAPRESE,,,,42.0
modifier,SALAD,SALAD,,CAPRESE,,Marinated Chicken,,2.0
modifier,SALAD,SALAD,,CAPRESE,,Grilled Vegetables,,1.0
modifier,SALAD,SALAD,,CAPRESE,,Marinated Chicken,,4.0
modifier,SALAD,SALAD,,CAPRESE,,Grilled Chicken,,1.0
modifier,SALAD,SALAD,,CAPRESE,,Marinated Salmon,,2.0
modifier,SALAD,SALAD,,CAPRESE,,Boiled Egg,,7.0
modifier,SALAD,SALAD,,CAPRESE,,EXTRA AVOCADO,,1.0
specialRequest,SALAD,SALAD,,CAPRESE,,220 Hacer Dos,,1.0
specialRequest,SALAD,SALAD,,CAPRESE,,Hacer,,1.0
specialRequest,SALAD,SALAD,,CAPRESE,,225 Hacer,,1.0
specialRequest,SALAD,SALAD,,CAPRESE,,52 Hacer,,2.0
menuItem,SALAD,SALAD,,CAESAR,,,,70.0
modifier,SALAD,SALAD,,CAESAR,,Marinated Chicken,,4.0
modifier,SALAD,SALAD,,CAESAR,,Eggs,,1.0
modifier,SALAD,SALAD,,CAESAR,,Marinated Chicken,,11.0
modifier,SALAD,SALAD,,CAESAR,,Grilled Chicken,,3.0
modifier,SALAD,SALAD,,CAESAR,,Marinated Salmon,,5.0
modifier,SALAD,SALAD,,CAESAR,,Grilled Vegetables,,1.0
modifier,SALAD,SALAD,,CAESAR,,Boiled Egg,,2.0
specialRequest,SALAD,SALAD,,CAESAR,,Da Hacer,,1.0
specialRequest,SALAD,SALAD,,CAESAR,,201,,1.0
specialRequest,SALAD,SALAD,,CAESAR,,55,,1.0
menuItem,SALAD,SALAD,,AMORE VERDE,,,,18.0
modifier,SALAD,SALAD,,AMORE VERDE,,Marinated Chicken,,1.0
modifier,SALAD,SALAD,,AMORE VERDE,,Marinated Chicken,,4.0
modifier,SALAD,SALAD,,AMORE VERDE,,Marinated Salmon,,2.0
specialRequest,SALAD,SALAD,,AMORE VERDE,,Avocado,,1.0
menuItem,SALAD,SALAD,,LA VITA SANA,,,,34.0
modifier,SALAD,SALAD,,LA VITA SANA,,Marinated Chicken,,5.0
modifier,SALAD,SALAD,,LA VITA SANA,,Grilled Chicken,,3.0
modifier,SALAD,SALAD,,LA VITA SANA,,Marinated Salmon,,9.0
modifier,SALAD,SALAD,,LA VITA SANA,,Mozzarella Ball,,3.0
modifier,SALAD,SALAD,,LA VITA SANA,,Straciatella Cheese,,1.0
modifier,SALAD,SALAD,,LA VITA SANA,,Boiled Egg,,7.0
specialRequest,SALAD,SALAD,,LA VITA SANA,,"Dressing on the side 
",,1.0
menuItem,SALAD,SALAD,,MEDITERRANEA,,,,34.0
modifier,SALAD,SALAD,,MEDITERRANEA,,Eggs,,1.0
modifier,SALAD,SALAD,,MEDITERRANEA,,Marinated Chicken,,5.0
modifier,SALAD,SALAD,,MEDITERRANEA,,Marinated Salmon,,3.0
modifier,SALAD,SALAD,,MEDITERRANEA,,Bread,,1.0
modifier,SALAD,SALAD,,MEDITERRANEA,,Boiled Egg,,1.0
"",DESSERT,,,,,,,239.0
"",DESSERT,DESSERT,,,,,,239.0
menuItem,DESSERT,DESSERT,,TIRAMIS? COFFEE,,,,31.0
menuItem,DESSERT,DESSERT,,TIRAMIS? COFFEE,,,DESSERT,40.0
menuItem,DESSERT,DESSERT,,TIRAMIS? NUTELLA,,,,4.0
menuItem,DESSERT,DESSERT,,TIRAMIS? NUTELLA,,,DESSERT,6.0
menuItem,DESSERT,DESSERT,,CANNOLO ARANCIA,,,DESSERT,1.0
menuItem,DESSERT,DESSERT,,CANNOLO PISTACCHIO,,,,25.0
menuItem,DESSERT,DESSERT,,CANNOLO PISTACCHIO,,,DESSERT,25.0
menuItem,DESSERT,DESSERT,,CANNOLO CHOCOLATE,,,,26.0
menuItem,DESSERT,DESSERT,,CANNOLO CHOCOLATE,,,DESSERT,25.0
menuItem,DESSERT,DESSERT,,CROSTATA SEASONAL FRUIT,,,,3.0
menuItem,DESSERT,DESSERT,,TIRAMIS? CARAMEL,,,,2.0
menuItem,DESSERT,DESSERT,,TIRAMIS? CARAMEL,,,DESSERT,9.0
menuItem,DESSERT,DESSERT,,TIRAMIS? STRAWBERRY,,,,7.0
menuItem,DESSERT,DESSERT,,TIRAMIS? STRAWBERRY,,,DESSERT,6.0
menuItem,DESSERT,DESSERT,,TIRAMIS? PISTACCHIO,,,,6.0
menuItem,DESSERT,DESSERT,,TIRAMIS? PISTACCHIO,,,DESSERT,10.0
menuItem,DESSERT,DESSERT,,TIRAMIS? LIMONCELLO,,,,6.0
menuItem,DESSERT,DESSERT,,TIRAMIS? LIMONCELLO,,,DESSERT,7.0
"",BAKERY,,,,,,,448.0
"",BAKERY,BAKERY,,,,,,448.0
menuItem,BAKERY,BAKERY,,Croissant Plain,,,,58.0
menuItem,BAKERY,BAKERY,,Nutella Croissant,,,,66.0
menuItem,BAKERY,BAKERY,,Cream Croissant,,,,14.0
menuItem,BAKERY,BAKERY,,Pistacchio Croissant,,,,20.0
menuItem,BAKERY,BAKERY,,Apricot Croissant,,,,7.0
menuItem,BAKERY,BAKERY,,Raspberry Croissant,,,,9.0
menuItem,BAKERY,BAKERY,,Salty Croissant Ham & Cheese,,,,77.0
modifier,BAKERY,BAKERY,,Salty Croissant Ham & Cheese,,Eggs,,4.0
menuItem,BAKERY,BAKERY,,Salty Croissant Caprese,,,,1.0
menuItem,BAKERY,BAKERY,,Salty Croissant Egg & Bacon,,,,78.0
menuItem,BAKERY,BAKERY,,Bombolone Nutella,,,,43.0
menuItem,BAKERY,BAKERY,,Bombolone Crema,,,,17.0
menuItem,BAKERY,BAKERY,,Bombolone Pistacchio,,,,8.0
menuItem,BAKERY,BAKERY,,Bombolone Raspberry,,,,7.0
menuItem,BAKERY,BAKERY,,MUFFIN,,,,6.0
menuItem,BAKERY,BAKERY,,DANISH,,,,3.0
menuItem,BAKERY,BAKERY,,Biscotti 2X1,,,,20.0
menuItem,BAKERY,BAKERY,,Small Cannoli,,,,12.0
menuItem,BAKERY,BAKERY,,Croissant Almond,,,,1.0
menuItem,BAKERY,BAKERY,,test item bakery,,,,1.0
"",BEVERAGE,,,,,,,5843.0
"",BEVERAGE,JUICE,,,,,,892.0
menuItem,BEVERAGE,JUICE,,ORANGE JUICE,,,JUICE,732.0
menuItem,BEVERAGE,JUICE,,ACE,,,JUICE,12.0
modifier,BEVERAGE,JUICE,,ACE,,Upgrade 16oz,,1.0
menuItem,BEVERAGE,JUICE,,DETOX,,,JUICE,47.0
menuItem,BEVERAGE,JUICE,,KISS,,,JUICE,11.0
menuItem,BEVERAGE,JUICE,,PEACEFULL,,,JUICE,16.0
menuItem,BEVERAGE,JUICE,,LOVE,,,JUICE,15.0
menuItem,BEVERAGE,JUICE,,SUNSET,,,JUICE,29.0
modifier,BEVERAGE,JUICE,,SUNSET,,EXTRA PROTEIN POWDER,,1.0
menuItem,BEVERAGE,JUICE,,POWER PUNCH,,,JUICE,30.0
modifier,BEVERAGE,JUICE,,POWER PUNCH,,Upgrade 16oz,,1.0
"",BEVERAGE,COFFEE,,,,,,1547.0
menuItem,BEVERAGE,COFFEE,,ESPRESSO,,,COFFEE,163.0
menuItem,BEVERAGE,COFFEE,,DOUBLE ESPRESSO,,,COFFEE,118.0
modifier,BEVERAGE,COFFEE,,DOUBLE ESPRESSO,,To Go Iced,,1.0
menuItem,BEVERAGE,COFFEE,,MACCHIATO,,,COFFEE,71.0
modifier,BEVERAGE,COFFEE,,MACCHIATO,,Almond Milk,,1.0
modifier,BEVERAGE,COFFEE,,MACCHIATO,,Caramel Syrup,,1.0
menuItem,BEVERAGE,COFFEE,,DOUBLE MACCHIATO,,,COFFEE,31.0
modifier,BEVERAGE,COFFEE,,DOUBLE MACCHIATO,,Caramel Syrup,,1.0
modifier,BEVERAGE,COFFEE,,DOUBLE MACCHIATO,,Upgrade 16oz,,1.0
menuItem,BEVERAGE,COFFEE,,LATTE,,,COFFEE,441.0
modifier,BEVERAGE,COFFEE,,LATTE,,Almond Milk,,17.0
modifier,BEVERAGE,COFFEE,,LATTE,,Oat Milk,,46.0
modifier,BEVERAGE,COFFEE,,LATTE,,To Go Iced,,111.0
modifier,BEVERAGE,COFFEE,,LATTE,,Add Ice,,1.0
modifier,BEVERAGE,COFFEE,,LATTE,,Caramel Syrup,,36.0
modifier,BEVERAGE,COFFEE,,LATTE,,Hazelnut Syrup,,7.0
modifier,BEVERAGE,COFFEE,,LATTE,,Vanilla Syrup,,53.0
modifier,BEVERAGE,COFFEE,,LATTE,,Extra shot,,11.0
modifier,BEVERAGE,COFFEE,,LATTE,,Upgrade 16oz,,26.0
specialRequest,BEVERAGE,COFFEE,,LATTE,,Ice,,2.0
specialRequest,BEVERAGE,COFFEE,,LATTE,,Iced,,1.0
menuItem,BEVERAGE,COFFEE,,CAPPUCCINO,,,COFFEE,341.0
modifier,BEVERAGE,COFFEE,,CAPPUCCINO,,Almond Milk,,5.0
modifier,BEVERAGE,COFFEE,,CAPPUCCINO,,Oat Milk,,10.0
modifier,BEVERAGE,COFFEE,,CAPPUCCINO,,To Go Iced,,9.0
modifier,BEVERAGE,COFFEE,,CAPPUCCINO,,Hazelnut Syrup,,1.0
modifier,BEVERAGE,COFFEE,,CAPPUCCINO,,Vanilla Syrup,,5.0
modifier,BEVERAGE,COFFEE,,CAPPUCCINO,,Extra shot,,4.0
modifier,BEVERAGE,COFFEE,,CAPPUCCINO,,Upgrade 16oz,,13.0
specialRequest,BEVERAGE,COFFEE,,CAPPUCCINO,,Iced,,1.0
menuItem,BEVERAGE,COFFEE,,AMERICANO,,,COFFEE,299.0
modifier,BEVERAGE,COFFEE,,AMERICANO,,Almond Milk,,3.0
modifier,BEVERAGE,COFFEE,,AMERICANO,,Oat Milk,,5.0
modifier,BEVERAGE,COFFEE,,AMERICANO,,To Go Iced,,30.0
modifier,BEVERAGE,COFFEE,,AMERICANO,,Hazelnut Syrup,,1.0
modifier,BEVERAGE,COFFEE,,AMERICANO,,Vanilla Syrup,,1.0
modifier,BEVERAGE,COFFEE,,AMERICANO,,Extra shot,,2.0
modifier,BEVERAGE,COFFEE,,AMERICANO,,Upgrade 16oz,,28.0
menuItem,BEVERAGE,COFFEE,,MATCHA LATTE,,,COFFEE,22.0
modifier,BEVERAGE,COFFEE,,MATCHA LATTE,,Almond Milk,,2.0
modifier,BEVERAGE,COFFEE,,MATCHA LATTE,,Oat Milk,,4.0
modifier,BEVERAGE,COFFEE,,MATCHA LATTE,,To Go Iced,,10.0
modifier,BEVERAGE,COFFEE,,MATCHA LATTE,,Vanilla Syrup,,1.0
modifier,BEVERAGE,COFFEE,,MATCHA LATTE,,Upgrade 16oz,,1.0
menuItem,BEVERAGE,COFFEE,,Hot Tea,,,COFFEE,40.0
menuItem,BEVERAGE,COFFEE,,Milk,,,COFFEE,3.0
menuItem,BEVERAGE,COFFEE,,Hot Chocolate,,,COFFEE,14.0
modifier,BEVERAGE,COFFEE,,Hot Chocolate,,Almond Milk,,1.0
menuItem,BEVERAGE,COFFEE,,Extra Shot,,,COFFEE,4.0
"",BEVERAGE,DRINK,,,,,,2188.0
menuItem,BEVERAGE,DRINK,,MOLECOLA,,,DRINK,492.0
menuItem,BEVERAGE,DRINK,,MOLECOLA SUGAR FREE,,,DRINK,259.0
menuItem,BEVERAGE,DRINK,,LIMONATA,,,DRINK,290.0
menuItem,BEVERAGE,DRINK,,ARANCIATA,,,DRINK,74.0
menuItem,BEVERAGE,DRINK,,ARANCIATA ROSSA,,,DRINK,67.0
menuItem,BEVERAGE,DRINK,,THE LIMONE,,,DRINK,9.0
menuItem,BEVERAGE,DRINK,,THE PESCA,,,DRINK,17.0
menuItem,BEVERAGE,DRINK,,STILL WATER SMALL,,,DRINK,654.0
menuItem,BEVERAGE,DRINK,,SPARKLING WATER SMALL,,,DRINK,286.0
menuItem,BEVERAGE,DRINK,,STILL WATER BIG,,,DRINK,20.0
menuItem,BEVERAGE,DRINK,,SPARKLING WATER BIG,,,DRINK,20.0
"",BEVERAGE,Wine,,,,,,222.0
"",BEVERAGE,Wine,Wines by the Glass,,,,,207.0
menuItem,BEVERAGE,Wine,Wines by the Glass,GLS PINOT GRIGIO Bennati,,,WINE,3.0
menuItem,BEVERAGE,Wine,Wines by the Glass,GLS PINOT GRIGIO Canaletto,,,WINE,33.0
menuItem,BEVERAGE,Wine,Wines by the Glass,GLS CHARDONNAY La Vis,,,WINE,15.0
menuItem,BEVERAGE,Wine,Wines by the Glass,GLS SAUVIGNON BLANC St Pauls,,,WINE,14.0
menuItem,BEVERAGE,Wine,Wines by the Glass,GLS GAVI DI GAVI Villa Sparina,,,WINE,3.0
menuItem,BEVERAGE,Wine,Wines by the Glass,GLS PINOT NOIR La Vis,,,WINE,16.0
menuItem,BEVERAGE,Wine,Wines by the Glass,GLS CABERNET SAUVIGNON La Vis,,,WINE,37.0
menuItem,BEVERAGE,Wine,Wines by the Glass,GLS CHIANTI Cafaggio,,,WINE,21.0
menuItem,BEVERAGE,Wine,Wines by the Glass,GLS BARBERA del Monferrato,,,WINE,6.0
menuItem,BEVERAGE,Wine,Wines by the Glass,GLS NEBBIOLO Mirafiore,,,WINE,3.0
menuItem,BEVERAGE,Wine,Wines by the Glass,GLS PROSECCO Valdo,,,WINE,23.0
menuItem,BEVERAGE,Wine,Wines by the Glass,GLS PROSECCO Superior Valdo,,,WINE,3.0
menuItem,BEVERAGE,Wine,Wines by the Glass,GLS PROSECCO ROSE La Gioiosa,,,WINE,3.0
menuItem,BEVERAGE,Wine,Wines by the Glass,GLS ROSE San Marzano,,,WINE,9.0
menuItem,BEVERAGE,Wine,Wines by the Glass,GLS MOSCATO Pico Maccario,,,WINE,7.0
menuItem,BEVERAGE,Wine,Wines by the Glass,$5 HH Wine,,,WINE,11.0
"",BEVERAGE,Wine,Wines by the Bottle,,,,,15.0
menuItem,BEVERAGE,Wine,Wines by the Bottle,BTL PINOT GRIGIO Canaletto,,,WINE,3.0
menuItem,BEVERAGE,Wine,Wines by the Bottle,BTL CHARDONNAY La Vis,,,WINE,3.0
menuItem,BEVERAGE,Wine,Wines by the Bottle,BTL PINOT NOIR La Vis,,,WINE,1.0
menuItem,BEVERAGE,Wine,Wines by the Bottle,BTL CABERNET SAUVIGNON La Vis,,,WINE,2.0
menuItem,BEVERAGE,Wine,Wines by the Bottle,BTL CHIANTI Cafaggio,,,WINE,1.0
menuItem,BEVERAGE,Wine,Wines by the Bottle,BTL BARBERA del Monferrato,,,WINE,1.0
menuItem,BEVERAGE,Wine,Wines by the Bottle,BTL NEBBIOLO Mirafiore,,,WINE,1.0
menuItem,BEVERAGE,Wine,Wines by the Bottle,BTL PROSECCO Valdo,,,WINE,2.0
menuItem,BEVERAGE,Wine,Wines by the Bottle,BTL ROSE San Marzano,,,WINE,1.0
"",BEVERAGE,Beer,,,,,,771.0
menuItem,BEVERAGE,Beer,,HH Beer,,,BEER,45.0
menuItem,BEVERAGE,Beer,,Peroni,,,BEER,307.0
menuItem,BEVERAGE,Beer,,DFT Corona,,,BEER,248.0
menuItem,BEVERAGE,Beer,,DFT Yuengling Lager,,,BEER,74.0
menuItem,BEVERAGE,Beer,,DFT Lagunitas IPA,,,BEER,75.0
menuItem,BEVERAGE,Beer,,Menabrea Ambrata,,,BEER,13.0
menuItem,BEVERAGE,Beer,,Menabrea Bionda,,,BEER,9.0
"",BEVERAGE,Drinks - Cocktail,,,,,,206.0
menuItem,BEVERAGE,Drinks - Cocktail,,$5 Spritz Promo,,,DRINKS - COCKTAILS,44.0
menuItem,BEVERAGE,Drinks - Cocktail,,$10 HH Cocktail,,,DRINKS - COCKTAILS,1.0
menuItem,BEVERAGE,Drinks - Cocktail,,Aperol Spritz,,,DRINKS - COCKTAILS,84.0
menuItem,BEVERAGE,Drinks - Cocktail,,Campari Spritz,,,DRINKS - COCKTAILS,7.0
menuItem,BEVERAGE,Drinks - Cocktail,,Amalfi Spritz,,,DRINKS - COCKTAILS,13.0
menuItem,BEVERAGE,Drinks - Cocktail,,Hugo Spritz,,,DRINKS - COCKTAILS,27.0
menuItem,BEVERAGE,Drinks - Cocktail,,IT Spritz,,,DRINKS - COCKTAILS,3.0
menuItem,BEVERAGE,Drinks - Cocktail,,Mimosa,,,DRINKS - COCKTAILS,15.0
menuItem,BEVERAGE,Drinks - Cocktail,,Bellini,,,DRINKS - COCKTAILS,3.0
menuItem,BEVERAGE,Drinks - Cocktail,,Cocktail,,,DRINKS - COCKTAILS,9.0
"",BEVERAGE,Spirits,,,,,,17.0
menuItem,BEVERAGE,Spirits,,HOUSE COCKTAIL,,,SPIRIT,6.0
menuItem,BEVERAGE,Spirits,,HOUSE SHOT,,,SPIRIT,7.0
"",BEVERAGE,Spirits,Vodka,,,,,3.0
menuItem,BEVERAGE,Spirits,Vodka,Tito's,,,SPIRIT,3.0
modifier,BEVERAGE,Spirits,Vodka,Tito's,,Regular,,3.0
"",BEVERAGE,Spirits,Whisky,,,,,1.0
menuItem,BEVERAGE,Spirits,Whisky,Johnnie Walker Black,,,SPIRIT,1.0
modifier,BEVERAGE,Spirits,Whisky,Johnnie Walker Black,,Shot,,1.0
"",ADD-ONS,,,,,,,29.0
"",ADD-ONS,ADD-ONS,,,,,,29.0
menuItem,ADD-ONS,ADD-ONS,,Marinated Chicken,,,,6.0
menuItem,ADD-ONS,ADD-ONS,,Marinated Salmon,,,,2.0
menuItem,ADD-ONS,ADD-ONS,,Mozzarella Ball,,,,3.0
menuItem,ADD-ONS,ADD-ONS,,Egg,,,,11.0
menuItem,ADD-ONS,ADD-ONS,,Ham,,,,1.0
menuItem,ADD-ONS,ADD-ONS,,Bread,,,,4.0
menuItem,ADD-ONS,ADD-ONS,,Avocado,,,,1.0
menuItem,ADD-ONS,ADD-ONS,,MEATBALLS,,,,1.0
"",MONDAY LUNCH BOX,,,,,,,8.0
"",MONDAY LUNCH BOX,MONDAY LUNCH BOX,,,,,,8.0
menuItem,MONDAY LUNCH BOX,MONDAY LUNCH BOX,,MONDAY LUNCH BOX,,,,3.0
menuItem,MONDAY LUNCH BOX,MONDAY LUNCH BOX,,MONDAY LUNCH BOX,,,DAILY LUNCH SPECIAL,5.0
modifier,MONDAY LUNCH BOX,MONDAY LUNCH BOX,,MONDAY LUNCH BOX,,Rigatoni Pomodoro,,6.0
modifier,MONDAY LUNCH BOX,MONDAY LUNCH BOX,,MONDAY LUNCH BOX,,Portafoglio Mortadella,,2.0
modifier,MONDAY LUNCH BOX,MONDAY LUNCH BOX,,MONDAY LUNCH BOX,,Tiramisu,,5.0
modifier,MONDAY LUNCH BOX,MONDAY LUNCH BOX,,MONDAY LUNCH BOX,,Fruit Cup,,3.0
specialRequest,MONDAY LUNCH BOX,MONDAY LUNCH BOX,,MONDAY LUNCH BOX,,201,,1.0
specialRequest,MONDAY LUNCH BOX,MONDAY LUNCH BOX,,MONDAY LUNCH BOX,,52,,1.0
specialRequest,MONDAY LUNCH BOX,MONDAY LUNCH BOX,,MONDAY LUNCH BOX,,219,,1.0
specialRequest,MONDAY LUNCH BOX,MONDAY LUNCH BOX,,MONDAY LUNCH BOX,,46,,2.0
specialRequest,MONDAY LUNCH BOX,MONDAY LUNCH BOX,,MONDAY LUNCH BOX,,55,,1.0
"",BACI,,,,,,,84.0
"",BACI,BACI,,,,,,84.0
menuItem,BACI,BACI,,CAPRI CLUB,,,,21.0
menuItem,BACI,BACI,,SPICY CLUB,,,,2.0
menuItem,BACI,BACI,,COTTO CLUB,,,,10.0
menuItem,BACI,BACI,,MORTADELLA CLUB,,,,2.0
menuItem,BACI,BACI,,CESAR CLUB,,,,16.0
menuItem,BACI,BACI,,PROSCIUTTO CLUB,,,,22.0
menuItem,BACI,BACI,,DELLA MAMMA,,,,6.0
menuItem,BACI,BACI,,SWEET CLUB,,,,4.0
menuItem,BACI,BACI,,test baci,,,,1.0
"",TUESDAY LUNCH BOX,,,,,,,5.0
"",TUESDAY LUNCH BOX,TUESDAY LUNCH BOX,,,,,,5.0
menuItem,TUESDAY LUNCH BOX,TUESDAY LUNCH BOX,,TUESDAY LUNCH BOX,,,,2.0
menuItem,TUESDAY LUNCH BOX,TUESDAY LUNCH BOX,,TUESDAY LUNCH BOX,,,DAILY LUNCH SPECIAL,3.0
modifier,TUESDAY LUNCH BOX,TUESDAY LUNCH BOX,,TUESDAY LUNCH BOX,,Rigatoni Alfredo,,5.0
modifier,TUESDAY LUNCH BOX,TUESDAY LUNCH BOX,,TUESDAY LUNCH BOX,,Tiramisu,,5.0
specialRequest,TUESDAY LUNCH BOX,TUESDAY LUNCH BOX,,TUESDAY LUNCH BOX,,224,,1.0
specialRequest,TUESDAY LUNCH BOX,TUESDAY LUNCH BOX,,TUESDAY LUNCH BOX,,219,,1.0
specialRequest,TUESDAY LUNCH BOX,TUESDAY LUNCH BOX,,TUESDAY LUNCH BOX,,52,,2.0
specialRequest,TUESDAY LUNCH BOX,TUESDAY LUNCH BOX,,TUESDAY LUNCH BOX,,55,,1.0
"",WEDNESDAY LUNCH BOX,,,,,,,19.0
"",WEDNESDAY LUNCH BOX,WEDNESDAY LUNCH BOX,,,,,,19.0
menuItem,WEDNESDAY LUNCH BOX,WEDNESDAY LUNCH BOX,,WEDNESDAY LUNCH BOX,,,,17.0
menuItem,WEDNESDAY LUNCH BOX,WEDNESDAY LUNCH BOX,,WEDNESDAY LUNCH BOX,,,DAILY LUNCH SPECIAL,2.0
modifier,WEDNESDAY LUNCH BOX,WEDNESDAY LUNCH BOX,,WEDNESDAY LUNCH BOX,,Rigatoni Bolognese,,9.0
modifier,WEDNESDAY LUNCH BOX,WEDNESDAY LUNCH BOX,,WEDNESDAY LUNCH BOX,,Portafoglio Mortadella,,7.0
modifier,WEDNESDAY LUNCH BOX,WEDNESDAY LUNCH BOX,,WEDNESDAY LUNCH BOX,,Caprese Salad,,3.0
modifier,WEDNESDAY LUNCH BOX,WEDNESDAY LUNCH BOX,,WEDNESDAY LUNCH BOX,,Tiramisu,,12.0
modifier,WEDNESDAY LUNCH BOX,WEDNESDAY LUNCH BOX,,WEDNESDAY LUNCH BOX,,Fruit Cup,,7.0
specialRequest,WEDNESDAY LUNCH BOX,WEDNESDAY LUNCH BOX,,WEDNESDAY LUNCH BOX,,220,,2.0
specialRequest,WEDNESDAY LUNCH BOX,WEDNESDAY LUNCH BOX,,WEDNESDAY LUNCH BOX,,127,,1.0
specialRequest,WEDNESDAY LUNCH BOX,WEDNESDAY LUNCH BOX,,WEDNESDAY LUNCH BOX,,46,,1.0
"",THURSDAY LUNCH BOX,,,,,,,8.0
"",THURSDAY LUNCH BOX,THURSDAY LUNCH BOX,,,,,,8.0
menuItem,THURSDAY LUNCH BOX,THURSDAY LUNCH BOX,,THURSDAY LUNCH BOX,,,,4.0
menuItem,THURSDAY LUNCH BOX,THURSDAY LUNCH BOX,,THURSDAY LUNCH BOX,,,DAILY LUNCH SPECIAL,3.0
modifier,THURSDAY LUNCH BOX,THURSDAY LUNCH BOX,,THURSDAY LUNCH BOX,,Rigatoni Vodka,,4.0
modifier,THURSDAY LUNCH BOX,THURSDAY LUNCH BOX,,THURSDAY LUNCH BOX,,Portafoglio Ham,,3.0
modifier,THURSDAY LUNCH BOX,THURSDAY LUNCH BOX,,THURSDAY LUNCH BOX,,Tiramisu,,4.0
modifier,THURSDAY LUNCH BOX,THURSDAY LUNCH BOX,,THURSDAY LUNCH BOX,,Fruit Cup,,3.0
specialRequest,THURSDAY LUNCH BOX,THURSDAY LUNCH BOX,,THURSDAY LUNCH BOX,,127,,2.0
specialRequest,THURSDAY LUNCH BOX,THURSDAY LUNCH BOX,,THURSDAY LUNCH BOX,,212,,1.0
specialRequest,THURSDAY LUNCH BOX,THURSDAY LUNCH BOX,,THURSDAY LUNCH BOX,,55,,1.0
menuItem,THURSDAY LUNCH BOX,THURSDAY LUNCH BOX,,test item,,,,1.0
"",FRIDAY LUNCH BOX,,,,,,,16.0
"",FRIDAY LUNCH BOX,FRIDAY LUNCH BOX,,,,,,16.0
menuItem,FRIDAY LUNCH BOX,FRIDAY LUNCH BOX,,FRIDAY LUNCH BOX,,,,10.0
menuItem,FRIDAY LUNCH BOX,FRIDAY LUNCH BOX,,FRIDAY LUNCH BOX,,,DAILY LUNCH SPECIAL,6.0
modifier,FRIDAY LUNCH BOX,FRIDAY LUNCH BOX,,FRIDAY LUNCH BOX,,Lasagna,,9.0
modifier,FRIDAY LUNCH BOX,FRIDAY LUNCH BOX,,FRIDAY LUNCH BOX,,Portafoglio Caprese,,5.0
modifier,FRIDAY LUNCH BOX,FRIDAY LUNCH BOX,,FRIDAY LUNCH BOX,,Caesar Salad,,2.0
modifier,FRIDAY LUNCH BOX,FRIDAY LUNCH BOX,,FRIDAY LUNCH BOX,,Tiramisu,,12.0
modifier,FRIDAY LUNCH BOX,FRIDAY LUNCH BOX,,FRIDAY LUNCH BOX,,Fruit Cup,,4.0
specialRequest,FRIDAY LUNCH BOX,FRIDAY LUNCH BOX,,FRIDAY LUNCH BOX,,207,,1.0
specialRequest,FRIDAY LUNCH BOX,FRIDAY LUNCH BOX,,FRIDAY LUNCH BOX,,209,,1.0
specialRequest,FRIDAY LUNCH BOX,FRIDAY LUNCH BOX,,FRIDAY LUNCH BOX,,219,,1.0
specialRequest,FRIDAY LUNCH BOX,FRIDAY LUNCH BOX,,FRIDAY LUNCH BOX,,45,,1.0
specialRequest,FRIDAY LUNCH BOX,FRIDAY LUNCH BOX,,FRIDAY LUNCH BOX,,46,,4.0
"",BREAKFAST - past 2pm,,,,,,,9.0
"",BREAKFAST - past 2pm,BREAKFAST,,,,,,9.0
menuItem,BREAKFAST - past 2pm,BREAKFAST,,FRUIT CUP,,,,6.0
menuItem,BREAKFAST - past 2pm,BREAKFAST,,PARFAIT BERRIES & GRANOLA,,,BREAKFAST,3.0
"",,,,,,,,23.0
"",,,,,,,,23.0
menuItem,,,,BISCOTTI,,,,14.0
menuItem,,,,MINI CANNOLI PISTACCHIO,,,,2.0
menuItem,,,,ARAGOSTINE GIANDUJA,,,,5.0
menuItem,,,,MINI CANNOLI GIANDUJA,,,,1.0
menuItem,,,,ARAGOSTINE PISTACCHIO,,,,1.0
"",Open items,,,,,,,22.0
"",Open items,Open Drink,,,,,,2.0
openItem,Open items,Open Drink,,Lunch Box,,,,1.0
openItem,Open items,Open Drink,,San Marzano,,,,1.0
"",Open items,Open Food,,,,,,20.0
openItem,Open items,Open Food,,1\2  Truffle,,,,1.0
openItem,Open items,Open Food,,Bombolone,,,,2.0
openItem,Open items,Open Food,,Burata,,,,1.0
openItem,Open items,Open Food,,Egg Bread,,,,1.0
openItem,Open items,Open Food,,Focaccia,,,,2.0
openItem,Open items,Open Food,,Focaccia Caprese,,,,2.0
openItem,Open items,Open Food,,Lunch Box,,,,3.0
openItem,Open items,Open Food,,Parfait,,,,1.0
openItem,Open items,Open Food,,Salad,,,,2.0
openItem,Open items,Open Food,,Sfogliatella,,,,5.0
specialRequestOnOpenItem,Special request on open items,Open Food,,,,71,,1.0
specialRequestOnOpenItem,Special request on open items,Open Food,,,,Mushrooms,,1.0
