Location,Server,Check #,Table,Station,Expediter Level,Fired Date,Fulfilled Date,Fulfillment Time,Fulfilled By
IT Italian Trattoria Lincoln,Kokoe Avoumado,1,,Pasta - lincoln,,9/1/26 8:00 AM,9/1/26 8:06 AM,6 minutes and 4 seconds,Manuel Belmonte
IT Italian Trattoria Lincoln,nazarena moreno,7,,Pasta - lincoln,,9/1/26 9:02 AM,9/1/26 9:09 AM,7 minutes and 27 seconds,Manuel Belmonte
IT Italian Trattoria Lincoln,Kokoe Avoumado,6,,Pasta - lincoln,,9/1/26 8:59 AM,9/1/26 9:09 AM,10 minutes and 28 seconds,Manuel Belmonte
IT Italian Trattoria Lincoln,Kokoe Avoumado,20,30,Pasta - lincoln,,9/1/26 11:12 AM,9/1/26 11:19 AM,7 minutes and 28 seconds,Manuel Belmonte
IT Italian Trattoria Lincoln,Kokoe Avoumado,25,208,Pasta - lincoln,,9/1/26 12:05 PM,9/1/26 12:09 PM,4 minutes and 52 seconds,Manuel Belmonte
IT Italian Trattoria Lincoln,Kokoe Avoumado,25,208,Drinks - lincoln,,9/1/26 12:05 PM,9/1/26 12:09 PM,4 minutes and 52 seconds,Manuel Belmonte
IT Italian Trattoria Lincoln,Kokoe Avoumado,25,208,Bar Station - lincoln,,9/1/26 12:05 PM,9/1/26 12:09 PM,4 minutes and 52 seconds,Manuel Belmonte
IT Italian Trattoria Lincoln,Kokoe Avoumado,26,21 b,Pasta - lincoln,,9/1/26 12:08 PM,9/1/26 12:16 PM,8 minutes and 41 seconds,Manuel Belmonte
IT Italian Trattoria Lincoln,nazarena moreno,27,,Drinks - lincoln,,9/1/26 12:12 PM,9/1/26 12:18 PM,6 minutes and 47 seconds,Manuel Belmonte
IT Italian Trattoria Lincoln,nazarena moreno,27,,No Print / Expo - lincoln,,9/1/26 12:12 PM,9/1/26 12:18 PM,6 minutes and 47 seconds,Manuel Belmonte
IT Italian Trattoria Lincoln,nazarena moreno,27,,Pasta - lincoln,,9/1/26 12:12 PM,9/1/26 12:18 PM,6 minutes and 47 seconds,Manuel Belmonte
IT Italian Trattoria Lincoln,nazarena moreno,27,,Pizza - lincoln,,9/1/26 12:12 PM,9/1/26 12:18 PM,6 minutes and 47 seconds,Manuel Belmonte
IT Italian Trattoria Lincoln,nazarena moreno,27,,Ensalada - lincoln,,9/1/26 12:12 PM,9/1/26 12:18 PM,6 minutes and 47 seconds,Manuel Belmonte
IT Italian Trattoria Lincoln,nazarena moreno,27,,online ordering - lincoln,,9/1/26 12:12 PM,9/1/26 12:18 PM,6 minutes and 47 seconds,Manuel Belmonte
IT Italian Trattoria Lincoln,nazarena moreno,27,,Bar Station - lincoln,,9/1/26 12:12 PM,9/1/26 12:18 PM,6 minutes and 47 seconds,Manuel Belmonte
IT Italian Trattoria Lincoln,nazarena moreno,28,,Drinks - lincoln,,9/1/26 12:23 PM,9/1/26 12:25 PM,1 minute and 9 seconds,Manuel Belmonte
IT Italian Trattoria Lincoln,nazarena moreno,28,,No Print / Expo - lincoln,,9/1/26 12:23 PM,9/1/26 12:25 PM,1 minute and 9 seconds,Manuel Belmonte
IT Italian Trattoria Lincoln,nazarena moreno,28,,Pasta - lincoln,,9/1/26 12:23 PM,9/1/26 12:25 PM,1 minute and 9 seconds,Manuel Belmonte
IT Italian Trattoria Lincoln,nazarena moreno,28,,Pizza - lincoln,,9/1/26 12:23 PM,9/1/26 12:25 PM,1 minute and 9 seconds,Manuel Belmonte
IT Italian Trattoria Lincoln,nazarena moreno,28,,Ensalada - lincoln,,9/1/26 12:23 PM,9/1/26 12:25 PM,1 minute and 9 seconds,Manuel Belmonte
IT Italian Trattoria Lincoln,nazarena moreno,28,,online ordering - lincoln,,9/1/26 12:23 PM,9/1/26 12:25 PM,1 minute and 9 seconds,Manuel Belmonte
IT Italian Trattoria Lincoln,nazarena moreno,28,,Bar Station - lincoln,,9/1/26 12:23 PM,9/1/26 12:25 PM,1 minute and 9 seconds,Manuel Belmonte
IT Italian Trattoria Lincoln,Kokoe Avoumado,35,108,Pasta - lincoln,,9/1/26 12:57 PM,9/1/26 1:05 PM,7 minutes and 57 seconds,Manuel Belmonte
IT Italian Trattoria Lincoln,Kokoe Avoumado,39,,Pasta - lincoln,,9/1/26 1:08 PM,9/1/26 1:12 PM,4 minutes and 6 seconds,Manuel Belmonte
IT Italian Trattoria Lincoln,Kokoe Avoumado,41,,Pasta - lincoln,,9/1/26 1:20 PM,9/1/26 1:25 PM,4 minutes and 55 seconds,Manuel Belmonte
IT Italian Trattoria Lincoln,Kokoe Avoumado,42,,Pasta - lincoln,,9/1/26 1:23 PM,9/1/26 1:25 PM,2 minutes and 9 seconds,Manuel Belmonte
IT Italian Trattoria Lincoln,Kokoe Avoumado,43,200,Drinks - lincoln,,9/1/26 1:25 PM,9/1/26 1:30 PM,5 minutes and 31 seconds,Manuel Belmonte
IT Italian Trattoria Lincoln,Kokoe Avoumado,43,200,No Print / Expo - lincoln,,9/1/26 1:25 PM,9/1/26 1:30 PM,5 minutes and 31 seconds,Manuel Belmonte
IT Italian Trattoria Lincoln,Kokoe Avoumado,43,200,Pasta - lincoln,,9/1/26 1:25 PM,9/1/26 1:30 PM,5 minutes and 31 seconds,Manuel Belmonte
IT Italian Trattoria Lincoln,Kokoe Avoumado,43,200,Pizza - lincoln,,9/1/26 1:25 PM,9/1/26 1:30 PM,5 minutes and 31 seconds,Manuel Belmonte
IT Italian Trattoria Lincoln,Kokoe Avoumado,43,200,Ensalada - lincoln,,9/1/26 1:25 PM,9/1/26 1:30 PM,5 minutes and 31 seconds,Manuel Belmonte
IT Italian Trattoria Lincoln,Kokoe Avoumado,43,200,online ordering - lincoln,,9/1/26 1:25 PM,9/1/26 1:30 PM,5 minutes and 31 seconds,Manuel Belmonte
IT Italian Trattoria Lincoln,Kokoe Avoumado,43,200,Bar Station - lincoln,,9/1/26 1:25 PM,9/1/26 1:30 PM,5 minutes and 31 seconds,Manuel Belmonte
IT Italian Trattoria Lincoln,Kokoe Avoumado,50,210,Pasta - lincoln,,9/1/26 2:08 PM,9/1/26 2:18 PM,9 minutes and 37 seconds,Manuel Belmonte
IT Italian Trattoria Lincoln,Kokoe Avoumado,52,300,Pasta - lincoln,,9/1/26 2:32 PM,9/1/26 2:33 PM,57 seconds,Manuel Belmonte
IT Italian Trattoria Lincoln,Kokoe Avoumado,53,,Pasta - lincoln,,9/1/26 2:34 PM,9/1/26 2:36 PM,2 minutes and 20 seconds,Manuel Belmonte
IT Italian Trattoria Lincoln,Kokoe Avoumado,53,,Drinks - lincoln,,9/1/26 2:34 PM,9/1/26 2:36 PM,2 minutes and 20 seconds,Manuel Belmonte
IT Italian Trattoria Lincoln,Kokoe Avoumado,53,,Bar Station - lincoln,,9/1/26 2:34 PM,9/1/26 2:36 PM,2 minutes and 20 seconds,Manuel Belmonte
IT Italian Trattoria Lincoln,Kokoe Avoumado,57,,Pasta - lincoln,,9/1/26 2:51 PM,9/1/26 2:52 PM,1 minute and 33 seconds,Manuel Belmonte
IT Italian Trattoria Lincoln,Kokoe Avoumado,56,203,Pasta - lincoln,,9/1/26 2:45 PM,9/1/26 2:52 PM,7 minutes and 6 seconds,Manuel Belmonte
IT Italian Trattoria Lincoln,Kokoe Avoumado,58,104,Drinks - lincoln,,9/1/26 2:52 PM,9/1/26 2:54 PM,2 minutes and 22 seconds,Manuel Belmonte
IT Italian Trattoria Lincoln,Kokoe Avoumado,58,104,No Print / Expo - lincoln,,9/1/26 2:52 PM,9/1/26 2:54 PM,2 minutes and 22 seconds,Manuel Belmonte
IT Italian Trattoria Lincoln,Kokoe Avoumado,58,104,Pasta - lincoln,,9/1/26 2:52 PM,9/1/26 2:54 PM,2 minutes and 22 seconds,Manuel Belmonte
IT Italian Trattoria Lincoln,Kokoe Avoumado,58,104,Pizza - lincoln,,9/1/26 2:52 PM,9/1/26 2:54 PM,2 minutes and 22 seconds,Manuel Belmonte
IT Italian Trattoria Lincoln,Kokoe Avoumado,58,104,Ensalada - lincoln,,9/1/26 2:52 PM,9/1/26 2:54 PM,2 minutes and 22 seconds,Manuel Belmonte
IT Italian Trattoria Lincoln,Kokoe Avoumado,58,104,online ordering - lincoln,,9/1/26 2:52 PM,9/1/26 2:54 PM,2 minutes and 22 seconds,Manuel Belmonte
IT Italian Trattoria Lincoln,Kokoe Avoumado,58,104,Bar Station - lincoln,,9/1/26 2:52 PM,9/1/26 2:54 PM,2 minutes and 22 seconds,Manuel Belmonte
IT Italian Trattoria Lincoln,Kokoe Avoumado,56,203,Pasta - lincoln,,9/1/26 3:12 PM,9/1/26 3:12 PM,17 seconds,Manuel Belmonte
IT Italian Trattoria Lincoln,Default Online Ordering,67,,Pasta - lincoln,,9/1/26 4:36 PM,9/1/26 4:43 PM,7 minutes and 13 seconds,Manuel Belmonte
IT Italian Trattoria Lincoln,Donald Dupont,70,,Pasta - lincoln,,9/1/26 5:15 PM,9/1/26 5:17 PM,1 minute and 56 seconds,Manuel Belmonte
IT Italian Trattoria Lincoln,Donald Dupont,72,102,Pasta - lincoln,,9/1/26 5:18 PM,9/1/26 5:29 PM,10 minutes and 52 seconds,Manuel Belmonte
IT Italian Trattoria Lincoln,James Arcinegas,79,,Pasta - lincoln,,9/1/26 6:30 PM,9/1/26 6:30 PM,29 seconds,Manuel Belmonte
IT Italian Trattoria Lincoln,Donald Dupont,83,200,Pasta - lincoln,,9/1/26 7:06 PM,9/1/26 7:11 PM,5 minutes and 32 seconds,Manuel Belmonte
IT Italian Trattoria Lincoln,Donald Dupont,86,209,Pasta - lincoln,,9/1/26 7:18 PM,9/1/26 7:26 PM,7 minutes and 54 seconds,Manuel Belmonte
IT Italian Trattoria Lincoln,James Arcinegas,81,,Pasta - lincoln,,9/1/26 7:24 PM,9/1/26 7:29 PM,5 minutes and 12 seconds,Manuel Belmonte
IT Italian Trattoria Lincoln,Default Online Ordering,88,,Pasta - lincoln,,9/1/26 7:33 PM,9/1/26 7:38 PM,5 minutes and 5 seconds,Manuel Belmonte
IT Italian Trattoria Lincoln,James Arcinegas,89,,Pasta - lincoln,,9/1/26 7:40 PM,9/1/26 7:46 PM,5 minutes and 54 seconds,Manuel Belmonte
IT Italian Trattoria Lincoln,Default Online Ordering,92,,Pasta - lincoln,,9/1/26 8:00 PM,9/1/26 8:05 PM,4 minutes and 55 seconds,Manuel Belmonte
IT Italian Trattoria Lincoln,Default Online Ordering,94,,Pasta - lincoln,,9/1/26 8:07 PM,9/1/26 8:12 PM,5 minutes and 23 seconds,Manuel Belmonte
IT Italian Trattoria Lincoln,Donald Dupont,96,102,Pasta - lincoln,,9/1/26 8:15 PM,9/1/26 8:16 PM,1 minute and 1 second,Manuel Belmonte
IT Italian Trattoria Lincoln,Donald Dupont,96,102,Drinks - lincoln,,9/1/26 8:15 PM,9/1/26 8:16 PM,1 minute and 1 second,Manuel Belmonte
IT Italian Trattoria Lincoln,Donald Dupont,96,102,Bar Station - lincoln,,9/1/26 8:15 PM,9/1/26 8:16 PM,1 minute and 1 second,Manuel Belmonte
IT Italian Trattoria Lincoln,James Arcinegas,97,,Pasta - lincoln,,9/1/26 8:27 PM,9/1/26 8:33 PM,6 minutes and 37 seconds,Manuel Belmonte
IT Italian Trattoria Lincoln,Donald Dupont,99,200,Pasta - lincoln,,9/1/26 8:49 PM,9/1/26 8:57 PM,7 minutes and 49 seconds,Manuel Belmonte
IT Italian Trattoria Lincoln,James Arcinegas,98,,Pasta - lincoln,,9/1/26 9:07 PM,9/1/26 9:11 PM,3 minutes and 50 seconds,Manuel Belmonte
IT Italian Trattoria Lincoln,James Arcinegas,98,,Drinks - lincoln,,9/1/26 9:07 PM,9/1/26 9:11 PM,3 minutes and 50 seconds,Manuel Belmonte
IT Italian Trattoria Lincoln,James Arcinegas,98,,Bar Station - lincoln,,9/1/26 9:07 PM,9/1/26 9:11 PM,3 minutes and 50 seconds,Manuel Belmonte
IT Italian Trattoria Lincoln,James Arcinegas,100,,Pasta - lincoln,,9/1/26 9:37 PM,9/1/26 9:58 PM,21 minutes and 21 seconds,Manuel Belmonte
IT Italian Trattoria Lincoln,James Arcinegas,101,,Pasta - lincoln,,9/1/26 10:25 PM,9/1/26 10:28 PM,2 minutes and 27 seconds,Manuel Belmonte
IT Italian Trattoria Lincoln,nazarena moreno,4,,Pasta - lincoln,,9/2/26 8:30 AM,9/2/26 8:32 AM,1 minute and 51 seconds,Manuel Belmonte
IT Italian Trattoria Lincoln,Donald Dupont,8,,Pasta - lincoln,,9/2/26 8:47 AM,9/2/26 8:55 AM,7 minutes and 44 seconds,Manuel Belmonte
IT Italian Trattoria Lincoln,nazarena moreno,10,,Pasta - lincoln,,9/2/26 8:52 AM,9/2/26 8:55 AM,3 minutes and 24 seconds,Manuel Belmonte
IT Italian Trattoria Lincoln,nazarena moreno,9,,Pasta - lincoln,,9/2/26 8:51 AM,9/2/26 8:57 AM,6 minutes and 8 seconds,Manuel Belmonte
IT Italian Trattoria Lincoln,Donald Dupont,20,,Pasta - lincoln,,9/2/26 9:43 AM,9/2/26 9:43 AM,33 seconds,Manuel Belmonte
IT Italian Trattoria Lincoln,nazarena moreno,31,20,Pasta - lincoln,,9/2/26 10:23 AM,9/2/26 10:31 AM,8 minutes and 12 seconds,Manuel Belmonte
IT Italian Trattoria Lincoln,nazarena moreno,37,7,Pasta - lincoln,,9/2/26 11:02 AM,9/2/26 11:07 AM,4 minutes and 39 seconds,Manuel Belmonte
IT Italian Trattoria Lincoln,nazarena moreno,36,,Pasta - lincoln,,9/2/26 11:07 AM,9/2/26 11:09 AM,1 minute and 46 seconds,Manuel Belmonte
IT Italian Trattoria Lincoln,nazarena moreno,42,,Pasta - lincoln,,9/2/26 11:47 AM,9/2/26 11:50 AM,3 minutes and 29 seconds,Manuel Belmonte
IT Italian Trattoria Lincoln,nazarena moreno,45,33,Pasta - lincoln,,9/2/26 11:54 AM,9/2/26 12:03 PM,8 minutes and 58 seconds,Manuel Belmonte
IT Italian Trattoria Lincoln,nazarena moreno,45,33,Drinks - lincoln,,9/2/26 11:54 AM,9/2/26 12:03 PM,8 minutes and 58 seconds,Manuel Belmonte
IT Italian Trattoria Lincoln,nazarena moreno,45,33,Bar Station - lincoln,,9/2/26 11:54 AM,9/2/26 12:03 PM,8 minutes and 58 seconds,Manuel Belmonte
IT Italian Trattoria Lincoln,Donald Dupont,46,203,Pasta - lincoln,,9/2/26 12:35 PM,9/2/26 12:39 PM,3 minutes and 26 seconds,Manuel Belmonte
IT Italian Trattoria Lincoln,nazarena moreno,52,,Pasta - lincoln,,9/2/26 1:03 PM,9/2/26 1:07 PM,3 minutes and 29 seconds,Manuel Belmonte
IT Italian Trattoria Lincoln,nazarena moreno,52,,Drinks - lincoln,,9/2/26 1:03 PM,9/2/26 1:07 PM,3 minutes and 29 seconds,Manuel Belmonte
IT Italian Trattoria Lincoln,nazarena moreno,52,,Bar Station - lincoln,,9/2/26 1:03 PM,9/2/26 1:07 PM,3 minutes and 29 seconds,Manuel Belmonte
IT Italian Trattoria Lincoln,Donald Dupont,54,23,Pasta - lincoln,,9/2/26 1:17 PM,9/2/26 1:25 PM,7 minutes and 56 seconds,Manuel Belmonte
IT Italian Trattoria Lincoln,Manuel Belmonte,56,33,Pasta - lincoln,,9/2/26 1:32 PM,9/2/26 1:41 PM,9 minutes and 24 seconds,Manuel Belmonte
IT Italian Trattoria Lincoln,Donald Dupont,59,208,Pasta - lincoln,,9/2/26 1:40 PM,9/2/26 1:47 PM,7 minutes and 19 seconds,Manuel Belmonte
IT Italian Trattoria Lincoln,Donald Dupont,60,20,Pasta - lincoln,,9/2/26 1:40 PM,9/2/26 1:52 PM,12 minutes and 22 seconds,Manuel Belmonte
IT Italian Trattoria Lincoln,Manuel Belmonte,58,,Pasta - lincoln,,9/2/26 1:39 PM,9/2/26 1:52 PM,13 minutes and 19 seconds,Manuel Belmonte
IT Italian Trattoria Lincoln,Manuel Belmonte,61,211,Pasta - lincoln,,9/2/26 1:45 PM,9/2/26 1:58 PM,13 minutes and 15 seconds,Manuel Belmonte
IT Italian Trattoria Lincoln,Donald Dupont,69,,Pasta - lincoln,,9/2/26 3:12 PM,9/2/26 3:23 PM,10 minutes and 28 seconds,Manuel Belmonte
IT Italian Trattoria Lincoln,Manuel Belmonte,72,200,Pasta - lincoln,,9/2/26 3:25 PM,9/2/26 3:32 PM,6 minutes and 42 seconds,Manuel Belmonte
IT Italian Trattoria Lincoln,Manuel Belmonte,73,21,Pasta - lincoln,,9/2/26 3:28 PM,9/2/26 3:37 PM,8 minutes and 44 seconds,Manuel Belmonte
IT Italian Trattoria Lincoln,Manuel Belmonte,79,,Pasta - lincoln,,9/2/26 4:35 PM,9/2/26 4:40 PM,5 minutes and 10 seconds,Manuel Belmonte
IT Italian Trattoria Lincoln,Manuel Belmonte,84,6,Pasta - lincoln,,9/2/26 5:27 PM,9/2/26 5:34 PM,6 minutes and 36 seconds,Manuel Belmonte
IT Italian Trattoria Lincoln,Manuel Belmonte,88,2,Pasta - lincoln,,9/2/26 5:55 PM,9/2/26 6:03 PM,7 minutes and 14 seconds,Manuel Belmonte
IT Italian Trattoria Lincoln,Manuel Belmonte,93,208,Pasta - lincoln,,9/2/26 6:03 PM,9/2/26 6:16 PM,13 minutes and 15 seconds,Manuel Belmonte
IT Italian Trattoria Lincoln,Manuel Belmonte,88,2,Pasta - lincoln,,9/2/26 6:19 PM,9/2/26 6:20 PM,46 seconds,Manuel Belmonte
IT Italian Trattoria Lincoln,Manuel Belmonte,96,304,Pasta - lincoln,,9/2/26 6:18 PM,9/2/26 6:29 PM,11 minutes and 3 seconds,Manuel Belmonte
IT Italian Trattoria Lincoln,Manuel Belmonte,94,105,Pasta - lincoln,,9/2/26 6:12 PM,9/2/26 6:29 PM,17 minutes and 24 seconds,Manuel Belmonte
IT Italian Trattoria Lincoln,Manuel Belmonte,98,6,Pasta - lincoln,,9/2/26 6:19 PM,9/2/26 6:29 PM,10 minutes and 17 seconds,Manuel Belmonte
IT Italian Trattoria Lincoln,Manuel Belmonte,101,210,Pasta - lincoln,,9/2/26 6:55 PM,9/2/26 7:07 PM,11 minutes and 36 seconds,Manuel Belmonte
IT Italian Trattoria Lincoln,Manuel Belmonte,97,,Pasta - lincoln,,9/2/26 7:06 PM,9/2/26 7:07 PM,19 seconds,Manuel Belmonte
IT Italian Trattoria Lincoln,Manuel Belmonte,97,,Drinks - lincoln,,9/2/26 7:06 PM,9/2/26 7:07 PM,19 seconds,Manuel Belmonte
IT Italian Trattoria Lincoln,Manuel Belmonte,97,,Bar Station - lincoln,,9/2/26 7:06 PM,9/2/26 7:07 PM,19 seconds,Manuel Belmonte
IT Italian Trattoria Lincoln,Manuel Belmonte,100,10,Pasta - lincoln,,9/2/26 6:55 PM,9/2/26 7:07 PM,11 minutes and 15 seconds,Manuel Belmonte
IT Italian Trattoria Lincoln,Manuel Belmonte,102,23,Pasta - lincoln,,9/2/26 7:09 PM,9/2/26 7:17 PM,7 minutes and 40 seconds,Manuel Belmonte
IT Italian Trattoria Lincoln,Manuel Belmonte,101,210,Pasta - lincoln,,9/2/26 7:20 PM,9/2/26 7:27 PM,6 minutes and 12 seconds,Manuel Belmonte
IT Italian Trattoria Lincoln,Default Online Ordering,105,,Pasta - lincoln,,9/2/26 7:30 PM,9/2/26 7:39 PM,9 minutes and 20 seconds,Manuel Belmonte
IT Italian Trattoria Lincoln,Manuel Belmonte,107,23,Pasta - lincoln,,9/2/26 7:56 PM,9/2/26 8:07 PM,10 minutes and 22 seconds,Manuel Belmonte
IT Italian Trattoria Lincoln,Manuel Belmonte,110,,Pasta - lincoln,,9/2/26 8:27 PM,9/2/26 8:34 PM,7 minutes and 8 seconds,Manuel Belmonte
IT Italian Trattoria Lincoln,Manuel Belmonte,111,200,Pasta - lincoln,,9/2/26 8:57 PM,9/2/26 9:05 PM,8 minutes and 15 seconds,Manuel Belmonte
IT Italian Trattoria Lincoln,nevrije dosku,116,8,Pasta - lincoln,,9/2/26 9:14 PM,9/2/26 9:20 PM,5 minutes and 32 seconds,Manuel Belmonte
IT Italian Trattoria Lincoln,nevrije dosku,116,8,Drinks - lincoln,,9/2/26 9:14 PM,9/2/26 9:20 PM,5 minutes and 32 seconds,Manuel Belmonte
IT Italian Trattoria Lincoln,nevrije dosku,116,8,Bar Station - lincoln,,9/2/26 9:14 PM,9/2/26 9:20 PM,5 minutes and 32 seconds,Manuel Belmonte
IT Italian Trattoria Lincoln,nevrije dosku,115,22,Pasta - lincoln,,9/2/26 9:15 PM,9/2/26 9:21 PM,6 minutes and 21 seconds,Manuel Belmonte
IT Italian Trattoria Lincoln,nevrije dosku,118,105,Pasta - lincoln,,9/2/26 9:22 PM,9/2/26 9:30 PM,8 minutes and 5 seconds,Manuel Belmonte
IT Italian Trattoria Lincoln,nevrije dosku,117,33,Pasta - lincoln,,9/2/26 9:16 PM,9/2/26 9:30 PM,13 minutes and 40 seconds,Manuel Belmonte
IT Italian Trattoria Lincoln,nevrije dosku,118,105,Drinks - lincoln,,9/2/26 9:58 PM,9/2/26 10:02 PM,3 minutes and 37 seconds,Manuel Belmonte
IT Italian Trattoria Lincoln,nevrije dosku,118,105,No Print / Expo - lincoln,,9/2/26 9:58 PM,9/2/26 10:02 PM,3 minutes and 37 seconds,Manuel Belmonte
IT Italian Trattoria Lincoln,nevrije dosku,118,105,Pasta - lincoln,,9/2/26 9:58 PM,9/2/26 10:02 PM,3 minutes and 37 seconds,Manuel Belmonte
IT Italian Trattoria Lincoln,nevrije dosku,118,105,Pizza - lincoln,,9/2/26 9:58 PM,9/2/26 10:02 PM,3 minutes and 37 seconds,Manuel Belmonte
IT Italian Trattoria Lincoln,nevrije dosku,118,105,Ensalada - lincoln,,9/2/26 9:58 PM,9/2/26 10:02 PM,3 minutes and 37 seconds,Manuel Belmonte
IT Italian Trattoria Lincoln,nevrije dosku,118,105,online ordering - lincoln,,9/2/26 9:58 PM,9/2/26 10:02 PM,3 minutes and 37 seconds,Manuel Belmonte
IT Italian Trattoria Lincoln,nevrije dosku,118,105,Bar Station - lincoln,,9/2/26 9:58 PM,9/2/26 10:02 PM,3 minutes and 37 seconds,Manuel Belmonte
IT Italian Trattoria Lincoln,Manuel Belmonte,121,6,Pasta - lincoln,,9/2/26 10:04 PM,9/2/26 10:10 PM,6 minutes and 6 seconds,Manuel Belmonte
IT Italian Trattoria Lincoln,Manuel Belmonte,124,4,Pasta - lincoln,,9/2/26 10:23 PM,9/2/26 10:30 PM,7 minutes and 20 seconds,Manuel Belmonte
IT Italian Trattoria Lincoln,Manuel Belmonte,125,1,Pasta - lincoln,,9/2/26 10:26 PM,9/2/26 10:39 PM,13 minutes and 21 seconds,Manuel Belmonte
IT Italian Trattoria Lincoln,Manuel Belmonte,126,7,Pasta - lincoln,,9/2/26 10:26 PM,9/2/26 10:39 PM,13 minutes and 23 seconds,Manuel Belmonte
IT Italian Trattoria Lincoln,nazarena moreno,4,204,Pasta - lincoln,,9/3/26 8:34 AM,9/3/26 8:40 AM,6 minutes and 1 second,Manuel Belmonte
IT Italian Trattoria Lincoln,Donald Dupont,5,,Pasta - lincoln,,9/3/26 8:40 AM,9/3/26 8:42 AM,2 minutes and 19 seconds,Manuel Belmonte
IT Italian Trattoria Lincoln,Donald Dupont,19,,Pasta - lincoln,,9/3/26 10:15 AM,9/3/26 10:20 AM,4 minutes and 25 seconds,Manuel Belmonte
IT Italian Trattoria Lincoln,Donald Dupont,18,1,Pasta - lincoln,,9/3/26 10:13 AM,9/3/26 10:22 AM,9 minutes and 35 seconds,Manuel Belmonte
IT Italian Trattoria Lincoln,Donald Dupont,24,106,Pasta - lincoln,,9/3/26 10:46 AM,9/3/26 10:53 AM,6 minutes and 32 seconds,Manuel Belmonte
IT Italian Trattoria Lincoln,Donald Dupont,25,30,Pasta - lincoln,,9/3/26 10:51 AM,9/3/26 10:58 AM,6 minutes and 30 seconds,Manuel Belmonte
IT Italian Trattoria Lincoln,nazarena moreno,27,,Pasta - lincoln,,9/3/26 10:53 AM,9/3/26 11:00 AM,7 minutes and 16 seconds,Manuel Belmonte
IT Italian Trattoria Lincoln,Donald Dupont,26,8,Pasta - lincoln,,9/3/26 10:53 AM,9/3/26 11:04 AM,10 minutes and 3 seconds,Manuel Belmonte
IT Italian Trattoria Lincoln,Donald Dupont,34,,Pasta - lincoln,,9/3/26 11:19 AM,9/3/26 11:21 AM,1 minute and 5 seconds,Manuel Belmonte
IT Italian Trattoria Lincoln,Default Online Ordering,30,,Pasta - lincoln,,9/3/26 11:03 AM,9/3/26 11:26 AM,23 minutes and 13 seconds,Manuel Belmonte
IT Italian Trattoria Lincoln,Donald Dupont,37,9,Pasta - lincoln,,9/3/26 11:40 AM,9/3/26 11:51 AM,10 minutes and 51 seconds,Manuel Belmonte
IT Italian Trattoria Lincoln,Donald Dupont,37,9,Drinks - lincoln,,9/3/26 11:40 AM,9/3/26 11:51 AM,10 minutes and 51 seconds,Manuel Belmonte
IT Italian Trattoria Lincoln,Donald Dupont,37,9,Bar Station - lincoln,,9/3/26 11:40 AM,9/3/26 11:51 AM,10 minutes and 51 seconds,Manuel Belmonte
IT Italian Trattoria Lincoln,nazarena moreno,38,204,Pasta - lincoln,,9/3/26 11:40 AM,9/3/26 11:51 AM,10 minutes and 45 seconds,Manuel Belmonte
IT Italian Trattoria Lincoln,nazarena moreno,39,101,Pasta - lincoln,,9/3/26 11:41 AM,9/3/26 11:51 AM,9 minutes and 52 seconds,Manuel Belmonte
IT Italian Trattoria Lincoln,Donald Dupont,42,,Pasta - lincoln,,9/3/26 11:56 AM,9/3/26 12:03 PM,7 minutes and 31 seconds,Manuel Belmonte
IT Italian Trattoria Lincoln,Donald Dupont,44,,Pasta - lincoln,,9/3/26 12:02 PM,9/3/26 12:04 PM,1 minute and 34 seconds,Manuel Belmonte
IT Italian Trattoria Lincoln,nazarena moreno,43,303,Pasta - lincoln,,9/3/26 12:00 PM,9/3/26 12:09 PM,8 minutes and 39 seconds,Manuel Belmonte
IT Italian Trattoria Lincoln,Manuel Belmonte,49,,Pasta - lincoln,,9/3/26 12:45 PM,9/3/26 12:47 PM,1 minute and 38 seconds,Manuel Belmonte
IT Italian Trattoria Lincoln,Manuel Belmonte,53,,Pasta - lincoln,,9/3/26 1:04 PM,9/3/26 1:10 PM,5 minutes and 35 seconds,Manuel Belmonte
IT Italian Trattoria Lincoln,Manuel Belmonte,53,,Drinks - lincoln,,9/3/26 1:04 PM,9/3/26 1:10 PM,5 minutes and 35 seconds,Manuel Belmonte
IT Italian Trattoria Lincoln,Manuel Belmonte,53,,Bar Station - lincoln,,9/3/26 1:04 PM,9/3/26 1:10 PM,5 minutes and 35 seconds,Manuel Belmonte
IT Italian Trattoria Lincoln,Default Online Ordering,56,,Pasta - lincoln,,9/3/26 1:26 PM,9/3/26 1:31 PM,5 minutes and 52 seconds,Manuel Belmonte
IT Italian Trattoria Lincoln,Donald Dupont,57,200,Pasta - lincoln,,9/3/26 1:28 PM,9/3/26 1:37 PM,9 minutes and 13 seconds,Manuel Belmonte
IT Italian Trattoria Lincoln,Donald Dupont,62,105,Pasta - lincoln,,9/3/26 1:52 PM,9/3/26 1:56 PM,4 minutes and 38 seconds,Manuel Belmonte
IT Italian Trattoria Lincoln,Donald Dupont,63,,Pasta - lincoln,,9/3/26 2:00 PM,9/3/26 2:02 PM,2 minutes and 39 seconds,Manuel Belmonte
IT Italian Trattoria Lincoln,Donald Dupont,65,200,Pasta - lincoln,,9/3/26 2:24 PM,9/3/26 2:31 PM,7 minutes and 25 seconds,Manuel Belmonte
IT Italian Trattoria Lincoln,Donald Dupont,66,,Pasta - lincoln,,9/3/26 2:35 PM,9/3/26 2:40 PM,4 minutes and 41 seconds,Manuel Belmonte
IT Italian Trattoria Lincoln,Donald Dupont,66,,Drinks - lincoln,,9/3/26 2:35 PM,9/3/26 2:40 PM,4 minutes and 41 seconds,Manuel Belmonte
IT Italian Trattoria Lincoln,Donald Dupont,66,,Bar Station - lincoln,,9/3/26 2:35 PM,9/3/26 2:40 PM,4 minutes and 41 seconds,Manuel Belmonte
IT Italian Trattoria Lincoln,Default Online Ordering,71,,Pasta - lincoln,,9/3/26 3:14 PM,9/3/26 3:21 PM,7 minutes and 8 seconds,Manuel Belmonte
IT Italian Trattoria Lincoln,Donald Dupont,74,,Pasta - lincoln,,9/3/26 3:25 PM,9/3/26 3:35 PM,9 minutes and 24 seconds,Davide Christopher Paredi
IT Italian Trattoria Lincoln,Manuel Belmonte,79,,Pasta - lincoln,,9/3/26 3:40 PM,9/3/26 3:40 PM,16 seconds,Davide Christopher Paredi
IT Italian Trattoria Lincoln,Donald Dupont,77,,Pasta - lincoln,,9/3/26 3:38 PM,9/3/26 3:43 PM,4 minutes and 41 seconds,Manuel Belmonte
IT Italian Trattoria Lincoln,Donald Dupont,75,,Pasta - lincoln,,9/3/26 3:36 PM,9/3/26 3:43 PM,7 minutes and 12 seconds,Manuel Belmonte
IT Italian Trattoria Lincoln,Manuel Belmonte,78,,Pasta - lincoln,,9/3/26 3:38 PM,9/3/26 3:47 PM,8 minutes and 35 seconds,Manuel Belmonte
IT Italian Trattoria Lincoln,Manuel Belmonte,84,,Pasta - lincoln,,9/3/26 4:02 PM,9/3/26 4:03 PM,55 seconds,Manuel Belmonte
IT Italian Trattoria Lincoln,Manuel Belmonte,89,,Pasta - lincoln,,9/3/26 4:54 PM,9/3/26 4:59 PM,5 minutes and 11 seconds,Manuel Belmonte
IT Italian Trattoria Lincoln,Manuel Belmonte,96,9,Pasta - lincoln,,9/3/26 5:40 PM,9/3/26 5:54 PM,14 minutes and 4 seconds,Manuel Belmonte
IT Italian Trattoria Lincoln,Manuel Belmonte,97,23,Pasta - lincoln,,9/3/26 5:43 PM,9/3/26 5:55 PM,11 minutes and 43 seconds,Manuel Belmonte
IT Italian Trattoria Lincoln,Manuel Belmonte,98,32,Pasta - lincoln,,9/3/26 5:44 PM,9/3/26 5:55 PM,10 minutes and 49 seconds,Manuel Belmonte
IT Italian Trattoria Lincoln,Manuel Belmonte,96,9,Pasta - lincoln,,9/3/26 5:59 PM,9/3/26 6:09 PM,10 minutes and 40 seconds,Manuel Belmonte
IT Italian Trattoria Lincoln,Manuel Belmonte,101,,Pasta - lincoln,,9/3/26 6:12 PM,9/3/26 6:13 PM,53 seconds,Manuel Belmonte
IT Italian Trattoria Lincoln,Manuel Belmonte,100,21,Pasta - lincoln,,9/3/26 6:12 PM,9/3/26 6:21 PM,9 minutes and 12 seconds,Davide Christopher Paredi
IT Italian Trattoria Lincoln,nevrije dosku,104,,Pasta - lincoln,,9/3/26 6:33 PM,9/3/26 6:40 PM,7 minutes and 24 seconds,Davide Christopher Paredi
IT Italian Trattoria Lincoln,Manuel Belmonte,107,22,Pasta - lincoln,,9/3/26 6:38 PM,9/3/26 6:48 PM,10 minutes and 4 seconds,Davide Christopher Paredi
IT Italian Trattoria Lincoln,Manuel Belmonte,107,22,Pasta - lincoln,,9/3/26 6:38 PM,9/3/26 6:52 PM,13 minutes and 56 seconds,Davide Christopher Paredi
IT Italian Trattoria Lincoln,Manuel Belmonte,108,105,Pasta - lincoln,,9/3/26 6:52 PM,9/3/26 6:52 PM,22 seconds,Davide Christopher Paredi
IT Italian Trattoria Lincoln,Manuel Belmonte,108,105,Drinks - lincoln,,9/3/26 6:52 PM,9/3/26 6:52 PM,22 seconds,Davide Christopher Paredi
IT Italian Trattoria Lincoln,Manuel Belmonte,108,105,Bar Station - lincoln,,9/3/26 6:52 PM,9/3/26 6:52 PM,22 seconds,Davide Christopher Paredi
IT Italian Trattoria Lincoln,Manuel Belmonte,108,105,Pasta - lincoln,,9/3/26 6:51 PM,9/3/26 6:57 PM,6 minutes and 29 seconds,Davide Christopher Paredi
IT Italian Trattoria Lincoln,Default Online Ordering,109,,Pasta - lincoln,,9/3/26 6:53 PM,9/3/26 6:57 PM,4 minutes and 13 seconds,Davide Christopher Paredi
IT Italian Trattoria Lincoln,Manuel Belmonte,113,106,Pasta - lincoln,,9/3/26 7:39 PM,9/3/26 7:45 PM,6 minutes and 23 seconds,Davide Christopher Paredi
IT Italian Trattoria Lincoln,Default Online Ordering,111,,Pasta - lincoln,,9/3/26 7:33 PM,9/3/26 7:45 PM,12 minutes,Davide Christopher Paredi
IT Italian Trattoria Lincoln,nevrije dosku,105,,Pasta - lincoln,,9/3/26 7:38 PM,9/3/26 7:45 PM,7 minutes and 2 seconds,Davide Christopher Paredi
IT Italian Trattoria Lincoln,Manuel Belmonte,117,108,Pasta - lincoln,,9/3/26 7:47 PM,9/3/26 7:53 PM,6 minutes and 2 seconds,Davide Christopher Paredi
IT Italian Trattoria Lincoln,nevrije dosku,128,5,Pasta - lincoln,,9/3/26 8:30 PM,9/3/26 8:37 PM,7 minutes and 45 seconds,Davide Christopher Paredi
IT Italian Trattoria Lincoln,Manuel Belmonte,129,,Pasta - lincoln,,9/3/26 8:30 PM,9/3/26 8:37 PM,7 minutes and 16 seconds,Davide Christopher Paredi
IT Italian Trattoria Lincoln,Manuel Belmonte,130,,Pasta - lincoln,,9/3/26 8:32 PM,9/3/26 8:37 PM,5 minutes and 35 seconds,Davide Christopher Paredi
IT Italian Trattoria Lincoln,Manuel Belmonte,130,,Drinks - lincoln,,9/3/26 8:32 PM,9/3/26 8:37 PM,5 minutes and 35 seconds,Davide Christopher Paredi
IT Italian Trattoria Lincoln,Manuel Belmonte,130,,Bar Station - lincoln,,9/3/26 8:32 PM,9/3/26 8:37 PM,5 minutes and 35 seconds,Davide Christopher Paredi
IT Italian Trattoria Lincoln,nevrije dosku,125,20,Pasta - lincoln,,9/3/26 8:33 PM,9/3/26 8:40 PM,6 minutes and 43 seconds,Davide Christopher Paredi
IT Italian Trattoria Lincoln,Manuel Belmonte,131,,Pasta - lincoln,,9/3/26 8:33 PM,9/3/26 8:40 PM,6 minutes and 18 seconds,Davide Christopher Paredi
IT Italian Trattoria Lincoln,Manuel Belmonte,135,,Pasta - lincoln,,9/3/26 8:49 PM,9/3/26 8:57 PM,7 minutes and 58 seconds,Davide Christopher Paredi
IT Italian Trattoria Lincoln,Manuel Belmonte,141,,Pasta - lincoln,,9/3/26 9:12 PM,9/3/26 9:18 PM,5 minutes and 49 seconds,Davide Christopher Paredi
IT Italian Trattoria Lincoln,Manuel Belmonte,143,,Pasta - lincoln,,9/3/26 9:30 PM,9/3/26 9:35 PM,5 minutes and 6 seconds,Davide Christopher Paredi
IT Italian Trattoria Lincoln,Kokoe Avoumado,5,,Pasta - lincoln,,9/4/26 8:19 AM,9/4/26 8:19 AM,6 seconds,Manuel Belmonte
IT Italian Trattoria Lincoln,Kokoe Avoumado,13,,Pasta - lincoln,,9/4/26 9:04 AM,9/4/26 9:13 AM,8 minutes and 34 seconds,Manuel Belmonte
IT Italian Trattoria Lincoln,Kokoe Avoumado,20,,Pasta - lincoln,,9/4/26 9:53 AM,9/4/26 9:58 AM,5 minutes and 20 seconds,Manuel Belmonte
IT Italian Trattoria Lincoln,nazarena moreno,23,,Pasta - lincoln,,9/4/26 10:27 AM,9/4/26 10:33 AM,6 minutes and 18 seconds,Manuel Belmonte
IT Italian Trattoria Lincoln,nazarena moreno,24,,Pasta - lincoln,,9/4/26 10:31 AM,9/4/26 10:40 AM,8 minutes and 55 seconds,Manuel Belmonte
IT Italian Trattoria Lincoln,Kokoe Avoumado,30,,Pasta - lincoln,,9/4/26 10:57 AM,9/4/26 11:06 AM,8 minutes and 10 seconds,Manuel Belmonte
IT Italian Trattoria Lincoln,Kokoe Avoumado,32,,Pasta - lincoln,,9/4/26 11:03 AM,9/4/26 11:12 AM,9 minutes,Manuel Belmonte
IT Italian Trattoria Lincoln,Kokoe Avoumado,34,,Drinks - lincoln,,9/4/26 11:12 AM,9/4/26 11:17 AM,5 minutes and 37 seconds,Manuel Belmonte
IT Italian Trattoria Lincoln,Kokoe Avoumado,34,,No Print / Expo - lincoln,,9/4/26 11:12 AM,9/4/26 11:17 AM,5 minutes and 37 seconds,Manuel Belmonte
IT Italian Trattoria Lincoln,Kokoe Avoumado,34,,Pasta - lincoln,,9/4/26 11:12 AM,9/4/26 11:17 AM,5 minutes and 37 seconds,Manuel Belmonte
IT Italian Trattoria Lincoln,Kokoe Avoumado,34,,Pizza - lincoln,,9/4/26 11:12 AM,9/4/26 11:17 AM,5 minutes and 37 seconds,Manuel Belmonte
IT Italian Trattoria Lincoln,Kokoe Avoumado,34,,Ensalada - lincoln,,9/4/26 11:12 AM,9/4/26 11:17 AM,5 minutes and 37 seconds,Manuel Belmonte
IT Italian Trattoria Lincoln,Kokoe Avoumado,34,,online ordering - lincoln,,9/4/26 11:12 AM,9/4/26 11:17 AM,5 minutes and 37 seconds,Manuel Belmonte
IT Italian Trattoria Lincoln,Kokoe Avoumado,34,,Bar Station - lincoln,,9/4/26 11:12 AM,9/4/26 11:17 AM,5 minutes and 37 seconds,Manuel Belmonte
IT Italian Trattoria Lincoln,Default Online Ordering,38,,Pasta - lincoln,,9/4/26 11:31 AM,9/4/26 11:39 AM,7 minutes and 56 seconds,Manuel Belmonte
IT Italian Trattoria Lincoln,nazarena moreno,40,211,Pasta - lincoln,,9/4/26 11:37 AM,9/4/26 11:45 AM,7 minutes and 59 seconds,Manuel Belmonte
IT Italian Trattoria Lincoln,Default Online Ordering,42,,Pasta - lincoln,,9/4/26 11:51 AM,9/4/26 11:56 AM,4 minutes and 59 seconds,Manuel Belmonte
IT Italian Trattoria Lincoln,Kokoe Avoumado,43,,Pasta - lincoln,,9/4/26 12:11 PM,9/4/26 12:17 PM,5 minutes and 50 seconds,Manuel Belmonte
IT Italian Trattoria Lincoln,Kokoe Avoumado,45,,Pasta - lincoln,,9/4/26 12:30 PM,9/4/26 12:34 PM,4 minutes and 38 seconds,Manuel Belmonte
IT Italian Trattoria Lincoln,Manuel Belmonte,55,21,Pasta - lincoln,,9/4/26 12:59 PM,9/4/26 1:05 PM,6 minutes and 6 seconds,Manuel Belmonte
IT Italian Trattoria Lincoln,Kokoe Avoumado,60,202,Pasta - lincoln,,9/4/26 1:05 PM,9/4/26 1:07 PM,2 minutes and 32 seconds,Manuel Belmonte
IT Italian Trattoria Lincoln,Kokoe Avoumado,60,202,Drinks - lincoln,,9/4/26 1:05 PM,9/4/26 1:07 PM,2 minutes and 32 seconds,Manuel Belmonte
IT Italian Trattoria Lincoln,Kokoe Avoumado,60,202,Bar Station - lincoln,,9/4/26 1:05 PM,9/4/26 1:07 PM,2 minutes and 32 seconds,Manuel Belmonte
IT Italian Trattoria Lincoln,Manuel Belmonte,62,211,Pasta - lincoln,,9/4/26 1:13 PM,9/4/26 1:24 PM,10 minutes and 39 seconds,Manuel Belmonte
IT Italian Trattoria Lincoln,Manuel Belmonte,63,23,Pasta - lincoln,,9/4/26 1:22 PM,9/4/26 1:29 PM,7 minutes and 20 seconds,Manuel Belmonte
IT Italian Trattoria Lincoln,Kokoe Avoumado,64,,Pasta - lincoln,,9/4/26 1:37 PM,9/4/26 1:44 PM,7 minutes and 23 seconds,Manuel Belmonte
IT Italian Trattoria Lincoln,Default Online Ordering,67,,Pasta - lincoln,,9/4/26 1:53 PM,9/4/26 2:03 PM,10 minutes and 7 seconds,Manuel Belmonte
IT Italian Trattoria Lincoln,Kokoe Avoumado,68,108,Pasta - lincoln,,9/4/26 1:58 PM,9/4/26 2:03 PM,4 minutes and 56 seconds,Manuel Belmonte
IT Italian Trattoria Lincoln,Kokoe Avoumado,68,108,Drinks - lincoln,,9/4/26 1:58 PM,9/4/26 2:03 PM,4 minutes and 56 seconds,Manuel Belmonte
IT Italian Trattoria Lincoln,Kokoe Avoumado,68,108,Bar Station - lincoln,,9/4/26 1:58 PM,9/4/26 2:03 PM,4 minutes and 56 seconds,Manuel Belmonte
IT Italian Trattoria Lincoln,Manuel Belmonte,72,105,Pasta - lincoln,,9/4/26 2:06 PM,9/4/26 2:11 PM,4 minutes and 6 seconds,Manuel Belmonte
IT Italian Trattoria Lincoln,Manuel Belmonte,72,105,Drinks - lincoln,,9/4/26 2:06 PM,9/4/26 2:11 PM,4 minutes and 6 seconds,Manuel Belmonte
IT Italian Trattoria Lincoln,Manuel Belmonte,72,105,Bar Station - lincoln,,9/4/26 2:06 PM,9/4/26 2:11 PM,4 minutes and 6 seconds,Manuel Belmonte
IT Italian Trattoria Lincoln,Kokoe Avoumado,79,,Pasta - lincoln,,9/4/26 2:37 PM,9/4/26 2:42 PM,4 minutes and 56 seconds,Manuel Belmonte
IT Italian Trattoria Lincoln,Manuel Belmonte,82,,Pasta - lincoln,,9/4/26 3:35 PM,9/4/26 3:36 PM,56 seconds,Davide Christopher Paredi
IT Italian Trattoria Lincoln,Manuel Belmonte,86,,Pasta - lincoln,,9/4/26 3:57 PM,9/4/26 3:59 PM,1 minute and 25 seconds,Manuel Belmonte
IT Italian Trattoria Lincoln,Manuel Belmonte,89,20,Pasta - lincoln,,9/4/26 4:24 PM,9/4/26 4:39 PM,15 minutes and 1 second,Manuel Belmonte
IT Italian Trattoria Lincoln,James Arcinegas,92,,Pasta - lincoln,,9/4/26 4:34 PM,9/4/26 4:39 PM,5 minutes and 36 seconds,Manuel Belmonte
IT Italian Trattoria Lincoln,James Arcinegas,92,,Drinks - lincoln,,9/4/26 4:34 PM,9/4/26 4:39 PM,5 minutes and 36 seconds,Manuel Belmonte
IT Italian Trattoria Lincoln,James Arcinegas,92,,Bar Station - lincoln,,9/4/26 4:34 PM,9/4/26 4:39 PM,5 minutes and 36 seconds,Manuel Belmonte
IT Italian Trattoria Lincoln,James Arcinegas,93,,Pasta - lincoln,,9/4/26 4:36 PM,9/4/26 4:49 PM,12 minutes and 53 seconds,Manuel Belmonte
IT Italian Trattoria Lincoln,James Arcinegas,98,,Pasta - lincoln,,9/4/26 5:15 PM,9/4/26 5:18 PM,2 minutes and 59 seconds,Manuel Belmonte
IT Italian Trattoria Lincoln,James Arcinegas,98,,Drinks - lincoln,,9/4/26 5:15 PM,9/4/26 5:18 PM,2 minutes and 59 seconds,Manuel Belmonte
IT Italian Trattoria Lincoln,James Arcinegas,98,,Bar Station - lincoln,,9/4/26 5:15 PM,9/4/26 5:18 PM,2 minutes and 59 seconds,Manuel Belmonte
IT Italian Trattoria Lincoln,Manuel Belmonte,102,105,Pasta - lincoln,,9/4/26 5:33 PM,9/4/26 5:33 PM,5 seconds,Manuel Belmonte
IT Italian Trattoria Lincoln,James Arcinegas,99,,Pasta - lincoln,,9/4/26 5:23 PM,9/4/26 5:33 PM,10 minutes and 4 seconds,Manuel Belmonte
IT Italian Trattoria Lincoln,Manuel Belmonte,103,,Pasta - lincoln,,9/4/26 5:26 PM,9/4/26 5:33 PM,7 minutes and 2 seconds,Manuel Belmonte
IT Italian Trattoria Lincoln,Manuel Belmonte,110,6,Pasta - lincoln,,9/4/26 6:08 PM,9/4/26 6:21 PM,12 minutes and 57 seconds,Manuel Belmonte
IT Italian Trattoria Lincoln,James Arcinegas,114,200,Pasta - lincoln,,9/4/26 6:29 PM,9/4/26 6:36 PM,6 minutes and 42 seconds,Manuel Belmonte
IT Italian Trattoria Lincoln,Manuel Belmonte,115,9,Pasta - lincoln,,9/4/26 6:45 PM,9/4/26 6:55 PM,9 minutes and 24 seconds,Manuel Belmonte
IT Italian Trattoria Lincoln,nevrije dosku,124,101,Pasta - lincoln,,9/4/26 7:04 PM,9/4/26 7:08 PM,4 minutes and 5 seconds,Manuel Belmonte
IT Italian Trattoria Lincoln,nevrije dosku,124,101,Drinks - lincoln,,9/4/26 7:04 PM,9/4/26 7:08 PM,4 minutes and 5 seconds,Manuel Belmonte
IT Italian Trattoria Lincoln,nevrije dosku,124,101,Bar Station - lincoln,,9/4/26 7:04 PM,9/4/26 7:08 PM,4 minutes and 5 seconds,Manuel Belmonte
IT Italian Trattoria Lincoln,nevrije dosku,124,101,Pasta - lincoln,,9/4/26 7:20 PM,9/4/26 7:28 PM,7 minutes and 42 seconds,Manuel Belmonte
IT Italian Trattoria Lincoln,Manuel Belmonte,125,6,Pasta - lincoln,,9/4/26 7:27 PM,9/4/26 7:34 PM,6 minutes and 6 seconds,Manuel Belmonte
IT Italian Trattoria Lincoln,nevrije dosku,126,206,Pasta - lincoln,,9/4/26 7:32 PM,9/4/26 7:41 PM,8 minutes and 34 seconds,Manuel Belmonte
IT Italian Trattoria Lincoln,nevrije dosku,127,20,Pasta - lincoln,,9/4/26 7:41 PM,9/4/26 7:48 PM,6 minutes and 19 seconds,Manuel Belmonte
IT Italian Trattoria Lincoln,nevrije dosku,129,201,Pasta - lincoln,,9/4/26 8:05 PM,9/4/26 8:14 PM,9 minutes and 20 seconds,Manuel Belmonte
IT Italian Trattoria Lincoln,nevrije dosku,129,201,Drinks - lincoln,,9/4/26 8:05 PM,9/4/26 8:14 PM,9 minutes and 20 seconds,Manuel Belmonte
IT Italian Trattoria Lincoln,nevrije dosku,129,201,Bar Station - lincoln,,9/4/26 8:05 PM,9/4/26 8:14 PM,9 minutes and 20 seconds,Manuel Belmonte
IT Italian Trattoria Lincoln,Manuel Belmonte,130,3,Pasta - lincoln,,9/4/26 8:17 PM,9/4/26 8:22 PM,5 minutes and 4 seconds,Manuel Belmonte
IT Italian Trattoria Lincoln,Manuel Belmonte,130,3,Drinks - lincoln,,9/4/26 8:17 PM,9/4/26 8:22 PM,5 minutes and 4 seconds,Manuel Belmonte
IT Italian Trattoria Lincoln,Manuel Belmonte,130,3,Bar Station - lincoln,,9/4/26 8:17 PM,9/4/26 8:22 PM,5 minutes and 4 seconds,Manuel Belmonte
IT Italian Trattoria Lincoln,Manuel Belmonte,131,300,Pasta - lincoln,,9/4/26 8:17 PM,9/4/26 8:22 PM,5 minutes and 5 seconds,Manuel Belmonte
IT Italian Trattoria Lincoln,nevrije dosku,133,,Pasta - lincoln,,9/4/26 8:25 PM,9/4/26 8:29 PM,4 minutes and 44 seconds,Manuel Belmonte
IT Italian Trattoria Lincoln,nevrije dosku,133,,Drinks - lincoln,,9/4/26 8:25 PM,9/4/26 8:29 PM,4 minutes and 44 seconds,Manuel Belmonte
IT Italian Trattoria Lincoln,nevrije dosku,133,,Bar Station - lincoln,,9/4/26 8:25 PM,9/4/26 8:29 PM,4 minutes and 44 seconds,Manuel Belmonte
IT Italian Trattoria Lincoln,nevrije dosku,129,201,Pasta - lincoln,,9/4/26 8:33 PM,9/4/26 8:33 PM,22 seconds,Manuel Belmonte
IT Italian Trattoria Lincoln,Manuel Belmonte,131,300,Pasta - lincoln,,9/4/26 8:26 PM,9/4/26 8:35 PM,8 minutes and 34 seconds,Manuel Belmonte
IT Italian Trattoria Lincoln,Manuel Belmonte,135,,Pasta - lincoln,,9/4/26 8:33 PM,9/4/26 8:39 PM,5 minutes and 42 seconds,Manuel Belmonte
IT Italian Trattoria Lincoln,nevrije dosku,137,210,Pasta - lincoln,,9/4/26 8:37 PM,9/4/26 8:42 PM,4 minutes and 38 seconds,Manuel Belmonte
IT Italian Trattoria Lincoln,Manuel Belmonte,134,5,Pasta - lincoln,,9/4/26 8:43 PM,9/4/26 8:50 PM,6 minutes and 59 seconds,Manuel Belmonte
IT Italian Trattoria Lincoln,Manuel Belmonte,139,24,Pasta - lincoln,,9/4/26 8:45 PM,9/4/26 8:52 PM,6 minutes and 42 seconds,Manuel Belmonte
IT Italian Trattoria Lincoln,Manuel Belmonte,140,103,Pasta - lincoln,,9/4/26 8:47 PM,9/4/26 8:52 PM,5 minutes and 3 seconds,Manuel Belmonte
IT Italian Trattoria Lincoln,Manuel Belmonte,142,9,Pasta - lincoln,,9/4/26 8:54 PM,9/4/26 9:00 PM,6 minutes and 9 seconds,Manuel Belmonte
IT Italian Trattoria Lincoln,nevrije dosku,132,2,Pasta - lincoln,,9/4/26 8:56 PM,9/4/26 9:02 PM,5 minutes and 4 seconds,Manuel Belmonte
IT Italian Trattoria Lincoln,Default Online Ordering,143,,Pasta - lincoln,,9/4/26 8:55 PM,9/4/26 9:02 PM,6 minutes and 2 seconds,Manuel Belmonte
IT Italian Trattoria Lincoln,Default Online Ordering,146,,Pasta - lincoln,,9/4/26 9:05 PM,9/4/26 9:13 PM,8 minutes and 23 seconds,Manuel Belmonte
IT Italian Trattoria Lincoln,James Arcinegas,151,,Pasta - lincoln,,9/4/26 9:31 PM,9/4/26 9:39 PM,7 minutes and 24 seconds,Manuel Belmonte
IT Italian Trattoria Lincoln,nevrije dosku,161,,Pasta - lincoln,,9/4/26 9:53 PM,9/4/26 9:53 PM,54 seconds,Manuel Belmonte
IT Italian Trattoria Lincoln,nevrije dosku,160,206,Pasta - lincoln,,9/4/26 9:51 PM,9/4/26 9:58 PM,7 minutes and 29 seconds,Manuel Belmonte
IT Italian Trattoria Lincoln,nevrije dosku,160,206,Drinks - lincoln,,9/4/26 9:51 PM,9/4/26 9:58 PM,7 minutes and 29 seconds,Manuel Belmonte
IT Italian Trattoria Lincoln,nevrije dosku,160,206,No Print / Expo - lincoln,,9/4/26 9:51 PM,9/4/26 9:58 PM,7 minutes and 29 seconds,Manuel Belmonte
IT Italian Trattoria Lincoln,nevrije dosku,160,206,Pizza - lincoln,,9/4/26 9:51 PM,9/4/26 9:58 PM,7 minutes and 29 seconds,Manuel Belmonte
IT Italian Trattoria Lincoln,nevrije dosku,160,206,Ensalada - lincoln,,9/4/26 9:51 PM,9/4/26 9:58 PM,7 minutes and 29 seconds,Manuel Belmonte
IT Italian Trattoria Lincoln,nevrije dosku,160,206,online ordering - lincoln,,9/4/26 9:51 PM,9/4/26 9:58 PM,7 minutes and 29 seconds,Manuel Belmonte
IT Italian Trattoria Lincoln,nevrije dosku,160,206,Bar Station - lincoln,,9/4/26 9:51 PM,9/4/26 9:58 PM,7 minutes and 29 seconds,Manuel Belmonte
IT Italian Trattoria Lincoln,James Arcinegas,166,,Pasta - lincoln,,9/4/26 10:11 PM,9/4/26 10:15 PM,3 minutes and 54 seconds,Manuel Belmonte
IT Italian Trattoria Lincoln,James Arcinegas,111,,Pasta - lincoln,,9/4/26 10:21 PM,9/4/26 10:27 PM,6 minutes and 11 seconds,Manuel Belmonte
IT Italian Trattoria Lincoln,nazarena moreno,3,,Pasta - lincoln,,9/5/26 8:38 AM,9/5/26 8:52 AM,14 minutes and 7 seconds,Manuel Belmonte
IT Italian Trattoria Lincoln,Kokoe Avoumado,13,,Pasta - lincoln,,9/5/26 9:48 AM,9/5/26 9:57 AM,8 minutes and 36 seconds,Manuel Belmonte
IT Italian Trattoria Lincoln,Kokoe Avoumado,18,,Pasta - lincoln,,9/5/26 10:09 AM,9/5/26 10:17 AM,8 minutes and 17 seconds,Manuel Belmonte
IT Italian Trattoria Lincoln,Default Online Ordering,22,,Pasta - lincoln,,9/5/26 10:16 AM,9/5/26 10:27 AM,10 minutes and 28 seconds,Manuel Belmonte
IT Italian Trattoria Lincoln,Kokoe Avoumado,24,,Pasta - lincoln,,9/5/26 10:25 AM,9/5/26 10:32 AM,6 minutes and 32 seconds,Manuel Belmonte
IT Italian Trattoria Lincoln,Kokoe Avoumado,28,,Pasta - lincoln,,9/5/26 10:42 AM,9/5/26 10:50 AM,8 minutes and 36 seconds,Manuel Belmonte
IT Italian Trattoria Lincoln,Kokoe Avoumado,28,,Pasta - lincoln,,9/5/26 10:44 AM,9/5/26 10:56 AM,12 minutes and 2 seconds,Manuel Belmonte
IT Italian Trattoria Lincoln,Kokoe Avoumado,32,,Pasta - lincoln,,9/5/26 10:49 AM,9/5/26 10:59 AM,10 minutes and 2 seconds,Manuel Belmonte
IT Italian Trattoria Lincoln,Kokoe Avoumado,33,,Pasta - lincoln,,9/5/26 10:51 AM,9/5/26 11:03 AM,11 minutes and 57 seconds,Manuel Belmonte
IT Italian Trattoria Lincoln,nazarena moreno,31,,Pasta - lincoln,,9/5/26 10:50 AM,9/5/26 11:03 AM,13 minutes and 3 seconds,Manuel Belmonte
IT Italian Trattoria Lincoln,nazarena moreno,36,,Pasta - lincoln,,9/5/26 11:05 AM,9/5/26 11:14 AM,9 minutes,Manuel Belmonte
IT Italian Trattoria Lincoln,nazarena moreno,37,,Pasta - lincoln,,9/5/26 11:05 AM,9/5/26 11:14 AM,8 minutes and 29 seconds,Manuel Belmonte
IT Italian Trattoria Lincoln,Kokoe Avoumado,41,,Pasta - lincoln,,9/5/26 11:13 AM,9/5/26 11:23 AM,9 minutes and 38 seconds,Manuel Belmonte
IT Italian Trattoria Lincoln,nazarena moreno,45,,Pasta - lincoln,,9/5/26 11:32 AM,9/5/26 11:38 AM,6 minutes and 12 seconds,Manuel Belmonte
IT Italian Trattoria Lincoln,nazarena moreno,51,9,Pasta - lincoln,,9/5/26 11:49 AM,9/5/26 11:55 AM,6 minutes and 14 seconds,Manuel Belmonte
IT Italian Trattoria Lincoln,Kokoe Avoumado,58,,Pasta - lincoln,,9/5/26 12:21 PM,9/5/26 12:24 PM,3 minutes and 33 seconds,Manuel Belmonte
IT Italian Trattoria Lincoln,Kokoe Avoumado,58,,Drinks - lincoln,,9/5/26 12:21 PM,9/5/26 12:24 PM,3 minutes and 33 seconds,Manuel Belmonte
IT Italian Trattoria Lincoln,Kokoe Avoumado,58,,Bar Station - lincoln,,9/5/26 12:21 PM,9/5/26 12:24 PM,3 minutes and 33 seconds,Manuel Belmonte
IT Italian Trattoria Lincoln,nazarena moreno,59,8,Pasta - lincoln,,9/5/26 12:28 PM,9/5/26 12:35 PM,6 minutes and 23 seconds,Manuel Belmonte
IT Italian Trattoria Lincoln,nazarena moreno,67,20,Pasta - lincoln,,9/5/26 12:47 PM,9/5/26 12:53 PM,6 minutes,Manuel Belmonte
IT Italian Trattoria Lincoln,nazarena moreno,69,200,Pasta - lincoln,,9/5/26 12:48 PM,9/5/26 12:53 PM,4 minutes and 54 seconds,Manuel Belmonte
IT Italian Trattoria Lincoln,nazarena moreno,70,10,Pasta - lincoln,,9/5/26 12:50 PM,9/5/26 12:58 PM,7 minutes and 23 seconds,Manuel Belmonte
IT Italian Trattoria Lincoln,nazarena moreno,72,304,Pasta - lincoln,,9/5/26 1:00 PM,9/5/26 1:07 PM,6 minutes and 59 seconds,Manuel Belmonte
IT Italian Trattoria Lincoln,nazarena moreno,72,304,Drinks - lincoln,,9/5/26 1:00 PM,9/5/26 1:07 PM,6 minutes and 59 seconds,Manuel Belmonte
IT Italian Trattoria Lincoln,nazarena moreno,72,304,Bar Station - lincoln,,9/5/26 1:00 PM,9/5/26 1:07 PM,6 minutes and 59 seconds,Manuel Belmonte
IT Italian Trattoria Lincoln,nazarena moreno,73,9,Pasta - lincoln,,9/5/26 1:02 PM,9/5/26 1:08 PM,6 minutes and 20 seconds,Manuel Belmonte
IT Italian Trattoria Lincoln,nazarena moreno,73,9,Drinks - lincoln,,9/5/26 1:02 PM,9/5/26 1:08 PM,6 minutes and 20 seconds,Manuel Belmonte
IT Italian Trattoria Lincoln,nazarena moreno,73,9,Bar Station - lincoln,,9/5/26 1:02 PM,9/5/26 1:08 PM,6 minutes and 20 seconds,Manuel Belmonte
IT Italian Trattoria Lincoln,nazarena moreno,74,204,Pasta - lincoln,,9/5/26 1:13 PM,9/5/26 1:24 PM,11 minutes and 10 seconds,Manuel Belmonte
IT Italian Trattoria Lincoln,nazarena moreno,74,204,Drinks - lincoln,,9/5/26 1:13 PM,9/5/26 1:24 PM,11 minutes and 10 seconds,Manuel Belmonte
IT Italian Trattoria Lincoln,nazarena moreno,74,204,Bar Station - lincoln,,9/5/26 1:13 PM,9/5/26 1:24 PM,11 minutes and 10 seconds,Manuel Belmonte
IT Italian Trattoria Lincoln,Kokoe Avoumado,77,,Pasta - lincoln,,9/5/26 1:26 PM,9/5/26 1:31 PM,5 minutes and 21 seconds,Manuel Belmonte
IT Italian Trattoria Lincoln,Kokoe Avoumado,77,,Drinks - lincoln,,9/5/26 1:26 PM,9/5/26 1:31 PM,5 minutes and 21 seconds,Manuel Belmonte
IT Italian Trattoria Lincoln,Kokoe Avoumado,77,,Bar Station - lincoln,,9/5/26 1:26 PM,9/5/26 1:31 PM,5 minutes and 21 seconds,Manuel Belmonte
IT Italian Trattoria Lincoln,Kokoe Avoumado,78,,Pasta - lincoln,,9/5/26 1:27 PM,9/5/26 1:31 PM,4 minutes and 19 seconds,Manuel Belmonte
IT Italian Trattoria Lincoln,nazarena moreno,76,206,Pasta - lincoln,,9/5/26 1:21 PM,9/5/26 1:33 PM,11 minutes and 20 seconds,Manuel Belmonte
IT Italian Trattoria Lincoln,nazarena moreno,79,211,Pasta - lincoln,,9/5/26 1:27 PM,9/5/26 1:37 PM,9 minutes and 15 seconds,Manuel Belmonte
IT Italian Trattoria Lincoln,Kokoe Avoumado,85,,Pasta - lincoln,,9/5/26 1:59 PM,9/5/26 2:06 PM,7 minutes and 28 seconds,Manuel Belmonte
IT Italian Trattoria Lincoln,Kokoe Avoumado,88,210,Pasta - lincoln,,9/5/26 2:17 PM,9/5/26 2:29 PM,11 minutes and 35 seconds,Manuel Belmonte
IT Italian Trattoria Lincoln,Manuel Belmonte,92,200,Pasta - lincoln,,9/5/26 2:28 PM,9/5/26 2:34 PM,5 minutes and 58 seconds,Manuel Belmonte
IT Italian Trattoria Lincoln,Kokoe Avoumado,93,,Pasta - lincoln,,9/5/26 2:31 PM,9/5/26 2:34 PM,2 minutes and 16 seconds,Manuel Belmonte
IT Italian Trattoria Lincoln,Kokoe Avoumado,100,208,Pasta - lincoln,,9/5/26 3:10 PM,9/5/26 3:17 PM,7 minutes and 3 seconds,Manuel Belmonte
IT Italian Trattoria Lincoln,Manuel Belmonte,104,9,Pasta - lincoln,,9/5/26 3:19 PM,9/5/26 3:25 PM,6 minutes and 18 seconds,Manuel Belmonte
IT Italian Trattoria Lincoln,Kokoe Avoumado,102,,Pasta - lincoln,,9/5/26 3:17 PM,9/5/26 3:25 PM,7 minutes and 46 seconds,Manuel Belmonte
IT Italian Trattoria Lincoln,Kokoe Avoumado,105,104,Pasta - lincoln,,9/5/26 3:24 PM,9/5/26 3:26 PM,2 minutes and 49 seconds,Manuel Belmonte
IT Italian Trattoria Lincoln,Kokoe Avoumado,105,104,Drinks - lincoln,,9/5/26 3:24 PM,9/5/26 3:26 PM,2 minutes and 49 seconds,Manuel Belmonte
IT Italian Trattoria Lincoln,Kokoe Avoumado,105,104,Bar Station - lincoln,,9/5/26 3:24 PM,9/5/26 3:26 PM,2 minutes and 49 seconds,Manuel Belmonte
IT Italian Trattoria Lincoln,Manuel Belmonte,106,100,Pasta - lincoln,,9/5/26 3:27 PM,9/5/26 3:37 PM,10 minutes and 14 seconds,Davide Christopher Paredi
IT Italian Trattoria Lincoln,Manuel Belmonte,108,105,Pasta - lincoln,,9/5/26 3:54 PM,9/5/26 3:56 PM,2 minutes and 34 seconds,Manuel Belmonte
IT Italian Trattoria Lincoln,James Arcinegas,126,,Pasta - lincoln,,9/5/26 5:50 PM,9/5/26 5:53 PM,2 minutes and 48 seconds,Manuel Belmonte
IT Italian Trattoria Lincoln,James Arcinegas,126,,Drinks - lincoln,,9/5/26 5:50 PM,9/5/26 5:53 PM,2 minutes and 48 seconds,Manuel Belmonte
IT Italian Trattoria Lincoln,James Arcinegas,126,,Bar Station - lincoln,,9/5/26 5:50 PM,9/5/26 5:53 PM,2 minutes and 48 seconds,Manuel Belmonte
IT Italian Trattoria Lincoln,James Arcinegas,124,,Pasta - lincoln,,9/5/26 5:43 PM,9/5/26 5:53 PM,10 minutes and 32 seconds,Manuel Belmonte
IT Italian Trattoria Lincoln,James Arcinegas,124,,Drinks - lincoln,,9/5/26 5:43 PM,9/5/26 5:53 PM,10 minutes and 32 seconds,Manuel Belmonte
IT Italian Trattoria Lincoln,James Arcinegas,124,,Bar Station - lincoln,,9/5/26 5:43 PM,9/5/26 5:53 PM,10 minutes and 32 seconds,Manuel Belmonte
IT Italian Trattoria Lincoln,Manuel Belmonte,129,105,Pasta - lincoln,,9/5/26 6:13 PM,9/5/26 6:18 PM,4 minutes and 35 seconds,Manuel Belmonte
IT Italian Trattoria Lincoln,James Arcinegas,130,,Pasta - lincoln,,9/5/26 6:17 PM,9/5/26 6:21 PM,4 minutes and 23 seconds,Manuel Belmonte
IT Italian Trattoria Lincoln,James Arcinegas,130,,Drinks - lincoln,,9/5/26 6:17 PM,9/5/26 6:21 PM,4 minutes and 23 seconds,Manuel Belmonte
IT Italian Trattoria Lincoln,James Arcinegas,130,,Bar Station - lincoln,,9/5/26 6:17 PM,9/5/26 6:21 PM,4 minutes and 23 seconds,Manuel Belmonte
IT Italian Trattoria Lincoln,Manuel Belmonte,133,102,Pasta - lincoln,,9/5/26 6:29 PM,9/5/26 6:38 PM,8 minutes and 15 seconds,Manuel Belmonte
IT Italian Trattoria Lincoln,Manuel Belmonte,129,105,Pasta - lincoln,,9/5/26 6:30 PM,9/5/26 6:38 PM,8 minutes and 18 seconds,Manuel Belmonte
IT Italian Trattoria Lincoln,Manuel Belmonte,129,105,Pasta - lincoln,,9/5/26 6:38 PM,9/5/26 6:44 PM,5 minutes and 49 seconds,Manuel Belmonte
IT Italian Trattoria Lincoln,nevrije dosku,135,31,Pasta - lincoln,,9/5/26 6:55 PM,9/5/26 7:11 PM,15 minutes and 51 seconds,Manuel Belmonte
IT Italian Trattoria Lincoln,nevrije dosku,136,103,Pasta - lincoln,,9/5/26 7:04 PM,9/5/26 7:14 PM,10 minutes and 26 seconds,Manuel Belmonte
IT Italian Trattoria Lincoln,nevrije dosku,137,301,Pasta - lincoln,,9/5/26 7:09 PM,9/5/26 7:21 PM,11 minutes and 7 seconds,Manuel Belmonte
IT Italian Trattoria Lincoln,nevrije dosku,138,7,Pasta - lincoln,,9/5/26 7:17 PM,9/5/26 7:29 PM,12 minutes,Manuel Belmonte
IT Italian Trattoria Lincoln,nevrije dosku,140,24 b,Drinks - lincoln,,9/5/26 7:30 PM,9/5/26 7:31 PM,1 minute and 48 seconds,Manuel Belmonte
IT Italian Trattoria Lincoln,nevrije dosku,140,24 b,No Print / Expo - lincoln,,9/5/26 7:30 PM,9/5/26 7:31 PM,1 minute and 48 seconds,Manuel Belmonte
IT Italian Trattoria Lincoln,nevrije dosku,140,24 b,Pasta - lincoln,,9/5/26 7:30 PM,9/5/26 7:31 PM,1 minute and 48 seconds,Manuel Belmonte
IT Italian Trattoria Lincoln,nevrije dosku,140,24 b,Pizza - lincoln,,9/5/26 7:30 PM,9/5/26 7:31 PM,1 minute and 48 seconds,Manuel Belmonte
IT Italian Trattoria Lincoln,nevrije dosku,140,24 b,Ensalada - lincoln,,9/5/26 7:30 PM,9/5/26 7:31 PM,1 minute and 48 seconds,Manuel Belmonte
IT Italian Trattoria Lincoln,nevrije dosku,140,24 b,online ordering - lincoln,,9/5/26 7:30 PM,9/5/26 7:31 PM,1 minute and 48 seconds,Manuel Belmonte
IT Italian Trattoria Lincoln,nevrije dosku,140,24 b,Bar Station - lincoln,,9/5/26 7:30 PM,9/5/26 7:31 PM,1 minute and 48 seconds,Manuel Belmonte
IT Italian Trattoria Lincoln,Manuel Belmonte,141,208,Pasta - lincoln,,9/5/26 7:33 PM,9/5/26 7:40 PM,7 minutes and 32 seconds,Manuel Belmonte
IT Italian Trattoria Lincoln,Manuel Belmonte,142,200,Pasta - lincoln,,9/5/26 7:38 PM,9/5/26 7:41 PM,2 minutes and 47 seconds,Manuel Belmonte
IT Italian Trattoria Lincoln,Manuel Belmonte,142,200,Drinks - lincoln,,9/5/26 7:38 PM,9/5/26 7:41 PM,2 minutes and 47 seconds,Manuel Belmonte
IT Italian Trattoria Lincoln,Manuel Belmonte,142,200,Bar Station - lincoln,,9/5/26 7:38 PM,9/5/26 7:41 PM,2 minutes and 47 seconds,Manuel Belmonte
IT Italian Trattoria Lincoln,Manuel Belmonte,142,200,Pasta - lincoln,,9/5/26 7:37 PM,9/5/26 7:45 PM,7 minutes and 37 seconds,Manuel Belmonte
IT Italian Trattoria Lincoln,nevrije dosku,137,301,Pasta - lincoln,,9/5/26 7:48 PM,9/5/26 7:49 PM,1 minute and 23 seconds,Manuel Belmonte
IT Italian Trattoria Lincoln,James Arcinegas,143,,Pasta - lincoln,,9/5/26 7:46 PM,9/5/26 7:53 PM,7 minutes and 21 seconds,Manuel Belmonte
IT Italian Trattoria Lincoln,James Arcinegas,144,,Pasta - lincoln,,9/5/26 7:52 PM,9/5/26 7:54 PM,1 minute and 18 seconds,Manuel Belmonte
IT Italian Trattoria Lincoln,James Arcinegas,144,,Pasta - lincoln,,9/5/26 7:52 PM,9/5/26 8:00 PM,8 minutes and 18 seconds,Manuel Belmonte
IT Italian Trattoria Lincoln,James Arcinegas,144,,Drinks - lincoln,,9/5/26 7:52 PM,9/5/26 8:00 PM,8 minutes and 18 seconds,Manuel Belmonte
IT Italian Trattoria Lincoln,James Arcinegas,144,,Bar Station - lincoln,,9/5/26 7:52 PM,9/5/26 8:00 PM,8 minutes and 18 seconds,Manuel Belmonte
IT Italian Trattoria Lincoln,James Arcinegas,146,,Pasta - lincoln,,9/5/26 7:57 PM,9/5/26 8:00 PM,3 minutes and 8 seconds,Manuel Belmonte
IT Italian Trattoria Lincoln,James Arcinegas,146,,Pasta - lincoln,,9/5/26 7:58 PM,9/5/26 8:11 PM,12 minutes and 48 seconds,Manuel Belmonte
IT Italian Trattoria Lincoln,James Arcinegas,149,,Pasta - lincoln,,9/5/26 8:21 PM,9/5/26 8:28 PM,7 minutes and 24 seconds,Manuel Belmonte
IT Italian Trattoria Lincoln,Default Online Ordering,152,,Pasta - lincoln,,9/5/26 8:29 PM,9/5/26 8:41 PM,11 minutes and 42 seconds,Manuel Belmonte
IT Italian Trattoria Lincoln,James Arcinegas,148,B1,Pasta - lincoln,,9/5/26 8:33 PM,9/5/26 8:41 PM,7 minutes and 58 seconds,Manuel Belmonte
IT Italian Trattoria Lincoln,nevrije dosku,154,100,Pasta - lincoln,,9/5/26 8:36 PM,9/5/26 8:50 PM,14 minutes and 20 seconds,Manuel Belmonte
IT Italian Trattoria Lincoln,Manuel Belmonte,151,202,Pasta - lincoln,,9/5/26 8:42 PM,9/5/26 8:50 PM,8 minutes and 8 seconds,Manuel Belmonte
IT Italian Trattoria Lincoln,Manuel Belmonte,151,202,Drinks - lincoln,,9/5/26 8:42 PM,9/5/26 8:50 PM,8 minutes and 8 seconds,Manuel Belmonte
IT Italian Trattoria Lincoln,Manuel Belmonte,151,202,Bar Station - lincoln,,9/5/26 8:42 PM,9/5/26 8:50 PM,8 minutes and 8 seconds,Manuel Belmonte
IT Italian Trattoria Lincoln,James Arcinegas,155,,Pasta - lincoln,,9/5/26 8:51 PM,9/5/26 8:59 PM,7 minutes and 19 seconds,Manuel Belmonte
IT Italian Trattoria Lincoln,James Arcinegas,158,,Pasta - lincoln,,9/5/26 9:20 PM,9/5/26 9:29 PM,9 minutes and 42 seconds,Manuel Belmonte
IT Italian Trattoria Lincoln,nevrije dosku,159,200,Pasta - lincoln,,9/5/26 9:35 PM,9/5/26 9:45 PM,9 minutes and 37 seconds,Manuel Belmonte
IT Italian Trattoria Lincoln,James Arcinegas,162,,Pasta - lincoln,,9/5/26 10:26 PM,9/5/26 10:33 PM,6 minutes and 55 seconds,Manuel Belmonte
IT Italian Trattoria Lincoln,nevrije dosku,161,302,Pasta - lincoln,,9/5/26 10:29 PM,9/5/26 10:37 PM,7 minutes and 59 seconds,Manuel Belmonte
IT Italian Trattoria Lincoln,nevrije dosku,161,302,Drinks - lincoln,,9/5/26 10:29 PM,9/5/26 10:37 PM,7 minutes and 59 seconds,Manuel Belmonte
IT Italian Trattoria Lincoln,nevrije dosku,161,302,Bar Station - lincoln,,9/5/26 10:29 PM,9/5/26 10:37 PM,7 minutes and 59 seconds,Manuel Belmonte
IT Italian Trattoria Lincoln,Kokoe Avoumado,4,,Pasta - lincoln,,9/6/26 8:25 AM,9/6/26 8:26 AM,57 seconds,Manuel Belmonte
IT Italian Trattoria Lincoln,Kokoe Avoumado,7,,Pasta - lincoln,,9/6/26 8:38 AM,9/6/26 8:41 AM,3 minutes and 34 seconds,Manuel Belmonte
IT Italian Trattoria Lincoln,Kokoe Avoumado,17,,Pasta - lincoln,,9/6/26 9:14 AM,9/6/26 9:24 AM,10 minutes and 19 seconds,Manuel Belmonte
IT Italian Trattoria Lincoln,Default Online Ordering,23,,Pasta - lincoln,,9/6/26 9:31 AM,9/6/26 9:43 AM,11 minutes and 28 seconds,Manuel Belmonte
IT Italian Trattoria Lincoln,nazarena moreno,32,2,Pasta - lincoln,,9/6/26 10:07 AM,9/6/26 10:07 AM,33 seconds,Manuel Belmonte
IT Italian Trattoria Lincoln,nazarena moreno,31,,Pasta - lincoln,,9/6/26 10:09 AM,9/6/26 10:17 AM,7 minutes and 40 seconds,Manuel Belmonte
IT Italian Trattoria Lincoln,nazarena moreno,32,2,Pasta - lincoln,,9/6/26 10:09 AM,9/6/26 10:19 AM,9 minutes and 56 seconds,Manuel Belmonte
IT Italian Trattoria Lincoln,nazarena moreno,37,200,Pasta - lincoln,,9/6/26 10:30 AM,9/6/26 10:38 AM,8 minutes and 21 seconds,Manuel Belmonte
IT Italian Trattoria Lincoln,nazarena moreno,38,32,Pasta - lincoln,,9/6/26 10:40 AM,9/6/26 10:48 AM,8 minutes and 7 seconds,Manuel Belmonte
IT Italian Trattoria Lincoln,nazarena moreno,39,8,Pasta - lincoln,,9/6/26 10:47 AM,9/6/26 10:53 AM,5 minutes and 53 seconds,Manuel Belmonte
IT Italian Trattoria Lincoln,nazarena moreno,40,21,Pasta - lincoln,,9/6/26 10:47 AM,9/6/26 10:53 AM,5 minutes and 38 seconds,Manuel Belmonte
IT Italian Trattoria Lincoln,Kokoe Avoumado,46,,Pasta - lincoln,,9/6/26 11:20 AM,9/6/26 11:20 AM,40 seconds,Manuel Belmonte
IT Italian Trattoria Lincoln,nazarena moreno,50,,Pasta - lincoln,,9/6/26 11:49 AM,9/6/26 11:55 AM,5 minutes and 48 seconds,Manuel Belmonte
IT Italian Trattoria Lincoln,nazarena moreno,50,,Drinks - lincoln,,9/6/26 11:49 AM,9/6/26 11:55 AM,5 minutes and 48 seconds,Manuel Belmonte
IT Italian Trattoria Lincoln,nazarena moreno,50,,Bar Station - lincoln,,9/6/26 11:49 AM,9/6/26 11:55 AM,5 minutes and 48 seconds,Manuel Belmonte
IT Italian Trattoria Lincoln,Kokoe Avoumado,58,206,Pasta - lincoln,,9/6/26 12:30 PM,9/6/26 12:37 PM,7 minutes and 7 seconds,Manuel Belmonte
IT Italian Trattoria Lincoln,Kokoe Avoumado,58,206,Drinks - lincoln,,9/6/26 12:30 PM,9/6/26 12:37 PM,7 minutes and 7 seconds,Manuel Belmonte
IT Italian Trattoria Lincoln,Kokoe Avoumado,58,206,Bar Station - lincoln,,9/6/26 12:30 PM,9/6/26 12:37 PM,7 minutes and 7 seconds,Manuel Belmonte
IT Italian Trattoria Lincoln,Manuel Belmonte,59,200,Pasta - lincoln,,9/6/26 12:34 PM,9/6/26 12:40 PM,6 minutes and 54 seconds,Manuel Belmonte
IT Italian Trattoria Lincoln,Manuel Belmonte,59,200,Pasta - lincoln,,9/6/26 12:34 PM,9/6/26 12:40 PM,6 minutes and 43 seconds,Manuel Belmonte
IT Italian Trattoria Lincoln,Manuel Belmonte,59,200,Drinks - lincoln,,9/6/26 12:34 PM,9/6/26 12:40 PM,6 minutes and 43 seconds,Manuel Belmonte
IT Italian Trattoria Lincoln,Manuel Belmonte,59,200,Bar Station - lincoln,,9/6/26 12:34 PM,9/6/26 12:40 PM,6 minutes and 43 seconds,Manuel Belmonte
IT Italian Trattoria Lincoln,Manuel Belmonte,62,10,Pasta - lincoln,,9/6/26 12:40 PM,9/6/26 12:41 PM,8 seconds,Manuel Belmonte
IT Italian Trattoria Lincoln,Manuel Belmonte,59,200,Drinks - lincoln,,9/6/26 1:10 PM,9/6/26 1:11 PM,30 seconds,Manuel Belmonte
IT Italian Trattoria Lincoln,Manuel Belmonte,59,200,No Print / Expo - lincoln,,9/6/26 1:10 PM,9/6/26 1:11 PM,30 seconds,Manuel Belmonte
IT Italian Trattoria Lincoln,Manuel Belmonte,59,200,Pasta - lincoln,,9/6/26 1:10 PM,9/6/26 1:11 PM,30 seconds,Manuel Belmonte
IT Italian Trattoria Lincoln,Manuel Belmonte,59,200,Pizza - lincoln,,9/6/26 1:10 PM,9/6/26 1:11 PM,30 seconds,Manuel Belmonte
IT Italian Trattoria Lincoln,Manuel Belmonte,59,200,Ensalada - lincoln,,9/6/26 1:10 PM,9/6/26 1:11 PM,30 seconds,Manuel Belmonte
IT Italian Trattoria Lincoln,Manuel Belmonte,59,200,online ordering - lincoln,,9/6/26 1:10 PM,9/6/26 1:11 PM,30 seconds,Manuel Belmonte
IT Italian Trattoria Lincoln,Manuel Belmonte,59,200,Bar Station - lincoln,,9/6/26 1:10 PM,9/6/26 1:11 PM,30 seconds,Manuel Belmonte
IT Italian Trattoria Lincoln,nazarena moreno,73,,Pasta - lincoln,,9/6/26 1:39 PM,9/6/26 1:44 PM,5 minutes and 24 seconds,Manuel Belmonte
IT Italian Trattoria Lincoln,nazarena moreno,74,,Pasta - lincoln,,9/6/26 1:40 PM,9/6/26 1:44 PM,4 minutes and 53 seconds,Manuel Belmonte
IT Italian Trattoria Lincoln,nazarena moreno,76,204,Pasta - lincoln,,9/6/26 1:58 PM,9/6/26 2:04 PM,5 minutes and 42 seconds,Manuel Belmonte
IT Italian Trattoria Lincoln,nazarena moreno,76,204,Drinks - lincoln,,9/6/26 1:58 PM,9/6/26 2:04 PM,5 minutes and 42 seconds,Manuel Belmonte
IT Italian Trattoria Lincoln,nazarena moreno,76,204,Bar Station - lincoln,,9/6/26 1:58 PM,9/6/26 2:04 PM,5 minutes and 42 seconds,Manuel Belmonte
IT Italian Trattoria Lincoln,nazarena moreno,79,210,Pasta - lincoln,,9/6/26 2:04 PM,9/6/26 2:12 PM,7 minutes and 28 seconds,Manuel Belmonte
IT Italian Trattoria Lincoln,nazarena moreno,79,210,Drinks - lincoln,,9/6/26 2:04 PM,9/6/26 2:12 PM,7 minutes and 28 seconds,Manuel Belmonte
IT Italian Trattoria Lincoln,nazarena moreno,79,210,Bar Station - lincoln,,9/6/26 2:04 PM,9/6/26 2:12 PM,7 minutes and 28 seconds,Manuel Belmonte
IT Italian Trattoria Lincoln,nazarena moreno,80,300,Pasta - lincoln,,9/6/26 2:06 PM,9/6/26 2:12 PM,5 minutes and 52 seconds,Manuel Belmonte
IT Italian Trattoria Lincoln,Kokoe Avoumado,81,302,Pasta - lincoln,,9/6/26 2:22 PM,9/6/26 2:25 PM,3 minutes and 16 seconds,Manuel Belmonte
IT Italian Trattoria Lincoln,Kokoe Avoumado,81,302,Drinks - lincoln,,9/6/26 2:22 PM,9/6/26 2:25 PM,3 minutes and 16 seconds,Manuel Belmonte
IT Italian Trattoria Lincoln,Kokoe Avoumado,81,302,Bar Station - lincoln,,9/6/26 2:22 PM,9/6/26 2:25 PM,3 minutes and 16 seconds,Manuel Belmonte
IT Italian Trattoria Lincoln,Kokoe Avoumado,81,302,Pasta - lincoln,,9/6/26 2:22 PM,9/6/26 2:28 PM,6 minutes,Manuel Belmonte
IT Italian Trattoria Lincoln,Kokoe Avoumado,82,B2,Pasta - lincoln,,9/6/26 2:33 PM,9/6/26 2:41 PM,7 minutes and 33 seconds,Manuel Belmonte
IT Italian Trattoria Lincoln,Kokoe Avoumado,85,208,Pasta - lincoln,,9/6/26 2:43 PM,9/6/26 2:50 PM,6 minutes and 42 seconds,Manuel Belmonte
IT Italian Trattoria Lincoln,Manuel Belmonte,87,,Pasta - lincoln,,9/6/26 2:50 PM,9/6/26 2:56 PM,5 minutes and 58 seconds,Manuel Belmonte
IT Italian Trattoria Lincoln,Manuel Belmonte,87,,Drinks - lincoln,,9/6/26 2:50 PM,9/6/26 2:56 PM,5 minutes and 58 seconds,Manuel Belmonte
IT Italian Trattoria Lincoln,Manuel Belmonte,87,,Bar Station - lincoln,,9/6/26 2:50 PM,9/6/26 2:56 PM,5 minutes and 58 seconds,Manuel Belmonte
IT Italian Trattoria Lincoln,Manuel Belmonte,93,200,Pasta - lincoln,,9/6/26 3:23 PM,9/6/26 3:31 PM,8 minutes and 6 seconds,Manuel Belmonte
IT Italian Trattoria Lincoln,Kokoe Avoumado,94,105,Drinks - lincoln,,9/6/26 3:32 PM,9/6/26 3:32 PM,19 seconds,Manuel Belmonte
IT Italian Trattoria Lincoln,Kokoe Avoumado,94,105,No Print / Expo - lincoln,,9/6/26 3:32 PM,9/6/26 3:32 PM,19 seconds,Manuel Belmonte
IT Italian Trattoria Lincoln,Kokoe Avoumado,94,105,Pasta - lincoln,,9/6/26 3:32 PM,9/6/26 3:32 PM,19 seconds,Manuel Belmonte
IT Italian Trattoria Lincoln,Kokoe Avoumado,94,105,Pizza - lincoln,,9/6/26 3:32 PM,9/6/26 3:32 PM,19 seconds,Manuel Belmonte
IT Italian Trattoria Lincoln,Kokoe Avoumado,94,105,Ensalada - lincoln,,9/6/26 3:32 PM,9/6/26 3:32 PM,19 seconds,Manuel Belmonte
IT Italian Trattoria Lincoln,Kokoe Avoumado,94,105,online ordering - lincoln,,9/6/26 3:32 PM,9/6/26 3:32 PM,19 seconds,Manuel Belmonte
IT Italian Trattoria Lincoln,Kokoe Avoumado,94,105,Bar Station - lincoln,,9/6/26 3:32 PM,9/6/26 3:32 PM,19 seconds,Manuel Belmonte
IT Italian Trattoria Lincoln,Manuel Belmonte,93,200,Pasta - lincoln,,9/6/26 3:26 PM,9/6/26 3:34 PM,8 minutes and 20 seconds,Manuel Belmonte
IT Italian Trattoria Lincoln,Manuel Belmonte,96,100,Pasta - lincoln,,9/6/26 3:46 PM,9/6/26 3:53 PM,7 minutes and 1 second,Manuel Belmonte
IT Italian Trattoria Lincoln,James Arcinegas,98,,Pasta - lincoln,,9/6/26 4:24 PM,9/6/26 4:28 PM,4 minutes and 22 seconds,Manuel Belmonte
IT Italian Trattoria Lincoln,James Arcinegas,100,,Pasta - lincoln,,9/6/26 4:40 PM,9/6/26 4:41 PM,33 seconds,Manuel Belmonte
IT Italian Trattoria Lincoln,James Arcinegas,99,200,Pasta - lincoln,,9/6/26 4:39 PM,9/6/26 4:45 PM,6 minutes and 11 seconds,Manuel Belmonte
IT Italian Trattoria Lincoln,James Arcinegas,99,200,Pasta - lincoln,,9/6/26 4:39 PM,9/6/26 4:47 PM,7 minutes and 12 seconds,Manuel Belmonte
IT Italian Trattoria Lincoln,James Arcinegas,99,200,Pasta - lincoln,,9/6/26 4:42 PM,9/6/26 4:47 PM,5 minutes and 2 seconds,Manuel Belmonte
IT Italian Trattoria Lincoln,Manuel Belmonte,102,300,Pasta - lincoln,,9/6/26 4:47 PM,9/6/26 5:01 PM,14 minutes and 48 seconds,Manuel Belmonte
IT Italian Trattoria Lincoln,Manuel Belmonte,104,,Pasta - lincoln,,9/6/26 4:58 PM,9/6/26 5:01 PM,3 minutes and 50 seconds,Manuel Belmonte
IT Italian Trattoria Lincoln,Default Online Ordering,103,,Pasta - lincoln,,9/6/26 4:51 PM,9/6/26 5:05 PM,14 minutes and 8 seconds,Manuel Belmonte
IT Italian Trattoria Lincoln,James Arcinegas,99,200,Pasta - lincoln,,9/6/26 5:06 PM,9/6/26 5:11 PM,4 minutes and 27 seconds,Manuel Belmonte
IT Italian Trattoria Lincoln,James Arcinegas,110,,Pasta - lincoln,,9/6/26 5:28 PM,9/6/26 5:32 PM,3 minutes and 42 seconds,Manuel Belmonte
IT Italian Trattoria Lincoln,Default Online Ordering,112,,Pasta - lincoln,,9/6/26 5:32 PM,9/6/26 5:42 PM,9 minutes and 33 seconds,Manuel Belmonte
IT Italian Trattoria Lincoln,Default Online Ordering,114,,Pasta - lincoln,,9/6/26 5:46 PM,9/6/26 5:55 PM,8 minutes and 21 seconds,Manuel Belmonte
IT Italian Trattoria Lincoln,Manuel Belmonte,115,,Pasta - lincoln,,9/6/26 5:57 PM,9/6/26 6:05 PM,8 minutes and 42 seconds,Manuel Belmonte
IT Italian Trattoria Lincoln,James Arcinegas,122,,Pasta - lincoln,,9/6/26 6:48 PM,9/6/26 6:54 PM,6 minutes and 6 seconds,Manuel Belmonte
IT Italian Trattoria Lincoln,Default Online Ordering,127,,Pasta - lincoln,,9/6/26 7:49 PM,9/6/26 8:03 PM,14 minutes and 44 seconds,Manuel Belmonte
IT Italian Trattoria Lincoln,Default Online Ordering,130,,Pasta - lincoln,,9/6/26 8:24 PM,9/6/26 8:32 PM,7 minutes and 31 seconds,Manuel Belmonte
IT Italian Trattoria Lincoln,Default Online Ordering,130,,Drinks - lincoln,,9/6/26 8:24 PM,9/6/26 8:32 PM,7 minutes and 31 seconds,Manuel Belmonte
IT Italian Trattoria Lincoln,Default Online Ordering,130,,Bar Station - lincoln,,9/6/26 8:24 PM,9/6/26 8:32 PM,7 minutes and 31 seconds,Manuel Belmonte
IT Italian Trattoria Lincoln,Manuel Belmonte,134,1,Pasta - lincoln,,9/6/26 8:32 PM,9/6/26 8:38 PM,5 minutes and 42 seconds,Manuel Belmonte
IT Italian Trattoria Lincoln,Default Online Ordering,136,,Pasta - lincoln,,9/6/26 8:50 PM,9/6/26 8:57 PM,6 minutes and 54 seconds,Manuel Belmonte
IT Italian Trattoria Lincoln,James Arcinegas,138,,Pasta - lincoln,,9/6/26 9:55 PM,9/6/26 10:08 PM,12 minutes and 38 seconds,Manuel Belmonte
IT Italian Trattoria Lincoln,James Arcinegas,105,,Pasta - lincoln,,9/6/26 10:07 PM,9/6/26 10:08 PM,45 seconds,Manuel Belmonte
IT Italian Trattoria Lincoln,Kokoe Avoumado,2,,Pasta - lincoln,,9/7/26 8:12 AM,9/7/26 8:21 AM,8 minutes and 59 seconds,Davide Christopher Paredi
IT Italian Trattoria Lincoln,nazarena moreno,13,,Pasta - lincoln,,9/7/26 9:34 AM,9/7/26 9:43 AM,8 minutes and 24 seconds,Davide Christopher Paredi
IT Italian Trattoria Lincoln,Kokoe Avoumado,19,,Pasta - lincoln,,9/7/26 10:02 AM,9/7/26 10:05 AM,2 minutes and 53 seconds,Davide Christopher Paredi
IT Italian Trattoria Lincoln,nazarena moreno,17,,Pasta - lincoln,,9/7/26 9:55 AM,9/7/26 10:05 AM,10 minutes and 22 seconds,Davide Christopher Paredi
IT Italian Trattoria Lincoln,nazarena moreno,18,,Pasta - lincoln,,9/7/26 10:01 AM,9/7/26 10:13 AM,11 minutes and 54 seconds,Davide Christopher Paredi
IT Italian Trattoria Lincoln,nazarena moreno,20,,Pasta - lincoln,,9/7/26 10:12 AM,9/7/26 10:17 AM,5 minutes and 18 seconds,Davide Christopher Paredi
IT Italian Trattoria Lincoln,Kokoe Avoumado,21,,Pasta - lincoln,,9/7/26 10:04 AM,9/7/26 10:17 AM,12 minutes and 38 seconds,Davide Christopher Paredi
IT Italian Trattoria Lincoln,nazarena moreno,22,9,Pasta - lincoln,,9/7/26 10:08 AM,9/7/26 10:21 AM,12 minutes and 31 seconds,Davide Christopher Paredi
IT Italian Trattoria Lincoln,nazarena moreno,25,206,Pasta - lincoln,,9/7/26 10:23 AM,9/7/26 10:30 AM,6 minutes and 37 seconds,Davide Christopher Paredi
IT Italian Trattoria Lincoln,Default Online Ordering,40,,Pasta - lincoln,,9/7/26 12:14 PM,9/7/26 12:30 PM,15 minutes and 24 seconds,Davide Christopher Paredi
IT Italian Trattoria Lincoln,nazarena moreno,44,31,Pasta - lincoln,,9/7/26 12:43 PM,9/7/26 12:54 PM,11 minutes and 4 seconds,Davide Christopher Paredi
IT Italian Trattoria Lincoln,nazarena moreno,45,211,Pasta - lincoln,,9/7/26 12:44 PM,9/7/26 12:54 PM,9 minutes and 34 seconds,Davide Christopher Paredi
IT Italian Trattoria Lincoln,nazarena moreno,46,203,Pasta - lincoln,,9/7/26 12:55 PM,9/7/26 1:00 PM,5 minutes and 10 seconds,Davide Christopher Paredi
IT Italian Trattoria Lincoln,nazarena moreno,46,203,Drinks - lincoln,,9/7/26 12:55 PM,9/7/26 1:00 PM,5 minutes and 10 seconds,Davide Christopher Paredi
IT Italian Trattoria Lincoln,nazarena moreno,46,203,Bar Station - lincoln,,9/7/26 12:55 PM,9/7/26 1:00 PM,5 minutes and 10 seconds,Davide Christopher Paredi
IT Italian Trattoria Lincoln,Manuel Belmonte,47,9,Pasta - lincoln,,9/7/26 1:04 PM,9/7/26 1:14 PM,9 minutes and 34 seconds,Davide Christopher Paredi
IT Italian Trattoria Lincoln,Kokoe Avoumado,52,100,Pasta - lincoln,,9/7/26 1:59 PM,9/7/26 2:09 PM,9 minutes and 52 seconds,Davide Christopher Paredi
IT Italian Trattoria Lincoln,Kokoe Avoumado,53,200,Pasta - lincoln,,9/7/26 2:00 PM,9/7/26 2:09 PM,9 minutes and 16 seconds,Davide Christopher Paredi
IT Italian Trattoria Lincoln,Manuel Belmonte,58,100,Pasta - lincoln,,9/7/26 2:45 PM,9/7/26 2:47 PM,1 minute and 37 seconds,Davide Christopher Paredi
IT Italian Trattoria Lincoln,Manuel Belmonte,58,100,Drinks - lincoln,,9/7/26 2:45 PM,9/7/26 2:47 PM,1 minute and 37 seconds,Davide Christopher Paredi
IT Italian Trattoria Lincoln,Manuel Belmonte,58,100,Bar Station - lincoln,,9/7/26 2:45 PM,9/7/26 2:47 PM,1 minute and 37 seconds,Davide Christopher Paredi
IT Italian Trattoria Lincoln,Manuel Belmonte,60,,Pasta - lincoln,,9/7/26 2:58 PM,9/7/26 3:01 PM,2 minutes and 53 seconds,Davide Christopher Paredi
IT Italian Trattoria Lincoln,Manuel Belmonte,72,,Pasta - lincoln,,9/7/26 3:52 PM,9/7/26 3:58 PM,5 minutes and 44 seconds,Davide Christopher Paredi
IT Italian Trattoria Lincoln,Manuel Belmonte,75,10,Pasta - lincoln,,9/7/26 4:17 PM,9/7/26 4:28 PM,10 minutes and 46 seconds,Davide Christopher Paredi
IT Italian Trattoria Lincoln,Manuel Belmonte,77,204,Pasta - lincoln,,9/7/26 4:18 PM,9/7/26 4:28 PM,9 minutes and 24 seconds,Davide Christopher Paredi
IT Italian Trattoria Lincoln,Manuel Belmonte,76,104,Pasta - lincoln,,9/7/26 4:18 PM,9/7/26 4:32 PM,13 minutes and 59 seconds,Davide Christopher Paredi
IT Italian Trattoria Lincoln,Manuel Belmonte,76,104,Drinks - lincoln,,9/7/26 4:18 PM,9/7/26 4:32 PM,13 minutes and 59 seconds,Davide Christopher Paredi
IT Italian Trattoria Lincoln,Manuel Belmonte,76,104,Bar Station - lincoln,,9/7/26 4:18 PM,9/7/26 4:32 PM,13 minutes and 59 seconds,Davide Christopher Paredi
IT Italian Trattoria Lincoln,Default Online Ordering,79,,Pasta - lincoln,,9/7/26 4:46 PM,9/7/26 4:54 PM,8 minutes and 4 seconds,Davide Christopher Paredi
IT Italian Trattoria Lincoln,Manuel Belmonte,80,211,Pasta - lincoln,,9/7/26 5:00 PM,9/7/26 5:36 PM,35 minutes and 54 seconds,Davide Christopher Paredi
IT Italian Trattoria Lincoln,Default Online Ordering,82,,Pasta - lincoln,,9/7/26 5:24 PM,9/7/26 5:36 PM,11 minutes and 59 seconds,Davide Christopher Paredi
IT Italian Trattoria Lincoln,Manuel Belmonte,85,,Pasta - lincoln,,9/7/26 5:36 PM,9/7/26 5:43 PM,6 minutes and 29 seconds,Davide Christopher Paredi
IT Italian Trattoria Lincoln,Default Online Ordering,84,,Pasta - lincoln,,9/7/26 5:34 PM,9/7/26 5:43 PM,8 minutes and 38 seconds,Davide Christopher Paredi
IT Italian Trattoria Lincoln,Manuel Belmonte,78,6,Pasta - lincoln,,9/7/26 5:48 PM,9/7/26 6:00 PM,12 minutes and 22 seconds,Davide Christopher Paredi
IT Italian Trattoria Lincoln,Manuel Belmonte,89,203,Pasta - lincoln,,9/7/26 6:05 PM,9/7/26 6:11 PM,5 minutes and 52 seconds,Davide Christopher Paredi
IT Italian Trattoria Lincoln,Default Online Ordering,99,,Pasta - lincoln,,9/7/26 7:27 PM,9/7/26 7:39 PM,12 minutes and 38 seconds,Davide Christopher Paredi
IT Italian Trattoria Lincoln,James Arcinegas,100,103,Pasta - lincoln,,9/7/26 8:27 PM,9/7/26 8:34 PM,6 minutes and 53 seconds,Davide Christopher Paredi
IT Italian Trattoria Lincoln,James Arcinegas,100,103,Drinks - lincoln,,9/7/26 8:27 PM,9/7/26 8:34 PM,6 minutes and 53 seconds,Davide Christopher Paredi
IT Italian Trattoria Lincoln,James Arcinegas,100,103,Bar Station - lincoln,,9/7/26 8:27 PM,9/7/26 8:34 PM,6 minutes and 53 seconds,Davide Christopher Paredi
IT Italian Trattoria Lincoln,Default Online Ordering,105,,Pasta - lincoln,,9/7/26 8:36 PM,9/7/26 8:44 PM,8 minutes and 11 seconds,Davide Christopher Paredi
IT Italian Trattoria Lincoln,Manuel Belmonte,101,203,Pasta - lincoln,,9/7/26 8:30 PM,9/7/26 8:45 PM,14 minutes and 58 seconds,Davide Christopher Paredi
IT Italian Trattoria Lincoln,Manuel Belmonte,107,211,Pasta - lincoln,,9/7/26 9:00 PM,9/7/26 9:04 PM,4 minutes and 28 seconds,Davide Christopher Paredi
IT Italian Trattoria Lincoln,Manuel Belmonte,108,205,Pasta - lincoln,,9/7/26 9:14 PM,9/7/26 9:23 PM,9 minutes and 35 seconds,Davide Christopher Paredi
IT Italian Trattoria Lincoln,Default Online Ordering,113,,Pasta - lincoln,,9/7/26 9:29 PM,9/7/26 9:35 PM,6 minutes and 15 seconds,Davide Christopher Paredi
IT Italian Trattoria Lincoln,James Arcinegas,114,B3,Pasta - lincoln,,9/7/26 9:57 PM,9/7/26 10:05 PM,7 minutes and 54 seconds,Davide Christopher Paredi
IT Italian Trattoria Lincoln,James Arcinegas,115,202,Pasta - lincoln,,9/7/26 10:02 PM,9/7/26 10:14 PM,12 minutes and 10 seconds,Davide Christopher Paredi
IT Italian Trattoria Lincoln,James Arcinegas,114,B3,Pasta - lincoln,,9/7/26 10:05 PM,9/7/26 10:17 PM,11 minutes and 24 seconds,Davide Christopher Paredi
IT Italian Trattoria Lincoln,James Arcinegas,116,,Pasta - lincoln,,9/7/26 10:18 PM,9/7/26 10:31 PM,13 minutes and 10 seconds,Davide Christopher Paredi
IT Italian Trattoria Lincoln,James Arcinegas,118,,Pasta - lincoln,,9/7/26 10:32 PM,9/7/26 10:37 PM,5 minutes and 25 seconds,Davide Christopher Paredi
IT Italian Trattoria Lincoln,James Arcinegas,115,202,Pasta - lincoln,,9/7/26 10:24 PM,9/7/26 10:37 PM,12 minutes and 52 seconds,Davide Christopher Paredi
IT Italian Trattoria Lincoln,James Arcinegas,117,,Pasta - lincoln,,9/7/26 10:22 PM,9/7/26 10:38 PM,16 minutes and 13 seconds,Davide Christopher Paredi
IT Italian Trattoria Lincoln,nazarena moreno,3,,Pasta - lincoln,,9/8/26 8:35 AM,9/8/26 8:43 AM,8 minutes and 6 seconds,Manuel Belmonte
IT Italian Trattoria Lincoln,nazarena moreno,11,,Pasta - lincoln,,9/8/26 9:20 AM,9/8/26 9:26 AM,6 minutes and 16 seconds,Manuel Belmonte
IT Italian Trattoria Lincoln,Kokoe Avoumado,13,,Pasta - lincoln,,9/8/26 9:22 AM,9/8/26 9:28 AM,5 minutes and 58 seconds,Manuel Belmonte
IT Italian Trattoria Lincoln,nazarena moreno,12,,Pasta - lincoln,,9/8/26 9:22 AM,9/8/26 9:30 AM,7 minutes and 53 seconds,Manuel Belmonte
IT Italian Trattoria Lincoln,Kokoe Avoumado,15,,Pasta - lincoln,,9/8/26 9:34 AM,9/8/26 9:37 AM,3 minutes and 17 seconds,Manuel Belmonte
IT Italian Trattoria Lincoln,Default Online Ordering,21,,Pasta - lincoln,,9/8/26 9:54 AM,9/8/26 10:03 AM,9 minutes and 27 seconds,Manuel Belmonte
IT Italian Trattoria Lincoln,nazarena moreno,25,,Pasta - lincoln,,9/8/26 10:18 AM,9/8/26 10:25 AM,6 minutes and 21 seconds,Manuel Belmonte
IT Italian Trattoria Lincoln,nazarena moreno,27,,Pasta - lincoln,,9/8/26 10:41 AM,9/8/26 10:53 AM,12 minutes and 2 seconds,Manuel Belmonte
IT Italian Trattoria Lincoln,nazarena moreno,28,,Pasta - lincoln,,9/8/26 10:56 AM,9/8/26 10:56 AM,8 seconds,Manuel Belmonte
IT Italian Trattoria Lincoln,Default Online Ordering,29,,Pasta - lincoln,,9/8/26 10:48 AM,9/8/26 10:56 AM,8 minutes and 32 seconds,Manuel Belmonte
IT Italian Trattoria Lincoln,nazarena moreno,34,,Pasta - lincoln,,9/8/26 11:17 AM,9/8/26 11:22 AM,5 minutes and 45 seconds,Manuel Belmonte
IT Italian Trattoria Lincoln,nazarena moreno,34,,Drinks - lincoln,,9/8/26 11:17 AM,9/8/26 11:22 AM,5 minutes and 45 seconds,Manuel Belmonte
IT Italian Trattoria Lincoln,nazarena moreno,34,,Bar Station - lincoln,,9/8/26 11:17 AM,9/8/26 11:22 AM,5 minutes and 45 seconds,Manuel Belmonte
IT Italian Trattoria Lincoln,nazarena moreno,39,209,Pasta - lincoln,,9/8/26 11:55 AM,9/8/26 11:59 AM,4 minutes and 24 seconds,Manuel Belmonte
IT Italian Trattoria Lincoln,nazarena moreno,39,209,Drinks - lincoln,,9/8/26 11:55 AM,9/8/26 11:59 AM,4 minutes and 24 seconds,Manuel Belmonte
IT Italian Trattoria Lincoln,nazarena moreno,39,209,Bar Station - lincoln,,9/8/26 11:55 AM,9/8/26 11:59 AM,4 minutes and 24 seconds,Manuel Belmonte
IT Italian Trattoria Lincoln,Default Online Ordering,42,,Pasta - lincoln,,9/8/26 11:58 AM,9/8/26 12:09 PM,11 minutes and 50 seconds,Manuel Belmonte
IT Italian Trattoria Lincoln,nazarena moreno,43,300,Pasta - lincoln,,9/8/26 12:02 PM,9/8/26 12:19 PM,17 minutes and 5 seconds,Manuel Belmonte
IT Italian Trattoria Lincoln,nazarena moreno,47,100,Pasta - lincoln,,9/8/26 12:57 PM,9/8/26 1:04 PM,6 minutes and 43 seconds,Manuel Belmonte
IT Italian Trattoria Lincoln,nazarena moreno,48,20,Pasta - lincoln,,9/8/26 1:18 PM,9/8/26 1:27 PM,8 minutes and 56 seconds,Manuel Belmonte
IT Italian Trattoria Lincoln,Kokoe Avoumado,49,,Pasta - lincoln,,9/8/26 1:45 PM,9/8/26 1:50 PM,5 minutes and 9 seconds,Manuel Belmonte
IT Italian Trattoria Lincoln,Kokoe Avoumado,51,,Pasta - lincoln,,9/8/26 1:56 PM,9/8/26 1:59 PM,3 minutes and 38 seconds,Manuel Belmonte
IT Italian Trattoria Lincoln,Kokoe Avoumado,50,,Pasta - lincoln,,9/8/26 1:49 PM,9/8/26 1:59 PM,10 minutes and 1 second,Manuel Belmonte
IT Italian Trattoria Lincoln,Kokoe Avoumado,52,,Pasta - lincoln,,9/8/26 1:58 PM,9/8/26 2:11 PM,12 minutes and 49 seconds,Manuel Belmonte
IT Italian Trattoria Lincoln,Kokoe Avoumado,55,,Pasta - lincoln,,9/8/26 2:38 PM,9/8/26 2:43 PM,5 minutes and 1 second,Manuel Belmonte
IT Italian Trattoria Lincoln,Kokoe Avoumado,55,,Drinks - lincoln,,9/8/26 2:38 PM,9/8/26 2:43 PM,5 minutes and 1 second,Manuel Belmonte
IT Italian Trattoria Lincoln,Kokoe Avoumado,55,,Bar Station - lincoln,,9/8/26 2:38 PM,9/8/26 2:43 PM,5 minutes and 1 second,Manuel Belmonte
IT Italian Trattoria Lincoln,James Arcinegas,59,103,Pasta - lincoln,,9/8/26 3:19 PM,9/8/26 3:23 PM,3 minutes and 50 seconds,Manuel Belmonte
IT Italian Trattoria Lincoln,James Arcinegas,59,103,Drinks - lincoln,,9/8/26 3:19 PM,9/8/26 3:23 PM,3 minutes and 50 seconds,Manuel Belmonte
IT Italian Trattoria Lincoln,James Arcinegas,59,103,Bar Station - lincoln,,9/8/26 3:19 PM,9/8/26 3:23 PM,3 minutes and 50 seconds,Manuel Belmonte
IT Italian Trattoria Lincoln,James Arcinegas,60,,Pasta - lincoln,,9/8/26 3:36 PM,9/8/26 3:41 PM,4 minutes and 6 seconds,Davide Christopher Paredi
IT Italian Trattoria Lincoln,James Arcinegas,60,,Drinks - lincoln,,9/8/26 3:36 PM,9/8/26 3:41 PM,4 minutes and 6 seconds,Davide Christopher Paredi
IT Italian Trattoria Lincoln,James Arcinegas,60,,Bar Station - lincoln,,9/8/26 3:36 PM,9/8/26 3:41 PM,4 minutes and 6 seconds,Davide Christopher Paredi
IT Italian Trattoria Lincoln,James Arcinegas,61,,Pasta - lincoln,,9/8/26 3:40 PM,9/8/26 3:50 PM,9 minutes and 43 seconds,Manuel Belmonte
IT Italian Trattoria Lincoln,Default Online Ordering,65,,Pasta - lincoln,,9/8/26 4:03 PM,9/8/26 4:12 PM,9 minutes and 49 seconds,Manuel Belmonte
IT Italian Trattoria Lincoln,Default Online Ordering,65,,Drinks - lincoln,,9/8/26 4:03 PM,9/8/26 4:12 PM,9 minutes and 49 seconds,Manuel Belmonte
IT Italian Trattoria Lincoln,Default Online Ordering,65,,Bar Station - lincoln,,9/8/26 4:03 PM,9/8/26 4:12 PM,9 minutes and 49 seconds,Manuel Belmonte
IT Italian Trattoria Lincoln,Default Online Ordering,77,,Pasta - lincoln,,9/8/26 5:22 PM,9/8/26 5:26 PM,3 minutes and 51 seconds,Manuel Belmonte
IT Italian Trattoria Lincoln,Donald Dupont,83,,Pasta - lincoln,,9/8/26 5:49 PM,9/8/26 5:51 PM,1 minute and 18 seconds,Manuel Belmonte
IT Italian Trattoria Lincoln,Default Online Ordering,81,,Pasta - lincoln,,9/8/26 5:46 PM,9/8/26 5:51 PM,4 minutes and 43 seconds,Manuel Belmonte
IT Italian Trattoria Lincoln,James Arcinegas,82,33,Pasta - lincoln,,9/8/26 5:49 PM,9/8/26 5:57 PM,8 minutes and 40 seconds,Manuel Belmonte
IT Italian Trattoria Lincoln,James Arcinegas,89,6,Pasta - lincoln,,9/8/26 6:02 PM,9/8/26 6:10 PM,8 minutes and 5 seconds,Manuel Belmonte
IT Italian Trattoria Lincoln,James Arcinegas,89,6,Drinks - lincoln,,9/8/26 6:02 PM,9/8/26 6:10 PM,8 minutes and 5 seconds,Manuel Belmonte
IT Italian Trattoria Lincoln,James Arcinegas,89,6,Bar Station - lincoln,,9/8/26 6:02 PM,9/8/26 6:10 PM,8 minutes and 5 seconds,Manuel Belmonte
IT Italian Trattoria Lincoln,Default Online Ordering,95,,Pasta - lincoln,,9/8/26 6:32 PM,9/8/26 6:37 PM,5 minutes and 11 seconds,Manuel Belmonte
IT Italian Trattoria Lincoln,Default Online Ordering,94,,Pasta - lincoln,,9/8/26 6:30 PM,9/8/26 6:37 PM,7 minutes and 4 seconds,Manuel Belmonte
IT Italian Trattoria Lincoln,Donald Dupont,96,,Pasta - lincoln,,9/8/26 6:45 PM,9/8/26 6:46 PM,1 minute and 10 seconds,Manuel Belmonte
IT Italian Trattoria Lincoln,Donald Dupont,96,,Drinks - lincoln,,9/8/26 6:45 PM,9/8/26 6:46 PM,1 minute and 10 seconds,Manuel Belmonte
IT Italian Trattoria Lincoln,Donald Dupont,96,,No Print / Expo - lincoln,,9/8/26 6:45 PM,9/8/26 6:46 PM,1 minute and 10 seconds,Manuel Belmonte
IT Italian Trattoria Lincoln,Donald Dupont,96,,Pizza - lincoln,,9/8/26 6:45 PM,9/8/26 6:46 PM,1 minute and 10 seconds,Manuel Belmonte
IT Italian Trattoria Lincoln,Donald Dupont,96,,Ensalada - lincoln,,9/8/26 6:45 PM,9/8/26 6:46 PM,1 minute and 10 seconds,Manuel Belmonte
IT Italian Trattoria Lincoln,Donald Dupont,96,,online ordering - lincoln,,9/8/26 6:45 PM,9/8/26 6:46 PM,1 minute and 10 seconds,Manuel Belmonte
IT Italian Trattoria Lincoln,Donald Dupont,96,,Bar Station - lincoln,,9/8/26 6:45 PM,9/8/26 6:46 PM,1 minute and 10 seconds,Manuel Belmonte
IT Italian Trattoria Lincoln,James Arcinegas,100,24,Pasta - lincoln,,9/8/26 7:16 PM,9/8/26 7:25 PM,8 minutes and 11 seconds,Manuel Belmonte
IT Italian Trattoria Lincoln,James Arcinegas,106,,Pasta - lincoln,,9/8/26 7:46 PM,9/8/26 7:46 PM,45 seconds,Manuel Belmonte
IT Italian Trattoria Lincoln,James Arcinegas,105,,Pasta - lincoln,,9/8/26 7:40 PM,9/8/26 7:47 PM,6 minutes and 54 seconds,Manuel Belmonte
IT Italian Trattoria Lincoln,Donald Dupont,107,200,Pasta - lincoln,,9/8/26 8:07 PM,9/8/26 8:13 PM,6 minutes and 21 seconds,Manuel Belmonte
IT Italian Trattoria Lincoln,James Arcinegas,109,,Pasta - lincoln,,9/8/26 8:18 PM,9/8/26 8:22 PM,4 minutes and 17 seconds,Manuel Belmonte
IT Italian Trattoria Lincoln,James Arcinegas,109,,Drinks - lincoln,,9/8/26 8:18 PM,9/8/26 8:22 PM,4 minutes and 17 seconds,Manuel Belmonte
IT Italian Trattoria Lincoln,James Arcinegas,109,,Bar Station - lincoln,,9/8/26 8:18 PM,9/8/26 8:22 PM,4 minutes and 17 seconds,Manuel Belmonte
IT Italian Trattoria Lincoln,James Arcinegas,110,,Pasta - lincoln,,9/8/26 8:22 PM,9/8/26 8:30 PM,7 minutes and 57 seconds,Manuel Belmonte
IT Italian Trattoria Lincoln,Donald Dupont,112,24,Pasta - lincoln,,9/8/26 8:44 PM,9/8/26 8:49 PM,4 minutes and 52 seconds,Manuel Belmonte
IT Italian Trattoria Lincoln,Donald Dupont,112,24,Drinks - lincoln,,9/8/26 8:44 PM,9/8/26 8:49 PM,4 minutes and 52 seconds,Manuel Belmonte
IT Italian Trattoria Lincoln,Donald Dupont,112,24,Bar Station - lincoln,,9/8/26 8:44 PM,9/8/26 8:49 PM,4 minutes and 52 seconds,Manuel Belmonte
IT Italian Trattoria Lincoln,Donald Dupont,111,9,Pasta - lincoln,,9/8/26 8:41 PM,9/8/26 8:49 PM,8 minutes and 7 seconds,Manuel Belmonte
IT Italian Trattoria Lincoln,James Arcinegas,115,,Pasta - lincoln,,9/8/26 8:48 PM,9/8/26 8:54 PM,5 minutes and 17 seconds,Manuel Belmonte
IT Italian Trattoria Lincoln,Donald Dupont,112,24,Pasta - lincoln,,9/8/26 8:51 PM,9/8/26 8:58 PM,7 minutes and 30 seconds,Manuel Belmonte
IT Italian Trattoria Lincoln,James Arcinegas,117,,Pasta - lincoln,,9/8/26 8:53 PM,9/8/26 8:58 PM,4 minutes and 45 seconds,Manuel Belmonte
IT Italian Trattoria Lincoln,James Arcinegas,118,,Pasta - lincoln,,9/8/26 9:12 PM,9/8/26 9:13 PM,51 seconds,Manuel Belmonte
IT Italian Trattoria Lincoln,Donald Dupont,120,9,Pasta - lincoln,,9/8/26 9:27 PM,9/8/26 9:35 PM,8 minutes and 36 seconds,Manuel Belmonte
IT Italian Trattoria Lincoln,James Arcinegas,123,300,Pasta - lincoln,,9/8/26 10:15 PM,9/8/26 10:25 PM,10 minutes and 46 seconds,Manuel Belmonte
IT Italian Trattoria Lincoln,James Arcinegas,123,300,Pasta - lincoln,,9/8/26 10:16 PM,9/8/26 10:25 PM,9 minutes and 1 second,Manuel Belmonte
IT Italian Trattoria Lincoln,Default Online Ordering,125,,Pasta - lincoln,,9/8/26 10:32 PM,9/8/26 10:48 PM,16 minutes and 24 seconds,Manuel Belmonte
IT Italian Trattoria Lincoln,Donald Dupont,7,,Pasta - lincoln,,9/9/26 9:09 AM,9/9/26 9:20 AM,11 minutes and 6 seconds,Manuel Belmonte
IT Italian Trattoria Lincoln,nazarena moreno,14,,Pasta - lincoln,,9/9/26 9:43 AM,9/9/26 9:49 AM,6 minutes and 6 seconds,Manuel Belmonte
IT Italian Trattoria Lincoln,nazarena moreno,17,,Pasta - lincoln,,9/9/26 9:52 AM,9/9/26 9:57 AM,4 minutes and 45 seconds,Manuel Belmonte
IT Italian Trattoria Lincoln,nazarena moreno,18,211,Pasta - lincoln,,9/9/26 9:56 AM,9/9/26 10:05 AM,8 minutes and 52 seconds,Manuel Belmonte
IT Italian Trattoria Lincoln,nazarena moreno,18,211,Pasta - lincoln,,9/9/26 10:18 AM,9/9/26 10:19 AM,1 minute and 18 seconds,Manuel Belmonte
IT Italian Trattoria Lincoln,Donald Dupont,34,,Pasta - lincoln,,9/9/26 11:30 AM,9/9/26 11:35 AM,4 minutes and 33 seconds,Manuel Belmonte
IT Italian Trattoria Lincoln,nazarena moreno,37,,Drinks - lincoln,,9/9/26 11:49 AM,9/9/26 11:53 AM,4 minutes and 1 second,Manuel Belmonte
IT Italian Trattoria Lincoln,nazarena moreno,37,,No Print / Expo - lincoln,,9/9/26 11:49 AM,9/9/26 11:53 AM,4 minutes and 1 second,Manuel Belmonte
IT Italian Trattoria Lincoln,nazarena moreno,37,,Pasta - lincoln,,9/9/26 11:49 AM,9/9/26 11:53 AM,4 minutes and 1 second,Manuel Belmonte
IT Italian Trattoria Lincoln,nazarena moreno,37,,Pizza - lincoln,,9/9/26 11:49 AM,9/9/26 11:53 AM,4 minutes and 1 second,Manuel Belmonte
IT Italian Trattoria Lincoln,nazarena moreno,37,,Ensalada - lincoln,,9/9/26 11:49 AM,9/9/26 11:53 AM,4 minutes and 1 second,Manuel Belmonte
IT Italian Trattoria Lincoln,nazarena moreno,37,,online ordering - lincoln,,9/9/26 11:49 AM,9/9/26 11:53 AM,4 minutes and 1 second,Manuel Belmonte
IT Italian Trattoria Lincoln,nazarena moreno,37,,Bar Station - lincoln,,9/9/26 11:49 AM,9/9/26 11:53 AM,4 minutes and 1 second,Manuel Belmonte
IT Italian Trattoria Lincoln,nazarena moreno,41,,Pasta - lincoln,,9/9/26 12:08 PM,9/9/26 12:14 PM,5 minutes and 35 seconds,Manuel Belmonte
IT Italian Trattoria Lincoln,Donald Dupont,40,32,Pasta - lincoln,,9/9/26 12:12 PM,9/9/26 12:28 PM,16 minutes,Manuel Belmonte
IT Italian Trattoria Lincoln,Donald Dupont,40,32,Drinks - lincoln,,9/9/26 12:12 PM,9/9/26 12:28 PM,16 minutes,Manuel Belmonte
IT Italian Trattoria Lincoln,Donald Dupont,40,32,Bar Station - lincoln,,9/9/26 12:12 PM,9/9/26 12:28 PM,16 minutes,Manuel Belmonte
IT Italian Trattoria Lincoln,nazarena moreno,43,,Drinks - lincoln,,9/9/26 12:24 PM,9/9/26 12:35 PM,11 minutes and 6 seconds,Manuel Belmonte
IT Italian Trattoria Lincoln,nazarena moreno,43,,Bar Station - lincoln,,9/9/26 12:24 PM,9/9/26 12:35 PM,11 minutes and 6 seconds,Manuel Belmonte
IT Italian Trattoria Lincoln,nazarena moreno,43,,Pasta - lincoln,,9/9/26 12:24 PM,9/9/26 12:35 PM,11 minutes and 6 seconds,Manuel Belmonte
IT Italian Trattoria Lincoln,nazarena moreno,44,,Drinks - lincoln,,9/9/26 12:31 PM,9/9/26 12:40 PM,9 minutes and 30 seconds,Manuel Belmonte
IT Italian Trattoria Lincoln,nazarena moreno,44,,Bar Station - lincoln,,9/9/26 12:31 PM,9/9/26 12:40 PM,9 minutes and 30 seconds,Manuel Belmonte
IT Italian Trattoria Lincoln,nazarena moreno,44,,Pasta - lincoln,,9/9/26 12:31 PM,9/9/26 12:40 PM,9 minutes and 30 seconds,Manuel Belmonte
IT Italian Trattoria Lincoln,Default Online Ordering,45,,Pasta - lincoln,,9/9/26 12:29 PM,9/9/26 12:40 PM,10 minutes and 54 seconds,Manuel Belmonte
IT Italian Trattoria Lincoln,nazarena moreno,47,,Pasta - lincoln,,9/9/26 12:41 PM,9/9/26 12:50 PM,9 minutes and 9 seconds,Manuel Belmonte
IT Italian Trattoria Lincoln,nazarena moreno,46,,Pasta - lincoln,,9/9/26 12:45 PM,9/9/26 12:53 PM,7 minutes and 22 seconds,Manuel Belmonte
IT Italian Trattoria Lincoln,nazarena moreno,49,,Pasta - lincoln,,9/9/26 12:46 PM,9/9/26 12:55 PM,8 minutes and 55 seconds,Manuel Belmonte
IT Italian Trattoria Lincoln,Manuel Belmonte,51,208,Pasta - lincoln,,9/9/26 1:01 PM,9/9/26 1:09 PM,7 minutes and 46 seconds,Manuel Belmonte
IT Italian Trattoria Lincoln,Manuel Belmonte,52,107,Drinks - lincoln,,9/9/26 1:13 PM,9/9/26 1:19 PM,5 minutes and 43 seconds,Manuel Belmonte
IT Italian Trattoria Lincoln,Manuel Belmonte,52,107,Bar Station - lincoln,,9/9/26 1:13 PM,9/9/26 1:19 PM,5 minutes and 43 seconds,Manuel Belmonte
IT Italian Trattoria Lincoln,Manuel Belmonte,52,107,Pasta - lincoln,,9/9/26 1:13 PM,9/9/26 1:19 PM,5 minutes and 43 seconds,Manuel Belmonte
IT Italian Trattoria Lincoln,Manuel Belmonte,52,107,Drinks - lincoln,,9/9/26 1:18 PM,9/9/26 1:19 PM,1 minute and 3 seconds,Manuel Belmonte
IT Italian Trattoria Lincoln,Manuel Belmonte,52,107,Bar Station - lincoln,,9/9/26 1:18 PM,9/9/26 1:19 PM,1 minute and 3 seconds,Manuel Belmonte
IT Italian Trattoria Lincoln,Manuel Belmonte,52,107,Pasta - lincoln,,9/9/26 1:18 PM,9/9/26 1:19 PM,1 minute and 3 seconds,Manuel Belmonte
IT Italian Trattoria Lincoln,Donald Dupont,54,31,Pasta - lincoln,,9/9/26 1:29 PM,9/9/26 1:35 PM,6 minutes and 23 seconds,Manuel Belmonte
IT Italian Trattoria Lincoln,Donald Dupont,56,100,Pasta - lincoln,,9/9/26 1:42 PM,9/9/26 1:49 PM,7 minutes and 10 seconds,Manuel Belmonte
IT Italian Trattoria Lincoln,Manuel Belmonte,60,203,Pasta - lincoln,,9/9/26 1:52 PM,9/9/26 1:58 PM,5 minutes and 48 seconds,Manuel Belmonte
IT Italian Trattoria Lincoln,Manuel Belmonte,63,,Drinks - lincoln,,9/9/26 1:57 PM,9/9/26 1:58 PM,55 seconds,Manuel Belmonte
IT Italian Trattoria Lincoln,Manuel Belmonte,63,,Bar Station - lincoln,,9/9/26 1:57 PM,9/9/26 1:58 PM,55 seconds,Manuel Belmonte
IT Italian Trattoria Lincoln,Manuel Belmonte,63,,Pasta - lincoln,,9/9/26 1:57 PM,9/9/26 1:58 PM,55 seconds,Manuel Belmonte
IT Italian Trattoria Lincoln,Manuel Belmonte,64,,Drinks - lincoln,,9/9/26 2:03 PM,9/9/26 2:05 PM,2 minutes and 9 seconds,Manuel Belmonte
IT Italian Trattoria Lincoln,Manuel Belmonte,64,,No Print / Expo - lincoln,,9/9/26 2:03 PM,9/9/26 2:05 PM,2 minutes and 9 seconds,Manuel Belmonte
IT Italian Trattoria Lincoln,Manuel Belmonte,64,,Pasta - lincoln,,9/9/26 2:03 PM,9/9/26 2:05 PM,2 minutes and 9 seconds,Manuel Belmonte
IT Italian Trattoria Lincoln,Manuel Belmonte,64,,Pizza - lincoln,,9/9/26 2:03 PM,9/9/26 2:05 PM,2 minutes and 9 seconds,Manuel Belmonte
IT Italian Trattoria Lincoln,Manuel Belmonte,64,,Ensalada - lincoln,,9/9/26 2:03 PM,9/9/26 2:05 PM,2 minutes and 9 seconds,Manuel Belmonte
IT Italian Trattoria Lincoln,Manuel Belmonte,64,,online ordering - lincoln,,9/9/26 2:03 PM,9/9/26 2:05 PM,2 minutes and 9 seconds,Manuel Belmonte
IT Italian Trattoria Lincoln,Manuel Belmonte,64,,Bar Station - lincoln,,9/9/26 2:03 PM,9/9/26 2:05 PM,2 minutes and 9 seconds,Manuel Belmonte
IT Italian Trattoria Lincoln,Donald Dupont,65,,Pasta - lincoln,,9/9/26 2:27 PM,9/9/26 2:32 PM,4 minutes and 29 seconds,Manuel Belmonte
IT Italian Trattoria Lincoln,Donald Dupont,68,,Drinks - lincoln,,9/9/26 2:47 PM,9/9/26 2:49 PM,2 minutes and 30 seconds,Manuel Belmonte
IT Italian Trattoria Lincoln,Donald Dupont,68,,No Print / Expo - lincoln,,9/9/26 2:47 PM,9/9/26 2:49 PM,2 minutes and 30 seconds,Manuel Belmonte
IT Italian Trattoria Lincoln,Donald Dupont,68,,Pasta - lincoln,,9/9/26 2:47 PM,9/9/26 2:49 PM,2 minutes and 30 seconds,Manuel Belmonte
IT Italian Trattoria Lincoln,Donald Dupont,68,,Pizza - lincoln,,9/9/26 2:47 PM,9/9/26 2:49 PM,2 minutes and 30 seconds,Manuel Belmonte
IT Italian Trattoria Lincoln,Donald Dupont,68,,Ensalada - lincoln,,9/9/26 2:47 PM,9/9/26 2:49 PM,2 minutes and 30 seconds,Manuel Belmonte
IT Italian Trattoria Lincoln,Donald Dupont,68,,online ordering - lincoln,,9/9/26 2:47 PM,9/9/26 2:49 PM,2 minutes and 30 seconds,Manuel Belmonte
IT Italian Trattoria Lincoln,Donald Dupont,68,,Bar Station - lincoln,,9/9/26 2:47 PM,9/9/26 2:49 PM,2 minutes and 30 seconds,Manuel Belmonte
IT Italian Trattoria Lincoln,Donald Dupont,70,300,Drinks - lincoln,,9/9/26 2:48 PM,9/9/26 2:54 PM,6 minutes and 10 seconds,Manuel Belmonte
IT Italian Trattoria Lincoln,Donald Dupont,70,300,No Print / Expo - lincoln,,9/9/26 2:48 PM,9/9/26 2:54 PM,6 minutes and 10 seconds,Manuel Belmonte
IT Italian Trattoria Lincoln,Donald Dupont,70,300,Pasta - lincoln,,9/9/26 2:48 PM,9/9/26 2:54 PM,6 minutes and 10 seconds,Manuel Belmonte
IT Italian Trattoria Lincoln,Donald Dupont,70,300,Pizza - lincoln,,9/9/26 2:48 PM,9/9/26 2:54 PM,6 minutes and 10 seconds,Manuel Belmonte
IT Italian Trattoria Lincoln,Donald Dupont,70,300,Ensalada - lincoln,,9/9/26 2:48 PM,9/9/26 2:54 PM,6 minutes and 10 seconds,Manuel Belmonte
IT Italian Trattoria Lincoln,Donald Dupont,70,300,online ordering - lincoln,,9/9/26 2:48 PM,9/9/26 2:54 PM,6 minutes and 10 seconds,Manuel Belmonte
IT Italian Trattoria Lincoln,Donald Dupont,70,300,Bar Station - lincoln,,9/9/26 2:48 PM,9/9/26 2:54 PM,6 minutes and 10 seconds,Manuel Belmonte
IT Italian Trattoria Lincoln,Donald Dupont,71,200,Drinks - lincoln,,9/9/26 2:49 PM,9/9/26 2:57 PM,7 minutes and 28 seconds,Manuel Belmonte
IT Italian Trattoria Lincoln,Donald Dupont,71,200,No Print / Expo - lincoln,,9/9/26 2:49 PM,9/9/26 2:57 PM,7 minutes and 28 seconds,Manuel Belmonte
IT Italian Trattoria Lincoln,Donald Dupont,71,200,Pasta - lincoln,,9/9/26 2:49 PM,9/9/26 2:57 PM,7 minutes and 28 seconds,Manuel Belmonte
IT Italian Trattoria Lincoln,Donald Dupont,71,200,Pizza - lincoln,,9/9/26 2:49 PM,9/9/26 2:57 PM,7 minutes and 28 seconds,Manuel Belmonte
IT Italian Trattoria Lincoln,Donald Dupont,71,200,Ensalada - lincoln,,9/9/26 2:49 PM,9/9/26 2:57 PM,7 minutes and 28 seconds,Manuel Belmonte
IT Italian Trattoria Lincoln,Donald Dupont,71,200,online ordering - lincoln,,9/9/26 2:49 PM,9/9/26 2:57 PM,7 minutes and 28 seconds,Manuel Belmonte
IT Italian Trattoria Lincoln,Donald Dupont,71,200,Bar Station - lincoln,,9/9/26 2:49 PM,9/9/26 2:57 PM,7 minutes and 28 seconds,Manuel Belmonte
IT Italian Trattoria Lincoln,Manuel Belmonte,73,,Drinks - lincoln,,9/9/26 3:19 PM,9/9/26 3:25 PM,5 minutes and 40 seconds,Manuel Belmonte
IT Italian Trattoria Lincoln,Manuel Belmonte,73,,No Print / Expo - lincoln,,9/9/26 3:19 PM,9/9/26 3:25 PM,5 minutes and 40 seconds,Manuel Belmonte
IT Italian Trattoria Lincoln,Manuel Belmonte,73,,Pasta - lincoln,,9/9/26 3:19 PM,9/9/26 3:25 PM,5 minutes and 40 seconds,Manuel Belmonte
IT Italian Trattoria Lincoln,Manuel Belmonte,73,,Pizza - lincoln,,9/9/26 3:19 PM,9/9/26 3:25 PM,5 minutes and 40 seconds,Manuel Belmonte
IT Italian Trattoria Lincoln,Manuel Belmonte,73,,Ensalada - lincoln,,9/9/26 3:19 PM,9/9/26 3:25 PM,5 minutes and 40 seconds,Manuel Belmonte
IT Italian Trattoria Lincoln,Manuel Belmonte,73,,online ordering - lincoln,,9/9/26 3:19 PM,9/9/26 3:25 PM,5 minutes and 40 seconds,Manuel Belmonte
IT Italian Trattoria Lincoln,Manuel Belmonte,73,,Bar Station - lincoln,,9/9/26 3:19 PM,9/9/26 3:25 PM,5 minutes and 40 seconds,Manuel Belmonte
IT Italian Trattoria Lincoln,Manuel Belmonte,74,,Drinks - lincoln,,9/9/26 3:28 PM,9/9/26 3:29 PM,40 seconds,Manuel Belmonte
IT Italian Trattoria Lincoln,Manuel Belmonte,74,,No Print / Expo - lincoln,,9/9/26 3:28 PM,9/9/26 3:29 PM,40 seconds,Manuel Belmonte
IT Italian Trattoria Lincoln,Manuel Belmonte,74,,Pasta - lincoln,,9/9/26 3:28 PM,9/9/26 3:29 PM,40 seconds,Manuel Belmonte
IT Italian Trattoria Lincoln,Manuel Belmonte,74,,Pizza - lincoln,,9/9/26 3:28 PM,9/9/26 3:29 PM,40 seconds,Manuel Belmonte
IT Italian Trattoria Lincoln,Manuel Belmonte,74,,Ensalada - lincoln,,9/9/26 3:28 PM,9/9/26 3:29 PM,40 seconds,Manuel Belmonte
IT Italian Trattoria Lincoln,Manuel Belmonte,74,,online ordering - lincoln,,9/9/26 3:28 PM,9/9/26 3:29 PM,40 seconds,Manuel Belmonte
IT Italian Trattoria Lincoln,Manuel Belmonte,74,,Bar Station - lincoln,,9/9/26 3:28 PM,9/9/26 3:29 PM,40 seconds,Manuel Belmonte
IT Italian Trattoria Lincoln,Manuel Belmonte,78,,Drinks - lincoln,,9/9/26 3:42 PM,9/9/26 3:42 PM,20 seconds,Davide Christopher Paredi
IT Italian Trattoria Lincoln,Manuel Belmonte,78,,No Print / Expo - lincoln,,9/9/26 3:42 PM,9/9/26 3:42 PM,20 seconds,Davide Christopher Paredi
IT Italian Trattoria Lincoln,Manuel Belmonte,78,,Pasta - lincoln,,9/9/26 3:42 PM,9/9/26 3:42 PM,20 seconds,Davide Christopher Paredi
IT Italian Trattoria Lincoln,Manuel Belmonte,78,,Pizza - lincoln,,9/9/26 3:42 PM,9/9/26 3:42 PM,20 seconds,Davide Christopher Paredi
IT Italian Trattoria Lincoln,Manuel Belmonte,78,,Ensalada - lincoln,,9/9/26 3:42 PM,9/9/26 3:42 PM,20 seconds,Davide Christopher Paredi
IT Italian Trattoria Lincoln,Manuel Belmonte,78,,online ordering - lincoln,,9/9/26 3:42 PM,9/9/26 3:42 PM,20 seconds,Davide Christopher Paredi
IT Italian Trattoria Lincoln,Manuel Belmonte,78,,Bar Station - lincoln,,9/9/26 3:42 PM,9/9/26 3:42 PM,20 seconds,Davide Christopher Paredi
IT Italian Trattoria Lincoln,Manuel Belmonte,75,,Drinks - lincoln,,9/9/26 3:40 PM,9/9/26 3:42 PM,2 minutes and 9 seconds,Davide Christopher Paredi
IT Italian Trattoria Lincoln,Manuel Belmonte,75,,No Print / Expo - lincoln,,9/9/26 3:40 PM,9/9/26 3:42 PM,2 minutes and 9 seconds,Davide Christopher Paredi
IT Italian Trattoria Lincoln,Manuel Belmonte,75,,Pasta - lincoln,,9/9/26 3:40 PM,9/9/26 3:42 PM,2 minutes and 9 seconds,Davide Christopher Paredi
IT Italian Trattoria Lincoln,Manuel Belmonte,75,,Pizza - lincoln,,9/9/26 3:40 PM,9/9/26 3:42 PM,2 minutes and 9 seconds,Davide Christopher Paredi
IT Italian Trattoria Lincoln,Manuel Belmonte,75,,Ensalada - lincoln,,9/9/26 3:40 PM,9/9/26 3:42 PM,2 minutes and 9 seconds,Davide Christopher Paredi
IT Italian Trattoria Lincoln,Manuel Belmonte,75,,online ordering - lincoln,,9/9/26 3:40 PM,9/9/26 3:42 PM,2 minutes and 9 seconds,Davide Christopher Paredi
IT Italian Trattoria Lincoln,Manuel Belmonte,75,,Bar Station - lincoln,,9/9/26 3:40 PM,9/9/26 3:42 PM,2 minutes and 9 seconds,Davide Christopher Paredi
IT Italian Trattoria Lincoln,Manuel Belmonte,76,303,Drinks - lincoln,,9/9/26 3:37 PM,9/9/26 3:53 PM,15 minutes and 32 seconds,Manuel Belmonte
IT Italian Trattoria Lincoln,Manuel Belmonte,76,303,No Print / Expo - lincoln,,9/9/26 3:37 PM,9/9/26 3:53 PM,15 minutes and 32 seconds,Manuel Belmonte
IT Italian Trattoria Lincoln,Manuel Belmonte,76,303,Pasta - lincoln,,9/9/26 3:37 PM,9/9/26 3:53 PM,15 minutes and 32 seconds,Manuel Belmonte
IT Italian Trattoria Lincoln,Manuel Belmonte,76,303,Pizza - lincoln,,9/9/26 3:37 PM,9/9/26 3:53 PM,15 minutes and 32 seconds,Manuel Belmonte
IT Italian Trattoria Lincoln,Manuel Belmonte,76,303,Ensalada - lincoln,,9/9/26 3:37 PM,9/9/26 3:53 PM,15 minutes and 32 seconds,Manuel Belmonte
IT Italian Trattoria Lincoln,Manuel Belmonte,76,303,online ordering - lincoln,,9/9/26 3:37 PM,9/9/26 3:53 PM,15 minutes and 32 seconds,Manuel Belmonte
IT Italian Trattoria Lincoln,Manuel Belmonte,76,303,Bar Station - lincoln,,9/9/26 3:37 PM,9/9/26 3:53 PM,15 minutes and 32 seconds,Manuel Belmonte
IT Italian Trattoria Lincoln,Manuel Belmonte,76,303,Drinks - lincoln,,9/9/26 4:26 PM,9/9/26 4:28 PM,1 minute and 51 seconds,Manuel Belmonte
IT Italian Trattoria Lincoln,Manuel Belmonte,76,303,No Print / Expo - lincoln,,9/9/26 4:26 PM,9/9/26 4:28 PM,1 minute and 51 seconds,Manuel Belmonte
IT Italian Trattoria Lincoln,Manuel Belmonte,76,303,Pasta - lincoln,,9/9/26 4:26 PM,9/9/26 4:28 PM,1 minute and 51 seconds,Manuel Belmonte
IT Italian Trattoria Lincoln,Manuel Belmonte,76,303,Pizza - lincoln,,9/9/26 4:26 PM,9/9/26 4:28 PM,1 minute and 51 seconds,Manuel Belmonte
IT Italian Trattoria Lincoln,Manuel Belmonte,76,303,Ensalada - lincoln,,9/9/26 4:26 PM,9/9/26 4:28 PM,1 minute and 51 seconds,Manuel Belmonte
IT Italian Trattoria Lincoln,Manuel Belmonte,76,303,online ordering - lincoln,,9/9/26 4:26 PM,9/9/26 4:28 PM,1 minute and 51 seconds,Manuel Belmonte
IT Italian Trattoria Lincoln,Manuel Belmonte,76,303,Bar Station - lincoln,,9/9/26 4:26 PM,9/9/26 4:28 PM,1 minute and 51 seconds,Manuel Belmonte
IT Italian Trattoria Lincoln,Manuel Belmonte,83,,Drinks - lincoln,,9/9/26 4:44 PM,9/9/26 4:52 PM,7 minutes and 11 seconds,Manuel Belmonte
IT Italian Trattoria Lincoln,Manuel Belmonte,83,,No Print / Expo - lincoln,,9/9/26 4:44 PM,9/9/26 4:52 PM,7 minutes and 11 seconds,Manuel Belmonte
IT Italian Trattoria Lincoln,Manuel Belmonte,83,,Pasta - lincoln,,9/9/26 4:44 PM,9/9/26 4:52 PM,7 minutes and 11 seconds,Manuel Belmonte
IT Italian Trattoria Lincoln,Manuel Belmonte,83,,Pizza - lincoln,,9/9/26 4:44 PM,9/9/26 4:52 PM,7 minutes and 11 seconds,Manuel Belmonte
IT Italian Trattoria Lincoln,Manuel Belmonte,83,,Ensalada - lincoln,,9/9/26 4:44 PM,9/9/26 4:52 PM,7 minutes and 11 seconds,Manuel Belmonte
IT Italian Trattoria Lincoln,Manuel Belmonte,83,,online ordering - lincoln,,9/9/26 4:44 PM,9/9/26 4:52 PM,7 minutes and 11 seconds,Manuel Belmonte
IT Italian Trattoria Lincoln,Manuel Belmonte,83,,Bar Station - lincoln,,9/9/26 4:44 PM,9/9/26 4:52 PM,7 minutes and 11 seconds,Manuel Belmonte
IT Italian Trattoria Lincoln,Manuel Belmonte,82,203,Drinks - lincoln,,9/9/26 4:50 PM,9/9/26 4:57 PM,6 minutes and 57 seconds,Manuel Belmonte
IT Italian Trattoria Lincoln,Manuel Belmonte,82,203,No Print / Expo - lincoln,,9/9/26 4:50 PM,9/9/26 4:57 PM,6 minutes and 57 seconds,Manuel Belmonte
IT Italian Trattoria Lincoln,Manuel Belmonte,82,203,Pasta - lincoln,,9/9/26 4:50 PM,9/9/26 4:57 PM,6 minutes and 57 seconds,Manuel Belmonte
IT Italian Trattoria Lincoln,Manuel Belmonte,82,203,Pizza - lincoln,,9/9/26 4:50 PM,9/9/26 4:57 PM,6 minutes and 57 seconds,Manuel Belmonte
IT Italian Trattoria Lincoln,Manuel Belmonte,82,203,Ensalada - lincoln,,9/9/26 4:50 PM,9/9/26 4:57 PM,6 minutes and 57 seconds,Manuel Belmonte
IT Italian Trattoria Lincoln,Manuel Belmonte,82,203,online ordering - lincoln,,9/9/26 4:50 PM,9/9/26 4:57 PM,6 minutes and 57 seconds,Manuel Belmonte
IT Italian Trattoria Lincoln,Manuel Belmonte,82,203,Bar Station - lincoln,,9/9/26 4:50 PM,9/9/26 4:57 PM,6 minutes and 57 seconds,Manuel Belmonte
IT Italian Trattoria Lincoln,Manuel Belmonte,85,211,Drinks - lincoln,,9/9/26 5:05 PM,9/9/26 5:13 PM,8 minutes and 17 seconds,Manuel Belmonte
IT Italian Trattoria Lincoln,Manuel Belmonte,85,211,No Print / Expo - lincoln,,9/9/26 5:05 PM,9/9/26 5:13 PM,8 minutes and 17 seconds,Manuel Belmonte
IT Italian Trattoria Lincoln,Manuel Belmonte,85,211,Pasta - lincoln,,9/9/26 5:05 PM,9/9/26 5:13 PM,8 minutes and 17 seconds,Manuel Belmonte
IT Italian Trattoria Lincoln,Manuel Belmonte,85,211,Pizza - lincoln,,9/9/26 5:05 PM,9/9/26 5:13 PM,8 minutes and 17 seconds,Manuel Belmonte
IT Italian Trattoria Lincoln,Manuel Belmonte,85,211,Ensalada - lincoln,,9/9/26 5:05 PM,9/9/26 5:13 PM,8 minutes and 17 seconds,Manuel Belmonte
IT Italian Trattoria Lincoln,Manuel Belmonte,85,211,online ordering - lincoln,,9/9/26 5:05 PM,9/9/26 5:13 PM,8 minutes and 17 seconds,Manuel Belmonte
IT Italian Trattoria Lincoln,Manuel Belmonte,85,211,Bar Station - lincoln,,9/9/26 5:05 PM,9/9/26 5:13 PM,8 minutes and 17 seconds,Manuel Belmonte
IT Italian Trattoria Lincoln,Manuel Belmonte,87,,Drinks - lincoln,,9/9/26 5:13 PM,9/9/26 5:13 PM,24 seconds,Manuel Belmonte
IT Italian Trattoria Lincoln,Manuel Belmonte,87,,No Print / Expo - lincoln,,9/9/26 5:13 PM,9/9/26 5:13 PM,24 seconds,Manuel Belmonte
IT Italian Trattoria Lincoln,Manuel Belmonte,87,,Pasta - lincoln,,9/9/26 5:13 PM,9/9/26 5:13 PM,24 seconds,Manuel Belmonte
IT Italian Trattoria Lincoln,Manuel Belmonte,87,,Pizza - lincoln,,9/9/26 5:13 PM,9/9/26 5:13 PM,24 seconds,Manuel Belmonte
IT Italian Trattoria Lincoln,Manuel Belmonte,87,,Ensalada - lincoln,,9/9/26 5:13 PM,9/9/26 5:13 PM,24 seconds,Manuel Belmonte
IT Italian Trattoria Lincoln,Manuel Belmonte,87,,online ordering - lincoln,,9/9/26 5:13 PM,9/9/26 5:13 PM,24 seconds,Manuel Belmonte
IT Italian Trattoria Lincoln,Manuel Belmonte,87,,Bar Station - lincoln,,9/9/26 5:13 PM,9/9/26 5:13 PM,24 seconds,Manuel Belmonte
IT Italian Trattoria Lincoln,Manuel Belmonte,88,,Drinks - lincoln,,9/9/26 5:14 PM,9/9/26 5:15 PM,1 minute and 7 seconds,Manuel Belmonte
IT Italian Trattoria Lincoln,Manuel Belmonte,88,,No Print / Expo - lincoln,,9/9/26 5:14 PM,9/9/26 5:15 PM,1 minute and 7 seconds,Manuel Belmonte
IT Italian Trattoria Lincoln,Manuel Belmonte,88,,Pasta - lincoln,,9/9/26 5:14 PM,9/9/26 5:15 PM,1 minute and 7 seconds,Manuel Belmonte
IT Italian Trattoria Lincoln,Manuel Belmonte,88,,Pizza - lincoln,,9/9/26 5:14 PM,9/9/26 5:15 PM,1 minute and 7 seconds,Manuel Belmonte
IT Italian Trattoria Lincoln,Manuel Belmonte,88,,Ensalada - lincoln,,9/9/26 5:14 PM,9/9/26 5:15 PM,1 minute and 7 seconds,Manuel Belmonte
IT Italian Trattoria Lincoln,Manuel Belmonte,88,,online ordering - lincoln,,9/9/26 5:14 PM,9/9/26 5:15 PM,1 minute and 7 seconds,Manuel Belmonte
IT Italian Trattoria Lincoln,Manuel Belmonte,88,,Bar Station - lincoln,,9/9/26 5:14 PM,9/9/26 5:15 PM,1 minute and 7 seconds,Manuel Belmonte
IT Italian Trattoria Lincoln,Manuel Belmonte,91,,Drinks - lincoln,,9/9/26 5:20 PM,9/9/26 5:21 PM,1 minute and 28 seconds,Manuel Belmonte
IT Italian Trattoria Lincoln,Manuel Belmonte,91,,No Print / Expo - lincoln,,9/9/26 5:20 PM,9/9/26 5:21 PM,1 minute and 28 seconds,Manuel Belmonte
IT Italian Trattoria Lincoln,Manuel Belmonte,91,,Pasta - lincoln,,9/9/26 5:20 PM,9/9/26 5:21 PM,1 minute and 28 seconds,Manuel Belmonte
IT Italian Trattoria Lincoln,Manuel Belmonte,91,,Pizza - lincoln,,9/9/26 5:20 PM,9/9/26 5:21 PM,1 minute and 28 seconds,Manuel Belmonte
IT Italian Trattoria Lincoln,Manuel Belmonte,91,,Ensalada - lincoln,,9/9/26 5:20 PM,9/9/26 5:21 PM,1 minute and 28 seconds,Manuel Belmonte
IT Italian Trattoria Lincoln,Manuel Belmonte,91,,online ordering - lincoln,,9/9/26 5:20 PM,9/9/26 5:21 PM,1 minute and 28 seconds,Manuel Belmonte
IT Italian Trattoria Lincoln,Manuel Belmonte,91,,Bar Station - lincoln,,9/9/26 5:20 PM,9/9/26 5:21 PM,1 minute and 28 seconds,Manuel Belmonte
IT Italian Trattoria Lincoln,Manuel Belmonte,93,204,Drinks - lincoln,,9/9/26 5:37 PM,9/9/26 5:56 PM,18 minutes and 53 seconds,Manuel Belmonte
IT Italian Trattoria Lincoln,Manuel Belmonte,93,204,No Print / Expo - lincoln,,9/9/26 5:37 PM,9/9/26 5:56 PM,18 minutes and 53 seconds,Manuel Belmonte
IT Italian Trattoria Lincoln,Manuel Belmonte,93,204,Pasta - lincoln,,9/9/26 5:37 PM,9/9/26 5:56 PM,18 minutes and 53 seconds,Manuel Belmonte
IT Italian Trattoria Lincoln,Manuel Belmonte,93,204,Pizza - lincoln,,9/9/26 5:37 PM,9/9/26 5:56 PM,18 minutes and 53 seconds,Manuel Belmonte
IT Italian Trattoria Lincoln,Manuel Belmonte,93,204,Ensalada - lincoln,,9/9/26 5:37 PM,9/9/26 5:56 PM,18 minutes and 53 seconds,Manuel Belmonte
IT Italian Trattoria Lincoln,Manuel Belmonte,93,204,online ordering - lincoln,,9/9/26 5:37 PM,9/9/26 5:56 PM,18 minutes and 53 seconds,Manuel Belmonte
IT Italian Trattoria Lincoln,Manuel Belmonte,93,204,Bar Station - lincoln,,9/9/26 5:37 PM,9/9/26 5:56 PM,18 minutes and 53 seconds,Manuel Belmonte
IT Italian Trattoria Lincoln,Manuel Belmonte,93,204,Drinks - lincoln,,9/9/26 5:33 PM,9/9/26 5:56 PM,22 minutes and 41 seconds,Manuel Belmonte
IT Italian Trattoria Lincoln,Manuel Belmonte,93,204,No Print / Expo - lincoln,,9/9/26 5:33 PM,9/9/26 5:56 PM,22 minutes and 41 seconds,Manuel Belmonte
IT Italian Trattoria Lincoln,Manuel Belmonte,93,204,Pasta - lincoln,,9/9/26 5:33 PM,9/9/26 5:56 PM,22 minutes and 41 seconds,Manuel Belmonte
IT Italian Trattoria Lincoln,Manuel Belmonte,93,204,Pizza - lincoln,,9/9/26 5:33 PM,9/9/26 5:56 PM,22 minutes and 41 seconds,Manuel Belmonte
IT Italian Trattoria Lincoln,Manuel Belmonte,93,204,Ensalada - lincoln,,9/9/26 5:33 PM,9/9/26 5:56 PM,22 minutes and 41 seconds,Manuel Belmonte
IT Italian Trattoria Lincoln,Manuel Belmonte,93,204,online ordering - lincoln,,9/9/26 5:33 PM,9/9/26 5:56 PM,22 minutes and 41 seconds,Manuel Belmonte
IT Italian Trattoria Lincoln,Manuel Belmonte,93,204,Bar Station - lincoln,,9/9/26 5:33 PM,9/9/26 5:56 PM,22 minutes and 41 seconds,Manuel Belmonte
IT Italian Trattoria Lincoln,Manuel Belmonte,93,204,Drinks - lincoln,,9/9/26 5:34 PM,9/9/26 5:56 PM,22 minutes and 3 seconds,Manuel Belmonte
IT Italian Trattoria Lincoln,Manuel Belmonte,93,204,No Print / Expo - lincoln,,9/9/26 5:34 PM,9/9/26 5:56 PM,22 minutes and 3 seconds,Manuel Belmonte
IT Italian Trattoria Lincoln,Manuel Belmonte,93,204,Pasta - lincoln,,9/9/26 5:34 PM,9/9/26 5:56 PM,22 minutes and 3 seconds,Manuel Belmonte
IT Italian Trattoria Lincoln,Manuel Belmonte,93,204,Pizza - lincoln,,9/9/26 5:34 PM,9/9/26 5:56 PM,22 minutes and 3 seconds,Manuel Belmonte
IT Italian Trattoria Lincoln,Manuel Belmonte,93,204,Ensalada - lincoln,,9/9/26 5:34 PM,9/9/26 5:56 PM,22 minutes and 3 seconds,Manuel Belmonte
IT Italian Trattoria Lincoln,Manuel Belmonte,93,204,online ordering - lincoln,,9/9/26 5:34 PM,9/9/26 5:56 PM,22 minutes and 3 seconds,Manuel Belmonte
IT Italian Trattoria Lincoln,Manuel Belmonte,93,204,Bar Station - lincoln,,9/9/26 5:34 PM,9/9/26 5:56 PM,22 minutes and 3 seconds,Manuel Belmonte
IT Italian Trattoria Lincoln,Manuel Belmonte,93,204,Drinks - lincoln,,9/9/26 5:58 PM,9/9/26 6:05 PM,6 minutes and 59 seconds,Manuel Belmonte
IT Italian Trattoria Lincoln,Manuel Belmonte,93,204,No Print / Expo - lincoln,,9/9/26 5:58 PM,9/9/26 6:05 PM,6 minutes and 59 seconds,Manuel Belmonte
IT Italian Trattoria Lincoln,Manuel Belmonte,93,204,Pasta - lincoln,,9/9/26 5:58 PM,9/9/26 6:05 PM,6 minutes and 59 seconds,Manuel Belmonte
IT Italian Trattoria Lincoln,Manuel Belmonte,93,204,Pizza - lincoln,,9/9/26 5:58 PM,9/9/26 6:05 PM,6 minutes and 59 seconds,Manuel Belmonte
IT Italian Trattoria Lincoln,Manuel Belmonte,93,204,Ensalada - lincoln,,9/9/26 5:58 PM,9/9/26 6:05 PM,6 minutes and 59 seconds,Manuel Belmonte
IT Italian Trattoria Lincoln,Manuel Belmonte,93,204,online ordering - lincoln,,9/9/26 5:58 PM,9/9/26 6:05 PM,6 minutes and 59 seconds,Manuel Belmonte
IT Italian Trattoria Lincoln,Manuel Belmonte,93,204,Bar Station - lincoln,,9/9/26 5:58 PM,9/9/26 6:05 PM,6 minutes and 59 seconds,Manuel Belmonte
IT Italian Trattoria Lincoln,Manuel Belmonte,95,21,Drinks - lincoln,,9/9/26 5:59 PM,9/9/26 6:05 PM,6 minutes and 15 seconds,Manuel Belmonte
IT Italian Trattoria Lincoln,Manuel Belmonte,95,21,No Print / Expo - lincoln,,9/9/26 5:59 PM,9/9/26 6:05 PM,6 minutes and 15 seconds,Manuel Belmonte
IT Italian Trattoria Lincoln,Manuel Belmonte,95,21,Pasta - lincoln,,9/9/26 5:59 PM,9/9/26 6:05 PM,6 minutes and 15 seconds,Manuel Belmonte
IT Italian Trattoria Lincoln,Manuel Belmonte,95,21,Pizza - lincoln,,9/9/26 5:59 PM,9/9/26 6:05 PM,6 minutes and 15 seconds,Manuel Belmonte
IT Italian Trattoria Lincoln,Manuel Belmonte,95,21,Ensalada - lincoln,,9/9/26 5:59 PM,9/9/26 6:05 PM,6 minutes and 15 seconds,Manuel Belmonte
IT Italian Trattoria Lincoln,Manuel Belmonte,95,21,online ordering - lincoln,,9/9/26 5:59 PM,9/9/26 6:05 PM,6 minutes and 15 seconds,Manuel Belmonte
IT Italian Trattoria Lincoln,Manuel Belmonte,95,21,Bar Station - lincoln,,9/9/26 5:59 PM,9/9/26 6:05 PM,6 minutes and 15 seconds,Manuel Belmonte
IT Italian Trattoria Lincoln,Manuel Belmonte,97,8,Drinks - lincoln,,9/9/26 6:06 PM,9/9/26 6:08 PM,2 minutes and 1 second,Manuel Belmonte
IT Italian Trattoria Lincoln,Manuel Belmonte,97,8,No Print / Expo - lincoln,,9/9/26 6:06 PM,9/9/26 6:08 PM,2 minutes and 1 second,Manuel Belmonte
IT Italian Trattoria Lincoln,Manuel Belmonte,97,8,Pasta - lincoln,,9/9/26 6:06 PM,9/9/26 6:08 PM,2 minutes and 1 second,Manuel Belmonte
IT Italian Trattoria Lincoln,Manuel Belmonte,97,8,Pizza - lincoln,,9/9/26 6:06 PM,9/9/26 6:08 PM,2 minutes and 1 second,Manuel Belmonte
IT Italian Trattoria Lincoln,Manuel Belmonte,97,8,Ensalada - lincoln,,9/9/26 6:06 PM,9/9/26 6:08 PM,2 minutes and 1 second,Manuel Belmonte
IT Italian Trattoria Lincoln,Manuel Belmonte,97,8,online ordering - lincoln,,9/9/26 6:06 PM,9/9/26 6:08 PM,2 minutes and 1 second,Manuel Belmonte
IT Italian Trattoria Lincoln,Manuel Belmonte,97,8,Bar Station - lincoln,,9/9/26 6:06 PM,9/9/26 6:08 PM,2 minutes and 1 second,Manuel Belmonte
IT Italian Trattoria Lincoln,nevrije dosku,98,,Drinks - lincoln,,9/9/26 6:12 PM,9/9/26 6:13 PM,1 minute and 48 seconds,Manuel Belmonte
IT Italian Trattoria Lincoln,nevrije dosku,98,,No Print / Expo - lincoln,,9/9/26 6:12 PM,9/9/26 6:13 PM,1 minute and 48 seconds,Manuel Belmonte
IT Italian Trattoria Lincoln,nevrije dosku,98,,Pasta - lincoln,,9/9/26 6:12 PM,9/9/26 6:13 PM,1 minute and 48 seconds,Manuel Belmonte
IT Italian Trattoria Lincoln,nevrije dosku,98,,Pizza - lincoln,,9/9/26 6:12 PM,9/9/26 6:13 PM,1 minute and 48 seconds,Manuel Belmonte
IT Italian Trattoria Lincoln,nevrije dosku,98,,Ensalada - lincoln,,9/9/26 6:12 PM,9/9/26 6:13 PM,1 minute and 48 seconds,Manuel Belmonte
IT Italian Trattoria Lincoln,nevrije dosku,98,,online ordering - lincoln,,9/9/26 6:12 PM,9/9/26 6:13 PM,1 minute and 48 seconds,Manuel Belmonte
IT Italian Trattoria Lincoln,nevrije dosku,98,,Bar Station - lincoln,,9/9/26 6:12 PM,9/9/26 6:13 PM,1 minute and 48 seconds,Manuel Belmonte
IT Italian Trattoria Lincoln,Manuel Belmonte,93,204,Drinks - lincoln,,9/9/26 6:10 PM,9/9/26 6:22 PM,11 minutes and 36 seconds,Manuel Belmonte
IT Italian Trattoria Lincoln,Manuel Belmonte,93,204,No Print / Expo - lincoln,,9/9/26 6:10 PM,9/9/26 6:22 PM,11 minutes and 36 seconds,Manuel Belmonte
IT Italian Trattoria Lincoln,Manuel Belmonte,93,204,Pasta - lincoln,,9/9/26 6:10 PM,9/9/26 6:22 PM,11 minutes and 36 seconds,Manuel Belmonte
IT Italian Trattoria Lincoln,Manuel Belmonte,93,204,Pizza - lincoln,,9/9/26 6:10 PM,9/9/26 6:22 PM,11 minutes and 36 seconds,Manuel Belmonte
IT Italian Trattoria Lincoln,Manuel Belmonte,93,204,Ensalada - lincoln,,9/9/26 6:10 PM,9/9/26 6:22 PM,11 minutes and 36 seconds,Manuel Belmonte
IT Italian Trattoria Lincoln,Manuel Belmonte,93,204,online ordering - lincoln,,9/9/26 6:10 PM,9/9/26 6:22 PM,11 minutes and 36 seconds,Manuel Belmonte
IT Italian Trattoria Lincoln,Manuel Belmonte,93,204,Bar Station - lincoln,,9/9/26 6:10 PM,9/9/26 6:22 PM,11 minutes and 36 seconds,Manuel Belmonte
IT Italian Trattoria Lincoln,Manuel Belmonte,102,,Drinks - lincoln,,9/9/26 6:22 PM,9/9/26 6:22 PM,12 seconds,Manuel Belmonte
IT Italian Trattoria Lincoln,Manuel Belmonte,102,,No Print / Expo - lincoln,,9/9/26 6:22 PM,9/9/26 6:22 PM,12 seconds,Manuel Belmonte
IT Italian Trattoria Lincoln,Manuel Belmonte,102,,Pasta - lincoln,,9/9/26 6:22 PM,9/9/26 6:22 PM,12 seconds,Manuel Belmonte
IT Italian Trattoria Lincoln,Manuel Belmonte,102,,Pizza - lincoln,,9/9/26 6:22 PM,9/9/26 6:22 PM,12 seconds,Manuel Belmonte
IT Italian Trattoria Lincoln,Manuel Belmonte,102,,Ensalada - lincoln,,9/9/26 6:22 PM,9/9/26 6:22 PM,12 seconds,Manuel Belmonte
IT Italian Trattoria Lincoln,Manuel Belmonte,102,,online ordering - lincoln,,9/9/26 6:22 PM,9/9/26 6:22 PM,12 seconds,Manuel Belmonte
IT Italian Trattoria Lincoln,Manuel Belmonte,102,,Bar Station - lincoln,,9/9/26 6:22 PM,9/9/26 6:22 PM,12 seconds,Manuel Belmonte
IT Italian Trattoria Lincoln,Manuel Belmonte,93,204,Drinks - lincoln,,9/9/26 6:27 PM,9/9/26 6:28 PM,1 minute and 7 seconds,Manuel Belmonte
IT Italian Trattoria Lincoln,Manuel Belmonte,93,204,No Print / Expo - lincoln,,9/9/26 6:27 PM,9/9/26 6:28 PM,1 minute and 7 seconds,Manuel Belmonte
IT Italian Trattoria Lincoln,Manuel Belmonte,93,204,Pasta - lincoln,,9/9/26 6:27 PM,9/9/26 6:28 PM,1 minute and 7 seconds,Manuel Belmonte
IT Italian Trattoria Lincoln,Manuel Belmonte,93,204,Pizza - lincoln,,9/9/26 6:27 PM,9/9/26 6:28 PM,1 minute and 7 seconds,Manuel Belmonte
IT Italian Trattoria Lincoln,Manuel Belmonte,93,204,Ensalada - lincoln,,9/9/26 6:27 PM,9/9/26 6:28 PM,1 minute and 7 seconds,Manuel Belmonte
IT Italian Trattoria Lincoln,Manuel Belmonte,93,204,online ordering - lincoln,,9/9/26 6:27 PM,9/9/26 6:28 PM,1 minute and 7 seconds,Manuel Belmonte
IT Italian Trattoria Lincoln,Manuel Belmonte,93,204,Bar Station - lincoln,,9/9/26 6:27 PM,9/9/26 6:28 PM,1 minute and 7 seconds,Manuel Belmonte
IT Italian Trattoria Lincoln,Manuel Belmonte,93,204,Drinks - lincoln,,9/9/26 6:27 PM,9/9/26 6:28 PM,37 seconds,Manuel Belmonte
IT Italian Trattoria Lincoln,Manuel Belmonte,93,204,No Print / Expo - lincoln,,9/9/26 6:27 PM,9/9/26 6:28 PM,37 seconds,Manuel Belmonte
IT Italian Trattoria Lincoln,Manuel Belmonte,93,204,Pasta - lincoln,,9/9/26 6:27 PM,9/9/26 6:28 PM,37 seconds,Manuel Belmonte
IT Italian Trattoria Lincoln,Manuel Belmonte,93,204,Pizza - lincoln,,9/9/26 6:27 PM,9/9/26 6:28 PM,37 seconds,Manuel Belmonte
IT Italian Trattoria Lincoln,Manuel Belmonte,93,204,Ensalada - lincoln,,9/9/26 6:27 PM,9/9/26 6:28 PM,37 seconds,Manuel Belmonte
IT Italian Trattoria Lincoln,Manuel Belmonte,93,204,online ordering - lincoln,,9/9/26 6:27 PM,9/9/26 6:28 PM,37 seconds,Manuel Belmonte
IT Italian Trattoria Lincoln,Manuel Belmonte,93,204,Bar Station - lincoln,,9/9/26 6:27 PM,9/9/26 6:28 PM,37 seconds,Manuel Belmonte
IT Italian Trattoria Lincoln,nevrije dosku,110,205,Drinks - lincoln,,9/9/26 8:02 PM,9/9/26 8:10 PM,8 minutes and 22 seconds,Manuel Belmonte
IT Italian Trattoria Lincoln,nevrije dosku,110,205,No Print / Expo - lincoln,,9/9/26 8:02 PM,9/9/26 8:10 PM,8 minutes and 22 seconds,Manuel Belmonte
IT Italian Trattoria Lincoln,nevrije dosku,110,205,Pasta - lincoln,,9/9/26 8:02 PM,9/9/26 8:10 PM,8 minutes and 22 seconds,Manuel Belmonte
IT Italian Trattoria Lincoln,nevrije dosku,110,205,Pizza - lincoln,,9/9/26 8:02 PM,9/9/26 8:10 PM,8 minutes and 22 seconds,Manuel Belmonte
IT Italian Trattoria Lincoln,nevrije dosku,110,205,Ensalada - lincoln,,9/9/26 8:02 PM,9/9/26 8:10 PM,8 minutes and 22 seconds,Manuel Belmonte
IT Italian Trattoria Lincoln,nevrije dosku,110,205,online ordering - lincoln,,9/9/26 8:02 PM,9/9/26 8:10 PM,8 minutes and 22 seconds,Manuel Belmonte
IT Italian Trattoria Lincoln,nevrije dosku,110,205,Bar Station - lincoln,,9/9/26 8:02 PM,9/9/26 8:10 PM,8 minutes and 22 seconds,Manuel Belmonte
IT Italian Trattoria Lincoln,nevrije dosku,110,205,Drinks - lincoln,,9/9/26 8:03 PM,9/9/26 8:10 PM,7 minutes and 8 seconds,Manuel Belmonte
IT Italian Trattoria Lincoln,nevrije dosku,110,205,No Print / Expo - lincoln,,9/9/26 8:03 PM,9/9/26 8:10 PM,7 minutes and 8 seconds,Manuel Belmonte
IT Italian Trattoria Lincoln,nevrije dosku,110,205,Pasta - lincoln,,9/9/26 8:03 PM,9/9/26 8:10 PM,7 minutes and 8 seconds,Manuel Belmonte
IT Italian Trattoria Lincoln,nevrije dosku,110,205,Pizza - lincoln,,9/9/26 8:03 PM,9/9/26 8:10 PM,7 minutes and 8 seconds,Manuel Belmonte
IT Italian Trattoria Lincoln,nevrije dosku,110,205,Ensalada - lincoln,,9/9/26 8:03 PM,9/9/26 8:10 PM,7 minutes and 8 seconds,Manuel Belmonte
IT Italian Trattoria Lincoln,nevrije dosku,110,205,online ordering - lincoln,,9/9/26 8:03 PM,9/9/26 8:10 PM,7 minutes and 8 seconds,Manuel Belmonte
IT Italian Trattoria Lincoln,nevrije dosku,110,205,Bar Station - lincoln,,9/9/26 8:03 PM,9/9/26 8:10 PM,7 minutes and 8 seconds,Manuel Belmonte
IT Italian Trattoria Lincoln,Manuel Belmonte,112,208,Drinks - lincoln,,9/9/26 8:16 PM,9/9/26 8:21 PM,4 minutes and 47 seconds,Manuel Belmonte
IT Italian Trattoria Lincoln,Manuel Belmonte,112,208,No Print / Expo - lincoln,,9/9/26 8:16 PM,9/9/26 8:21 PM,4 minutes and 47 seconds,Manuel Belmonte
IT Italian Trattoria Lincoln,Manuel Belmonte,112,208,Pasta - lincoln,,9/9/26 8:16 PM,9/9/26 8:21 PM,4 minutes and 47 seconds,Manuel Belmonte
IT Italian Trattoria Lincoln,Manuel Belmonte,112,208,Pizza - lincoln,,9/9/26 8:16 PM,9/9/26 8:21 PM,4 minutes and 47 seconds,Manuel Belmonte
IT Italian Trattoria Lincoln,Manuel Belmonte,112,208,Ensalada - lincoln,,9/9/26 8:16 PM,9/9/26 8:21 PM,4 minutes and 47 seconds,Manuel Belmonte
IT Italian Trattoria Lincoln,Manuel Belmonte,112,208,online ordering - lincoln,,9/9/26 8:16 PM,9/9/26 8:21 PM,4 minutes and 47 seconds,Manuel Belmonte
IT Italian Trattoria Lincoln,Manuel Belmonte,112,208,Bar Station - lincoln,,9/9/26 8:16 PM,9/9/26 8:21 PM,4 minutes and 47 seconds,Manuel Belmonte
IT Italian Trattoria Lincoln,nevrije dosku,111,24 b,Drinks - lincoln,,9/9/26 8:23 PM,9/9/26 8:33 PM,9 minutes and 9 seconds,Manuel Belmonte
IT Italian Trattoria Lincoln,nevrije dosku,111,24 b,No Print / Expo - lincoln,,9/9/26 8:23 PM,9/9/26 8:33 PM,9 minutes and 9 seconds,Manuel Belmonte
IT Italian Trattoria Lincoln,nevrije dosku,111,24 b,Pasta - lincoln,,9/9/26 8:23 PM,9/9/26 8:33 PM,9 minutes and 9 seconds,Manuel Belmonte
IT Italian Trattoria Lincoln,nevrije dosku,111,24 b,Pizza - lincoln,,9/9/26 8:23 PM,9/9/26 8:33 PM,9 minutes and 9 seconds,Manuel Belmonte
IT Italian Trattoria Lincoln,nevrije dosku,111,24 b,Ensalada - lincoln,,9/9/26 8:23 PM,9/9/26 8:33 PM,9 minutes and 9 seconds,Manuel Belmonte
IT Italian Trattoria Lincoln,nevrije dosku,111,24 b,online ordering - lincoln,,9/9/26 8:23 PM,9/9/26 8:33 PM,9 minutes and 9 seconds,Manuel Belmonte
IT Italian Trattoria Lincoln,nevrije dosku,111,24 b,Bar Station - lincoln,,9/9/26 8:23 PM,9/9/26 8:33 PM,9 minutes and 9 seconds,Manuel Belmonte
IT Italian Trattoria Lincoln,Manuel Belmonte,114,6,Drinks - lincoln,,9/9/26 8:32 PM,9/9/26 8:40 PM,8 minutes and 25 seconds,Manuel Belmonte
IT Italian Trattoria Lincoln,Manuel Belmonte,114,6,No Print / Expo - lincoln,,9/9/26 8:32 PM,9/9/26 8:40 PM,8 minutes and 25 seconds,Manuel Belmonte
IT Italian Trattoria Lincoln,Manuel Belmonte,114,6,Pasta - lincoln,,9/9/26 8:32 PM,9/9/26 8:40 PM,8 minutes and 25 seconds,Manuel Belmonte
IT Italian Trattoria Lincoln,Manuel Belmonte,114,6,Pizza - lincoln,,9/9/26 8:32 PM,9/9/26 8:40 PM,8 minutes and 25 seconds,Manuel Belmonte
IT Italian Trattoria Lincoln,Manuel Belmonte,114,6,Ensalada - lincoln,,9/9/26 8:32 PM,9/9/26 8:40 PM,8 minutes and 25 seconds,Manuel Belmonte
IT Italian Trattoria Lincoln,Manuel Belmonte,114,6,online ordering - lincoln,,9/9/26 8:32 PM,9/9/26 8:40 PM,8 minutes and 25 seconds,Manuel Belmonte
IT Italian Trattoria Lincoln,Manuel Belmonte,114,6,Bar Station - lincoln,,9/9/26 8:32 PM,9/9/26 8:40 PM,8 minutes and 25 seconds,Manuel Belmonte
IT Italian Trattoria Lincoln,Default Online Ordering,113,,Drinks - lincoln,,9/9/26 8:31 PM,9/9/26 8:40 PM,9 minutes and 16 seconds,Manuel Belmonte
IT Italian Trattoria Lincoln,Default Online Ordering,113,,No Print / Expo - lincoln,,9/9/26 8:31 PM,9/9/26 8:40 PM,9 minutes and 16 seconds,Manuel Belmonte
IT Italian Trattoria Lincoln,Default Online Ordering,113,,Pasta - lincoln,,9/9/26 8:31 PM,9/9/26 8:40 PM,9 minutes and 16 seconds,Manuel Belmonte
IT Italian Trattoria Lincoln,Default Online Ordering,113,,Pizza - lincoln,,9/9/26 8:31 PM,9/9/26 8:40 PM,9 minutes and 16 seconds,Manuel Belmonte
IT Italian Trattoria Lincoln,Default Online Ordering,113,,Ensalada - lincoln,,9/9/26 8:31 PM,9/9/26 8:40 PM,9 minutes and 16 seconds,Manuel Belmonte
IT Italian Trattoria Lincoln,Default Online Ordering,113,,online ordering - lincoln,,9/9/26 8:31 PM,9/9/26 8:40 PM,9 minutes and 16 seconds,Manuel Belmonte
IT Italian Trattoria Lincoln,Default Online Ordering,113,,Bar Station - lincoln,,9/9/26 8:31 PM,9/9/26 8:40 PM,9 minutes and 16 seconds,Manuel Belmonte
IT Italian Trattoria Lincoln,nevrije dosku,115,,Drinks - lincoln,,9/9/26 8:45 PM,9/9/26 8:50 PM,5 minutes and 55 seconds,Manuel Belmonte
IT Italian Trattoria Lincoln,nevrije dosku,115,,No Print / Expo - lincoln,,9/9/26 8:45 PM,9/9/26 8:50 PM,5 minutes and 55 seconds,Manuel Belmonte
IT Italian Trattoria Lincoln,nevrije dosku,115,,Pasta - lincoln,,9/9/26 8:45 PM,9/9/26 8:50 PM,5 minutes and 55 seconds,Manuel Belmonte
IT Italian Trattoria Lincoln,nevrije dosku,115,,Pizza - lincoln,,9/9/26 8:45 PM,9/9/26 8:50 PM,5 minutes and 55 seconds,Manuel Belmonte
IT Italian Trattoria Lincoln,nevrije dosku,115,,Ensalada - lincoln,,9/9/26 8:45 PM,9/9/26 8:50 PM,5 minutes and 55 seconds,Manuel Belmonte
IT Italian Trattoria Lincoln,nevrije dosku,115,,online ordering - lincoln,,9/9/26 8:45 PM,9/9/26 8:50 PM,5 minutes and 55 seconds,Manuel Belmonte
IT Italian Trattoria Lincoln,nevrije dosku,115,,Bar Station - lincoln,,9/9/26 8:45 PM,9/9/26 8:50 PM,5 minutes and 55 seconds,Manuel Belmonte
IT Italian Trattoria Lincoln,Manuel Belmonte,116,,Drinks - lincoln,,9/9/26 8:54 PM,9/9/26 8:56 PM,1 minute and 45 seconds,Manuel Belmonte
IT Italian Trattoria Lincoln,Manuel Belmonte,116,,No Print / Expo - lincoln,,9/9/26 8:54 PM,9/9/26 8:56 PM,1 minute and 45 seconds,Manuel Belmonte
IT Italian Trattoria Lincoln,Manuel Belmonte,116,,Pasta - lincoln,,9/9/26 8:54 PM,9/9/26 8:56 PM,1 minute and 45 seconds,Manuel Belmonte
IT Italian Trattoria Lincoln,Manuel Belmonte,116,,Pizza - lincoln,,9/9/26 8:54 PM,9/9/26 8:56 PM,1 minute and 45 seconds,Manuel Belmonte
IT Italian Trattoria Lincoln,Manuel Belmonte,116,,Ensalada - lincoln,,9/9/26 8:54 PM,9/9/26 8:56 PM,1 minute and 45 seconds,Manuel Belmonte
IT Italian Trattoria Lincoln,Manuel Belmonte,116,,online ordering - lincoln,,9/9/26 8:54 PM,9/9/26 8:56 PM,1 minute and 45 seconds,Manuel Belmonte
IT Italian Trattoria Lincoln,Manuel Belmonte,116,,Bar Station - lincoln,,9/9/26 8:54 PM,9/9/26 8:56 PM,1 minute and 45 seconds,Manuel Belmonte
IT Italian Trattoria Lincoln,nevrije dosku,118,10,Drinks - lincoln,,9/9/26 9:00 PM,9/9/26 9:16 PM,15 minutes and 33 seconds,Manuel Belmonte
IT Italian Trattoria Lincoln,nevrije dosku,118,10,No Print / Expo - lincoln,,9/9/26 9:00 PM,9/9/26 9:16 PM,15 minutes and 33 seconds,Manuel Belmonte
IT Italian Trattoria Lincoln,nevrije dosku,118,10,Pasta - lincoln,,9/9/26 9:00 PM,9/9/26 9:16 PM,15 minutes and 33 seconds,Manuel Belmonte
IT Italian Trattoria Lincoln,nevrije dosku,118,10,Pizza - lincoln,,9/9/26 9:00 PM,9/9/26 9:16 PM,15 minutes and 33 seconds,Manuel Belmonte
IT Italian Trattoria Lincoln,nevrije dosku,118,10,Ensalada - lincoln,,9/9/26 9:00 PM,9/9/26 9:16 PM,15 minutes and 33 seconds,Manuel Belmonte
IT Italian Trattoria Lincoln,nevrije dosku,118,10,online ordering - lincoln,,9/9/26 9:00 PM,9/9/26 9:16 PM,15 minutes and 33 seconds,Manuel Belmonte
IT Italian Trattoria Lincoln,nevrije dosku,118,10,Bar Station - lincoln,,9/9/26 9:00 PM,9/9/26 9:16 PM,15 minutes and 33 seconds,Manuel Belmonte
IT Italian Trattoria Lincoln,Manuel Belmonte,117,200,Drinks - lincoln,,9/9/26 9:06 PM,9/9/26 9:19 PM,12 minutes and 50 seconds,Manuel Belmonte
IT Italian Trattoria Lincoln,Manuel Belmonte,117,200,No Print / Expo - lincoln,,9/9/26 9:06 PM,9/9/26 9:19 PM,12 minutes and 50 seconds,Manuel Belmonte
IT Italian Trattoria Lincoln,Manuel Belmonte,117,200,Pasta - lincoln,,9/9/26 9:06 PM,9/9/26 9:19 PM,12 minutes and 50 seconds,Manuel Belmonte
IT Italian Trattoria Lincoln,Manuel Belmonte,117,200,Pizza - lincoln,,9/9/26 9:06 PM,9/9/26 9:19 PM,12 minutes and 50 seconds,Manuel Belmonte
IT Italian Trattoria Lincoln,Manuel Belmonte,117,200,Ensalada - lincoln,,9/9/26 9:06 PM,9/9/26 9:19 PM,12 minutes and 50 seconds,Manuel Belmonte
IT Italian Trattoria Lincoln,Manuel Belmonte,117,200,online ordering - lincoln,,9/9/26 9:06 PM,9/9/26 9:19 PM,12 minutes and 50 seconds,Manuel Belmonte
IT Italian Trattoria Lincoln,Manuel Belmonte,117,200,Bar Station - lincoln,,9/9/26 9:06 PM,9/9/26 9:19 PM,12 minutes and 50 seconds,Manuel Belmonte
IT Italian Trattoria Lincoln,Manuel Belmonte,119,105,Drinks - lincoln,,9/9/26 9:14 PM,9/9/26 9:23 PM,8 minutes and 36 seconds,Manuel Belmonte
IT Italian Trattoria Lincoln,Manuel Belmonte,119,105,No Print / Expo - lincoln,,9/9/26 9:14 PM,9/9/26 9:23 PM,8 minutes and 36 seconds,Manuel Belmonte
IT Italian Trattoria Lincoln,Manuel Belmonte,119,105,Pasta - lincoln,,9/9/26 9:14 PM,9/9/26 9:23 PM,8 minutes and 36 seconds,Manuel Belmonte
IT Italian Trattoria Lincoln,Manuel Belmonte,119,105,Pizza - lincoln,,9/9/26 9:14 PM,9/9/26 9:23 PM,8 minutes and 36 seconds,Manuel Belmonte
IT Italian Trattoria Lincoln,Manuel Belmonte,119,105,Ensalada - lincoln,,9/9/26 9:14 PM,9/9/26 9:23 PM,8 minutes and 36 seconds,Manuel Belmonte
IT Italian Trattoria Lincoln,Manuel Belmonte,119,105,online ordering - lincoln,,9/9/26 9:14 PM,9/9/26 9:23 PM,8 minutes and 36 seconds,Manuel Belmonte
IT Italian Trattoria Lincoln,Manuel Belmonte,119,105,Bar Station - lincoln,,9/9/26 9:14 PM,9/9/26 9:23 PM,8 minutes and 36 seconds,Manuel Belmonte
IT Italian Trattoria Lincoln,Manuel Belmonte,117,200,Drinks - lincoln,,9/9/26 9:31 PM,9/9/26 9:32 PM,32 seconds,Manuel Belmonte
IT Italian Trattoria Lincoln,Manuel Belmonte,117,200,No Print / Expo - lincoln,,9/9/26 9:31 PM,9/9/26 9:32 PM,32 seconds,Manuel Belmonte
IT Italian Trattoria Lincoln,Manuel Belmonte,117,200,Pasta - lincoln,,9/9/26 9:31 PM,9/9/26 9:32 PM,32 seconds,Manuel Belmonte
IT Italian Trattoria Lincoln,Manuel Belmonte,117,200,Pizza - lincoln,,9/9/26 9:31 PM,9/9/26 9:32 PM,32 seconds,Manuel Belmonte
IT Italian Trattoria Lincoln,Manuel Belmonte,117,200,Ensalada - lincoln,,9/9/26 9:31 PM,9/9/26 9:32 PM,32 seconds,Manuel Belmonte
IT Italian Trattoria Lincoln,Manuel Belmonte,117,200,online ordering - lincoln,,9/9/26 9:31 PM,9/9/26 9:32 PM,32 seconds,Manuel Belmonte
IT Italian Trattoria Lincoln,Manuel Belmonte,117,200,Bar Station - lincoln,,9/9/26 9:31 PM,9/9/26 9:32 PM,32 seconds,Manuel Belmonte
IT Italian Trattoria Lincoln,Manuel Belmonte,119,105,Drinks - lincoln,,9/9/26 9:38 PM,9/9/26 9:43 PM,5 minutes and 15 seconds,Manuel Belmonte
IT Italian Trattoria Lincoln,Manuel Belmonte,119,105,No Print / Expo - lincoln,,9/9/26 9:38 PM,9/9/26 9:43 PM,5 minutes and 15 seconds,Manuel Belmonte
IT Italian Trattoria Lincoln,Manuel Belmonte,119,105,Pasta - lincoln,,9/9/26 9:38 PM,9/9/26 9:43 PM,5 minutes and 15 seconds,Manuel Belmonte
IT Italian Trattoria Lincoln,Manuel Belmonte,119,105,Pizza - lincoln,,9/9/26 9:38 PM,9/9/26 9:43 PM,5 minutes and 15 seconds,Manuel Belmonte
IT Italian Trattoria Lincoln,Manuel Belmonte,119,105,Ensalada - lincoln,,9/9/26 9:38 PM,9/9/26 9:43 PM,5 minutes and 15 seconds,Manuel Belmonte
IT Italian Trattoria Lincoln,Manuel Belmonte,119,105,online ordering - lincoln,,9/9/26 9:38 PM,9/9/26 9:43 PM,5 minutes and 15 seconds,Manuel Belmonte
IT Italian Trattoria Lincoln,Manuel Belmonte,119,105,Bar Station - lincoln,,9/9/26 9:38 PM,9/9/26 9:43 PM,5 minutes and 15 seconds,Manuel Belmonte
IT Italian Trattoria Lincoln,Donald Dupont,2,,Drinks - lincoln,,9/10/26 8:07 AM,9/10/26 8:09 AM,2 minutes and 32 seconds,Manuel Belmonte
IT Italian Trattoria Lincoln,Donald Dupont,2,,No Print / Expo - lincoln,,9/10/26 8:07 AM,9/10/26 8:09 AM,2 minutes and 32 seconds,Manuel Belmonte
IT Italian Trattoria Lincoln,Donald Dupont,2,,Pasta - lincoln,,9/10/26 8:07 AM,9/10/26 8:09 AM,2 minutes and 32 seconds,Manuel Belmonte
IT Italian Trattoria Lincoln,Donald Dupont,2,,Pizza - lincoln,,9/10/26 8:07 AM,9/10/26 8:09 AM,2 minutes and 32 seconds,Manuel Belmonte
IT Italian Trattoria Lincoln,Donald Dupont,2,,Ensalada - lincoln,,9/10/26 8:07 AM,9/10/26 8:09 AM,2 minutes and 32 seconds,Manuel Belmonte
IT Italian Trattoria Lincoln,Donald Dupont,2,,online ordering - lincoln,,9/10/26 8:07 AM,9/10/26 8:09 AM,2 minutes and 32 seconds,Manuel Belmonte
IT Italian Trattoria Lincoln,Donald Dupont,2,,Bar Station - lincoln,,9/10/26 8:07 AM,9/10/26 8:09 AM,2 minutes and 32 seconds,Manuel Belmonte
IT Italian Trattoria Lincoln,Donald Dupont,4,,Drinks - lincoln,,9/10/26 8:35 AM,9/10/26 8:38 AM,3 minutes and 14 seconds,Manuel Belmonte
IT Italian Trattoria Lincoln,Donald Dupont,4,,No Print / Expo - lincoln,,9/10/26 8:35 AM,9/10/26 8:38 AM,3 minutes and 14 seconds,Manuel Belmonte
IT Italian Trattoria Lincoln,Donald Dupont,4,,Pasta - lincoln,,9/10/26 8:35 AM,9/10/26 8:38 AM,3 minutes and 14 seconds,Manuel Belmonte
IT Italian Trattoria Lincoln,Donald Dupont,4,,Pizza - lincoln,,9/10/26 8:35 AM,9/10/26 8:38 AM,3 minutes and 14 seconds,Manuel Belmonte
IT Italian Trattoria Lincoln,Donald Dupont,4,,Ensalada - lincoln,,9/10/26 8:35 AM,9/10/26 8:38 AM,3 minutes and 14 seconds,Manuel Belmonte
IT Italian Trattoria Lincoln,Donald Dupont,4,,online ordering - lincoln,,9/10/26 8:35 AM,9/10/26 8:38 AM,3 minutes and 14 seconds,Manuel Belmonte
IT Italian Trattoria Lincoln,Donald Dupont,4,,Bar Station - lincoln,,9/10/26 8:35 AM,9/10/26 8:38 AM,3 minutes and 14 seconds,Manuel Belmonte
IT Italian Trattoria Lincoln,Donald Dupont,4,,Pasta - lincoln,,9/10/26 8:37 AM,9/10/26 8:38 AM,1 minute and 4 seconds,Manuel Belmonte
IT Italian Trattoria Lincoln,nazarena moreno,5,,Drinks - lincoln,,9/10/26 8:35 AM,9/10/26 8:38 AM,3 minutes,Manuel Belmonte
IT Italian Trattoria Lincoln,nazarena moreno,5,,No Print / Expo - lincoln,,9/10/26 8:35 AM,9/10/26 8:38 AM,3 minutes,Manuel Belmonte
IT Italian Trattoria Lincoln,nazarena moreno,5,,Pasta - lincoln,,9/10/26 8:35 AM,9/10/26 8:38 AM,3 minutes,Manuel Belmonte
IT Italian Trattoria Lincoln,nazarena moreno,5,,Pizza - lincoln,,9/10/26 8:35 AM,9/10/26 8:38 AM,3 minutes,Manuel Belmonte
IT Italian Trattoria Lincoln,nazarena moreno,5,,Ensalada - lincoln,,9/10/26 8:35 AM,9/10/26 8:38 AM,3 minutes,Manuel Belmonte
IT Italian Trattoria Lincoln,nazarena moreno,5,,online ordering - lincoln,,9/10/26 8:35 AM,9/10/26 8:38 AM,3 minutes,Manuel Belmonte
IT Italian Trattoria Lincoln,nazarena moreno,5,,Bar Station - lincoln,,9/10/26 8:35 AM,9/10/26 8:38 AM,3 minutes,Manuel Belmonte
IT Italian Trattoria Lincoln,nazarena moreno,10,,Drinks - lincoln,,9/10/26 8:51 AM,9/10/26 8:54 AM,3 minutes and 28 seconds,Manuel Belmonte
IT Italian Trattoria Lincoln,nazarena moreno,10,,No Print / Expo - lincoln,,9/10/26 8:51 AM,9/10/26 8:54 AM,3 minutes and 28 seconds,Manuel Belmonte
IT Italian Trattoria Lincoln,nazarena moreno,10,,Pasta - lincoln,,9/10/26 8:51 AM,9/10/26 8:54 AM,3 minutes and 28 seconds,Manuel Belmonte
IT Italian Trattoria Lincoln,nazarena moreno,10,,Pizza - lincoln,,9/10/26 8:51 AM,9/10/26 8:54 AM,3 minutes and 28 seconds,Manuel Belmonte
IT Italian Trattoria Lincoln,nazarena moreno,10,,Ensalada - lincoln,,9/10/26 8:51 AM,9/10/26 8:54 AM,3 minutes and 28 seconds,Manuel Belmonte
IT Italian Trattoria Lincoln,nazarena moreno,10,,online ordering - lincoln,,9/10/26 8:51 AM,9/10/26 8:54 AM,3 minutes and 28 seconds,Manuel Belmonte
IT Italian Trattoria Lincoln,nazarena moreno,10,,Bar Station - lincoln,,9/10/26 8:51 AM,9/10/26 8:54 AM,3 minutes and 28 seconds,Manuel Belmonte
IT Italian Trattoria Lincoln,Donald Dupont,11,,Pasta - lincoln,,9/10/26 9:00 AM,9/10/26 9:16 AM,15 minutes and 53 seconds,Manuel Belmonte
IT Italian Trattoria Lincoln,nazarena moreno,17,,Drinks - lincoln,,9/10/26 9:44 AM,9/10/26 9:48 AM,4 minutes and 2 seconds,Manuel Belmonte
IT Italian Trattoria Lincoln,nazarena moreno,17,,No Print / Expo - lincoln,,9/10/26 9:44 AM,9/10/26 9:48 AM,4 minutes and 2 seconds,Manuel Belmonte
IT Italian Trattoria Lincoln,nazarena moreno,17,,Pasta - lincoln,,9/10/26 9:44 AM,9/10/26 9:48 AM,4 minutes and 2 seconds,Manuel Belmonte
IT Italian Trattoria Lincoln,nazarena moreno,17,,Pizza - lincoln,,9/10/26 9:44 AM,9/10/26 9:48 AM,4 minutes and 2 seconds,Manuel Belmonte
IT Italian Trattoria Lincoln,nazarena moreno,17,,Ensalada - lincoln,,9/10/26 9:44 AM,9/10/26 9:48 AM,4 minutes and 2 seconds,Manuel Belmonte
IT Italian Trattoria Lincoln,nazarena moreno,17,,online ordering - lincoln,,9/10/26 9:44 AM,9/10/26 9:48 AM,4 minutes and 2 seconds,Manuel Belmonte
IT Italian Trattoria Lincoln,nazarena moreno,17,,Bar Station - lincoln,,9/10/26 9:44 AM,9/10/26 9:48 AM,4 minutes and 2 seconds,Manuel Belmonte
IT Italian Trattoria Lincoln,nazarena moreno,18,,Drinks - lincoln,,9/10/26 9:47 AM,9/10/26 9:53 AM,6 minutes and 1 second,Manuel Belmonte
IT Italian Trattoria Lincoln,nazarena moreno,18,,No Print / Expo - lincoln,,9/10/26 9:47 AM,9/10/26 9:53 AM,6 minutes and 1 second,Manuel Belmonte
IT Italian Trattoria Lincoln,nazarena moreno,18,,Pasta - lincoln,,9/10/26 9:47 AM,9/10/26 9:53 AM,6 minutes and 1 second,Manuel Belmonte
IT Italian Trattoria Lincoln,nazarena moreno,18,,Pizza - lincoln,,9/10/26 9:47 AM,9/10/26 9:53 AM,6 minutes and 1 second,Manuel Belmonte
IT Italian Trattoria Lincoln,nazarena moreno,18,,Ensalada - lincoln,,9/10/26 9:47 AM,9/10/26 9:53 AM,6 minutes and 1 second,Manuel Belmonte
IT Italian Trattoria Lincoln,nazarena moreno,18,,online ordering - lincoln,,9/10/26 9:47 AM,9/10/26 9:53 AM,6 minutes and 1 second,Manuel Belmonte
IT Italian Trattoria Lincoln,nazarena moreno,18,,Bar Station - lincoln,,9/10/26 9:47 AM,9/10/26 9:53 AM,6 minutes and 1 second,Manuel Belmonte
IT Italian Trattoria Lincoln,Donald Dupont,27,,Pasta - lincoln,,9/10/26 10:09 AM,9/10/26 10:10 AM,1 minute and 47 seconds,Manuel Belmonte
IT Italian Trattoria Lincoln,Donald Dupont,28,,Pasta - lincoln,,9/10/26 10:10 AM,9/10/26 10:10 AM,25 seconds,Manuel Belmonte
IT Italian Trattoria Lincoln,Donald Dupont,30,,Pasta - lincoln,,9/10/26 10:15 AM,9/10/26 10:18 AM,3 minutes and 43 seconds,Manuel Belmonte
IT Italian Trattoria Lincoln,nazarena moreno,33,4,Drinks - lincoln,,9/10/26 10:28 AM,9/10/26 10:30 AM,1 minute and 28 seconds,Manuel Belmonte
IT Italian Trattoria Lincoln,nazarena moreno,33,4,No Print / Expo - lincoln,,9/10/26 10:28 AM,9/10/26 10:30 AM,1 minute and 28 seconds,Manuel Belmonte
IT Italian Trattoria Lincoln,nazarena moreno,33,4,Pasta - lincoln,,9/10/26 10:28 AM,9/10/26 10:30 AM,1 minute and 28 seconds,Manuel Belmonte
IT Italian Trattoria Lincoln,nazarena moreno,33,4,Pizza - lincoln,,9/10/26 10:28 AM,9/10/26 10:30 AM,1 minute and 28 seconds,Manuel Belmonte
IT Italian Trattoria Lincoln,nazarena moreno,33,4,Ensalada - lincoln,,9/10/26 10:28 AM,9/10/26 10:30 AM,1 minute and 28 seconds,Manuel Belmonte
IT Italian Trattoria Lincoln,nazarena moreno,33,4,online ordering - lincoln,,9/10/26 10:28 AM,9/10/26 10:30 AM,1 minute and 28 seconds,Manuel Belmonte
IT Italian Trattoria Lincoln,nazarena moreno,33,4,Bar Station - lincoln,,9/10/26 10:28 AM,9/10/26 10:30 AM,1 minute and 28 seconds,Manuel Belmonte
IT Italian Trattoria Lincoln,Donald Dupont,36,106,Drinks - lincoln,,9/10/26 10:38 AM,9/10/26 10:44 AM,6 minutes and 1 second,Manuel Belmonte
IT Italian Trattoria Lincoln,Donald Dupont,36,106,No Print / Expo - lincoln,,9/10/26 10:38 AM,9/10/26 10:44 AM,6 minutes and 1 second,Manuel Belmonte
IT Italian Trattoria Lincoln,Donald Dupont,36,106,Pasta - lincoln,,9/10/26 10:38 AM,9/10/26 10:44 AM,6 minutes and 1 second,Manuel Belmonte
IT Italian Trattoria Lincoln,Donald Dupont,36,106,Pizza - lincoln,,9/10/26 10:38 AM,9/10/26 10:44 AM,6 minutes and 1 second,Manuel Belmonte
IT Italian Trattoria Lincoln,Donald Dupont,36,106,Ensalada - lincoln,,9/10/26 10:38 AM,9/10/26 10:44 AM,6 minutes and 1 second,Manuel Belmonte
IT Italian Trattoria Lincoln,Donald Dupont,36,106,online ordering - lincoln,,9/10/26 10:38 AM,9/10/26 10:44 AM,6 minutes and 1 second,Manuel Belmonte
IT Italian Trattoria Lincoln,Donald Dupont,36,106,Bar Station - lincoln,,9/10/26 10:38 AM,9/10/26 10:44 AM,6 minutes and 1 second,Manuel Belmonte
IT Italian Trattoria Lincoln,nazarena moreno,35,,Pasta - lincoln,,9/10/26 10:38 AM,9/10/26 10:45 AM,6 minutes and 58 seconds,Manuel Belmonte
IT Italian Trattoria Lincoln,nazarena moreno,38,,Drinks - lincoln,,9/10/26 11:00 AM,9/10/26 11:04 AM,3 minutes and 58 seconds,Manuel Belmonte
IT Italian Trattoria Lincoln,nazarena moreno,38,,No Print / Expo - lincoln,,9/10/26 11:00 AM,9/10/26 11:04 AM,3 minutes and 58 seconds,Manuel Belmonte
IT Italian Trattoria Lincoln,nazarena moreno,38,,Pasta - lincoln,,9/10/26 11:00 AM,9/10/26 11:04 AM,3 minutes and 58 seconds,Manuel Belmonte
IT Italian Trattoria Lincoln,nazarena moreno,38,,Pizza - lincoln,,9/10/26 11:00 AM,9/10/26 11:04 AM,3 minutes and 58 seconds,Manuel Belmonte
IT Italian Trattoria Lincoln,nazarena moreno,38,,Ensalada - lincoln,,9/10/26 11:00 AM,9/10/26 11:04 AM,3 minutes and 58 seconds,Manuel Belmonte
IT Italian Trattoria Lincoln,nazarena moreno,38,,online ordering - lincoln,,9/10/26 11:00 AM,9/10/26 11:04 AM,3 minutes and 58 seconds,Manuel Belmonte
IT Italian Trattoria Lincoln,nazarena moreno,38,,Bar Station - lincoln,,9/10/26 11:00 AM,9/10/26 11:04 AM,3 minutes and 58 seconds,Manuel Belmonte
IT Italian Trattoria Lincoln,nazarena moreno,37,,Pasta - lincoln,,9/10/26 10:58 AM,9/10/26 11:04 AM,5 minutes and 25 seconds,Manuel Belmonte
IT Italian Trattoria Lincoln,nazarena moreno,37,,Drinks - lincoln,,9/10/26 10:58 AM,9/10/26 11:04 AM,5 minutes and 25 seconds,Manuel Belmonte
IT Italian Trattoria Lincoln,nazarena moreno,37,,No Print / Expo - lincoln,,9/10/26 10:58 AM,9/10/26 11:04 AM,5 minutes and 25 seconds,Manuel Belmonte
IT Italian Trattoria Lincoln,nazarena moreno,37,,Pizza - lincoln,,9/10/26 10:58 AM,9/10/26 11:04 AM,5 minutes and 25 seconds,Manuel Belmonte
IT Italian Trattoria Lincoln,nazarena moreno,37,,Ensalada - lincoln,,9/10/26 10:58 AM,9/10/26 11:04 AM,5 minutes and 25 seconds,Manuel Belmonte
IT Italian Trattoria Lincoln,nazarena moreno,37,,online ordering - lincoln,,9/10/26 10:58 AM,9/10/26 11:04 AM,5 minutes and 25 seconds,Manuel Belmonte
IT Italian Trattoria Lincoln,nazarena moreno,37,,Bar Station - lincoln,,9/10/26 10:58 AM,9/10/26 11:04 AM,5 minutes and 25 seconds,Manuel Belmonte
IT Italian Trattoria Lincoln,Donald Dupont,36,106,Drinks - lincoln,,9/10/26 11:09 AM,9/10/26 11:14 AM,4 minutes and 40 seconds,Manuel Belmonte
IT Italian Trattoria Lincoln,Donald Dupont,36,106,No Print / Expo - lincoln,,9/10/26 11:09 AM,9/10/26 11:14 AM,4 minutes and 40 seconds,Manuel Belmonte
IT Italian Trattoria Lincoln,Donald Dupont,36,106,Pasta - lincoln,,9/10/26 11:09 AM,9/10/26 11:14 AM,4 minutes and 40 seconds,Manuel Belmonte
IT Italian Trattoria Lincoln,Donald Dupont,36,106,Pizza - lincoln,,9/10/26 11:09 AM,9/10/26 11:14 AM,4 minutes and 40 seconds,Manuel Belmonte
IT Italian Trattoria Lincoln,Donald Dupont,36,106,Ensalada - lincoln,,9/10/26 11:09 AM,9/10/26 11:14 AM,4 minutes and 40 seconds,Manuel Belmonte
IT Italian Trattoria Lincoln,Donald Dupont,36,106,online ordering - lincoln,,9/10/26 11:09 AM,9/10/26 11:14 AM,4 minutes and 40 seconds,Manuel Belmonte
IT Italian Trattoria Lincoln,Donald Dupont,36,106,Bar Station - lincoln,,9/10/26 11:09 AM,9/10/26 11:14 AM,4 minutes and 40 seconds,Manuel Belmonte
IT Italian Trattoria Lincoln,Manuel Belmonte,45,,Drinks - lincoln,,9/10/26 12:05 PM,9/10/26 12:11 PM,5 minutes and 18 seconds,Manuel Belmonte
IT Italian Trattoria Lincoln,Manuel Belmonte,45,,No Print / Expo - lincoln,,9/10/26 12:05 PM,9/10/26 12:11 PM,5 minutes and 18 seconds,Manuel Belmonte
IT Italian Trattoria Lincoln,Manuel Belmonte,45,,Pasta - lincoln,,9/10/26 12:05 PM,9/10/26 12:11 PM,5 minutes and 18 seconds,Manuel Belmonte
IT Italian Trattoria Lincoln,Manuel Belmonte,45,,Pizza - lincoln,,9/10/26 12:05 PM,9/10/26 12:11 PM,5 minutes and 18 seconds,Manuel Belmonte
IT Italian Trattoria Lincoln,Manuel Belmonte,45,,Ensalada - lincoln,,9/10/26 12:05 PM,9/10/26 12:11 PM,5 minutes and 18 seconds,Manuel Belmonte
IT Italian Trattoria Lincoln,Manuel Belmonte,45,,online ordering - lincoln,,9/10/26 12:05 PM,9/10/26 12:11 PM,5 minutes and 18 seconds,Manuel Belmonte
IT Italian Trattoria Lincoln,Manuel Belmonte,45,,Bar Station - lincoln,,9/10/26 12:05 PM,9/10/26 12:11 PM,5 minutes and 18 seconds,Manuel Belmonte
IT Italian Trattoria Lincoln,Manuel Belmonte,42,,Drinks - lincoln,,9/10/26 11:56 AM,9/10/26 12:11 PM,14 minutes and 32 seconds,Manuel Belmonte
IT Italian Trattoria Lincoln,Manuel Belmonte,42,,No Print / Expo - lincoln,,9/10/26 11:56 AM,9/10/26 12:11 PM,14 minutes and 32 seconds,Manuel Belmonte
IT Italian Trattoria Lincoln,Manuel Belmonte,42,,Pasta - lincoln,,9/10/26 11:56 AM,9/10/26 12:11 PM,14 minutes and 32 seconds,Manuel Belmonte
IT Italian Trattoria Lincoln,Manuel Belmonte,42,,Pizza - lincoln,,9/10/26 11:56 AM,9/10/26 12:11 PM,14 minutes and 32 seconds,Manuel Belmonte
IT Italian Trattoria Lincoln,Manuel Belmonte,42,,Ensalada - lincoln,,9/10/26 11:56 AM,9/10/26 12:11 PM,14 minutes and 32 seconds,Manuel Belmonte
IT Italian Trattoria Lincoln,Manuel Belmonte,42,,online ordering - lincoln,,9/10/26 11:56 AM,9/10/26 12:11 PM,14 minutes and 32 seconds,Manuel Belmonte
IT Italian Trattoria Lincoln,Manuel Belmonte,42,,Bar Station - lincoln,,9/10/26 11:56 AM,9/10/26 12:11 PM,14 minutes and 32 seconds,Manuel Belmonte
IT Italian Trattoria Lincoln,Donald Dupont,46,,Drinks - lincoln,,9/10/26 12:08 PM,9/10/26 12:14 PM,5 minutes and 35 seconds,Manuel Belmonte
IT Italian Trattoria Lincoln,Donald Dupont,46,,No Print / Expo - lincoln,,9/10/26 12:08 PM,9/10/26 12:14 PM,5 minutes and 35 seconds,Manuel Belmonte
IT Italian Trattoria Lincoln,Donald Dupont,46,,Pasta - lincoln,,9/10/26 12:08 PM,9/10/26 12:14 PM,5 minutes and 35 seconds,Manuel Belmonte
IT Italian Trattoria Lincoln,Donald Dupont,46,,Pizza - lincoln,,9/10/26 12:08 PM,9/10/26 12:14 PM,5 minutes and 35 seconds,Manuel Belmonte
IT Italian Trattoria Lincoln,Donald Dupont,46,,Ensalada - lincoln,,9/10/26 12:08 PM,9/10/26 12:14 PM,5 minutes and 35 seconds,Manuel Belmonte
IT Italian Trattoria Lincoln,Donald Dupont,46,,online ordering - lincoln,,9/10/26 12:08 PM,9/10/26 12:14 PM,5 minutes and 35 seconds,Manuel Belmonte
IT Italian Trattoria Lincoln,Donald Dupont,46,,Bar Station - lincoln,,9/10/26 12:08 PM,9/10/26 12:14 PM,5 minutes and 35 seconds,Manuel Belmonte
IT Italian Trattoria Lincoln,Donald Dupont,47,,Pasta - lincoln,,9/10/26 12:12 PM,9/10/26 12:19 PM,7 minutes and 16 seconds,Manuel Belmonte
IT Italian Trattoria Lincoln,nazarena moreno,34,100,Drinks - lincoln,,9/10/26 12:31 PM,9/10/26 12:50 PM,18 minutes and 34 seconds,Rayan Checa
IT Italian Trattoria Lincoln,nazarena moreno,34,100,No Print / Expo - lincoln,,9/10/26 12:31 PM,9/10/26 12:50 PM,18 minutes and 34 seconds,Rayan Checa
IT Italian Trattoria Lincoln,nazarena moreno,34,100,Pasta - lincoln,,9/10/26 12:31 PM,9/10/26 12:50 PM,18 minutes and 34 seconds,Rayan Checa
IT Italian Trattoria Lincoln,nazarena moreno,34,100,Pizza - lincoln,,9/10/26 12:31 PM,9/10/26 12:50 PM,18 minutes and 34 seconds,Rayan Checa
IT Italian Trattoria Lincoln,nazarena moreno,34,100,Ensalada - lincoln,,9/10/26 12:31 PM,9/10/26 12:50 PM,18 minutes and 34 seconds,Rayan Checa
IT Italian Trattoria Lincoln,nazarena moreno,34,100,online ordering - lincoln,,9/10/26 12:31 PM,9/10/26 12:50 PM,18 minutes and 34 seconds,Rayan Checa
IT Italian Trattoria Lincoln,nazarena moreno,34,100,Bar Station - lincoln,,9/10/26 12:31 PM,9/10/26 12:50 PM,18 minutes and 34 seconds,Rayan Checa
IT Italian Trattoria Lincoln,Donald Dupont,48,,Pasta - lincoln,,9/10/26 12:14 PM,9/10/26 12:50 PM,35 minutes and 32 seconds,Rayan Checa
IT Italian Trattoria Lincoln,Donald Dupont,48,,Drinks - lincoln,,9/10/26 12:14 PM,9/10/26 12:50 PM,35 minutes and 32 seconds,Rayan Checa
IT Italian Trattoria Lincoln,Donald Dupont,48,,No Print / Expo - lincoln,,9/10/26 12:14 PM,9/10/26 12:50 PM,35 minutes and 32 seconds,Rayan Checa
IT Italian Trattoria Lincoln,Donald Dupont,48,,Pizza - lincoln,,9/10/26 12:14 PM,9/10/26 12:50 PM,35 minutes and 32 seconds,Rayan Checa
IT Italian Trattoria Lincoln,Donald Dupont,48,,Ensalada - lincoln,,9/10/26 12:14 PM,9/10/26 12:50 PM,35 minutes and 32 seconds,Rayan Checa
IT Italian Trattoria Lincoln,Donald Dupont,48,,online ordering - lincoln,,9/10/26 12:14 PM,9/10/26 12:50 PM,35 minutes and 32 seconds,Rayan Checa
IT Italian Trattoria Lincoln,Donald Dupont,48,,Bar Station - lincoln,,9/10/26 12:14 PM,9/10/26 12:50 PM,35 minutes and 32 seconds,Rayan Checa
IT Italian Trattoria Lincoln,Manuel Belmonte,55,,Ensalada - lincoln,,9/10/26 12:50 PM,9/10/26 12:51 PM,23 seconds,Rayan Checa
IT Italian Trattoria Lincoln,Manuel Belmonte,52,,Pasta - lincoln,,9/10/26 12:46 PM,9/10/26 12:53 PM,6 minutes and 48 seconds,Rayan Checa
IT Italian Trattoria Lincoln,nazarena moreno,51,,Pasta - lincoln,,9/10/26 12:46 PM,9/10/26 12:54 PM,8 minutes and 2 seconds,Rayan Checa
IT Italian Trattoria Lincoln,nazarena moreno,61,204,Pasta - lincoln,,9/10/26 1:02 PM,9/10/26 1:07 PM,4 minutes and 27 seconds,Rayan Checa
IT Italian Trattoria Lincoln,Manuel Belmonte,63,,Drinks - lincoln,,9/10/26 1:59 PM,9/10/26 2:07 PM,8 minutes and 3 seconds,Rayan Checa
IT Italian Trattoria Lincoln,Manuel Belmonte,63,,Bar Station - lincoln,,9/10/26 1:59 PM,9/10/26 2:07 PM,8 minutes and 3 seconds,Rayan Checa
IT Italian Trattoria Lincoln,Manuel Belmonte,63,,Pasta - lincoln,,9/10/26 1:59 PM,9/10/26 2:07 PM,8 minutes and 3 seconds,Rayan Checa
IT Italian Trattoria Lincoln,Manuel Belmonte,64,,Pasta - lincoln,,9/10/26 2:10 PM,9/10/26 2:16 PM,5 minutes and 11 seconds,Rayan Checa
IT Italian Trattoria Lincoln,Manuel Belmonte,65,,Pasta - lincoln,,9/10/26 2:15 PM,9/10/26 2:23 PM,7 minutes and 55 seconds,Rayan Checa
IT Italian Trattoria Lincoln,Manuel Belmonte,68,,Pasta - lincoln,,9/10/26 2:40 PM,9/10/26 2:48 PM,7 minutes and 57 seconds,Rayan Checa
IT Italian Trattoria Lincoln,Manuel Belmonte,70,,Pasta - lincoln,,9/10/26 2:53 PM,9/10/26 3:04 PM,11 minutes and 25 seconds,Rayan Checa
IT Italian Trattoria Lincoln,Manuel Belmonte,71,,Pasta - lincoln,,9/10/26 2:58 PM,9/10/26 3:09 PM,11 minutes and 14 seconds,Rayan Checa
IT Italian Trattoria Lincoln,Manuel Belmonte,76,200,Pasta - lincoln,,9/10/26 3:20 PM,9/10/26 3:32 PM,11 minutes and 27 seconds,Rayan Checa
IT Italian Trattoria Lincoln,Donald Dupont,48,,Ensalada - lincoln,,9/10/26 12:14 PM,9/10/26 3:41 PM,"3 hours, 26 minutes and 54 seconds",Davide Christopher Paredi
IT Italian Trattoria Lincoln,Manuel Belmonte,83,,Pasta - lincoln,,9/10/26 5:07 PM,9/10/26 5:15 PM,8 minutes and 32 seconds,Manuel Belmonte
IT Italian Trattoria Lincoln,Manuel Belmonte,83,,Pasta - lincoln,,9/10/26 5:07 PM,9/10/26 5:17 PM,9 minutes and 50 seconds,Manuel Belmonte
IT Italian Trattoria Lincoln,Manuel Belmonte,84,,Drinks - lincoln,,9/10/26 5:08 PM,9/10/26 5:17 PM,9 minutes and 6 seconds,Manuel Belmonte
IT Italian Trattoria Lincoln,Manuel Belmonte,84,,No Print / Expo - lincoln,,9/10/26 5:08 PM,9/10/26 5:17 PM,9 minutes and 6 seconds,Manuel Belmonte
IT Italian Trattoria Lincoln,Manuel Belmonte,84,,Pasta - lincoln,,9/10/26 5:08 PM,9/10/26 5:17 PM,9 minutes and 6 seconds,Manuel Belmonte
IT Italian Trattoria Lincoln,Manuel Belmonte,84,,Pizza - lincoln,,9/10/26 5:08 PM,9/10/26 5:17 PM,9 minutes and 6 seconds,Manuel Belmonte
IT Italian Trattoria Lincoln,Manuel Belmonte,84,,Ensalada - lincoln,,9/10/26 5:08 PM,9/10/26 5:17 PM,9 minutes and 6 seconds,Manuel Belmonte
IT Italian Trattoria Lincoln,Manuel Belmonte,84,,online ordering - lincoln,,9/10/26 5:08 PM,9/10/26 5:17 PM,9 minutes and 6 seconds,Manuel Belmonte
IT Italian Trattoria Lincoln,Manuel Belmonte,84,,Bar Station - lincoln,,9/10/26 5:08 PM,9/10/26 5:17 PM,9 minutes and 6 seconds,Manuel Belmonte
IT Italian Trattoria Lincoln,Manuel Belmonte,82,21,Pasta - lincoln,,9/10/26 5:09 PM,9/10/26 5:17 PM,8 minutes and 3 seconds,Manuel Belmonte
IT Italian Trattoria Lincoln,nevrije dosku,87,205,Pasta - lincoln,,9/10/26 5:40 PM,9/10/26 5:50 PM,10 minutes and 2 seconds,Manuel Belmonte
IT Italian Trattoria Lincoln,nevrije dosku,87,205,Ensalada - lincoln,,9/10/26 5:40 PM,9/10/26 5:50 PM,10 minutes and 2 seconds,Manuel Belmonte
IT Italian Trattoria Lincoln,nevrije dosku,88,302,Pasta - lincoln,,9/10/26 5:47 PM,9/10/26 6:02 PM,15 minutes and 13 seconds,Manuel Belmonte
IT Italian Trattoria Lincoln,nevrije dosku,88,302,Ensalada - lincoln,,9/10/26 5:47 PM,9/10/26 6:02 PM,15 minutes and 13 seconds,Manuel Belmonte
IT Italian Trattoria Lincoln,nevrije dosku,88,302,Drinks - lincoln,,9/10/26 5:47 PM,9/10/26 6:02 PM,15 minutes and 13 seconds,Manuel Belmonte
IT Italian Trattoria Lincoln,nevrije dosku,88,302,No Print / Expo - lincoln,,9/10/26 5:47 PM,9/10/26 6:02 PM,15 minutes and 13 seconds,Manuel Belmonte
IT Italian Trattoria Lincoln,nevrije dosku,88,302,Pizza - lincoln,,9/10/26 5:47 PM,9/10/26 6:02 PM,15 minutes and 13 seconds,Manuel Belmonte
IT Italian Trattoria Lincoln,nevrije dosku,88,302,online ordering - lincoln,,9/10/26 5:47 PM,9/10/26 6:02 PM,15 minutes and 13 seconds,Manuel Belmonte
IT Italian Trattoria Lincoln,nevrije dosku,88,302,Bar Station - lincoln,,9/10/26 5:47 PM,9/10/26 6:02 PM,15 minutes and 13 seconds,Manuel Belmonte
IT Italian Trattoria Lincoln,Manuel Belmonte,90,208,Pasta - lincoln,,9/10/26 5:54 PM,9/10/26 6:06 PM,12 minutes and 22 seconds,Manuel Belmonte
IT Italian Trattoria Lincoln,nevrije dosku,87,205,Pasta - lincoln,,9/10/26 5:50 PM,9/10/26 6:06 PM,16 minutes and 24 seconds,Manuel Belmonte
IT Italian Trattoria Lincoln,Manuel Belmonte,91,211,Ensalada - lincoln,,9/10/26 6:17 PM,9/10/26 6:23 PM,6 minutes and 28 seconds,Manuel Belmonte
IT Italian Trattoria Lincoln,Manuel Belmonte,91,211,Pasta - lincoln,,9/10/26 6:17 PM,9/10/26 6:23 PM,6 minutes and 28 seconds,Manuel Belmonte
IT Italian Trattoria Lincoln,nevrije dosku,96,,Pasta - lincoln,,9/10/26 6:40 PM,9/10/26 6:50 PM,9 minutes and 32 seconds,Manuel Belmonte
IT Italian Trattoria Lincoln,nevrije dosku,97,205,Pasta - lincoln,,9/10/26 6:38 PM,9/10/26 6:50 PM,11 minutes and 55 seconds,Manuel Belmonte
IT Italian Trattoria Lincoln,Manuel Belmonte,104,,Pasta - lincoln,,9/10/26 7:36 PM,9/10/26 7:43 PM,6 minutes and 39 seconds,Manuel Belmonte
IT Italian Trattoria Lincoln,nevrije dosku,105,33,Pasta - lincoln,,9/10/26 7:37 PM,9/10/26 7:52 PM,15 minutes and 7 seconds,Manuel Belmonte
IT Italian Trattoria Lincoln,nevrije dosku,110,209,Pasta - lincoln,,9/10/26 8:10 PM,9/10/26 8:31 PM,20 minutes and 32 seconds,Manuel Belmonte
IT Italian Trattoria Lincoln,nevrije dosku,112,31,Pasta - lincoln,,9/10/26 9:11 PM,9/10/26 9:29 PM,18 minutes,Manuel Belmonte
IT Italian Trattoria Lincoln,Default Online Ordering,117,,Pasta - lincoln,,9/10/26 9:47 PM,9/10/26 9:55 PM,8 minutes and 5 seconds,Manuel Belmonte
IT Italian Trattoria Lincoln,nevrije dosku,116,32,Pasta - lincoln,,9/10/26 9:58 PM,9/10/26 10:12 PM,14 minutes and 17 seconds,Manuel Belmonte
IT Italian Trattoria Lincoln,nevrije dosku,116,32,Ensalada - lincoln,,9/10/26 9:58 PM,9/10/26 10:12 PM,14 minutes and 17 seconds,Manuel Belmonte
IT Italian Trattoria Lincoln,nevrije dosku,116,32,Pasta - lincoln,,9/10/26 9:59 PM,9/10/26 10:12 PM,12 minutes and 47 seconds,Manuel Belmonte
IT Italian Trattoria Lincoln,Kokoe Avoumado,2,,Drinks - lincoln,,9/11/26 8:22 AM,9/11/26 8:33 AM,10 minutes and 42 seconds,Manuel Belmonte
IT Italian Trattoria Lincoln,Kokoe Avoumado,2,,Bar Station - lincoln,,9/11/26 8:22 AM,9/11/26 8:33 AM,10 minutes and 42 seconds,Manuel Belmonte
IT Italian Trattoria Lincoln,Kokoe Avoumado,2,,Pasta - lincoln,,9/11/26 8:22 AM,9/11/26 8:33 AM,10 minutes and 42 seconds,Manuel Belmonte
IT Italian Trattoria Lincoln,Kokoe Avoumado,4,10,Drinks - lincoln,,9/11/26 8:25 AM,9/11/26 8:33 AM,7 minutes and 34 seconds,Manuel Belmonte
IT Italian Trattoria Lincoln,Kokoe Avoumado,4,10,Bar Station - lincoln,,9/11/26 8:25 AM,9/11/26 8:33 AM,7 minutes and 34 seconds,Manuel Belmonte
IT Italian Trattoria Lincoln,Kokoe Avoumado,4,10,Pasta - lincoln,,9/11/26 8:25 AM,9/11/26 8:33 AM,7 minutes and 34 seconds,Manuel Belmonte
IT Italian Trattoria Lincoln,Kokoe Avoumado,7,,Drinks - lincoln,,9/11/26 8:52 AM,9/11/26 8:58 AM,6 minutes and 33 seconds,Manuel Belmonte
IT Italian Trattoria Lincoln,Kokoe Avoumado,7,,Bar Station - lincoln,,9/11/26 8:52 AM,9/11/26 8:58 AM,6 minutes and 33 seconds,Manuel Belmonte
IT Italian Trattoria Lincoln,Kokoe Avoumado,7,,Pasta - lincoln,,9/11/26 8:52 AM,9/11/26 8:58 AM,6 minutes and 33 seconds,Manuel Belmonte
IT Italian Trattoria Lincoln,Kokoe Avoumado,16,,Drinks - lincoln,,9/11/26 10:02 AM,9/11/26 10:09 AM,6 minutes and 23 seconds,Manuel Belmonte
IT Italian Trattoria Lincoln,Kokoe Avoumado,16,,Bar Station - lincoln,,9/11/26 10:02 AM,9/11/26 10:09 AM,6 minutes and 23 seconds,Manuel Belmonte
IT Italian Trattoria Lincoln,Kokoe Avoumado,16,,Pasta - lincoln,,9/11/26 10:02 AM,9/11/26 10:09 AM,6 minutes and 23 seconds,Manuel Belmonte
IT Italian Trattoria Lincoln,Kokoe Avoumado,17,,Drinks - lincoln,,9/11/26 10:05 AM,9/11/26 10:10 AM,4 minutes and 46 seconds,Manuel Belmonte
IT Italian Trattoria Lincoln,Kokoe Avoumado,17,,Bar Station - lincoln,,9/11/26 10:05 AM,9/11/26 10:10 AM,4 minutes and 46 seconds,Manuel Belmonte
IT Italian Trattoria Lincoln,Kokoe Avoumado,17,,Pasta - lincoln,,9/11/26 10:05 AM,9/11/26 10:10 AM,4 minutes and 46 seconds,Manuel Belmonte
IT Italian Trattoria Lincoln,Kokoe Avoumado,19,,Drinks - lincoln,,9/11/26 10:21 AM,9/11/26 10:28 AM,6 minutes and 47 seconds,Manuel Belmonte
IT Italian Trattoria Lincoln,Kokoe Avoumado,19,,Bar Station - lincoln,,9/11/26 10:21 AM,9/11/26 10:28 AM,6 minutes and 47 seconds,Manuel Belmonte
IT Italian Trattoria Lincoln,Kokoe Avoumado,19,,Pasta - lincoln,,9/11/26 10:21 AM,9/11/26 10:28 AM,6 minutes and 47 seconds,Manuel Belmonte
IT Italian Trattoria Lincoln,Kokoe Avoumado,24,,Drinks - lincoln,,9/11/26 10:58 AM,9/11/26 10:58 AM,19 seconds,Manuel Belmonte
IT Italian Trattoria Lincoln,Kokoe Avoumado,24,,Bar Station - lincoln,,9/11/26 10:58 AM,9/11/26 10:58 AM,19 seconds,Manuel Belmonte
IT Italian Trattoria Lincoln,Kokoe Avoumado,24,,Pasta - lincoln,,9/11/26 10:58 AM,9/11/26 10:58 AM,19 seconds,Manuel Belmonte
IT Italian Trattoria Lincoln,Kokoe Avoumado,27,,Pasta - lincoln,,9/11/26 11:24 AM,9/11/26 11:32 AM,8 minutes and 40 seconds,Manuel Belmonte
IT Italian Trattoria Lincoln,Kokoe Avoumado,33,,Pasta - lincoln,,9/11/26 11:36 AM,9/11/26 11:48 AM,11 minutes and 33 seconds,Manuel Belmonte
IT Italian Trattoria Lincoln,Kokoe Avoumado,34,,Pasta - lincoln,,9/11/26 11:42 AM,9/11/26 11:53 AM,10 minutes and 23 seconds,Manuel Belmonte
IT Italian Trattoria Lincoln,Kokoe Avoumado,36,,Pasta - lincoln,,9/11/26 11:47 AM,9/11/26 11:53 AM,5 minutes and 26 seconds,Manuel Belmonte
IT Italian Trattoria Lincoln,Kokoe Avoumado,41,,Ensalada - lincoln,,9/11/26 12:05 PM,9/11/26 12:06 PM,53 seconds,Manuel Belmonte
IT Italian Trattoria Lincoln,Kokoe Avoumado,42,208,Ensalada - lincoln,,9/11/26 12:16 PM,9/11/26 12:21 PM,5 minutes and 21 seconds,Manuel Belmonte
IT Italian Trattoria Lincoln,Default Online Ordering,48,,Pasta - lincoln,,9/11/26 12:28 PM,9/11/26 12:36 PM,8 minutes and 30 seconds,Manuel Belmonte
IT Italian Trattoria Lincoln,Kokoe Avoumado,49,,Pasta - lincoln,,9/11/26 12:35 PM,9/11/26 12:40 PM,4 minutes and 42 seconds,Manuel Belmonte
IT Italian Trattoria Lincoln,Kokoe Avoumado,50,,Pasta - lincoln,,9/11/26 12:36 PM,9/11/26 12:41 PM,5 minutes and 11 seconds,Manuel Belmonte
IT Italian Trattoria Lincoln,Kokoe Avoumado,53,,Pasta - lincoln,,9/11/26 12:38 PM,9/11/26 12:42 PM,4 minutes and 33 seconds,Manuel Belmonte
IT Italian Trattoria Lincoln,Kokoe Avoumado,55,,Pasta - lincoln,,9/11/26 12:38 PM,9/11/26 12:45 PM,7 minutes and 11 seconds,Manuel Belmonte
IT Italian Trattoria Lincoln,Manuel Belmonte,61,211,Pasta - lincoln,,9/11/26 12:58 PM,9/11/26 1:02 PM,4 minutes and 29 seconds,Manuel Belmonte
IT Italian Trattoria Lincoln,Kokoe Avoumado,62,,Pasta - lincoln,,9/11/26 12:59 PM,9/11/26 1:10 PM,10 minutes and 12 seconds,Manuel Belmonte
IT Italian Trattoria Lincoln,Kokoe Avoumado,66,,Ensalada - lincoln,,9/11/26 1:14 PM,9/11/26 1:18 PM,3 minutes and 51 seconds,Manuel Belmonte
IT Italian Trattoria Lincoln,Manuel Belmonte,69,107,Ensalada - lincoln,,9/11/26 1:17 PM,9/11/26 1:22 PM,5 minutes and 42 seconds,Manuel Belmonte
IT Italian Trattoria Lincoln,Kokoe Avoumado,47,21,Drinks - lincoln,,9/11/26 1:20 PM,9/11/26 1:23 PM,2 minutes and 34 seconds,Manuel Belmonte
IT Italian Trattoria Lincoln,Kokoe Avoumado,47,21,No Print / Expo - lincoln,,9/11/26 1:20 PM,9/11/26 1:23 PM,2 minutes and 34 seconds,Manuel Belmonte
IT Italian Trattoria Lincoln,Kokoe Avoumado,47,21,Pasta - lincoln,,9/11/26 1:20 PM,9/11/26 1:23 PM,2 minutes and 34 seconds,Manuel Belmonte
IT Italian Trattoria Lincoln,Kokoe Avoumado,47,21,Pizza - lincoln,,9/11/26 1:20 PM,9/11/26 1:23 PM,2 minutes and 34 seconds,Manuel Belmonte
IT Italian Trattoria Lincoln,Kokoe Avoumado,47,21,Ensalada - lincoln,,9/11/26 1:20 PM,9/11/26 1:23 PM,2 minutes and 34 seconds,Manuel Belmonte
IT Italian Trattoria Lincoln,Kokoe Avoumado,47,21,online ordering - lincoln,,9/11/26 1:20 PM,9/11/26 1:23 PM,2 minutes and 34 seconds,Manuel Belmonte
IT Italian Trattoria Lincoln,Kokoe Avoumado,47,21,Bar Station - lincoln,,9/11/26 1:20 PM,9/11/26 1:23 PM,2 minutes and 34 seconds,Manuel Belmonte
IT Italian Trattoria Lincoln,Kokoe Avoumado,71,205,Pasta - lincoln,,9/11/26 1:27 PM,9/11/26 1:34 PM,6 minutes and 51 seconds,Manuel Belmonte
IT Italian Trattoria Lincoln,Kokoe Avoumado,74,,Ensalada - lincoln,,9/11/26 1:36 PM,9/11/26 1:44 PM,7 minutes and 56 seconds,Manuel Belmonte
IT Italian Trattoria Lincoln,Manuel Belmonte,72,5,Drinks - lincoln,,9/11/26 1:55 PM,9/11/26 2:07 PM,12 minutes and 14 seconds,Manuel Belmonte
IT Italian Trattoria Lincoln,Manuel Belmonte,72,5,Bar Station - lincoln,,9/11/26 1:55 PM,9/11/26 2:07 PM,12 minutes and 14 seconds,Manuel Belmonte
IT Italian Trattoria Lincoln,Manuel Belmonte,72,5,Pasta - lincoln,,9/11/26 1:55 PM,9/11/26 2:07 PM,12 minutes and 14 seconds,Manuel Belmonte
IT Italian Trattoria Lincoln,Kokoe Avoumado,77,,Ensalada - lincoln,,9/11/26 2:04 PM,9/11/26 2:12 PM,7 minutes and 22 seconds,Manuel Belmonte
IT Italian Trattoria Lincoln,Kokoe Avoumado,78,,Pasta - lincoln,,9/11/26 2:17 PM,9/11/26 2:25 PM,8 minutes and 14 seconds,Manuel Belmonte
IT Italian Trattoria Lincoln,Kokoe Avoumado,86,210,Pasta - lincoln,,9/11/26 2:45 PM,9/11/26 2:55 PM,9 minutes and 46 seconds,Manuel Belmonte
IT Italian Trattoria Lincoln,Kokoe Avoumado,90,300,Pasta - lincoln,,9/11/26 3:06 PM,9/11/26 3:15 PM,8 minutes and 35 seconds,Manuel Belmonte
IT Italian Trattoria Lincoln,Manuel Belmonte,91,,Pasta - lincoln,,9/11/26 3:06 PM,9/11/26 3:17 PM,10 minutes and 52 seconds,Manuel Belmonte
IT Italian Trattoria Lincoln,Kokoe Avoumado,87,200,Pasta - lincoln,,9/11/26 3:20 PM,9/11/26 3:28 PM,8 minutes,Manuel Belmonte
IT Italian Trattoria Lincoln,Kokoe Avoumado,92,,Pasta - lincoln,,9/11/26 3:27 PM,9/11/26 3:33 PM,5 minutes and 59 seconds,Manuel Belmonte
IT Italian Trattoria Lincoln,Kokoe Avoumado,94,,Pasta - lincoln,,9/11/26 3:33 PM,9/11/26 3:38 PM,5 minutes and 17 seconds,Davide Christopher Paredi
IT Italian Trattoria Lincoln,Manuel Belmonte,96,,Pasta - lincoln,,9/11/26 3:40 PM,9/11/26 3:51 PM,10 minutes and 38 seconds,Manuel Belmonte
IT Italian Trattoria Lincoln,James Arcinegas,100,103,Pasta - lincoln,,9/11/26 4:33 PM,9/11/26 4:43 PM,9 minutes and 58 seconds,Manuel Belmonte
IT Italian Trattoria Lincoln,James Arcinegas,102,,Ensalada - lincoln,,9/11/26 4:42 PM,9/11/26 4:43 PM,35 seconds,Manuel Belmonte
IT Italian Trattoria Lincoln,Manuel Belmonte,108,204,Pasta - lincoln,,9/11/26 4:56 PM,9/11/26 5:04 PM,8 minutes and 11 seconds,Manuel Belmonte
IT Italian Trattoria Lincoln,Manuel Belmonte,114,105,Pasta - lincoln,,9/11/26 5:25 PM,9/11/26 5:39 PM,13 minutes and 18 seconds,Manuel Belmonte
IT Italian Trattoria Lincoln,Manuel Belmonte,121,8,Pasta - lincoln,,9/11/26 5:45 PM,9/11/26 5:52 PM,6 minutes and 29 seconds,Manuel Belmonte
IT Italian Trattoria Lincoln,Manuel Belmonte,117,1,Pasta - lincoln,,9/11/26 5:40 PM,9/11/26 5:52 PM,11 minutes and 52 seconds,Manuel Belmonte
IT Italian Trattoria Lincoln,Manuel Belmonte,123,22,Pasta - lincoln,,9/11/26 5:53 PM,9/11/26 6:01 PM,8 minutes and 11 seconds,Manuel Belmonte
IT Italian Trattoria Lincoln,Manuel Belmonte,122,5,Pasta - lincoln,,9/11/26 5:50 PM,9/11/26 6:01 PM,10 minutes and 17 seconds,Manuel Belmonte
IT Italian Trattoria Lincoln,James Arcinegas,127,105,Pasta - lincoln,,9/11/26 6:19 PM,9/11/26 6:32 PM,13 minutes and 12 seconds,Manuel Belmonte
IT Italian Trattoria Lincoln,James Arcinegas,131,B2,Pasta - lincoln,,9/11/26 6:39 PM,9/11/26 6:52 PM,13 minutes and 11 seconds,Manuel Belmonte
IT Italian Trattoria Lincoln,James Arcinegas,131,B2,Pasta - lincoln,,9/11/26 6:39 PM,9/11/26 6:54 PM,15 minutes and 12 seconds,Manuel Belmonte
IT Italian Trattoria Lincoln,nevrije dosku,132,5,Pasta - lincoln,,9/11/26 6:44 PM,9/11/26 6:54 PM,10 minutes,Manuel Belmonte
IT Italian Trattoria Lincoln,nevrije dosku,133,20,Pasta - lincoln,,9/11/26 6:46 PM,9/11/26 6:55 PM,9 minutes,Manuel Belmonte
IT Italian Trattoria Lincoln,Manuel Belmonte,134,B2,Pasta - lincoln,,9/11/26 7:06 PM,9/11/26 7:06 PM,15 seconds,Manuel Belmonte
IT Italian Trattoria Lincoln,nevrije dosku,130,6,Ensalada - lincoln,,9/11/26 7:09 PM,9/11/26 7:20 PM,10 minutes and 57 seconds,Manuel Belmonte
IT Italian Trattoria Lincoln,nevrije dosku,137,22,Pasta - lincoln,,9/11/26 7:12 PM,9/11/26 7:23 PM,10 minutes and 49 seconds,Manuel Belmonte
IT Italian Trattoria Lincoln,Manuel Belmonte,138,10,Pasta - lincoln,,9/11/26 7:26 PM,9/11/26 7:39 PM,13 minutes and 9 seconds,Manuel Belmonte
IT Italian Trattoria Lincoln,Manuel Belmonte,140,32,Pasta - lincoln,,9/11/26 7:38 PM,9/11/26 7:54 PM,16 minutes and 25 seconds,Manuel Belmonte
IT Italian Trattoria Lincoln,nevrije dosku,145,21,Pasta - lincoln,,9/11/26 8:12 PM,9/11/26 8:30 PM,17 minutes and 44 seconds,Manuel Belmonte
IT Italian Trattoria Lincoln,Default Online Ordering,149,,Pasta - lincoln,,9/11/26 8:20 PM,9/11/26 8:34 PM,13 minutes and 33 seconds,Manuel Belmonte
IT Italian Trattoria Lincoln,Manuel Belmonte,153,200,Pasta - lincoln,,9/11/26 8:32 PM,9/11/26 8:42 PM,9 minutes and 12 seconds,Manuel Belmonte
IT Italian Trattoria Lincoln,nevrije dosku,161,21 b,Pasta - lincoln,,9/11/26 9:17 PM,9/11/26 9:29 PM,12 minutes and 42 seconds,Manuel Belmonte
IT Italian Trattoria Lincoln,nevrije dosku,164,22 b,Pasta - lincoln,,9/11/26 9:31 PM,9/11/26 9:41 PM,10 minutes and 9 seconds,Manuel Belmonte
IT Italian Trattoria Lincoln,nevrije dosku,164,22 b,Ensalada - lincoln,,9/11/26 9:31 PM,9/11/26 9:41 PM,10 minutes and 9 seconds,Manuel Belmonte
IT Italian Trattoria Lincoln,James Arcinegas,167,,Ensalada - lincoln,,9/11/26 9:50 PM,9/11/26 9:55 PM,5 minutes and 11 seconds,Manuel Belmonte
IT Italian Trattoria Lincoln,James Arcinegas,166,,Ensalada - lincoln,,9/11/26 9:50 PM,9/11/26 9:55 PM,5 minutes and 22 seconds,Manuel Belmonte
IT Italian Trattoria Lincoln,Default Online Ordering,171,,Pasta - lincoln,,9/11/26 10:45 PM,9/11/26 10:48 PM,3 minutes and 42 seconds,Manuel Belmonte
IT Italian Trattoria Lincoln,Kokoe Avoumado,3,,Drinks - lincoln,,9/12/26 8:29 AM,9/12/26 8:38 AM,8 minutes and 51 seconds,Manuel Belmonte
IT Italian Trattoria Lincoln,Kokoe Avoumado,3,,Bar Station - lincoln,,9/12/26 8:29 AM,9/12/26 8:38 AM,8 minutes and 51 seconds,Manuel Belmonte
IT Italian Trattoria Lincoln,Kokoe Avoumado,3,,Pasta - lincoln,,9/12/26 8:29 AM,9/12/26 8:38 AM,8 minutes and 51 seconds,Manuel Belmonte
IT Italian Trattoria Lincoln,Kokoe Avoumado,4,,Drinks - lincoln,,9/12/26 8:31 AM,9/12/26 8:38 AM,6 minutes and 17 seconds,Manuel Belmonte
IT Italian Trattoria Lincoln,Kokoe Avoumado,4,,Bar Station - lincoln,,9/12/26 8:31 AM,9/12/26 8:38 AM,6 minutes and 17 seconds,Manuel Belmonte
IT Italian Trattoria Lincoln,Kokoe Avoumado,4,,Pasta - lincoln,,9/12/26 8:31 AM,9/12/26 8:38 AM,6 minutes and 17 seconds,Manuel Belmonte
IT Italian Trattoria Lincoln,Kokoe Avoumado,14,,Drinks - lincoln,,9/12/26 9:13 AM,9/12/26 9:25 AM,12 minutes and 3 seconds,Manuel Belmonte
IT Italian Trattoria Lincoln,Kokoe Avoumado,14,,No Print / Expo - lincoln,,9/12/26 9:13 AM,9/12/26 9:25 AM,12 minutes and 3 seconds,Manuel Belmonte
IT Italian Trattoria Lincoln,Kokoe Avoumado,14,,Pasta - lincoln,,9/12/26 9:13 AM,9/12/26 9:25 AM,12 minutes and 3 seconds,Manuel Belmonte
IT Italian Trattoria Lincoln,Kokoe Avoumado,14,,Pizza - lincoln,,9/12/26 9:13 AM,9/12/26 9:25 AM,12 minutes and 3 seconds,Manuel Belmonte
IT Italian Trattoria Lincoln,Kokoe Avoumado,14,,Ensalada - lincoln,,9/12/26 9:13 AM,9/12/26 9:25 AM,12 minutes and 3 seconds,Manuel Belmonte
IT Italian Trattoria Lincoln,Kokoe Avoumado,14,,online ordering - lincoln,,9/12/26 9:13 AM,9/12/26 9:25 AM,12 minutes and 3 seconds,Manuel Belmonte
IT Italian Trattoria Lincoln,Kokoe Avoumado,14,,Bar Station - lincoln,,9/12/26 9:13 AM,9/12/26 9:25 AM,12 minutes and 3 seconds,Manuel Belmonte
IT Italian Trattoria Lincoln,nazarena moreno,19,300,Drinks - lincoln,,9/12/26 9:33 AM,9/12/26 9:39 AM,6 minutes and 30 seconds,Manuel Belmonte
IT Italian Trattoria Lincoln,nazarena moreno,19,300,Bar Station - lincoln,,9/12/26 9:33 AM,9/12/26 9:39 AM,6 minutes and 30 seconds,Manuel Belmonte
IT Italian Trattoria Lincoln,nazarena moreno,19,300,Pasta - lincoln,,9/12/26 9:33 AM,9/12/26 9:39 AM,6 minutes and 30 seconds,Manuel Belmonte
IT Italian Trattoria Lincoln,nazarena moreno,35,,Drinks - lincoln,,9/12/26 10:35 AM,9/12/26 10:45 AM,10 minutes and 24 seconds,Manuel Belmonte
IT Italian Trattoria Lincoln,nazarena moreno,35,,Bar Station - lincoln,,9/12/26 10:35 AM,9/12/26 10:45 AM,10 minutes and 24 seconds,Manuel Belmonte
IT Italian Trattoria Lincoln,nazarena moreno,35,,Pasta - lincoln,,9/12/26 10:35 AM,9/12/26 10:45 AM,10 minutes and 24 seconds,Manuel Belmonte
IT Italian Trattoria Lincoln,Kokoe Avoumado,36,,Drinks - lincoln,,9/12/26 10:36 AM,9/12/26 10:47 AM,11 minutes and 17 seconds,Manuel Belmonte
IT Italian Trattoria Lincoln,Kokoe Avoumado,36,,Bar Station - lincoln,,9/12/26 10:36 AM,9/12/26 10:47 AM,11 minutes and 17 seconds,Manuel Belmonte
IT Italian Trattoria Lincoln,Kokoe Avoumado,36,,Pasta - lincoln,,9/12/26 10:36 AM,9/12/26 10:47 AM,11 minutes and 17 seconds,Manuel Belmonte
IT Italian Trattoria Lincoln,nazarena moreno,44,,Drinks - lincoln,,9/12/26 11:03 AM,9/12/26 11:11 AM,7 minutes and 42 seconds,Manuel Belmonte
IT Italian Trattoria Lincoln,nazarena moreno,44,,Bar Station - lincoln,,9/12/26 11:03 AM,9/12/26 11:11 AM,7 minutes and 42 seconds,Manuel Belmonte
IT Italian Trattoria Lincoln,nazarena moreno,44,,Pasta - lincoln,,9/12/26 11:03 AM,9/12/26 11:11 AM,7 minutes and 42 seconds,Manuel Belmonte
IT Italian Trattoria Lincoln,nazarena moreno,48,,Drinks - lincoln,,9/12/26 11:23 AM,9/12/26 11:31 AM,7 minutes and 24 seconds,Manuel Belmonte
IT Italian Trattoria Lincoln,nazarena moreno,48,,Bar Station - lincoln,,9/12/26 11:23 AM,9/12/26 11:31 AM,7 minutes and 24 seconds,Manuel Belmonte
IT Italian Trattoria Lincoln,nazarena moreno,48,,Pasta - lincoln,,9/12/26 11:23 AM,9/12/26 11:31 AM,7 minutes and 24 seconds,Manuel Belmonte
IT Italian Trattoria Lincoln,nazarena moreno,50,,Drinks - lincoln,,9/12/26 11:28 AM,9/12/26 11:31 AM,2 minutes and 39 seconds,Manuel Belmonte
IT Italian Trattoria Lincoln,nazarena moreno,50,,Bar Station - lincoln,,9/12/26 11:28 AM,9/12/26 11:31 AM,2 minutes and 39 seconds,Manuel Belmonte
IT Italian Trattoria Lincoln,nazarena moreno,50,,Pasta - lincoln,,9/12/26 11:28 AM,9/12/26 11:31 AM,2 minutes and 39 seconds,Manuel Belmonte
IT Italian Trattoria Lincoln,Kokoe Avoumado,53,,Drinks - lincoln,,9/12/26 11:32 AM,9/12/26 11:34 AM,1 minute and 21 seconds,Manuel Belmonte
IT Italian Trattoria Lincoln,Kokoe Avoumado,53,,Bar Station - lincoln,,9/12/26 11:32 AM,9/12/26 11:34 AM,1 minute and 21 seconds,Manuel Belmonte
IT Italian Trattoria Lincoln,Kokoe Avoumado,53,,Pasta - lincoln,,9/12/26 11:32 AM,9/12/26 11:34 AM,1 minute and 21 seconds,Manuel Belmonte
IT Italian Trattoria Lincoln,nazarena moreno,52,,Drinks - lincoln,,9/12/26 11:32 AM,9/12/26 11:37 AM,4 minutes and 42 seconds,Manuel Belmonte
IT Italian Trattoria Lincoln,nazarena moreno,52,,Bar Station - lincoln,,9/12/26 11:32 AM,9/12/26 11:37 AM,4 minutes and 42 seconds,Manuel Belmonte
IT Italian Trattoria Lincoln,nazarena moreno,52,,Pasta - lincoln,,9/12/26 11:32 AM,9/12/26 11:37 AM,4 minutes and 42 seconds,Manuel Belmonte
IT Italian Trattoria Lincoln,Kokoe Avoumado,58,33,Pasta - lincoln,,9/12/26 12:24 PM,9/12/26 12:34 PM,10 minutes and 28 seconds,Manuel Belmonte
IT Italian Trattoria Lincoln,Kokoe Avoumado,59,,Drinks - lincoln,,9/12/26 12:36 PM,9/12/26 12:36 PM,8 seconds,Manuel Belmonte
IT Italian Trattoria Lincoln,Kokoe Avoumado,59,,Bar Station - lincoln,,9/12/26 12:36 PM,9/12/26 12:36 PM,8 seconds,Manuel Belmonte
IT Italian Trattoria Lincoln,Kokoe Avoumado,59,,Pasta - lincoln,,9/12/26 12:36 PM,9/12/26 12:36 PM,8 seconds,Manuel Belmonte
IT Italian Trattoria Lincoln,Kokoe Avoumado,63,203,Pasta - lincoln,,9/12/26 12:51 PM,9/12/26 12:58 PM,6 minutes and 19 seconds,Manuel Belmonte
IT Italian Trattoria Lincoln,Kokoe Avoumado,63,203,Ensalada - lincoln,,9/12/26 12:51 PM,9/12/26 12:58 PM,6 minutes and 19 seconds,Manuel Belmonte
IT Italian Trattoria Lincoln,nazarena moreno,69,101,Pasta - lincoln,,9/12/26 1:11 PM,9/12/26 1:19 PM,8 minutes and 35 seconds,Manuel Belmonte
IT Italian Trattoria Lincoln,nazarena moreno,70,211,Pasta - lincoln,,9/12/26 1:13 PM,9/12/26 1:24 PM,10 minutes and 23 seconds,Manuel Belmonte
IT Italian Trattoria Lincoln,nazarena moreno,73,106,Pasta - lincoln,,9/12/26 1:25 PM,9/12/26 1:37 PM,11 minutes and 20 seconds,Manuel Belmonte
IT Italian Trattoria Lincoln,nazarena moreno,75,,Pasta - lincoln,,9/12/26 1:29 PM,9/12/26 1:37 PM,7 minutes and 54 seconds,Manuel Belmonte
IT Italian Trattoria Lincoln,nazarena moreno,76,100,Pasta - lincoln,,9/12/26 1:40 PM,9/12/26 1:50 PM,9 minutes and 58 seconds,Manuel Belmonte
IT Italian Trattoria Lincoln,nazarena moreno,78,302,Pasta - lincoln,,9/12/26 1:52 PM,9/12/26 1:58 PM,6 minutes and 19 seconds,Manuel Belmonte
IT Italian Trattoria Lincoln,Manuel Belmonte,79,200,Ensalada - lincoln,,9/12/26 1:56 PM,9/12/26 2:03 PM,6 minutes and 38 seconds,Manuel Belmonte
IT Italian Trattoria Lincoln,Manuel Belmonte,79,200,Pasta - lincoln,,9/12/26 1:56 PM,9/12/26 2:03 PM,6 minutes and 38 seconds,Manuel Belmonte
IT Italian Trattoria Lincoln,Kokoe Avoumado,81,,Pasta - lincoln,,9/12/26 2:07 PM,9/12/26 2:12 PM,5 minutes and 33 seconds,Manuel Belmonte
IT Italian Trattoria Lincoln,Manuel Belmonte,85,,Pasta - lincoln,,9/12/26 2:17 PM,9/12/26 2:24 PM,7 minutes and 31 seconds,Manuel Belmonte
IT Italian Trattoria Lincoln,Manuel Belmonte,86,21,Pasta - lincoln,,9/12/26 2:31 PM,9/12/26 2:36 PM,5 minutes and 20 seconds,Manuel Belmonte
IT Italian Trattoria Lincoln,Manuel Belmonte,89,208,Pasta - lincoln,,9/12/26 2:29 PM,9/12/26 2:39 PM,9 minutes and 49 seconds,Manuel Belmonte
IT Italian Trattoria Lincoln,Manuel Belmonte,86,21,Pasta - lincoln,,9/12/26 2:39 PM,9/12/26 2:46 PM,6 minutes and 58 seconds,Manuel Belmonte
IT Italian Trattoria Lincoln,Default Online Ordering,92,,Pasta - lincoln,,9/12/26 2:39 PM,9/12/26 2:50 PM,11 minutes and 9 seconds,Manuel Belmonte
IT Italian Trattoria Lincoln,Manuel Belmonte,94,306,Ensalada - lincoln,,9/12/26 2:54 PM,9/12/26 3:00 PM,6 minutes and 32 seconds,Manuel Belmonte
IT Italian Trattoria Lincoln,Manuel Belmonte,94,306,Pasta - lincoln,,9/12/26 2:54 PM,9/12/26 3:00 PM,6 minutes and 32 seconds,Manuel Belmonte
IT Italian Trattoria Lincoln,Manuel Belmonte,95,200,Pasta - lincoln,,9/12/26 2:56 PM,9/12/26 3:03 PM,7 minutes and 7 seconds,Manuel Belmonte
IT Italian Trattoria Lincoln,Manuel Belmonte,88,105,Pasta - lincoln,,9/12/26 3:16 PM,9/12/26 3:26 PM,10 minutes and 28 seconds,Manuel Belmonte
IT Italian Trattoria Lincoln,Manuel Belmonte,97,209,Ensalada - lincoln,,9/12/26 3:18 PM,9/12/26 3:29 PM,11 minutes and 12 seconds,Manuel Belmonte
IT Italian Trattoria Lincoln,Manuel Belmonte,96,204,Pasta - lincoln,,9/12/26 3:17 PM,9/12/26 3:30 PM,13 minutes and 20 seconds,Manuel Belmonte
IT Italian Trattoria Lincoln,Manuel Belmonte,99,107,Pasta - lincoln,,9/12/26 3:24 PM,9/12/26 3:34 PM,9 minutes and 51 seconds,Manuel Belmonte
IT Italian Trattoria Lincoln,Manuel Belmonte,99,107,Pasta - lincoln,,9/12/26 3:30 PM,9/12/26 3:36 PM,5 minutes and 32 seconds,Manuel Belmonte
IT Italian Trattoria Lincoln,Manuel Belmonte,103,9,Pasta - lincoln,,9/12/26 3:37 PM,9/12/26 3:48 PM,10 minutes and 47 seconds,Manuel Belmonte
IT Italian Trattoria Lincoln,Kokoe Avoumado,105,,Ensalada - lincoln,,9/12/26 3:48 PM,9/12/26 3:50 PM,2 minutes and 36 seconds,Manuel Belmonte
IT Italian Trattoria Lincoln,Manuel Belmonte,106,6,Pasta - lincoln,,9/12/26 3:59 PM,9/12/26 4:18 PM,19 minutes and 55 seconds,Manuel Belmonte
IT Italian Trattoria Lincoln,James Arcinegas,107,304,Pasta - lincoln,,9/12/26 4:36 PM,9/12/26 4:52 PM,16 minutes and 2 seconds,Manuel Belmonte
IT Italian Trattoria Lincoln,Manuel Belmonte,110,,Drinks - lincoln,,9/12/26 4:39 PM,9/12/26 4:52 PM,12 minutes and 54 seconds,Manuel Belmonte
IT Italian Trattoria Lincoln,Manuel Belmonte,110,,No Print / Expo - lincoln,,9/12/26 4:39 PM,9/12/26 4:52 PM,12 minutes and 54 seconds,Manuel Belmonte
IT Italian Trattoria Lincoln,Manuel Belmonte,110,,Pasta - lincoln,,9/12/26 4:39 PM,9/12/26 4:52 PM,12 minutes and 54 seconds,Manuel Belmonte
IT Italian Trattoria Lincoln,Manuel Belmonte,110,,Pizza - lincoln,,9/12/26 4:39 PM,9/12/26 4:52 PM,12 minutes and 54 seconds,Manuel Belmonte
IT Italian Trattoria Lincoln,Manuel Belmonte,110,,Ensalada - lincoln,,9/12/26 4:39 PM,9/12/26 4:52 PM,12 minutes and 54 seconds,Manuel Belmonte
IT Italian Trattoria Lincoln,Manuel Belmonte,110,,online ordering - lincoln,,9/12/26 4:39 PM,9/12/26 4:52 PM,12 minutes and 54 seconds,Manuel Belmonte
IT Italian Trattoria Lincoln,Manuel Belmonte,110,,Bar Station - lincoln,,9/12/26 4:39 PM,9/12/26 4:52 PM,12 minutes and 54 seconds,Manuel Belmonte
IT Italian Trattoria Lincoln,James Arcinegas,112,,Pasta - lincoln,,9/12/26 5:21 PM,9/12/26 5:35 PM,13 minutes and 30 seconds,Manuel Belmonte
IT Italian Trattoria Lincoln,Manuel Belmonte,121,5,Pasta - lincoln,,9/12/26 6:33 PM,9/12/26 6:42 PM,8 minutes and 56 seconds,Manuel Belmonte
IT Italian Trattoria Lincoln,Manuel Belmonte,124,105,Pasta - lincoln,,9/12/26 6:42 PM,9/12/26 6:47 PM,5 minutes,Manuel Belmonte
IT Italian Trattoria Lincoln,Manuel Belmonte,126,30,Pasta - lincoln,,9/12/26 6:57 PM,9/12/26 7:04 PM,7 minutes and 2 seconds,Manuel Belmonte
IT Italian Trattoria Lincoln,Manuel Belmonte,126,30,Pasta - lincoln,,9/12/26 7:13 PM,9/12/26 7:16 PM,2 minutes and 59 seconds,Manuel Belmonte
IT Italian Trattoria Lincoln,Manuel Belmonte,132,6,Pasta - lincoln,,9/12/26 7:27 PM,9/12/26 7:33 PM,5 minutes and 40 seconds,Manuel Belmonte
IT Italian Trattoria Lincoln,Manuel Belmonte,138,1,Pasta - lincoln,,9/12/26 7:42 PM,9/12/26 7:54 PM,11 minutes and 19 seconds,Manuel Belmonte
IT Italian Trattoria Lincoln,Manuel Belmonte,138,1,Ensalada - lincoln,,9/12/26 7:42 PM,9/12/26 7:54 PM,11 minutes and 19 seconds,Manuel Belmonte
IT Italian Trattoria Lincoln,Manuel Belmonte,140,209,Pasta - lincoln,,9/12/26 7:46 PM,9/12/26 7:54 PM,8 minutes and 12 seconds,Manuel Belmonte
IT Italian Trattoria Lincoln,James Arcinegas,141,,Pasta - lincoln,,9/12/26 7:50 PM,9/12/26 7:59 PM,9 minutes and 9 seconds,Manuel Belmonte
IT Italian Trattoria Lincoln,Manuel Belmonte,143,21,Pasta - lincoln,,9/12/26 8:00 PM,9/12/26 8:07 PM,6 minutes and 33 seconds,Manuel Belmonte
IT Italian Trattoria Lincoln,Manuel Belmonte,146,22,Pasta - lincoln,,9/12/26 8:04 PM,9/12/26 8:11 PM,6 minutes and 53 seconds,Manuel Belmonte
IT Italian Trattoria Lincoln,Manuel Belmonte,148,,Pasta - lincoln,,9/12/26 8:17 PM,9/12/26 8:26 PM,8 minutes and 38 seconds,Manuel Belmonte
IT Italian Trattoria Lincoln,James Arcinegas,139,5,Pasta - lincoln,,9/12/26 8:23 PM,9/12/26 8:26 PM,2 minutes and 25 seconds,Manuel Belmonte
IT Italian Trattoria Lincoln,Manuel Belmonte,150,107,Pasta - lincoln,,9/12/26 8:18 PM,9/12/26 8:32 PM,13 minutes and 25 seconds,Manuel Belmonte
IT Italian Trattoria Lincoln,Manuel Belmonte,154,20,Drinks - lincoln,,9/12/26 8:32 PM,9/12/26 8:35 PM,3 minutes and 6 seconds,Manuel Belmonte
IT Italian Trattoria Lincoln,Manuel Belmonte,154,20,No Print / Expo - lincoln,,9/12/26 8:32 PM,9/12/26 8:35 PM,3 minutes and 6 seconds,Manuel Belmonte
IT Italian Trattoria Lincoln,Manuel Belmonte,154,20,Pasta - lincoln,,9/12/26 8:32 PM,9/12/26 8:35 PM,3 minutes and 6 seconds,Manuel Belmonte
IT Italian Trattoria Lincoln,Manuel Belmonte,154,20,Pizza - lincoln,,9/12/26 8:32 PM,9/12/26 8:35 PM,3 minutes and 6 seconds,Manuel Belmonte
IT Italian Trattoria Lincoln,Manuel Belmonte,154,20,Ensalada - lincoln,,9/12/26 8:32 PM,9/12/26 8:35 PM,3 minutes and 6 seconds,Manuel Belmonte
IT Italian Trattoria Lincoln,Manuel Belmonte,154,20,online ordering - lincoln,,9/12/26 8:32 PM,9/12/26 8:35 PM,3 minutes and 6 seconds,Manuel Belmonte
IT Italian Trattoria Lincoln,Manuel Belmonte,154,20,Bar Station - lincoln,,9/12/26 8:32 PM,9/12/26 8:35 PM,3 minutes and 6 seconds,Manuel Belmonte
IT Italian Trattoria Lincoln,James Arcinegas,139,5,Pasta - lincoln,,9/12/26 8:31 PM,9/12/26 8:36 PM,5 minutes and 9 seconds,Manuel Belmonte
IT Italian Trattoria Lincoln,James Arcinegas,152,B2,Pasta - lincoln,,9/12/26 8:33 PM,9/12/26 8:42 PM,8 minutes and 46 seconds,Manuel Belmonte
IT Italian Trattoria Lincoln,James Arcinegas,139,5,Pasta - lincoln,,9/12/26 8:37 PM,9/12/26 8:42 PM,5 minutes and 41 seconds,Manuel Belmonte
IT Italian Trattoria Lincoln,Manuel Belmonte,154,20,Pasta - lincoln,,9/12/26 8:34 PM,9/12/26 8:44 PM,10 minutes and 21 seconds,Manuel Belmonte
IT Italian Trattoria Lincoln,James Arcinegas,158,,Ensalada - lincoln,,9/12/26 9:02 PM,9/12/26 9:05 PM,3 minutes and 18 seconds,Manuel Belmonte
IT Italian Trattoria Lincoln,Manuel Belmonte,159,23,Pasta - lincoln,,9/12/26 9:02 PM,9/12/26 9:07 PM,5 minutes and 36 seconds,Manuel Belmonte
IT Italian Trattoria Lincoln,Manuel Belmonte,159,23,Ensalada - lincoln,,9/12/26 9:02 PM,9/12/26 9:07 PM,5 minutes and 36 seconds,Manuel Belmonte
IT Italian Trattoria Lincoln,Manuel Belmonte,162,30,Pasta - lincoln,,9/12/26 9:14 PM,9/12/26 9:20 PM,6 minutes,Manuel Belmonte
IT Italian Trattoria Lincoln,James Arcinegas,161,,Pasta - lincoln,,9/12/26 9:22 PM,9/12/26 9:34 PM,11 minutes and 57 seconds,Manuel Belmonte
IT Italian Trattoria Lincoln,nevrije dosku,5,3,Drinks - lincoln,,9/13/26 8:54 AM,9/13/26 9:00 AM,6 minutes and 33 seconds,Manuel Belmonte
IT Italian Trattoria Lincoln,nevrije dosku,5,3,Bar Station - lincoln,,9/13/26 8:54 AM,9/13/26 9:00 AM,6 minutes and 33 seconds,Manuel Belmonte
IT Italian Trattoria Lincoln,nevrije dosku,5,3,Pasta - lincoln,,9/13/26 8:54 AM,9/13/26 9:00 AM,6 minutes and 33 seconds,Manuel Belmonte
IT Italian Trattoria Lincoln,nevrije dosku,6,,Drinks - lincoln,,9/13/26 8:54 AM,9/13/26 9:00 AM,6 minutes and 34 seconds,Manuel Belmonte
IT Italian Trattoria Lincoln,nevrije dosku,6,,Bar Station - lincoln,,9/13/26 8:54 AM,9/13/26 9:00 AM,6 minutes and 34 seconds,Manuel Belmonte
IT Italian Trattoria Lincoln,nevrije dosku,6,,Pasta - lincoln,,9/13/26 8:54 AM,9/13/26 9:00 AM,6 minutes and 34 seconds,Manuel Belmonte
IT Italian Trattoria Lincoln,nevrije dosku,7,,Drinks - lincoln,,9/13/26 8:54 AM,9/13/26 9:05 AM,10 minutes and 56 seconds,Manuel Belmonte
IT Italian Trattoria Lincoln,nevrije dosku,7,,Bar Station - lincoln,,9/13/26 8:54 AM,9/13/26 9:05 AM,10 minutes and 56 seconds,Manuel Belmonte
IT Italian Trattoria Lincoln,nevrije dosku,7,,Pasta - lincoln,,9/13/26 8:54 AM,9/13/26 9:05 AM,10 minutes and 56 seconds,Manuel Belmonte
IT Italian Trattoria Lincoln,nevrije dosku,12,20,Drinks - lincoln,,9/13/26 9:10 AM,9/13/26 9:17 AM,7 minutes and 9 seconds,Manuel Belmonte
IT Italian Trattoria Lincoln,nevrije dosku,12,20,Bar Station - lincoln,,9/13/26 9:10 AM,9/13/26 9:17 AM,7 minutes and 9 seconds,Manuel Belmonte
IT Italian Trattoria Lincoln,nevrije dosku,12,20,Pasta - lincoln,,9/13/26 9:10 AM,9/13/26 9:17 AM,7 minutes and 9 seconds,Manuel Belmonte
IT Italian Trattoria Lincoln,Kokoe Avoumado,14,,Drinks - lincoln,,9/13/26 9:13 AM,9/13/26 9:19 AM,5 minutes and 25 seconds,Manuel Belmonte
IT Italian Trattoria Lincoln,Kokoe Avoumado,14,,Bar Station - lincoln,,9/13/26 9:13 AM,9/13/26 9:19 AM,5 minutes and 25 seconds,Manuel Belmonte
IT Italian Trattoria Lincoln,Kokoe Avoumado,14,,Pasta - lincoln,,9/13/26 9:13 AM,9/13/26 9:19 AM,5 minutes and 25 seconds,Manuel Belmonte
IT Italian Trattoria Lincoln,nevrije dosku,19,209,Drinks - lincoln,,9/13/26 9:29 AM,9/13/26 9:35 AM,6 minutes and 29 seconds,Manuel Belmonte
IT Italian Trattoria Lincoln,nevrije dosku,19,209,Bar Station - lincoln,,9/13/26 9:29 AM,9/13/26 9:35 AM,6 minutes and 29 seconds,Manuel Belmonte
IT Italian Trattoria Lincoln,nevrije dosku,19,209,Pasta - lincoln,,9/13/26 9:29 AM,9/13/26 9:35 AM,6 minutes and 29 seconds,Manuel Belmonte
IT Italian Trattoria Lincoln,Kokoe Avoumado,21,,Drinks - lincoln,,9/13/26 9:37 AM,9/13/26 9:45 AM,7 minutes and 47 seconds,Manuel Belmonte
IT Italian Trattoria Lincoln,Kokoe Avoumado,21,,Bar Station - lincoln,,9/13/26 9:37 AM,9/13/26 9:45 AM,7 minutes and 47 seconds,Manuel Belmonte
IT Italian Trattoria Lincoln,Kokoe Avoumado,21,,Pasta - lincoln,,9/13/26 9:37 AM,9/13/26 9:45 AM,7 minutes and 47 seconds,Manuel Belmonte
IT Italian Trattoria Lincoln,nevrije dosku,24,20,Drinks - lincoln,,9/13/26 9:46 AM,9/13/26 9:54 AM,8 minutes and 30 seconds,Manuel Belmonte
IT Italian Trattoria Lincoln,nevrije dosku,24,20,Bar Station - lincoln,,9/13/26 9:46 AM,9/13/26 9:54 AM,8 minutes and 30 seconds,Manuel Belmonte
IT Italian Trattoria Lincoln,nevrije dosku,24,20,Pasta - lincoln,,9/13/26 9:46 AM,9/13/26 9:54 AM,8 minutes and 30 seconds,Manuel Belmonte
IT Italian Trattoria Lincoln,nevrije dosku,25,21 b,Drinks - lincoln,,9/13/26 9:48 AM,9/13/26 9:56 AM,7 minutes and 56 seconds,Manuel Belmonte
IT Italian Trattoria Lincoln,nevrije dosku,25,21 b,Bar Station - lincoln,,9/13/26 9:48 AM,9/13/26 9:56 AM,7 minutes and 56 seconds,Manuel Belmonte
IT Italian Trattoria Lincoln,nevrije dosku,25,21 b,Pasta - lincoln,,9/13/26 9:48 AM,9/13/26 9:56 AM,7 minutes and 56 seconds,Manuel Belmonte
IT Italian Trattoria Lincoln,nevrije dosku,28,9,Drinks - lincoln,,9/13/26 10:06 AM,9/13/26 10:10 AM,4 minutes and 19 seconds,Manuel Belmonte
IT Italian Trattoria Lincoln,nevrije dosku,28,9,Bar Station - lincoln,,9/13/26 10:06 AM,9/13/26 10:10 AM,4 minutes and 19 seconds,Manuel Belmonte
IT Italian Trattoria Lincoln,nevrije dosku,28,9,Pasta - lincoln,,9/13/26 10:06 AM,9/13/26 10:10 AM,4 minutes and 19 seconds,Manuel Belmonte
IT Italian Trattoria Lincoln,nevrije dosku,45,21 b,Pasta - lincoln,,9/13/26 11:31 AM,9/13/26 11:39 AM,7 minutes and 55 seconds,Manuel Belmonte
IT Italian Trattoria Lincoln,nevrije dosku,36,24 b,Ensalada - lincoln,,9/13/26 11:42 AM,9/13/26 11:46 AM,4 minutes and 3 seconds,Manuel Belmonte
IT Italian Trattoria Lincoln,nevrije dosku,51,211,Pasta - lincoln,,9/13/26 11:56 AM,9/13/26 12:01 PM,4 minutes and 56 seconds,Manuel Belmonte
IT Italian Trattoria Lincoln,nevrije dosku,56,10,Ensalada - lincoln,,9/13/26 12:16 PM,9/13/26 12:18 PM,1 minute and 23 seconds,Manuel Belmonte
IT Italian Trattoria Lincoln,nevrije dosku,59,32,Pasta - lincoln,,9/13/26 12:26 PM,9/13/26 12:35 PM,9 minutes and 37 seconds,Manuel Belmonte
IT Italian Trattoria Lincoln,nevrije dosku,60,206,Pasta - lincoln,,9/13/26 12:30 PM,9/13/26 12:37 PM,7 minutes and 39 seconds,Manuel Belmonte
IT Italian Trattoria Lincoln,nevrije dosku,60,206,Pasta - lincoln,,9/13/26 12:42 PM,9/13/26 12:49 PM,7 minutes and 57 seconds,Manuel Belmonte
IT Italian Trattoria Lincoln,nevrije dosku,61,33,Ensalada - lincoln,,9/13/26 12:44 PM,9/13/26 12:49 PM,5 minutes and 15 seconds,Manuel Belmonte
IT Italian Trattoria Lincoln,Default Online Ordering,63,,Pasta - lincoln,,9/13/26 12:59 PM,9/13/26 1:08 PM,8 minutes and 22 seconds,Manuel Belmonte
IT Italian Trattoria Lincoln,Manuel Belmonte,64,104,Pasta - lincoln,,9/13/26 1:07 PM,9/13/26 1:12 PM,4 minutes and 55 seconds,Manuel Belmonte
IT Italian Trattoria Lincoln,Kokoe Avoumado,65,,Pasta - lincoln,,9/13/26 1:10 PM,9/13/26 1:19 PM,9 minutes and 14 seconds,Manuel Belmonte
IT Italian Trattoria Lincoln,Kokoe Avoumado,70,,Pasta - lincoln,,9/13/26 1:23 PM,9/13/26 1:28 PM,4 minutes and 59 seconds,Manuel Belmonte
IT Italian Trattoria Lincoln,nevrije dosku,69,23 b,Pasta - lincoln,,9/13/26 1:23 PM,9/13/26 1:29 PM,5 minutes and 43 seconds,Manuel Belmonte
IT Italian Trattoria Lincoln,Kokoe Avoumado,71,,Pasta - lincoln,,9/13/26 1:25 PM,9/13/26 1:32 PM,6 minutes and 48 seconds,Manuel Belmonte
IT Italian Trattoria Lincoln,nevrije dosku,72,205,Pasta - lincoln,,9/13/26 1:28 PM,9/13/26 1:35 PM,6 minutes and 24 seconds,Manuel Belmonte
IT Italian Trattoria Lincoln,Kokoe Avoumado,74,,Ensalada - lincoln,,9/13/26 1:33 PM,9/13/26 1:35 PM,1 minute and 43 seconds,Manuel Belmonte
IT Italian Trattoria Lincoln,Manuel Belmonte,76,,Pasta - lincoln,,9/13/26 1:37 PM,9/13/26 1:40 PM,3 minutes and 31 seconds,Manuel Belmonte
IT Italian Trattoria Lincoln,nevrije dosku,77,102,Pasta - lincoln,,9/13/26 1:58 PM,9/13/26 2:00 PM,1 minute and 30 seconds,Manuel Belmonte
IT Italian Trattoria Lincoln,nevrije dosku,77,102,Ensalada - lincoln,,9/13/26 2:02 PM,9/13/26 2:04 PM,2 minutes and 7 seconds,Manuel Belmonte
IT Italian Trattoria Lincoln,nevrije dosku,78,209,Pasta - lincoln,,9/13/26 1:58 PM,9/13/26 2:09 PM,10 minutes and 10 seconds,Manuel Belmonte
IT Italian Trattoria Lincoln,Manuel Belmonte,79,101,Pasta - lincoln,,9/13/26 1:59 PM,9/13/26 2:11 PM,11 minutes and 24 seconds,Manuel Belmonte
IT Italian Trattoria Lincoln,Manuel Belmonte,82,200,Pasta - lincoln,,9/13/26 2:13 PM,9/13/26 2:24 PM,10 minutes and 44 seconds,Manuel Belmonte
IT Italian Trattoria Lincoln,nevrije dosku,85,303,Pasta - lincoln,,9/13/26 2:15 PM,9/13/26 2:24 PM,9 minutes and 45 seconds,Manuel Belmonte
IT Italian Trattoria Lincoln,Manuel Belmonte,84,20,Pasta - lincoln,,9/13/26 2:15 PM,9/13/26 2:27 PM,11 minutes and 49 seconds,Manuel Belmonte
IT Italian Trattoria Lincoln,nevrije dosku,87,305,Pasta - lincoln,,9/13/26 2:22 PM,9/13/26 2:37 PM,14 minutes and 44 seconds,Manuel Belmonte
IT Italian Trattoria Lincoln,Manuel Belmonte,89,31,Pasta - lincoln,,9/13/26 2:29 PM,9/13/26 2:41 PM,11 minutes and 40 seconds,Manuel Belmonte
IT Italian Trattoria Lincoln,nevrije dosku,85,303,Pasta - lincoln,,9/13/26 2:17 PM,9/13/26 2:46 PM,29 minutes and 3 seconds,Manuel Belmonte
IT Italian Trattoria Lincoln,nevrije dosku,94,103,Ensalada - lincoln,,9/13/26 2:53 PM,9/13/26 3:00 PM,7 minutes and 6 seconds,Manuel Belmonte
IT Italian Trattoria Lincoln,nevrije dosku,94,103,Pasta - lincoln,,9/13/26 2:53 PM,9/13/26 3:00 PM,7 minutes and 6 seconds,Manuel Belmonte
IT Italian Trattoria Lincoln,nevrije dosku,96,202,Pasta - lincoln,,9/13/26 3:07 PM,9/13/26 3:15 PM,8 minutes and 26 seconds,Manuel Belmonte
IT Italian Trattoria Lincoln,Manuel Belmonte,98,,Pasta - lincoln,,9/13/26 3:04 PM,9/13/26 3:16 PM,11 minutes and 35 seconds,Manuel Belmonte
IT Italian Trattoria Lincoln,nevrije dosku,99,B3,Pasta - lincoln,,9/13/26 3:07 PM,9/13/26 3:16 PM,8 minutes and 50 seconds,Manuel Belmonte
IT Italian Trattoria Lincoln,Kokoe Avoumado,106,,Pasta - lincoln,,9/13/26 3:51 PM,9/13/26 4:05 PM,13 minutes and 16 seconds,Manuel Belmonte
IT Italian Trattoria Lincoln,Default Online Ordering,107,,Pasta - lincoln,,9/13/26 4:08 PM,9/13/26 4:16 PM,7 minutes and 46 seconds,Manuel Belmonte
IT Italian Trattoria Lincoln,Kokoe Avoumado,108,,Pasta - lincoln,,9/13/26 4:13 PM,9/13/26 4:20 PM,7 minutes and 25 seconds,Manuel Belmonte
IT Italian Trattoria Lincoln,James Arcinegas,112,B4,Pasta - lincoln,,9/13/26 5:01 PM,9/13/26 5:13 PM,12 minutes and 17 seconds,Manuel Belmonte
IT Italian Trattoria Lincoln,James Arcinegas,113,,Pasta - lincoln,,9/13/26 5:12 PM,9/13/26 5:17 PM,5 minutes and 22 seconds,Manuel Belmonte
IT Italian Trattoria Lincoln,Manuel Belmonte,115,31,Pasta - lincoln,,9/13/26 5:20 PM,9/13/26 5:29 PM,8 minutes and 32 seconds,Manuel Belmonte
IT Italian Trattoria Lincoln,Manuel Belmonte,117,20,Pasta - lincoln,,9/13/26 5:24 PM,9/13/26 5:43 PM,18 minutes and 55 seconds,Manuel Belmonte
IT Italian Trattoria Lincoln,Manuel Belmonte,119,24,Pasta - lincoln,,9/13/26 5:30 PM,9/13/26 5:43 PM,12 minutes and 37 seconds,Manuel Belmonte
IT Italian Trattoria Lincoln,James Arcinegas,112,B4,Pasta - lincoln,,9/13/26 5:32 PM,9/13/26 5:43 PM,11 minutes and 13 seconds,Manuel Belmonte
IT Italian Trattoria Lincoln,Manuel Belmonte,123,32,Pasta - lincoln,,9/13/26 6:02 PM,9/13/26 6:10 PM,7 minutes and 59 seconds,Manuel Belmonte
IT Italian Trattoria Lincoln,Manuel Belmonte,123,32,Ensalada - lincoln,,9/13/26 6:02 PM,9/13/26 6:10 PM,7 minutes and 59 seconds,Manuel Belmonte
IT Italian Trattoria Lincoln,Manuel Belmonte,123,32,Pasta - lincoln,,9/13/26 6:06 PM,9/13/26 6:14 PM,8 minutes and 18 seconds,Manuel Belmonte
IT Italian Trattoria Lincoln,Manuel Belmonte,123,32,Ensalada - lincoln,,9/13/26 6:13 PM,9/13/26 6:14 PM,20 seconds,Manuel Belmonte
IT Italian Trattoria Lincoln,Default Online Ordering,136,,Pasta - lincoln,,9/13/26 6:30 PM,9/13/26 6:35 PM,4 minutes and 53 seconds,Manuel Belmonte
IT Italian Trattoria Lincoln,Manuel Belmonte,138,,Pasta - lincoln,,9/13/26 6:48 PM,9/13/26 6:55 PM,7 minutes and 21 seconds,Manuel Belmonte
IT Italian Trattoria Lincoln,Manuel Belmonte,146,,Pasta - lincoln,,9/13/26 7:12 PM,9/13/26 7:17 PM,5 minutes and 40 seconds,Manuel Belmonte
IT Italian Trattoria Lincoln,Manuel Belmonte,132,30,Pasta - lincoln,,9/13/26 7:08 PM,9/13/26 7:17 PM,9 minutes and 26 seconds,Manuel Belmonte
IT Italian Trattoria Lincoln,Manuel Belmonte,141,10,Pasta - lincoln,,9/13/26 7:06 PM,9/13/26 7:17 PM,11 minutes and 22 seconds,Manuel Belmonte
IT Italian Trattoria Lincoln,Manuel Belmonte,147,211,Pasta - lincoln,,9/13/26 7:19 PM,9/13/26 7:26 PM,6 minutes and 4 seconds,Manuel Belmonte
IT Italian Trattoria Lincoln,Manuel Belmonte,148,20,Pasta - lincoln,,9/13/26 7:34 PM,9/13/26 7:42 PM,8 minutes and 2 seconds,Manuel Belmonte
IT Italian Trattoria Lincoln,James Arcinegas,151,,Pasta - lincoln,,9/13/26 7:47 PM,9/13/26 7:57 PM,9 minutes and 47 seconds,Manuel Belmonte
IT Italian Trattoria Lincoln,James Arcinegas,152,,Pasta - lincoln,,9/13/26 7:48 PM,9/13/26 7:57 PM,8 minutes and 52 seconds,Manuel Belmonte
IT Italian Trattoria Lincoln,James Arcinegas,153,,Pasta - lincoln,,9/13/26 7:48 PM,9/13/26 7:58 PM,10 minutes and 1 second,Manuel Belmonte
IT Italian Trattoria Lincoln,James Arcinegas,154,6,Pasta - lincoln,,9/13/26 7:55 PM,9/13/26 8:03 PM,7 minutes and 58 seconds,Manuel Belmonte
IT Italian Trattoria Lincoln,Default Online Ordering,156,,Pasta - lincoln,,9/13/26 7:54 PM,9/13/26 8:04 PM,9 minutes and 40 seconds,Manuel Belmonte
IT Italian Trattoria Lincoln,James Arcinegas,158,200,Pasta - lincoln,,9/13/26 8:22 PM,9/13/26 8:27 PM,5 minutes and 6 seconds,Manuel Belmonte
IT Italian Trattoria Lincoln,Manuel Belmonte,160,,Ensalada - lincoln,,9/13/26 8:27 PM,9/13/26 8:32 PM,4 minutes and 33 seconds,Manuel Belmonte
IT Italian Trattoria Lincoln,James Arcinegas,154,6,Pasta - lincoln,,9/13/26 8:36 PM,9/13/26 8:45 PM,9 minutes and 3 seconds,Manuel Belmonte
IT Italian Trattoria Lincoln,James Arcinegas,162,21,Pasta - lincoln,,9/13/26 8:55 PM,9/13/26 9:12 PM,16 minutes and 51 seconds,Manuel Belmonte
IT Italian Trattoria Lincoln,James Arcinegas,162,21,Pasta - lincoln,,9/13/26 8:56 PM,9/13/26 9:12 PM,16 minutes and 15 seconds,Manuel Belmonte
IT Italian Trattoria Lincoln,Manuel Belmonte,164,,Pasta - lincoln,,9/13/26 9:08 PM,9/13/26 9:17 PM,8 minutes and 17 seconds,Manuel Belmonte
IT Italian Trattoria Lincoln,Default Online Ordering,165,,Pasta - lincoln,,9/13/26 9:07 PM,9/13/26 9:17 PM,9 minutes and 10 seconds,Manuel Belmonte
IT Italian Trattoria Lincoln,James Arcinegas,167,23,Pasta - lincoln,,9/13/26 9:26 PM,9/13/26 9:38 PM,11 minutes and 14 seconds,Manuel Belmonte
IT Italian Trattoria Lincoln,Manuel Belmonte,168,203,Pasta - lincoln,,9/13/26 9:29 PM,9/13/26 9:38 PM,8 minutes and 12 seconds,Manuel Belmonte
IT Italian Trattoria Lincoln,nazarena moreno,7,,Drinks - lincoln,,9/14/26 8:47 AM,9/14/26 8:47 AM,8 seconds,Davide Christopher Paredi
IT Italian Trattoria Lincoln,nazarena moreno,7,,Bar Station - lincoln,,9/14/26 8:47 AM,9/14/26 8:47 AM,8 seconds,Davide Christopher Paredi
IT Italian Trattoria Lincoln,nazarena moreno,7,,Pasta - lincoln,,9/14/26 8:47 AM,9/14/26 8:47 AM,8 seconds,Davide Christopher Paredi
IT Italian Trattoria Lincoln,Kokoe Avoumado,5,,Drinks - lincoln,,9/14/26 8:41 AM,9/14/26 8:47 AM,6 minutes and 28 seconds,Davide Christopher Paredi
IT Italian Trattoria Lincoln,Kokoe Avoumado,5,,Bar Station - lincoln,,9/14/26 8:41 AM,9/14/26 8:47 AM,6 minutes and 28 seconds,Davide Christopher Paredi
IT Italian Trattoria Lincoln,Kokoe Avoumado,5,,Pasta - lincoln,,9/14/26 8:41 AM,9/14/26 8:47 AM,6 minutes and 28 seconds,Davide Christopher Paredi
IT Italian Trattoria Lincoln,nazarena moreno,11,,Drinks - lincoln,,9/14/26 9:17 AM,9/14/26 9:23 AM,6 minutes and 18 seconds,Davide Christopher Paredi
IT Italian Trattoria Lincoln,nazarena moreno,11,,Bar Station - lincoln,,9/14/26 9:17 AM,9/14/26 9:23 AM,6 minutes and 18 seconds,Davide Christopher Paredi
IT Italian Trattoria Lincoln,nazarena moreno,11,,Pasta - lincoln,,9/14/26 9:17 AM,9/14/26 9:23 AM,6 minutes and 18 seconds,Davide Christopher Paredi
IT Italian Trattoria Lincoln,nazarena moreno,12,,Drinks - lincoln,,9/14/26 9:22 AM,9/14/26 9:27 AM,4 minutes and 32 seconds,Davide Christopher Paredi
IT Italian Trattoria Lincoln,nazarena moreno,12,,Bar Station - lincoln,,9/14/26 9:22 AM,9/14/26 9:27 AM,4 minutes and 32 seconds,Davide Christopher Paredi
IT Italian Trattoria Lincoln,nazarena moreno,12,,Pasta - lincoln,,9/14/26 9:22 AM,9/14/26 9:27 AM,4 minutes and 32 seconds,Davide Christopher Paredi
IT Italian Trattoria Lincoln,nazarena moreno,16,,Drinks - lincoln,,9/14/26 9:43 AM,9/14/26 9:47 AM,3 minutes and 19 seconds,Davide Christopher Paredi
IT Italian Trattoria Lincoln,nazarena moreno,16,,Bar Station - lincoln,,9/14/26 9:43 AM,9/14/26 9:47 AM,3 minutes and 19 seconds,Davide Christopher Paredi
IT Italian Trattoria Lincoln,nazarena moreno,16,,Pasta - lincoln,,9/14/26 9:43 AM,9/14/26 9:47 AM,3 minutes and 19 seconds,Davide Christopher Paredi
IT Italian Trattoria Lincoln,nazarena moreno,20,,Drinks - lincoln,,9/14/26 9:47 AM,9/14/26 9:51 AM,3 minutes and 17 seconds,Davide Christopher Paredi
IT Italian Trattoria Lincoln,nazarena moreno,20,,Bar Station - lincoln,,9/14/26 9:47 AM,9/14/26 9:51 AM,3 minutes and 17 seconds,Davide Christopher Paredi
IT Italian Trattoria Lincoln,nazarena moreno,20,,Pasta - lincoln,,9/14/26 9:47 AM,9/14/26 9:51 AM,3 minutes and 17 seconds,Davide Christopher Paredi
IT Italian Trattoria Lincoln,Kokoe Avoumado,19,,Drinks - lincoln,,9/14/26 9:50 AM,9/14/26 9:51 AM,52 seconds,Davide Christopher Paredi
IT Italian Trattoria Lincoln,Kokoe Avoumado,19,,Bar Station - lincoln,,9/14/26 9:50 AM,9/14/26 9:51 AM,52 seconds,Davide Christopher Paredi
IT Italian Trattoria Lincoln,Kokoe Avoumado,19,,Pasta - lincoln,,9/14/26 9:50 AM,9/14/26 9:51 AM,52 seconds,Davide Christopher Paredi
IT Italian Trattoria Lincoln,Kokoe Avoumado,17,,Drinks - lincoln,,9/14/26 9:45 AM,9/14/26 9:54 AM,9 minutes,Davide Christopher Paredi
IT Italian Trattoria Lincoln,Kokoe Avoumado,17,,Bar Station - lincoln,,9/14/26 9:45 AM,9/14/26 9:54 AM,9 minutes,Davide Christopher Paredi
IT Italian Trattoria Lincoln,Kokoe Avoumado,17,,Pasta - lincoln,,9/14/26 9:45 AM,9/14/26 9:54 AM,9 minutes,Davide Christopher Paredi
IT Italian Trattoria Lincoln,Kokoe Avoumado,21,,Drinks - lincoln,,9/14/26 10:00 AM,9/14/26 10:04 AM,4 minutes and 17 seconds,Davide Christopher Paredi
IT Italian Trattoria Lincoln,Kokoe Avoumado,21,,Bar Station - lincoln,,9/14/26 10:00 AM,9/14/26 10:04 AM,4 minutes and 17 seconds,Davide Christopher Paredi
IT Italian Trattoria Lincoln,Kokoe Avoumado,21,,Pasta - lincoln,,9/14/26 10:00 AM,9/14/26 10:04 AM,4 minutes and 17 seconds,Davide Christopher Paredi
IT Italian Trattoria Lincoln,Default Online Ordering,30,,Pasta - lincoln,,9/14/26 10:23 AM,9/14/26 10:45 AM,21 minutes and 14 seconds,Davide Christopher Paredi
IT Italian Trattoria Lincoln,nazarena moreno,47,208,Pasta - lincoln,,9/14/26 11:49 AM,9/14/26 12:00 PM,10 minutes and 19 seconds,Davide Christopher Paredi
IT Italian Trattoria Lincoln,nazarena moreno,56,,Ensalada - lincoln,,9/14/26 12:54 PM,9/14/26 1:02 PM,8 minutes and 40 seconds,Davide Christopher Paredi
IT Italian Trattoria Lincoln,nazarena moreno,56,,Pasta - lincoln,,9/14/26 12:54 PM,9/14/26 1:02 PM,8 minutes and 40 seconds,Davide Christopher Paredi
IT Italian Trattoria Lincoln,Kokoe Avoumado,54,,Pasta - lincoln,,9/14/26 12:56 PM,9/14/26 1:10 PM,14 minutes and 8 seconds,Davide Christopher Paredi
IT Italian Trattoria Lincoln,Kokoe Avoumado,54,,Drinks - lincoln,,9/14/26 12:56 PM,9/14/26 1:10 PM,14 minutes and 8 seconds,Davide Christopher Paredi
IT Italian Trattoria Lincoln,Kokoe Avoumado,54,,Bar Station - lincoln,,9/14/26 12:56 PM,9/14/26 1:10 PM,14 minutes and 8 seconds,Davide Christopher Paredi
IT Italian Trattoria Lincoln,nazarena moreno,61,301,Pasta - lincoln,,9/14/26 1:03 PM,9/14/26 1:13 PM,10 minutes and 38 seconds,Davide Christopher Paredi
IT Italian Trattoria Lincoln,Kokoe Avoumado,57,,Drinks - lincoln,,9/14/26 1:20 PM,9/14/26 1:30 PM,9 minutes and 44 seconds,Davide Christopher Paredi
IT Italian Trattoria Lincoln,Kokoe Avoumado,57,,Bar Station - lincoln,,9/14/26 1:20 PM,9/14/26 1:30 PM,9 minutes and 44 seconds,Davide Christopher Paredi
IT Italian Trattoria Lincoln,Kokoe Avoumado,57,,Pasta - lincoln,,9/14/26 1:20 PM,9/14/26 1:30 PM,9 minutes and 44 seconds,Davide Christopher Paredi
IT Italian Trattoria Lincoln,nazarena moreno,66,100,Pasta - lincoln,,9/14/26 1:25 PM,9/14/26 1:34 PM,9 minutes and 21 seconds,Davide Christopher Paredi
IT Italian Trattoria Lincoln,Kokoe Avoumado,67,,Drinks - lincoln,,9/14/26 1:44 PM,9/14/26 1:54 PM,9 minutes and 49 seconds,Davide Christopher Paredi
IT Italian Trattoria Lincoln,Kokoe Avoumado,67,,Bar Station - lincoln,,9/14/26 1:44 PM,9/14/26 1:54 PM,9 minutes and 49 seconds,Davide Christopher Paredi
IT Italian Trattoria Lincoln,Kokoe Avoumado,67,,Pasta - lincoln,,9/14/26 1:44 PM,9/14/26 1:54 PM,9 minutes and 49 seconds,Davide Christopher Paredi
IT Italian Trattoria Lincoln,Manuel Belmonte,77,,Ensalada - lincoln,,9/14/26 3:24 PM,9/14/26 3:25 PM,48 seconds,Davide Christopher Paredi
IT Italian Trattoria Lincoln,Manuel Belmonte,73,21,Pasta - lincoln,,9/14/26 3:05 PM,9/14/26 3:28 PM,23 minutes and 42 seconds,Davide Christopher Paredi
IT Italian Trattoria Lincoln,Manuel Belmonte,73,21,Ensalada - lincoln,,9/14/26 3:05 PM,9/14/26 3:28 PM,23 minutes and 42 seconds,Davide Christopher Paredi
IT Italian Trattoria Lincoln,Manuel Belmonte,75,,Pasta - lincoln,,9/14/26 3:18 PM,9/14/26 3:29 PM,11 minutes,Davide Christopher Paredi
IT Italian Trattoria Lincoln,Kokoe Avoumado,57,,Drinks - lincoln,,9/14/26 1:20 PM,9/14/26 3:59 PM,"2 hours, 38 minutes and 47 seconds",Davide Christopher Paredi
IT Italian Trattoria Lincoln,Kokoe Avoumado,57,,Bar Station - lincoln,,9/14/26 1:20 PM,9/14/26 3:59 PM,"2 hours, 38 minutes and 47 seconds",Davide Christopher Paredi
IT Italian Trattoria Lincoln,Kokoe Avoumado,57,,Pasta - lincoln,,9/14/26 1:20 PM,9/14/26 3:59 PM,"2 hours, 38 minutes and 47 seconds",Davide Christopher Paredi
IT Italian Trattoria Lincoln,Manuel Belmonte,87,,Ensalada - lincoln,,9/14/26 5:09 PM,9/14/26 5:26 PM,17 minutes and 25 seconds,Manuel Belmonte
IT Italian Trattoria Lincoln,Manuel Belmonte,91,30,Pasta - lincoln,,9/14/26 5:30 PM,9/14/26 5:36 PM,5 minutes and 45 seconds,Manuel Belmonte
IT Italian Trattoria Lincoln,Manuel Belmonte,97,200,Pasta - lincoln,,9/14/26 6:01 PM,9/14/26 6:28 PM,27 minutes and 4 seconds,Manuel Belmonte
IT Italian Trattoria Lincoln,Manuel Belmonte,97,200,Ensalada - lincoln,,9/14/26 6:01 PM,9/14/26 6:28 PM,27 minutes and 4 seconds,Manuel Belmonte
IT Italian Trattoria Lincoln,Manuel Belmonte,97,200,Ensalada - lincoln,,9/14/26 6:17 PM,9/14/26 6:28 PM,11 minutes and 9 seconds,Manuel Belmonte
IT Italian Trattoria Lincoln,Manuel Belmonte,97,200,Pasta - lincoln,,9/14/26 6:18 PM,9/14/26 6:28 PM,10 minutes and 5 seconds,Manuel Belmonte
IT Italian Trattoria Lincoln,James Arcinegas,101,,Pasta - lincoln,,9/14/26 6:25 PM,9/14/26 6:45 PM,20 minutes and 14 seconds,Manuel Belmonte
IT Italian Trattoria Lincoln,Manuel Belmonte,97,200,Pasta - lincoln,,9/14/26 6:47 PM,9/14/26 6:58 PM,11 minutes and 41 seconds,Manuel Belmonte
IT Italian Trattoria Lincoln,Manuel Belmonte,106,303,Drinks - lincoln,,9/14/26 6:53 PM,9/14/26 7:07 PM,14 minutes and 20 seconds,Manuel Belmonte
IT Italian Trattoria Lincoln,Manuel Belmonte,106,303,No Print / Expo - lincoln,,9/14/26 6:53 PM,9/14/26 7:07 PM,14 minutes and 20 seconds,Manuel Belmonte
IT Italian Trattoria Lincoln,Manuel Belmonte,106,303,Pasta - lincoln,,9/14/26 6:53 PM,9/14/26 7:07 PM,14 minutes and 20 seconds,Manuel Belmonte
IT Italian Trattoria Lincoln,Manuel Belmonte,106,303,Pizza - lincoln,,9/14/26 6:53 PM,9/14/26 7:07 PM,14 minutes and 20 seconds,Manuel Belmonte
IT Italian Trattoria Lincoln,Manuel Belmonte,106,303,Ensalada - lincoln,,9/14/26 6:53 PM,9/14/26 7:07 PM,14 minutes and 20 seconds,Manuel Belmonte
IT Italian Trattoria Lincoln,Manuel Belmonte,106,303,online ordering - lincoln,,9/14/26 6:53 PM,9/14/26 7:07 PM,14 minutes and 20 seconds,Manuel Belmonte
IT Italian Trattoria Lincoln,Manuel Belmonte,106,303,Bar Station - lincoln,,9/14/26 6:53 PM,9/14/26 7:07 PM,14 minutes and 20 seconds,Manuel Belmonte
IT Italian Trattoria Lincoln,James Arcinegas,109,201,Pasta - lincoln,,9/14/26 7:02 PM,9/14/26 7:13 PM,11 minutes and 16 seconds,Manuel Belmonte
IT Italian Trattoria Lincoln,Manuel Belmonte,106,303,Pasta - lincoln,,9/14/26 7:18 PM,9/14/26 7:41 PM,23 minutes and 29 seconds,Manuel Belmonte
IT Italian Trattoria Lincoln,Manuel Belmonte,117,5,Pasta - lincoln,,9/14/26 7:55 PM,9/14/26 8:00 PM,4 minutes and 41 seconds,Manuel Belmonte
IT Italian Trattoria Lincoln,Manuel Belmonte,117,5,Ensalada - lincoln,,9/14/26 7:55 PM,9/14/26 8:00 PM,4 minutes and 41 seconds,Manuel Belmonte
IT Italian Trattoria Lincoln,Manuel Belmonte,113,105,Ensalada - lincoln,,9/14/26 7:44 PM,9/14/26 8:00 PM,16 minutes and 1 second,Manuel Belmonte
IT Italian Trattoria Lincoln,Manuel Belmonte,113,105,Pasta - lincoln,,9/14/26 7:44 PM,9/14/26 8:00 PM,16 minutes and 1 second,Manuel Belmonte
IT Italian Trattoria Lincoln,Manuel Belmonte,114,7,Ensalada - lincoln,,9/14/26 7:52 PM,9/14/26 8:22 PM,29 minutes and 13 seconds,Manuel Belmonte
IT Italian Trattoria Lincoln,James Arcinegas,111,,Ensalada - lincoln,,9/14/26 7:31 PM,9/14/26 8:22 PM,50 minutes and 32 seconds,Manuel Belmonte
IT Italian Trattoria Lincoln,Manuel Belmonte,119,33,Pasta - lincoln,,9/14/26 8:22 PM,9/14/26 8:35 PM,12 minutes and 41 seconds,Manuel Belmonte
IT Italian Trattoria Lincoln,Manuel Belmonte,118,22 b,Pasta - lincoln,,9/14/26 8:16 PM,9/14/26 8:35 PM,18 minutes and 44 seconds,Manuel Belmonte
IT Italian Trattoria Lincoln,James Arcinegas,120,200,Pasta - lincoln,,9/14/26 8:25 PM,9/14/26 8:43 PM,17 minutes and 13 seconds,Manuel Belmonte
IT Italian Trattoria Lincoln,Manuel Belmonte,121,3,Pasta - lincoln,,9/14/26 8:39 PM,9/14/26 8:53 PM,14 minutes and 22 seconds,Manuel Belmonte
IT Italian Trattoria Lincoln,Manuel Belmonte,125,206,Pasta - lincoln,,9/14/26 9:00 PM,9/14/26 9:18 PM,18 minutes and 29 seconds,Manuel Belmonte
IT Italian Trattoria Lincoln,Manuel Belmonte,125,206,Pasta - lincoln,,9/14/26 9:07 PM,9/14/26 9:21 PM,13 minutes and 44 seconds,Manuel Belmonte
IT Italian Trattoria Lincoln,Manuel Belmonte,126,5,Pasta - lincoln,,9/14/26 9:02 PM,9/14/26 9:25 PM,23 minutes and 6 seconds,Manuel Belmonte
IT Italian Trattoria Lincoln,James Arcinegas,129,,Pasta - lincoln,,9/14/26 9:13 PM,9/14/26 9:33 PM,19 minutes and 56 seconds,Manuel Belmonte
IT Italian Trattoria Lincoln,James Arcinegas,132,,Pasta - lincoln,,9/14/26 9:47 PM,9/14/26 10:06 PM,18 minutes and 33 seconds,Manuel Belmonte
IT Italian Trattoria Lincoln,nazarena moreno,10,,Drinks - lincoln,,9/15/26 8:57 AM,9/15/26 8:57 AM,23 seconds,Manuel Belmonte
IT Italian Trattoria Lincoln,nazarena moreno,10,,Bar Station - lincoln,,9/15/26 8:57 AM,9/15/26 8:57 AM,23 seconds,Manuel Belmonte
IT Italian Trattoria Lincoln,nazarena moreno,10,,Pasta - lincoln,,9/15/26 8:57 AM,9/15/26 8:57 AM,23 seconds,Manuel Belmonte
IT Italian Trattoria Lincoln,nazarena moreno,12,,Drinks - lincoln,,9/15/26 8:57 AM,9/15/26 9:04 AM,6 minutes and 34 seconds,Manuel Belmonte
IT Italian Trattoria Lincoln,nazarena moreno,12,,Bar Station - lincoln,,9/15/26 8:57 AM,9/15/26 9:04 AM,6 minutes and 34 seconds,Manuel Belmonte
IT Italian Trattoria Lincoln,nazarena moreno,12,,Pasta - lincoln,,9/15/26 8:57 AM,9/15/26 9:04 AM,6 minutes and 34 seconds,Manuel Belmonte
IT Italian Trattoria Lincoln,Kokoe Avoumado,8,,Drinks - lincoln,,9/15/26 8:54 AM,9/15/26 9:04 AM,9 minutes and 53 seconds,Manuel Belmonte
IT Italian Trattoria Lincoln,Kokoe Avoumado,8,,Bar Station - lincoln,,9/15/26 8:54 AM,9/15/26 9:04 AM,9 minutes and 53 seconds,Manuel Belmonte
IT Italian Trattoria Lincoln,Kokoe Avoumado,8,,Pasta - lincoln,,9/15/26 8:54 AM,9/15/26 9:04 AM,9 minutes and 53 seconds,Manuel Belmonte
IT Italian Trattoria Lincoln,nazarena moreno,17,,Drinks - lincoln,,9/15/26 9:24 AM,9/15/26 9:30 AM,6 minutes and 22 seconds,Manuel Belmonte
IT Italian Trattoria Lincoln,nazarena moreno,17,,Bar Station - lincoln,,9/15/26 9:24 AM,9/15/26 9:30 AM,6 minutes and 22 seconds,Manuel Belmonte
IT Italian Trattoria Lincoln,nazarena moreno,17,,Pasta - lincoln,,9/15/26 9:24 AM,9/15/26 9:30 AM,6 minutes and 22 seconds,Manuel Belmonte
IT Italian Trattoria Lincoln,Kokoe Avoumado,24,,Drinks - lincoln,,9/15/26 10:03 AM,9/15/26 10:07 AM,3 minutes and 53 seconds,Manuel Belmonte
IT Italian Trattoria Lincoln,Kokoe Avoumado,24,,Bar Station - lincoln,,9/15/26 10:03 AM,9/15/26 10:07 AM,3 minutes and 53 seconds,Manuel Belmonte
IT Italian Trattoria Lincoln,Kokoe Avoumado,24,,Pasta - lincoln,,9/15/26 10:03 AM,9/15/26 10:07 AM,3 minutes and 53 seconds,Manuel Belmonte
IT Italian Trattoria Lincoln,Kokoe Avoumado,23,200,Drinks - lincoln,,9/15/26 10:03 AM,9/15/26 10:11 AM,7 minutes and 45 seconds,Manuel Belmonte
IT Italian Trattoria Lincoln,Kokoe Avoumado,23,200,Bar Station - lincoln,,9/15/26 10:03 AM,9/15/26 10:11 AM,7 minutes and 45 seconds,Manuel Belmonte
IT Italian Trattoria Lincoln,Kokoe Avoumado,23,200,Pasta - lincoln,,9/15/26 10:03 AM,9/15/26 10:11 AM,7 minutes and 45 seconds,Manuel Belmonte
IT Italian Trattoria Lincoln,nazarena moreno,25,,Drinks - lincoln,,9/15/26 10:20 AM,9/15/26 10:27 AM,6 minutes and 52 seconds,Manuel Belmonte
IT Italian Trattoria Lincoln,nazarena moreno,25,,Bar Station - lincoln,,9/15/26 10:20 AM,9/15/26 10:27 AM,6 minutes and 52 seconds,Manuel Belmonte
IT Italian Trattoria Lincoln,nazarena moreno,25,,Pasta - lincoln,,9/15/26 10:20 AM,9/15/26 10:27 AM,6 minutes and 52 seconds,Manuel Belmonte
IT Italian Trattoria Lincoln,nazarena moreno,29,,Drinks - lincoln,,9/15/26 11:06 AM,9/15/26 11:07 AM,20 seconds,Manuel Belmonte
IT Italian Trattoria Lincoln,nazarena moreno,29,,Bar Station - lincoln,,9/15/26 11:06 AM,9/15/26 11:07 AM,20 seconds,Manuel Belmonte
IT Italian Trattoria Lincoln,nazarena moreno,29,,Pasta - lincoln,,9/15/26 11:06 AM,9/15/26 11:07 AM,20 seconds,Manuel Belmonte
IT Italian Trattoria Lincoln,nazarena moreno,10001,100,Pasta - lincoln,,9/15/26 11:28 AM,9/15/26 11:38 AM,9 minutes and 58 seconds,Manuel Belmonte
IT Italian Trattoria Lincoln,nazarena moreno,36,,Pasta - lincoln,,9/15/26 11:49 AM,9/15/26 12:00 PM,11 minutes and 5 seconds,Manuel Belmonte
IT Italian Trattoria Lincoln,Kokoe Avoumado,39,,Pasta - lincoln,,9/15/26 12:07 PM,9/15/26 12:14 PM,6 minutes and 36 seconds,Manuel Belmonte
IT Italian Trattoria Lincoln,nazarena moreno,41,211,Pasta - lincoln,,9/15/26 12:09 PM,9/15/26 12:17 PM,8 minutes and 44 seconds,Manuel Belmonte
IT Italian Trattoria Lincoln,nazarena moreno,43,300,Ensalada - lincoln,,9/15/26 12:20 PM,9/15/26 12:31 PM,10 minutes and 38 seconds,Manuel Belmonte
IT Italian Trattoria Lincoln,nazarena moreno,43,300,Pasta - lincoln,,9/15/26 12:20 PM,9/15/26 12:31 PM,10 minutes and 38 seconds,Manuel Belmonte
IT Italian Trattoria Lincoln,nazarena moreno,51,20,Pasta - lincoln,,9/15/26 1:11 PM,9/15/26 1:24 PM,12 minutes and 3 seconds,Manuel Belmonte
IT Italian Trattoria Lincoln,nazarena moreno,56,22,Pasta - lincoln,,9/15/26 1:27 PM,9/15/26 1:34 PM,7 minutes and 12 seconds,Manuel Belmonte
IT Italian Trattoria Lincoln,nazarena moreno,54,,Drinks - lincoln,,9/15/26 1:26 PM,9/15/26 1:36 PM,10 minutes and 56 seconds,Manuel Belmonte
IT Italian Trattoria Lincoln,nazarena moreno,54,,Bar Station - lincoln,,9/15/26 1:26 PM,9/15/26 1:36 PM,10 minutes and 56 seconds,Manuel Belmonte
IT Italian Trattoria Lincoln,nazarena moreno,54,,Pasta - lincoln,,9/15/26 1:26 PM,9/15/26 1:36 PM,10 minutes and 56 seconds,Manuel Belmonte
IT Italian Trattoria Lincoln,nazarena moreno,55,,Pasta - lincoln,,9/15/26 1:28 PM,9/15/26 1:40 PM,12 minutes and 27 seconds,Manuel Belmonte
IT Italian Trattoria Lincoln,Kokoe Avoumado,57,,Ensalada - lincoln,,9/15/26 1:33 PM,9/15/26 1:41 PM,8 minutes and 18 seconds,Manuel Belmonte
IT Italian Trattoria Lincoln,Kokoe Avoumado,57,,Pasta - lincoln,,9/15/26 1:33 PM,9/15/26 1:41 PM,8 minutes and 18 seconds,Manuel Belmonte
IT Italian Trattoria Lincoln,Kokoe Avoumado,59,,Pasta - lincoln,,9/15/26 1:44 PM,9/15/26 1:51 PM,7 minutes and 18 seconds,Manuel Belmonte
IT Italian Trattoria Lincoln,Kokoe Avoumado,61,300,Pasta - lincoln,,9/15/26 1:50 PM,9/15/26 1:57 PM,6 minutes and 43 seconds,Manuel Belmonte
IT Italian Trattoria Lincoln,nazarena moreno,66,100,Ensalada - lincoln,,9/15/26 2:07 PM,9/15/26 2:08 PM,1 minute and 30 seconds,Manuel Belmonte
IT Italian Trattoria Lincoln,Kokoe Avoumado,68,,Pasta - lincoln,,9/15/26 2:16 PM,9/15/26 2:26 PM,9 minutes and 28 seconds,Manuel Belmonte
IT Italian Trattoria Lincoln,Kokoe Avoumado,70,,Ensalada - lincoln,,9/15/26 2:43 PM,9/15/26 2:57 PM,14 minutes and 29 seconds,Manuel Belmonte
IT Italian Trattoria Lincoln,Kokoe Avoumado,70,,Pasta - lincoln,,9/15/26 2:43 PM,9/15/26 2:57 PM,14 minutes and 29 seconds,Manuel Belmonte
IT Italian Trattoria Lincoln,James Arcinegas,77,,Ensalada - lincoln,,9/15/26 3:03 PM,9/15/26 3:19 PM,16 minutes and 2 seconds,Manuel Belmonte
IT Italian Trattoria Lincoln,James Arcinegas,81,,Pasta - lincoln,,9/15/26 3:25 PM,9/15/26 3:33 PM,8 minutes and 31 seconds,Manuel Belmonte
IT Italian Trattoria Lincoln,James Arcinegas,89,,Pasta - lincoln,,9/15/26 3:48 PM,9/15/26 3:55 PM,6 minutes and 20 seconds,Manuel Belmonte
IT Italian Trattoria Lincoln,James Arcinegas,95,,Pasta - lincoln,,9/15/26 4:11 PM,9/15/26 4:27 PM,15 minutes and 39 seconds,Manuel Belmonte
IT Italian Trattoria Lincoln,James Arcinegas,97,,Pasta - lincoln,,9/15/26 4:39 PM,9/15/26 4:42 PM,2 minutes and 51 seconds,Manuel Belmonte
IT Italian Trattoria Lincoln,James Arcinegas,102,,Pasta - lincoln,,9/15/26 5:10 PM,9/15/26 5:14 PM,4 minutes and 43 seconds,Manuel Belmonte
IT Italian Trattoria Lincoln,James Arcinegas,105,,Pasta - lincoln,,9/15/26 5:16 PM,9/15/26 5:24 PM,7 minutes and 59 seconds,Manuel Belmonte
IT Italian Trattoria Lincoln,nevrije dosku,110,102,Pasta - lincoln,,9/15/26 5:32 PM,9/15/26 5:38 PM,6 minutes and 39 seconds,Manuel Belmonte
IT Italian Trattoria Lincoln,nevrije dosku,114,210,Pasta - lincoln,,9/15/26 5:41 PM,9/15/26 5:53 PM,11 minutes and 8 seconds,Manuel Belmonte
IT Italian Trattoria Lincoln,James Arcinegas,125,,Pasta - lincoln,,9/15/26 6:24 PM,9/15/26 6:34 PM,9 minutes and 24 seconds,Manuel Belmonte
IT Italian Trattoria Lincoln,James Arcinegas,127,,Pasta - lincoln,,9/15/26 6:29 PM,9/15/26 6:36 PM,6 minutes and 55 seconds,Manuel Belmonte
IT Italian Trattoria Lincoln,James Arcinegas,128,,Pasta - lincoln,,9/15/26 7:36 PM,9/15/26 7:46 PM,9 minutes and 49 seconds,Manuel Belmonte
IT Italian Trattoria Lincoln,nevrije dosku,132,105,Pasta - lincoln,,9/15/26 7:40 PM,9/15/26 7:46 PM,5 minutes and 39 seconds,Manuel Belmonte
IT Italian Trattoria Lincoln,nevrije dosku,133,200,Pasta - lincoln,,9/15/26 7:42 PM,9/15/26 7:48 PM,6 minutes and 40 seconds,Manuel Belmonte
IT Italian Trattoria Lincoln,nevrije dosku,136,1,Pasta - lincoln,,9/15/26 7:49 PM,9/15/26 7:54 PM,5 minutes and 31 seconds,Manuel Belmonte
IT Italian Trattoria Lincoln,James Arcinegas,134,3,Pasta - lincoln,,9/15/26 7:47 PM,9/15/26 7:54 PM,6 minutes and 43 seconds,Manuel Belmonte
IT Italian Trattoria Lincoln,nevrije dosku,140,303,Ensalada - lincoln,,9/15/26 8:27 PM,9/15/26 8:33 PM,5 minutes and 56 seconds,Manuel Belmonte
IT Italian Trattoria Lincoln,nevrije dosku,140,303,Pasta - lincoln,,9/15/26 8:27 PM,9/15/26 8:33 PM,5 minutes and 56 seconds,Manuel Belmonte
IT Italian Trattoria Lincoln,Default Online Ordering,141,,Pasta - lincoln,,9/15/26 8:34 PM,9/15/26 8:40 PM,5 minutes and 48 seconds,Manuel Belmonte
IT Italian Trattoria Lincoln,nevrije dosku,144,102,Pasta - lincoln,,9/15/26 8:57 PM,9/15/26 9:00 PM,2 minutes and 29 seconds,Manuel Belmonte
IT Italian Trattoria Lincoln,nevrije dosku,144,102,Pasta - lincoln,,9/15/26 9:03 PM,9/15/26 9:20 PM,17 minutes and 18 seconds,Manuel Belmonte
IT Italian Trattoria Lincoln,nevrije dosku,145,205,Pasta - lincoln,,9/15/26 9:31 PM,9/15/26 9:38 PM,6 minutes and 25 seconds,Manuel Belmonte
IT Italian Trattoria Lincoln,nevrije dosku,1,,Drinks - lincoln,,9/16/26 8:37 AM,9/16/26 8:42 AM,4 minutes and 20 seconds,Manuel Belmonte
IT Italian Trattoria Lincoln,nevrije dosku,1,,Bar Station - lincoln,,9/16/26 8:37 AM,9/16/26 8:42 AM,4 minutes and 20 seconds,Manuel Belmonte
IT Italian Trattoria Lincoln,nevrije dosku,1,,Pasta - lincoln,,9/16/26 8:37 AM,9/16/26 8:42 AM,4 minutes and 20 seconds,Manuel Belmonte
IT Italian Trattoria Lincoln,nevrije dosku,3,,Drinks - lincoln,,9/16/26 8:33 AM,9/16/26 8:44 AM,11 minutes and 8 seconds,Manuel Belmonte
IT Italian Trattoria Lincoln,nevrije dosku,3,,Bar Station - lincoln,,9/16/26 8:33 AM,9/16/26 8:44 AM,11 minutes and 8 seconds,Manuel Belmonte
IT Italian Trattoria Lincoln,nevrije dosku,3,,Pasta - lincoln,,9/16/26 8:33 AM,9/16/26 8:44 AM,11 minutes and 8 seconds,Manuel Belmonte
IT Italian Trattoria Lincoln,nevrije dosku,3,,No Print / Expo - lincoln,,9/16/26 8:33 AM,9/16/26 8:44 AM,11 minutes and 8 seconds,Manuel Belmonte
IT Italian Trattoria Lincoln,nevrije dosku,3,,Pizza - lincoln,,9/16/26 8:33 AM,9/16/26 8:44 AM,11 minutes and 8 seconds,Manuel Belmonte
IT Italian Trattoria Lincoln,nevrije dosku,3,,Ensalada - lincoln,,9/16/26 8:33 AM,9/16/26 8:44 AM,11 minutes and 8 seconds,Manuel Belmonte
IT Italian Trattoria Lincoln,nevrije dosku,3,,online ordering - lincoln,,9/16/26 8:33 AM,9/16/26 8:44 AM,11 minutes and 8 seconds,Manuel Belmonte
IT Italian Trattoria Lincoln,nevrije dosku,7,,Drinks - lincoln,,9/16/26 8:47 AM,9/16/26 8:49 AM,2 minutes and 15 seconds,Manuel Belmonte
IT Italian Trattoria Lincoln,nevrije dosku,7,,No Print / Expo - lincoln,,9/16/26 8:47 AM,9/16/26 8:49 AM,2 minutes and 15 seconds,Manuel Belmonte
IT Italian Trattoria Lincoln,nevrije dosku,7,,Pasta - lincoln,,9/16/26 8:47 AM,9/16/26 8:49 AM,2 minutes and 15 seconds,Manuel Belmonte
IT Italian Trattoria Lincoln,nevrije dosku,7,,Pizza - lincoln,,9/16/26 8:47 AM,9/16/26 8:49 AM,2 minutes and 15 seconds,Manuel Belmonte
IT Italian Trattoria Lincoln,nevrije dosku,7,,Ensalada - lincoln,,9/16/26 8:47 AM,9/16/26 8:49 AM,2 minutes and 15 seconds,Manuel Belmonte
IT Italian Trattoria Lincoln,nevrije dosku,7,,online ordering - lincoln,,9/16/26 8:47 AM,9/16/26 8:49 AM,2 minutes and 15 seconds,Manuel Belmonte
IT Italian Trattoria Lincoln,nevrije dosku,7,,Bar Station - lincoln,,9/16/26 8:47 AM,9/16/26 8:49 AM,2 minutes and 15 seconds,Manuel Belmonte
IT Italian Trattoria Lincoln,nevrije dosku,5,,Drinks - lincoln,,9/16/26 8:46 AM,9/16/26 8:54 AM,8 minutes and 49 seconds,Manuel Belmonte
IT Italian Trattoria Lincoln,nevrije dosku,5,,Bar Station - lincoln,,9/16/26 8:46 AM,9/16/26 8:54 AM,8 minutes and 49 seconds,Manuel Belmonte
IT Italian Trattoria Lincoln,nevrije dosku,5,,Pasta - lincoln,,9/16/26 8:46 AM,9/16/26 8:54 AM,8 minutes and 49 seconds,Manuel Belmonte
IT Italian Trattoria Lincoln,nazarena moreno,12,,Drinks - lincoln,,9/16/26 9:22 AM,9/16/26 9:30 AM,7 minutes and 11 seconds,Manuel Belmonte
IT Italian Trattoria Lincoln,nazarena moreno,12,,Bar Station - lincoln,,9/16/26 9:22 AM,9/16/26 9:30 AM,7 minutes and 11 seconds,Manuel Belmonte
IT Italian Trattoria Lincoln,nazarena moreno,12,,Pasta - lincoln,,9/16/26 9:22 AM,9/16/26 9:30 AM,7 minutes and 11 seconds,Manuel Belmonte
IT Italian Trattoria Lincoln,nevrije dosku,20,,Drinks - lincoln,,9/16/26 9:52 AM,9/16/26 9:56 AM,3 minutes and 40 seconds,Manuel Belmonte
IT Italian Trattoria Lincoln,nevrije dosku,20,,Bar Station - lincoln,,9/16/26 9:52 AM,9/16/26 9:56 AM,3 minutes and 40 seconds,Manuel Belmonte
IT Italian Trattoria Lincoln,nevrije dosku,20,,Pasta - lincoln,,9/16/26 9:52 AM,9/16/26 9:56 AM,3 minutes and 40 seconds,Manuel Belmonte
IT Italian Trattoria Lincoln,nazarena moreno,23,,Drinks - lincoln,,9/16/26 10:12 AM,9/16/26 10:16 AM,4 minutes and 18 seconds,Manuel Belmonte
IT Italian Trattoria Lincoln,nazarena moreno,23,,Bar Station - lincoln,,9/16/26 10:12 AM,9/16/26 10:16 AM,4 minutes and 18 seconds,Manuel Belmonte
IT Italian Trattoria Lincoln,nazarena moreno,23,,Pasta - lincoln,,9/16/26 10:12 AM,9/16/26 10:16 AM,4 minutes and 18 seconds,Manuel Belmonte
IT Italian Trattoria Lincoln,nazarena moreno,25,,Drinks - lincoln,,9/16/26 10:15 AM,9/16/26 10:22 AM,7 minutes and 40 seconds,Manuel Belmonte
IT Italian Trattoria Lincoln,nazarena moreno,25,,Bar Station - lincoln,,9/16/26 10:15 AM,9/16/26 10:22 AM,7 minutes and 40 seconds,Manuel Belmonte
IT Italian Trattoria Lincoln,nazarena moreno,25,,Pasta - lincoln,,9/16/26 10:15 AM,9/16/26 10:22 AM,7 minutes and 40 seconds,Manuel Belmonte
IT Italian Trattoria Lincoln,nevrije dosku,24,,Drinks - lincoln,,9/16/26 10:13 AM,9/16/26 10:22 AM,9 minutes and 36 seconds,Manuel Belmonte
IT Italian Trattoria Lincoln,nevrije dosku,24,,Bar Station - lincoln,,9/16/26 10:13 AM,9/16/26 10:22 AM,9 minutes and 36 seconds,Manuel Belmonte
IT Italian Trattoria Lincoln,nevrije dosku,24,,Pasta - lincoln,,9/16/26 10:13 AM,9/16/26 10:22 AM,9 minutes and 36 seconds,Manuel Belmonte
IT Italian Trattoria Lincoln,nevrije dosku,28,,Drinks - lincoln,,9/16/26 10:34 AM,9/16/26 10:44 AM,10 minutes and 12 seconds,Manuel Belmonte
IT Italian Trattoria Lincoln,nevrije dosku,28,,No Print / Expo - lincoln,,9/16/26 10:34 AM,9/16/26 10:44 AM,10 minutes and 12 seconds,Manuel Belmonte
IT Italian Trattoria Lincoln,nevrije dosku,28,,Pasta - lincoln,,9/16/26 10:34 AM,9/16/26 10:44 AM,10 minutes and 12 seconds,Manuel Belmonte
IT Italian Trattoria Lincoln,nevrije dosku,28,,Pizza - lincoln,,9/16/26 10:34 AM,9/16/26 10:44 AM,10 minutes and 12 seconds,Manuel Belmonte
IT Italian Trattoria Lincoln,nevrije dosku,28,,Ensalada - lincoln,,9/16/26 10:34 AM,9/16/26 10:44 AM,10 minutes and 12 seconds,Manuel Belmonte
IT Italian Trattoria Lincoln,nevrije dosku,28,,online ordering - lincoln,,9/16/26 10:34 AM,9/16/26 10:44 AM,10 minutes and 12 seconds,Manuel Belmonte
IT Italian Trattoria Lincoln,nevrije dosku,28,,Bar Station - lincoln,,9/16/26 10:34 AM,9/16/26 10:44 AM,10 minutes and 12 seconds,Manuel Belmonte
IT Italian Trattoria Lincoln,nevrije dosku,29,2,Drinks - lincoln,,9/16/26 11:15 AM,9/16/26 11:22 AM,6 minutes and 50 seconds,Manuel Belmonte
IT Italian Trattoria Lincoln,nevrije dosku,29,2,No Print / Expo - lincoln,,9/16/26 11:15 AM,9/16/26 11:22 AM,6 minutes and 50 seconds,Manuel Belmonte
IT Italian Trattoria Lincoln,nevrije dosku,29,2,Pasta - lincoln,,9/16/26 11:15 AM,9/16/26 11:22 AM,6 minutes and 50 seconds,Manuel Belmonte
IT Italian Trattoria Lincoln,nevrije dosku,29,2,Pizza - lincoln,,9/16/26 11:15 AM,9/16/26 11:22 AM,6 minutes and 50 seconds,Manuel Belmonte
IT Italian Trattoria Lincoln,nevrije dosku,29,2,Ensalada - lincoln,,9/16/26 11:15 AM,9/16/26 11:22 AM,6 minutes and 50 seconds,Manuel Belmonte
IT Italian Trattoria Lincoln,nevrije dosku,29,2,online ordering - lincoln,,9/16/26 11:15 AM,9/16/26 11:22 AM,6 minutes and 50 seconds,Manuel Belmonte
IT Italian Trattoria Lincoln,nevrije dosku,29,2,Bar Station - lincoln,,9/16/26 11:15 AM,9/16/26 11:22 AM,6 minutes and 50 seconds,Manuel Belmonte
IT Italian Trattoria Lincoln,Default Online Ordering,38,,Pasta - lincoln,,9/16/26 11:23 AM,9/16/26 11:31 AM,7 minutes and 56 seconds,Manuel Belmonte
IT Italian Trattoria Lincoln,nazarena moreno,37,,Pasta - lincoln,,9/16/26 11:26 AM,9/16/26 11:33 AM,7 minutes and 7 seconds,Manuel Belmonte
IT Italian Trattoria Lincoln,nazarena moreno,43,,Pasta - lincoln,,9/16/26 12:03 PM,9/16/26 12:14 PM,11 minutes and 4 seconds,Manuel Belmonte
IT Italian Trattoria Lincoln,Manuel Belmonte,50,,Pasta - lincoln,,9/16/26 12:35 PM,9/16/26 12:42 PM,6 minutes and 39 seconds,Manuel Belmonte
IT Italian Trattoria Lincoln,Manuel Belmonte,53,,Ensalada - lincoln,,9/16/26 12:41 PM,9/16/26 12:42 PM,1 minute and 25 seconds,Manuel Belmonte
IT Italian Trattoria Lincoln,Manuel Belmonte,54,,Ensalada - lincoln,,9/16/26 1:17 PM,9/16/26 1:23 PM,5 minutes and 47 seconds,Manuel Belmonte
IT Italian Trattoria Lincoln,nevrije dosku,55,101,Pasta - lincoln,,9/16/26 1:19 PM,9/16/26 1:27 PM,7 minutes and 52 seconds,Manuel Belmonte
IT Italian Trattoria Lincoln,Manuel Belmonte,56,,Drinks - lincoln,,9/16/26 1:33 PM,9/16/26 1:36 PM,3 minutes,Manuel Belmonte
IT Italian Trattoria Lincoln,Manuel Belmonte,56,,Bar Station - lincoln,,9/16/26 1:33 PM,9/16/26 1:36 PM,3 minutes,Manuel Belmonte
IT Italian Trattoria Lincoln,Manuel Belmonte,56,,Pasta - lincoln,,9/16/26 1:33 PM,9/16/26 1:36 PM,3 minutes,Manuel Belmonte
IT Italian Trattoria Lincoln,nevrije dosku,59,,Pasta - lincoln,,9/16/26 1:46 PM,9/16/26 1:50 PM,3 minutes and 58 seconds,Manuel Belmonte
IT Italian Trattoria Lincoln,nevrije dosku,60,,Drinks - lincoln,,9/16/26 1:49 PM,9/16/26 1:50 PM,59 seconds,Manuel Belmonte
IT Italian Trattoria Lincoln,nevrije dosku,60,,No Print / Expo - lincoln,,9/16/26 1:49 PM,9/16/26 1:50 PM,59 seconds,Manuel Belmonte
IT Italian Trattoria Lincoln,nevrije dosku,60,,Pasta - lincoln,,9/16/26 1:49 PM,9/16/26 1:50 PM,59 seconds,Manuel Belmonte
IT Italian Trattoria Lincoln,nevrije dosku,60,,Pizza - lincoln,,9/16/26 1:49 PM,9/16/26 1:50 PM,59 seconds,Manuel Belmonte
IT Italian Trattoria Lincoln,nevrije dosku,60,,Ensalada - lincoln,,9/16/26 1:49 PM,9/16/26 1:50 PM,59 seconds,Manuel Belmonte
IT Italian Trattoria Lincoln,nevrije dosku,60,,online ordering - lincoln,,9/16/26 1:49 PM,9/16/26 1:50 PM,59 seconds,Manuel Belmonte
IT Italian Trattoria Lincoln,nevrije dosku,60,,Bar Station - lincoln,,9/16/26 1:49 PM,9/16/26 1:50 PM,59 seconds,Manuel Belmonte
IT Italian Trattoria Lincoln,nevrije dosku,64,2,Pasta - lincoln,,9/16/26 2:00 PM,9/16/26 2:09 PM,8 minutes and 24 seconds,Manuel Belmonte
IT Italian Trattoria Lincoln,nevrije dosku,68,,Pasta - lincoln,,9/16/26 2:12 PM,9/16/26 2:17 PM,5 minutes and 2 seconds,Manuel Belmonte
IT Italian Trattoria Lincoln,nevrije dosku,68,,Ensalada - lincoln,,9/16/26 2:12 PM,9/16/26 2:17 PM,5 minutes and 2 seconds,Manuel Belmonte
IT Italian Trattoria Lincoln,Manuel Belmonte,70,,Ensalada - lincoln,,9/16/26 2:28 PM,9/16/26 2:32 PM,3 minutes and 21 seconds,Manuel Belmonte
IT Italian Trattoria Lincoln,Manuel Belmonte,71,,Ensalada - lincoln,,9/16/26 2:29 PM,9/16/26 2:32 PM,2 minutes and 19 seconds,Manuel Belmonte
IT Italian Trattoria Lincoln,nevrije dosku,75,200,Pasta - lincoln,,9/16/26 2:32 PM,9/16/26 2:37 PM,4 minutes and 28 seconds,Manuel Belmonte
IT Italian Trattoria Lincoln,nevrije dosku,77,211,Pasta - lincoln,,9/16/26 2:48 PM,9/16/26 2:56 PM,7 minutes and 23 seconds,Manuel Belmonte
IT Italian Trattoria Lincoln,Manuel Belmonte,82,203,Pasta - lincoln,,9/16/26 2:56 PM,9/16/26 3:02 PM,6 minutes and 47 seconds,Manuel Belmonte
IT Italian Trattoria Lincoln,nevrije dosku,76,31,Pasta - lincoln,,9/16/26 2:54 PM,9/16/26 3:04 PM,9 minutes and 23 seconds,Manuel Belmonte
IT Italian Trattoria Lincoln,Manuel Belmonte,84,,Ensalada - lincoln,,9/16/26 3:01 PM,9/16/26 3:05 PM,4 minutes and 24 seconds,Manuel Belmonte
IT Italian Trattoria Lincoln,nevrije dosku,86,304,Ensalada - lincoln,,9/16/26 3:10 PM,9/16/26 3:14 PM,4 minutes and 17 seconds,Manuel Belmonte
IT Italian Trattoria Lincoln,Manuel Belmonte,88,,Pasta - lincoln,,9/16/26 3:16 PM,9/16/26 3:22 PM,6 minutes and 49 seconds,Manuel Belmonte
IT Italian Trattoria Lincoln,nevrije dosku,89,,Pasta - lincoln,,9/16/26 3:19 PM,9/16/26 3:27 PM,7 minutes and 40 seconds,Manuel Belmonte
IT Italian Trattoria Lincoln,nevrije dosku,93,,Pasta - lincoln,,9/16/26 3:51 PM,9/16/26 3:59 PM,8 minutes and 38 seconds,Manuel Belmonte
IT Italian Trattoria Lincoln,nevrije dosku,94,,Ensalada - lincoln,,9/16/26 3:53 PM,9/16/26 4:06 PM,13 minutes and 2 seconds,Manuel Belmonte
IT Italian Trattoria Lincoln,nevrije dosku,97,31,Pasta - lincoln,,9/16/26 4:02 PM,9/16/26 4:14 PM,12 minutes and 33 seconds,Manuel Belmonte
IT Italian Trattoria Lincoln,nevrije dosku,98,33,Pasta - lincoln,,9/16/26 4:04 PM,9/16/26 4:14 PM,10 minutes and 39 seconds,Manuel Belmonte
IT Italian Trattoria Lincoln,nevrije dosku,99,8,Pasta - lincoln,,9/16/26 4:07 PM,9/16/26 4:14 PM,7 minutes and 48 seconds,Manuel Belmonte
IT Italian Trattoria Lincoln,Default Online Ordering,102,,Pasta - lincoln,,9/16/26 4:25 PM,9/16/26 4:33 PM,8 minutes and 16 seconds,Manuel Belmonte
IT Italian Trattoria Lincoln,nevrije dosku,106,,Pasta - lincoln,,9/16/26 4:41 PM,9/16/26 4:51 PM,10 minutes and 24 seconds,Manuel Belmonte
IT Italian Trattoria Lincoln,nevrije dosku,108,9,Ensalada - lincoln,,9/16/26 4:51 PM,9/16/26 5:01 PM,9 minutes and 57 seconds,Manuel Belmonte
IT Italian Trattoria Lincoln,nevrije dosku,108,9,Pasta - lincoln,,9/16/26 4:51 PM,9/16/26 5:01 PM,9 minutes and 57 seconds,Manuel Belmonte
IT Italian Trattoria Lincoln,Manuel Belmonte,109,103,Pasta - lincoln,,9/16/26 5:07 PM,9/16/26 5:12 PM,5 minutes and 17 seconds,Manuel Belmonte
IT Italian Trattoria Lincoln,Manuel Belmonte,109,103,Pasta - lincoln,,9/16/26 5:09 PM,9/16/26 5:14 PM,5 minutes and 4 seconds,Manuel Belmonte
IT Italian Trattoria Lincoln,agostina lerner,117,,Ensalada - lincoln,,9/16/26 6:12 PM,9/16/26 6:14 PM,1 minute and 51 seconds,Manuel Belmonte
IT Italian Trattoria Lincoln,agostina lerner,117,,Pasta - lincoln,,9/16/26 6:11 PM,9/16/26 6:18 PM,7 minutes and 30 seconds,Manuel Belmonte
IT Italian Trattoria Lincoln,agostina lerner,122,211,Pasta - lincoln,,9/16/26 6:49 PM,9/16/26 6:55 PM,5 minutes and 53 seconds,Manuel Belmonte
IT Italian Trattoria Lincoln,agostina lerner,126,30,Pasta - lincoln,,9/16/26 7:08 PM,9/16/26 7:17 PM,8 minutes and 52 seconds,Manuel Belmonte
IT Italian Trattoria Lincoln,Manuel Belmonte,131,,Pasta - lincoln,,9/16/26 7:33 PM,9/16/26 7:40 PM,6 minutes and 34 seconds,Manuel Belmonte
IT Italian Trattoria Lincoln,agostina lerner,132,5,Pasta - lincoln,,9/16/26 7:35 PM,9/16/26 7:41 PM,6 minutes and 47 seconds,Manuel Belmonte
IT Italian Trattoria Lincoln,agostina lerner,134,7,Ensalada - lincoln,,9/16/26 7:39 PM,9/16/26 7:41 PM,2 minutes and 5 seconds,Manuel Belmonte
IT Italian Trattoria Lincoln,agostina lerner,140,23,Pasta - lincoln,,9/16/26 8:06 PM,9/16/26 8:10 PM,3 minutes and 56 seconds,Manuel Belmonte
IT Italian Trattoria Lincoln,agostina lerner,138,31,Pasta - lincoln,,9/16/26 8:24 PM,9/16/26 8:30 PM,6 minutes and 25 seconds,Manuel Belmonte
IT Italian Trattoria Lincoln,Manuel Belmonte,17001,209,Pasta - lincoln,,9/16/26 10:12 PM,9/16/26 10:27 PM,14 minutes and 42 seconds,Manuel Belmonte
IT Italian Trattoria Lincoln,Default Online Ordering,147,,Pasta - lincoln,,9/16/26 10:39 PM,9/16/26 10:44 PM,5 minutes and 16 seconds,Manuel Belmonte
IT Italian Trattoria Lincoln,nazarena moreno,4,,Drinks - lincoln,,9/17/26 8:22 AM,9/17/26 8:27 AM,4 minutes and 51 seconds,Manuel Belmonte
IT Italian Trattoria Lincoln,nazarena moreno,4,,Bar Station - lincoln,,9/17/26 8:22 AM,9/17/26 8:27 AM,4 minutes and 51 seconds,Manuel Belmonte
IT Italian Trattoria Lincoln,nazarena moreno,4,,Pasta - lincoln,,9/17/26 8:22 AM,9/17/26 8:27 AM,4 minutes and 51 seconds,Manuel Belmonte
IT Italian Trattoria Lincoln,nevrije dosku,14,,Drinks - lincoln,,9/17/26 9:12 AM,9/17/26 9:15 AM,3 minutes and 39 seconds,Manuel Belmonte
IT Italian Trattoria Lincoln,nevrije dosku,14,,Bar Station - lincoln,,9/17/26 9:12 AM,9/17/26 9:15 AM,3 minutes and 39 seconds,Manuel Belmonte
IT Italian Trattoria Lincoln,nevrije dosku,14,,Pasta - lincoln,,9/17/26 9:12 AM,9/17/26 9:15 AM,3 minutes and 39 seconds,Manuel Belmonte
IT Italian Trattoria Lincoln,nevrije dosku,30,,Pasta - lincoln,,9/17/26 11:48 AM,9/17/26 11:54 AM,5 minutes and 35 seconds,Manuel Belmonte
IT Italian Trattoria Lincoln,nevrije dosku,30,,Drinks - lincoln,,9/17/26 11:48 AM,9/17/26 11:54 AM,5 minutes and 35 seconds,Manuel Belmonte
IT Italian Trattoria Lincoln,nevrije dosku,30,,No Print / Expo - lincoln,,9/17/26 11:48 AM,9/17/26 11:54 AM,5 minutes and 35 seconds,Manuel Belmonte
IT Italian Trattoria Lincoln,nevrije dosku,30,,Pizza - lincoln,,9/17/26 11:48 AM,9/17/26 11:54 AM,5 minutes and 35 seconds,Manuel Belmonte
IT Italian Trattoria Lincoln,nevrije dosku,30,,Ensalada - lincoln,,9/17/26 11:48 AM,9/17/26 11:54 AM,5 minutes and 35 seconds,Manuel Belmonte
IT Italian Trattoria Lincoln,nevrije dosku,30,,online ordering - lincoln,,9/17/26 11:48 AM,9/17/26 11:54 AM,5 minutes and 35 seconds,Manuel Belmonte
IT Italian Trattoria Lincoln,nevrije dosku,30,,Bar Station - lincoln,,9/17/26 11:48 AM,9/17/26 11:54 AM,5 minutes and 35 seconds,Manuel Belmonte
IT Italian Trattoria Lincoln,nazarena moreno,32,,Ensalada - lincoln,,9/17/26 12:12 PM,9/17/26 12:17 PM,5 minutes and 16 seconds,Manuel Belmonte
IT Italian Trattoria Lincoln,nazarena moreno,34,,Pasta - lincoln,,9/17/26 12:34 PM,9/17/26 12:39 PM,5 minutes and 22 seconds,Manuel Belmonte
IT Italian Trattoria Lincoln,nazarena moreno,37,1,Pasta - lincoln,,9/17/26 12:49 PM,9/17/26 12:56 PM,7 minutes and 34 seconds,Manuel Belmonte
IT Italian Trattoria Lincoln,Manuel Belmonte,39,,Ensalada - lincoln,,9/17/26 1:00 PM,9/17/26 1:05 PM,4 minutes and 2 seconds,Manuel Belmonte
IT Italian Trattoria Lincoln,Manuel Belmonte,38,9,Pasta - lincoln,,9/17/26 12:53 PM,9/17/26 1:04 PM,11 minutes and 32 seconds,Manuel Belmonte
IT Italian Trattoria Lincoln,Manuel Belmonte,41,211,Pasta - lincoln,,9/17/26 1:05 PM,9/17/26 1:10 PM,4 minutes and 42 seconds,Manuel Belmonte
IT Italian Trattoria Lincoln,Manuel Belmonte,40,,Ensalada - lincoln,,9/17/26 1:02 PM,9/17/26 1:10 PM,7 minutes and 20 seconds,Manuel Belmonte
IT Italian Trattoria Lincoln,nazarena moreno,42,33,Pasta - lincoln,,9/17/26 1:08 PM,9/17/26 1:18 PM,9 minutes and 28 seconds,Manuel Belmonte
IT Italian Trattoria Lincoln,Manuel Belmonte,43,301,Pasta - lincoln,,9/17/26 1:09 PM,9/17/26 1:22 PM,12 minutes and 19 seconds,Manuel Belmonte
IT Italian Trattoria Lincoln,Manuel Belmonte,44,10,Pasta - lincoln,,9/17/26 1:28 PM,9/17/26 1:38 PM,10 minutes and 36 seconds,Manuel Belmonte
IT Italian Trattoria Lincoln,Manuel Belmonte,47,23,Pasta - lincoln,,9/17/26 1:32 PM,9/17/26 1:41 PM,8 minutes and 57 seconds,Manuel Belmonte
IT Italian Trattoria Lincoln,Manuel Belmonte,45,,Drinks - lincoln,,9/17/26 1:30 PM,9/17/26 1:41 PM,11 minutes and 20 seconds,Manuel Belmonte
IT Italian Trattoria Lincoln,Manuel Belmonte,45,,Bar Station - lincoln,,9/17/26 1:30 PM,9/17/26 1:41 PM,11 minutes and 20 seconds,Manuel Belmonte
IT Italian Trattoria Lincoln,Manuel Belmonte,45,,Pasta - lincoln,,9/17/26 1:30 PM,9/17/26 1:41 PM,11 minutes and 20 seconds,Manuel Belmonte
IT Italian Trattoria Lincoln,nazarena moreno,54,108,Ensalada - lincoln,,9/17/26 1:51 PM,9/17/26 1:52 PM,1 minute and 28 seconds,Manuel Belmonte
IT Italian Trattoria Lincoln,Manuel Belmonte,53,22,Pasta - lincoln,,9/17/26 1:50 PM,9/17/26 1:57 PM,7 minutes and 22 seconds,Manuel Belmonte
IT Italian Trattoria Lincoln,Manuel Belmonte,55,9,Ensalada - lincoln,,9/17/26 1:55 PM,9/17/26 2:00 PM,5 minutes and 22 seconds,Manuel Belmonte
IT Italian Trattoria Lincoln,Manuel Belmonte,52,20,Pasta - lincoln,,9/17/26 1:52 PM,9/17/26 2:05 PM,13 minutes and 38 seconds,Manuel Belmonte
IT Italian Trattoria Lincoln,Manuel Belmonte,59,33,Pasta - lincoln,,9/17/26 2:01 PM,9/17/26 2:12 PM,11 minutes and 15 seconds,Manuel Belmonte
IT Italian Trattoria Lincoln,Manuel Belmonte,59,33,Pasta - lincoln,,9/17/26 2:10 PM,9/17/26 2:15 PM,5 minutes and 23 seconds,Manuel Belmonte
IT Italian Trattoria Lincoln,Manuel Belmonte,60,8,Pasta - lincoln,,9/17/26 2:16 PM,9/17/26 2:25 PM,9 minutes and 31 seconds,Manuel Belmonte
IT Italian Trattoria Lincoln,Manuel Belmonte,62,21,Pasta - lincoln,,9/17/26 2:20 PM,9/17/26 2:25 PM,5 minutes and 39 seconds,Manuel Belmonte
IT Italian Trattoria Lincoln,Manuel Belmonte,63,206,Pasta - lincoln,,9/17/26 2:22 PM,9/17/26 2:29 PM,7 minutes and 38 seconds,Manuel Belmonte
IT Italian Trattoria Lincoln,Manuel Belmonte,63,206,Ensalada - lincoln,,9/17/26 2:22 PM,9/17/26 2:29 PM,7 minutes and 38 seconds,Manuel Belmonte
IT Italian Trattoria Lincoln,nazarena moreno,58,,Pasta - lincoln,,9/17/26 2:24 PM,9/17/26 2:35 PM,11 minutes and 31 seconds,Manuel Belmonte
IT Italian Trattoria Lincoln,Manuel Belmonte,64,100,Pasta - lincoln,,9/17/26 2:39 PM,9/17/26 2:47 PM,8 minutes and 24 seconds,Manuel Belmonte
IT Italian Trattoria Lincoln,Manuel Belmonte,64,100,Pasta - lincoln,,9/17/26 2:42 PM,9/17/26 2:48 PM,5 minutes and 56 seconds,Manuel Belmonte
IT Italian Trattoria Lincoln,Manuel Belmonte,6002,,Pasta - lincoln,,9/17/26 2:45 PM,9/17/26 2:57 PM,11 minutes and 17 seconds,Manuel Belmonte
IT Italian Trattoria Lincoln,nazarena moreno,66,31,Ensalada - lincoln,,9/17/26 2:58 PM,9/17/26 3:01 PM,2 minutes and 55 seconds,Manuel Belmonte
IT Italian Trattoria Lincoln,Manuel Belmonte,9001,B2,Pasta - lincoln,,9/17/26 2:59 PM,9/17/26 3:09 PM,9 minutes and 51 seconds,Manuel Belmonte
IT Italian Trattoria Lincoln,Manuel Belmonte,9001,B2,Pasta - lincoln,,9/17/26 3:05 PM,9/17/26 3:18 PM,12 minutes and 40 seconds,Manuel Belmonte
IT Italian Trattoria Lincoln,Manuel Belmonte,68,300,Pasta - lincoln,,9/17/26 3:19 PM,9/17/26 3:23 PM,3 minutes and 51 seconds,Manuel Belmonte
IT Italian Trattoria Lincoln,Default Online Ordering,71,,Pasta - lincoln,,9/17/26 3:30 PM,9/17/26 3:38 PM,7 minutes and 17 seconds,Manuel Belmonte
IT Italian Trattoria Lincoln,Manuel Belmonte,73,206,Pasta - lincoln,,9/17/26 3:37 PM,9/17/26 3:44 PM,6 minutes and 24 seconds,Manuel Belmonte
IT Italian Trattoria Lincoln,Manuel Belmonte,83,,Pasta - lincoln,,9/17/26 4:34 PM,9/17/26 5:00 PM,26 minutes and 6 seconds,Manuel Belmonte
IT Italian Trattoria Lincoln,Manuel Belmonte,87,,Pasta - lincoln,,9/17/26 4:49 PM,9/17/26 5:00 PM,11 minutes,Manuel Belmonte
IT Italian Trattoria Lincoln,agostina lerner,94,23 b,Pasta - lincoln,,9/17/26 5:15 PM,9/17/26 5:35 PM,20 minutes and 6 seconds,Manuel Belmonte
IT Italian Trattoria Lincoln,agostina lerner,101,205,Pasta - lincoln,,9/17/26 5:37 PM,9/17/26 5:42 PM,5 minutes and 2 seconds,Manuel Belmonte
IT Italian Trattoria Lincoln,Manuel Belmonte,106,,Pasta - lincoln,,9/17/26 5:40 PM,9/17/26 5:55 PM,15 minutes and 5 seconds,Manuel Belmonte
IT Italian Trattoria Lincoln,agostina lerner,101,205,Pasta - lincoln,,9/17/26 5:44 PM,9/17/26 5:55 PM,11 minutes and 17 seconds,Manuel Belmonte
IT Italian Trattoria Lincoln,agostina lerner,109,101,Pasta - lincoln,,9/17/26 5:53 PM,9/17/26 6:02 PM,9 minutes and 25 seconds,Manuel Belmonte
IT Italian Trattoria Lincoln,agostina lerner,110,10,Pasta - lincoln,,9/17/26 6:07 PM,9/17/26 6:14 PM,7 minutes and 20 seconds,Manuel Belmonte
IT Italian Trattoria Lincoln,Manuel Belmonte,115,,Pasta - lincoln,,9/17/26 6:48 PM,9/17/26 6:53 PM,4 minutes and 42 seconds,Manuel Belmonte
IT Italian Trattoria Lincoln,agostina lerner,93,9,Pasta - lincoln,,9/17/26 6:48 PM,9/17/26 6:58 PM,10 minutes and 8 seconds,Manuel Belmonte
IT Italian Trattoria Lincoln,Manuel Belmonte,118,,Pasta - lincoln,,9/17/26 7:03 PM,9/17/26 7:12 PM,8 minutes and 11 seconds,Manuel Belmonte
IT Italian Trattoria Lincoln,agostina lerner,119,300,Pasta - lincoln,,9/17/26 7:05 PM,9/17/26 7:16 PM,11 minutes and 12 seconds,Manuel Belmonte
IT Italian Trattoria Lincoln,agostina lerner,123,31,Pasta - lincoln,,9/17/26 7:12 PM,9/17/26 7:29 PM,16 minutes and 40 seconds,Manuel Belmonte
IT Italian Trattoria Lincoln,nazarena moreno,124,,Pasta - lincoln,,9/17/26 7:14 PM,9/17/26 7:32 PM,17 minutes and 50 seconds,Manuel Belmonte
IT Italian Trattoria Lincoln,nazarena moreno,125,24,Pasta - lincoln,,9/17/26 7:29 PM,9/17/26 7:39 PM,10 minutes and 16 seconds,Manuel Belmonte
IT Italian Trattoria Lincoln,Manuel Belmonte,130,9,Pasta - lincoln,,9/17/26 7:57 PM,9/17/26 8:09 PM,12 minutes and 45 seconds,Manuel Belmonte
IT Italian Trattoria Lincoln,agostina lerner,131,,Ensalada - lincoln,,9/17/26 8:05 PM,9/17/26 8:09 PM,3 minutes and 51 seconds,Manuel Belmonte
IT Italian Trattoria Lincoln,Default Online Ordering,139,,Pasta - lincoln,,9/17/26 8:23 PM,9/17/26 8:35 PM,11 minutes and 56 seconds,Manuel Belmonte
IT Italian Trattoria Lincoln,nazarena moreno,135,200,Pasta - lincoln,,9/17/26 8:16 PM,9/17/26 8:43 PM,27 minutes and 8 seconds,Manuel Belmonte
IT Italian Trattoria Lincoln,nazarena moreno,138,,Pasta - lincoln,,9/17/26 8:18 PM,9/17/26 8:44 PM,26 minutes and 9 seconds,Manuel Belmonte
IT Italian Trattoria Lincoln,nazarena moreno,135,200,Pasta - lincoln,,9/17/26 8:15 PM,9/17/26 8:45 PM,29 minutes and 29 seconds,Manuel Belmonte
IT Italian Trattoria Lincoln,nazarena moreno,140,301,Pasta - lincoln,,9/17/26 8:31 PM,9/17/26 8:59 PM,27 minutes and 57 seconds,Manuel Belmonte
IT Italian Trattoria Lincoln,nazarena moreno,140,301,Ensalada - lincoln,,9/17/26 8:31 PM,9/17/26 8:59 PM,27 minutes and 57 seconds,Manuel Belmonte
IT Italian Trattoria Lincoln,nazarena moreno,148,108,Pasta - lincoln,,9/17/26 8:48 PM,9/17/26 9:07 PM,18 minutes and 56 seconds,Manuel Belmonte
IT Italian Trattoria Lincoln,nazarena moreno,148,108,Pasta - lincoln,,9/17/26 9:00 PM,9/17/26 9:10 PM,9 minutes and 58 seconds,Manuel Belmonte
IT Italian Trattoria Lincoln,nazarena moreno,129,7,Pasta - lincoln,,9/17/26 9:06 PM,9/17/26 9:13 PM,6 minutes and 17 seconds,Manuel Belmonte
IT Italian Trattoria Lincoln,nazarena moreno,153,106,Pasta - lincoln,,9/17/26 9:16 PM,9/17/26 9:27 PM,11 minutes and 28 seconds,Manuel Belmonte
IT Italian Trattoria Lincoln,Manuel Belmonte,154,209,Pasta - lincoln,,9/17/26 9:22 PM,9/17/26 9:41 PM,19 minutes and 11 seconds,Manuel Belmonte
IT Italian Trattoria Lincoln,nazarena moreno,162,,Pasta - lincoln,,9/17/26 9:47 PM,9/17/26 10:00 PM,12 minutes and 28 seconds,Manuel Belmonte
IT Italian Trattoria Lincoln,agostina lerner,165,,Pasta - lincoln,,9/17/26 10:12 PM,9/17/26 10:30 PM,17 minutes and 34 seconds,Manuel Belmonte
IT Italian Trattoria Lincoln,agostina lerner,166,,Pasta - lincoln,,9/17/26 10:17 PM,9/17/26 10:30 PM,12 minutes and 44 seconds,Manuel Belmonte
IT Italian Trattoria Lincoln,Manuel Belmonte,167,33,Pasta - lincoln,,9/17/26 10:17 PM,9/17/26 10:31 PM,13 minutes and 29 seconds,Manuel Belmonte
IT Italian Trattoria Lincoln,Manuel Belmonte,167,33,Ensalada - lincoln,,9/17/26 10:34 PM,9/17/26 10:40 PM,5 minutes and 48 seconds,Manuel Belmonte
IT Italian Trattoria Lincoln,Manuel Belmonte,171,,Pasta - lincoln,,9/17/26 10:37 PM,9/17/26 10:48 PM,11 minutes and 7 seconds,Manuel Belmonte
IT Italian Trattoria Lincoln,agostina lerner,169,,Pasta - lincoln,,9/17/26 10:32 PM,9/17/26 10:49 PM,16 minutes and 35 seconds,Manuel Belmonte
IT Italian Trattoria Lincoln,agostina lerner,173,,Pasta - lincoln,,9/17/26 10:43 PM,9/17/26 10:54 PM,11 minutes and 28 seconds,Manuel Belmonte
IT Italian Trattoria Lincoln,Kokoe Avoumado,28,,Drinks - lincoln,,9/18/26 8:20 AM,9/18/26 8:22 AM,1 minute and 43 seconds,Manuel Belmonte
IT Italian Trattoria Lincoln,Kokoe Avoumado,28,,Bar Station - lincoln,,9/18/26 8:20 AM,9/18/26 8:22 AM,1 minute and 43 seconds,Manuel Belmonte
IT Italian Trattoria Lincoln,Kokoe Avoumado,28,,Pasta - lincoln,,9/18/26 8:20 AM,9/18/26 8:22 AM,1 minute and 43 seconds,Manuel Belmonte
IT Italian Trattoria Lincoln,nevrije dosku,27,100,Drinks - lincoln,,9/18/26 8:20 AM,9/18/26 8:29 AM,8 minutes and 44 seconds,Manuel Belmonte
IT Italian Trattoria Lincoln,nevrije dosku,27,100,Bar Station - lincoln,,9/18/26 8:20 AM,9/18/26 8:29 AM,8 minutes and 44 seconds,Manuel Belmonte
IT Italian Trattoria Lincoln,nevrije dosku,27,100,Pasta - lincoln,,9/18/26 8:20 AM,9/18/26 8:29 AM,8 minutes and 44 seconds,Manuel Belmonte
IT Italian Trattoria Lincoln,Kokoe Avoumado,39,,Drinks - lincoln,,9/18/26 8:39 AM,9/18/26 8:40 AM,1 minute and 18 seconds,Manuel Belmonte
IT Italian Trattoria Lincoln,Kokoe Avoumado,39,,Bar Station - lincoln,,9/18/26 8:39 AM,9/18/26 8:40 AM,1 minute and 18 seconds,Manuel Belmonte
IT Italian Trattoria Lincoln,Kokoe Avoumado,39,,Pasta - lincoln,,9/18/26 8:39 AM,9/18/26 8:40 AM,1 minute and 18 seconds,Manuel Belmonte
IT Italian Trattoria Lincoln,Kokoe Avoumado,30,,Drinks - lincoln,,9/18/26 8:45 AM,9/18/26 8:51 AM,5 minutes and 50 seconds,Manuel Belmonte
IT Italian Trattoria Lincoln,Kokoe Avoumado,30,,Bar Station - lincoln,,9/18/26 8:45 AM,9/18/26 8:51 AM,5 minutes and 50 seconds,Manuel Belmonte
IT Italian Trattoria Lincoln,Kokoe Avoumado,30,,Pasta - lincoln,,9/18/26 8:45 AM,9/18/26 8:51 AM,5 minutes and 50 seconds,Manuel Belmonte
IT Italian Trattoria Lincoln,Kokoe Avoumado,54,,Drinks - lincoln,,9/18/26 8:56 AM,9/18/26 9:02 AM,6 minutes and 29 seconds,Manuel Belmonte
IT Italian Trattoria Lincoln,Kokoe Avoumado,54,,Bar Station - lincoln,,9/18/26 8:56 AM,9/18/26 9:02 AM,6 minutes and 29 seconds,Manuel Belmonte
IT Italian Trattoria Lincoln,Kokoe Avoumado,54,,Pasta - lincoln,,9/18/26 8:56 AM,9/18/26 9:02 AM,6 minutes and 29 seconds,Manuel Belmonte
IT Italian Trattoria Lincoln,Kokoe Avoumado,55,,Drinks - lincoln,,9/18/26 9:01 AM,9/18/26 9:08 AM,6 minutes and 24 seconds,Manuel Belmonte
IT Italian Trattoria Lincoln,Kokoe Avoumado,55,,Bar Station - lincoln,,9/18/26 9:01 AM,9/18/26 9:08 AM,6 minutes and 24 seconds,Manuel Belmonte
IT Italian Trattoria Lincoln,Kokoe Avoumado,55,,Pasta - lincoln,,9/18/26 9:01 AM,9/18/26 9:08 AM,6 minutes and 24 seconds,Manuel Belmonte
IT Italian Trattoria Lincoln,nevrije dosku,57,20,Drinks - lincoln,,9/18/26 9:01 AM,9/18/26 9:10 AM,8 minutes and 39 seconds,Manuel Belmonte
IT Italian Trattoria Lincoln,nevrije dosku,57,20,Bar Station - lincoln,,9/18/26 9:01 AM,9/18/26 9:10 AM,8 minutes and 39 seconds,Manuel Belmonte
IT Italian Trattoria Lincoln,nevrije dosku,57,20,Pasta - lincoln,,9/18/26 9:01 AM,9/18/26 9:10 AM,8 minutes and 39 seconds,Manuel Belmonte
IT Italian Trattoria Lincoln,tom troussicot,65,,Drinks - lincoln,,9/18/26 9:11 AM,9/18/26 9:17 AM,6 minutes and 44 seconds,Manuel Belmonte
IT Italian Trattoria Lincoln,tom troussicot,65,,Bar Station - lincoln,,9/18/26 9:11 AM,9/18/26 9:17 AM,6 minutes and 44 seconds,Manuel Belmonte
IT Italian Trattoria Lincoln,tom troussicot,65,,Pasta - lincoln,,9/18/26 9:11 AM,9/18/26 9:17 AM,6 minutes and 44 seconds,Manuel Belmonte
IT Italian Trattoria Lincoln,nazarena moreno,83,,Drinks - lincoln,,9/18/26 9:32 AM,9/18/26 9:39 AM,6 minutes and 19 seconds,Manuel Belmonte
IT Italian Trattoria Lincoln,nazarena moreno,83,,Bar Station - lincoln,,9/18/26 9:32 AM,9/18/26 9:39 AM,6 minutes and 19 seconds,Manuel Belmonte
IT Italian Trattoria Lincoln,nazarena moreno,83,,Pasta - lincoln,,9/18/26 9:32 AM,9/18/26 9:39 AM,6 minutes and 19 seconds,Manuel Belmonte
IT Italian Trattoria Lincoln,nevrije dosku,86,32,Drinks - lincoln,,9/18/26 9:36 AM,9/18/26 9:42 AM,5 minutes and 41 seconds,Manuel Belmonte
IT Italian Trattoria Lincoln,nevrije dosku,86,32,Bar Station - lincoln,,9/18/26 9:36 AM,9/18/26 9:42 AM,5 minutes and 41 seconds,Manuel Belmonte
IT Italian Trattoria Lincoln,nevrije dosku,86,32,Pasta - lincoln,,9/18/26 9:36 AM,9/18/26 9:42 AM,5 minutes and 41 seconds,Manuel Belmonte
IT Italian Trattoria Lincoln,nevrije dosku,64,1,Drinks - lincoln,,9/18/26 9:48 AM,9/18/26 9:53 AM,4 minutes and 51 seconds,Manuel Belmonte
IT Italian Trattoria Lincoln,nevrije dosku,64,1,Bar Station - lincoln,,9/18/26 9:48 AM,9/18/26 9:53 AM,4 minutes and 51 seconds,Manuel Belmonte
IT Italian Trattoria Lincoln,nevrije dosku,64,1,Pasta - lincoln,,9/18/26 9:48 AM,9/18/26 9:53 AM,4 minutes and 51 seconds,Manuel Belmonte
IT Italian Trattoria Lincoln,tom troussicot,91,,Drinks - lincoln,,9/18/26 9:46 AM,9/18/26 9:56 AM,10 minutes and 19 seconds,Manuel Belmonte
IT Italian Trattoria Lincoln,tom troussicot,91,,Bar Station - lincoln,,9/18/26 9:46 AM,9/18/26 9:56 AM,10 minutes and 19 seconds,Manuel Belmonte
IT Italian Trattoria Lincoln,tom troussicot,91,,Pasta - lincoln,,9/18/26 9:46 AM,9/18/26 9:56 AM,10 minutes and 19 seconds,Manuel Belmonte
IT Italian Trattoria Lincoln,nevrije dosku,51,105,Drinks - lincoln,,9/18/26 9:48 AM,9/18/26 9:58 AM,9 minutes and 55 seconds,Manuel Belmonte
IT Italian Trattoria Lincoln,nevrije dosku,51,105,Bar Station - lincoln,,9/18/26 9:48 AM,9/18/26 9:58 AM,9 minutes and 55 seconds,Manuel Belmonte
IT Italian Trattoria Lincoln,nevrije dosku,51,105,Pasta - lincoln,,9/18/26 9:48 AM,9/18/26 9:58 AM,9 minutes and 55 seconds,Manuel Belmonte
IT Italian Trattoria Lincoln,tom troussicot,106,,Drinks - lincoln,,9/18/26 10:10 AM,9/18/26 10:23 AM,13 minutes and 27 seconds,Manuel Belmonte
IT Italian Trattoria Lincoln,tom troussicot,106,,Bar Station - lincoln,,9/18/26 10:10 AM,9/18/26 10:23 AM,13 minutes and 27 seconds,Manuel Belmonte
IT Italian Trattoria Lincoln,tom troussicot,106,,Pasta - lincoln,,9/18/26 10:10 AM,9/18/26 10:23 AM,13 minutes and 27 seconds,Manuel Belmonte
IT Italian Trattoria Lincoln,nazarena moreno,143,300,Pasta - lincoln,,9/18/26 11:28 AM,9/18/26 11:38 AM,10 minutes and 26 seconds,Manuel Belmonte
IT Italian Trattoria Lincoln,nazarena moreno,147,302,Pasta - lincoln,,9/18/26 11:30 AM,9/18/26 11:38 AM,8 minutes and 11 seconds,Manuel Belmonte
IT Italian Trattoria Lincoln,nazarena moreno,147,302,Pasta - lincoln,,9/18/26 11:29 AM,9/18/26 11:38 AM,8 minutes and 39 seconds,Manuel Belmonte
IT Italian Trattoria Lincoln,Kokoe Avoumado,151,,Pasta - lincoln,,9/18/26 11:40 AM,9/18/26 11:45 AM,4 minutes and 42 seconds,Manuel Belmonte
IT Italian Trattoria Lincoln,nazarena moreno,150,,Pasta - lincoln,,9/18/26 11:36 AM,9/18/26 11:45 AM,8 minutes and 50 seconds,Manuel Belmonte
IT Italian Trattoria Lincoln,Kokoe Avoumado,153,,Ensalada - lincoln,,9/18/26 11:44 AM,9/18/26 11:45 AM,35 seconds,Manuel Belmonte
IT Italian Trattoria Lincoln,tom troussicot,162,,Pasta - lincoln,,9/18/26 12:11 PM,9/18/26 12:16 PM,5 minutes and 17 seconds,Manuel Belmonte
IT Italian Trattoria Lincoln,tom troussicot,159,,Pasta - lincoln,,9/18/26 12:10 PM,9/18/26 12:16 PM,5 minutes and 52 seconds,Manuel Belmonte
IT Italian Trattoria Lincoln,tom troussicot,160,,Pasta - lincoln,,9/18/26 12:13 PM,9/18/26 12:22 PM,9 minutes and 1 second,Manuel Belmonte
IT Italian Trattoria Lincoln,tom troussicot,164,,Pasta - lincoln,,9/18/26 12:16 PM,9/18/26 12:24 PM,7 minutes and 39 seconds,Manuel Belmonte
IT Italian Trattoria Lincoln,Kokoe Avoumado,170,,Pasta - lincoln,,9/18/26 12:25 PM,9/18/26 12:33 PM,8 minutes and 23 seconds,Manuel Belmonte
IT Italian Trattoria Lincoln,tom troussicot,173,,Pasta - lincoln,,9/18/26 12:30 PM,9/18/26 12:40 PM,10 minutes and 2 seconds,Manuel Belmonte
IT Italian Trattoria Lincoln,Manuel Belmonte,180,200,Pasta - lincoln,,9/18/26 1:01 PM,9/18/26 1:21 PM,19 minutes and 46 seconds,Davide Christopher Paredi
IT Italian Trattoria Lincoln,tom troussicot,181,303,Ensalada - lincoln,,9/18/26 1:03 PM,9/18/26 1:23 PM,19 minutes and 51 seconds,Davide Christopher Paredi
IT Italian Trattoria Lincoln,tom troussicot,181,303,Pasta - lincoln,,9/18/26 1:03 PM,9/18/26 1:23 PM,19 minutes and 51 seconds,Davide Christopher Paredi
IT Italian Trattoria Lincoln,tom troussicot,182,100,Ensalada - lincoln,,9/18/26 1:10 PM,9/18/26 1:24 PM,13 minutes and 36 seconds,Davide Christopher Paredi
IT Italian Trattoria Lincoln,tom troussicot,182,100,Pasta - lincoln,,9/18/26 1:10 PM,9/18/26 1:24 PM,13 minutes and 36 seconds,Davide Christopher Paredi
IT Italian Trattoria Lincoln,Manuel Belmonte,187,,Drinks - lincoln,,9/18/26 1:21 PM,9/18/26 1:25 PM,3 minutes and 49 seconds,Davide Christopher Paredi
IT Italian Trattoria Lincoln,Manuel Belmonte,187,,Bar Station - lincoln,,9/18/26 1:21 PM,9/18/26 1:25 PM,3 minutes and 49 seconds,Davide Christopher Paredi
IT Italian Trattoria Lincoln,Manuel Belmonte,187,,Pasta - lincoln,,9/18/26 1:21 PM,9/18/26 1:25 PM,3 minutes and 49 seconds,Davide Christopher Paredi
IT Italian Trattoria Lincoln,tom troussicot,186,9,Pasta - lincoln,,9/18/26 1:21 PM,9/18/26 1:31 PM,9 minutes and 46 seconds,Davide Christopher Paredi
IT Italian Trattoria Lincoln,Manuel Belmonte,192,5,Pasta - lincoln,,9/18/26 1:36 PM,9/18/26 1:38 PM,1 minute and 43 seconds,Davide Christopher Paredi
IT Italian Trattoria Lincoln,Manuel Belmonte,190,8,Pasta - lincoln,,9/18/26 1:33 PM,9/18/26 1:42 PM,8 minutes and 59 seconds,Davide Christopher Paredi
IT Italian Trattoria Lincoln,Manuel Belmonte,190,8,Ensalada - lincoln,,9/18/26 1:33 PM,9/18/26 1:42 PM,8 minutes and 59 seconds,Davide Christopher Paredi
IT Italian Trattoria Lincoln,Kokoe Avoumado,197,,Pasta - lincoln,,9/18/26 1:51 PM,9/18/26 2:00 PM,8 minutes and 44 seconds,Davide Christopher Paredi
IT Italian Trattoria Lincoln,Manuel Belmonte,202,22,Pasta - lincoln,,9/18/26 2:00 PM,9/18/26 2:09 PM,8 minutes and 57 seconds,Davide Christopher Paredi
IT Italian Trattoria Lincoln,Kokoe Avoumado,205,,Pasta - lincoln,,9/18/26 2:10 PM,9/18/26 2:22 PM,12 minutes and 35 seconds,Davide Christopher Paredi
IT Italian Trattoria Lincoln,Kokoe Avoumado,211,,Pasta - lincoln,,9/18/26 2:21 PM,9/18/26 2:33 PM,12 minutes and 9 seconds,Davide Christopher Paredi
IT Italian Trattoria Lincoln,Kokoe Avoumado,215,,Ensalada - lincoln,,9/18/26 2:30 PM,9/18/26 2:34 PM,4 minutes,Davide Christopher Paredi
IT Italian Trattoria Lincoln,Manuel Belmonte,214,209,Pasta - lincoln,,9/18/26 2:30 PM,9/18/26 2:39 PM,8 minutes and 51 seconds,Davide Christopher Paredi
IT Italian Trattoria Lincoln,Manuel Belmonte,214,209,Ensalada - lincoln,,9/18/26 2:30 PM,9/18/26 2:39 PM,8 minutes and 51 seconds,Davide Christopher Paredi
IT Italian Trattoria Lincoln,Kokoe Avoumado,219,,Pasta - lincoln,,9/18/26 2:33 PM,9/18/26 2:43 PM,9 minutes and 43 seconds,Davide Christopher Paredi
IT Italian Trattoria Lincoln,Kokoe Avoumado,219,,Ensalada - lincoln,,9/18/26 2:33 PM,9/18/26 2:43 PM,9 minutes and 43 seconds,Davide Christopher Paredi
IT Italian Trattoria Lincoln,Kokoe Avoumado,212,,Pasta - lincoln,,9/18/26 2:26 PM,9/18/26 2:46 PM,19 minutes and 41 seconds,Davide Christopher Paredi
IT Italian Trattoria Lincoln,Kokoe Avoumado,212,,Ensalada - lincoln,,9/18/26 2:26 PM,9/18/26 2:46 PM,19 minutes and 41 seconds,Davide Christopher Paredi
IT Italian Trattoria Lincoln,Manuel Belmonte,218,300,Pasta - lincoln,,9/18/26 2:38 PM,9/18/26 2:46 PM,8 minutes and 8 seconds,Davide Christopher Paredi
IT Italian Trattoria Lincoln,Manuel Belmonte,221,,Ensalada - lincoln,,9/18/26 2:40 PM,9/18/26 2:46 PM,6 minutes and 40 seconds,Davide Christopher Paredi
IT Italian Trattoria Lincoln,Kokoe Avoumado,237,,Pasta - lincoln,,9/18/26 3:07 PM,9/18/26 3:13 PM,5 minutes and 48 seconds,Davide Christopher Paredi
IT Italian Trattoria Lincoln,Kokoe Avoumado,236,,Pasta - lincoln,,9/18/26 3:06 PM,9/18/26 3:13 PM,7 minutes and 38 seconds,Davide Christopher Paredi
IT Italian Trattoria Lincoln,Kokoe Avoumado,236,,Ensalada - lincoln,,9/18/26 3:06 PM,9/18/26 3:13 PM,7 minutes and 38 seconds,Davide Christopher Paredi
IT Italian Trattoria Lincoln,Manuel Belmonte,239,100,Pasta - lincoln,,9/18/26 3:14 PM,9/18/26 3:21 PM,7 minutes and 21 seconds,Davide Christopher Paredi
IT Italian Trattoria Lincoln,Manuel Belmonte,244,1,Pasta - lincoln,,9/18/26 3:41 PM,9/18/26 3:48 PM,7 minutes and 14 seconds,Davide Christopher Paredi
IT Italian Trattoria Lincoln,Manuel Belmonte,240,4,Pasta - lincoln,,9/18/26 3:42 PM,9/18/26 3:48 PM,5 minutes and 35 seconds,Davide Christopher Paredi
IT Italian Trattoria Lincoln,Manuel Belmonte,245,8,Pasta - lincoln,,9/18/26 3:47 PM,9/18/26 3:53 PM,5 minutes and 42 seconds,Davide Christopher Paredi
IT Italian Trattoria Lincoln,Kokoe Avoumado,248,,Pasta - lincoln,,9/18/26 3:58 PM,9/18/26 4:05 PM,6 minutes and 32 seconds,Davide Christopher Paredi
IT Italian Trattoria Lincoln,James Arcinegas,249,104,Pasta - lincoln,,9/18/26 4:17 PM,9/18/26 4:28 PM,10 minutes and 26 seconds,Davide Christopher Paredi
IT Italian Trattoria Lincoln,James Arcinegas,256,100,Pasta - lincoln,,9/18/26 4:37 PM,9/18/26 4:42 PM,4 minutes and 33 seconds,Davide Christopher Paredi
IT Italian Trattoria Lincoln,James Arcinegas,262,,Pasta - lincoln,,9/18/26 5:22 PM,9/18/26 5:30 PM,8 minutes and 12 seconds,Davide Christopher Paredi
IT Italian Trattoria Lincoln,Default Online Ordering,260,,Pasta - lincoln,,9/18/26 5:17 PM,9/18/26 5:30 PM,12 minutes and 32 seconds,Davide Christopher Paredi
IT Italian Trattoria Lincoln,nevrije dosku,264,300,Pasta - lincoln,,9/18/26 5:20 PM,9/18/26 5:30 PM,10 minutes and 3 seconds,Davide Christopher Paredi
IT Italian Trattoria Lincoln,nevrije dosku,261,B2,Pasta - lincoln,,9/18/26 5:47 PM,9/18/26 6:00 PM,12 minutes and 50 seconds,Davide Christopher Paredi
IT Italian Trattoria Lincoln,Default Online Ordering,267,,Pasta - lincoln,,9/18/26 5:59 PM,9/18/26 6:09 PM,10 minutes and 31 seconds,Davide Christopher Paredi
IT Italian Trattoria Lincoln,James Arcinegas,268,,Pasta - lincoln,,9/18/26 6:04 PM,9/18/26 6:12 PM,7 minutes and 57 seconds,Davide Christopher Paredi
IT Italian Trattoria Lincoln,nevrije dosku,270,,Pasta - lincoln,,9/18/26 6:15 PM,9/18/26 6:26 PM,11 minutes and 12 seconds,Davide Christopher Paredi
IT Italian Trattoria Lincoln,nevrije dosku,273,,Pasta - lincoln,,9/18/26 6:38 PM,9/18/26 6:50 PM,12 minutes and 40 seconds,Davide Christopher Paredi
IT Italian Trattoria Lincoln,Manuel Belmonte,281,1,Pasta - lincoln,,9/18/26 7:07 PM,9/18/26 7:15 PM,7 minutes and 38 seconds,Davide Christopher Paredi
IT Italian Trattoria Lincoln,nevrije dosku,286,23 b,Pasta - lincoln,,9/18/26 7:21 PM,9/18/26 7:26 PM,5 minutes and 18 seconds,Davide Christopher Paredi
IT Italian Trattoria Lincoln,Default Online Ordering,290,,Pasta - lincoln,,9/18/26 7:46 PM,9/18/26 7:53 PM,6 minutes and 13 seconds,Davide Christopher Paredi
IT Italian Trattoria Lincoln,nevrije dosku,289,10,Pasta - lincoln,,9/18/26 7:51 PM,9/18/26 7:58 PM,6 minutes and 43 seconds,Davide Christopher Paredi
IT Italian Trattoria Lincoln,nevrije dosku,289,10,Pasta - lincoln,,9/18/26 8:06 PM,9/18/26 8:16 PM,10 minutes,Davide Christopher Paredi
IT Italian Trattoria Lincoln,nevrije dosku,296,24 b,Pasta - lincoln,,9/18/26 8:08 PM,9/18/26 8:25 PM,16 minutes and 39 seconds,Davide Christopher Paredi
IT Italian Trattoria Lincoln,nevrije dosku,297,9,Pasta - lincoln,,9/18/26 8:10 PM,9/18/26 8:25 PM,15 minutes and 2 seconds,Davide Christopher Paredi
IT Italian Trattoria Lincoln,James Arcinegas,298,,Pasta - lincoln,,9/18/26 8:12 PM,9/18/26 8:25 PM,13 minutes and 17 seconds,Davide Christopher Paredi
IT Italian Trattoria Lincoln,nevrije dosku,299,20,Pasta - lincoln,,9/18/26 8:13 PM,9/18/26 8:25 PM,12 minutes and 31 seconds,Davide Christopher Paredi
IT Italian Trattoria Lincoln,nevrije dosku,297,9,Pasta - lincoln,,9/18/26 8:20 PM,9/18/26 8:31 PM,10 minutes and 51 seconds,Davide Christopher Paredi
IT Italian Trattoria Lincoln,Manuel Belmonte,304,31,Pasta - lincoln,,9/18/26 8:28 PM,9/18/26 8:36 PM,8 minutes and 20 seconds,Davide Christopher Paredi
IT Italian Trattoria Lincoln,nevrije dosku,305,22 b,Pasta - lincoln,,9/18/26 8:31 PM,9/18/26 8:37 PM,6 minutes and 44 seconds,Davide Christopher Paredi
IT Italian Trattoria Lincoln,James Arcinegas,309,,Pasta - lincoln,,9/18/26 8:44 PM,9/18/26 9:04 PM,19 minutes and 52 seconds,Davide Christopher Paredi
IT Italian Trattoria Lincoln,nevrije dosku,299,20,Pasta - lincoln,,9/18/26 9:04 PM,9/18/26 9:16 PM,12 minutes and 11 seconds,Davide Christopher Paredi
IT Italian Trattoria Lincoln,nazarena moreno,4,,Drinks - lincoln,,9/19/26 8:38 AM,9/19/26 8:51 AM,12 minutes and 37 seconds,Manuel Belmonte
IT Italian Trattoria Lincoln,nazarena moreno,4,,Bar Station - lincoln,,9/19/26 8:38 AM,9/19/26 8:51 AM,12 minutes and 37 seconds,Manuel Belmonte
IT Italian Trattoria Lincoln,nazarena moreno,4,,Pasta - lincoln,,9/19/26 8:38 AM,9/19/26 8:51 AM,12 minutes and 37 seconds,Manuel Belmonte
IT Italian Trattoria Lincoln,nazarena moreno,8,,Drinks - lincoln,,9/19/26 9:03 AM,9/19/26 9:11 AM,7 minutes and 40 seconds,Manuel Belmonte
IT Italian Trattoria Lincoln,nazarena moreno,8,,Bar Station - lincoln,,9/19/26 9:03 AM,9/19/26 9:11 AM,7 minutes and 40 seconds,Manuel Belmonte
IT Italian Trattoria Lincoln,nazarena moreno,8,,Pasta - lincoln,,9/19/26 9:03 AM,9/19/26 9:11 AM,7 minutes and 40 seconds,Manuel Belmonte
IT Italian Trattoria Lincoln,nazarena moreno,10,200,Drinks - lincoln,,9/19/26 9:07 AM,9/19/26 9:16 AM,8 minutes and 45 seconds,Manuel Belmonte
IT Italian Trattoria Lincoln,nazarena moreno,10,200,Bar Station - lincoln,,9/19/26 9:07 AM,9/19/26 9:16 AM,8 minutes and 45 seconds,Manuel Belmonte
IT Italian Trattoria Lincoln,nazarena moreno,10,200,Pasta - lincoln,,9/19/26 9:07 AM,9/19/26 9:16 AM,8 minutes and 45 seconds,Manuel Belmonte
IT Italian Trattoria Lincoln,Kokoe Avoumado,13,,Drinks - lincoln,,9/19/26 9:16 AM,9/19/26 9:22 AM,5 minutes and 43 seconds,Manuel Belmonte
IT Italian Trattoria Lincoln,Kokoe Avoumado,13,,Bar Station - lincoln,,9/19/26 9:16 AM,9/19/26 9:22 AM,5 minutes and 43 seconds,Manuel Belmonte
IT Italian Trattoria Lincoln,Kokoe Avoumado,13,,Pasta - lincoln,,9/19/26 9:16 AM,9/19/26 9:22 AM,5 minutes and 43 seconds,Manuel Belmonte
IT Italian Trattoria Lincoln,nazarena moreno,14,3,Drinks - lincoln,,9/19/26 9:27 AM,9/19/26 9:40 AM,12 minutes and 52 seconds,Manuel Belmonte
IT Italian Trattoria Lincoln,nazarena moreno,14,3,Bar Station - lincoln,,9/19/26 9:27 AM,9/19/26 9:40 AM,12 minutes and 52 seconds,Manuel Belmonte
IT Italian Trattoria Lincoln,nazarena moreno,14,3,Pasta - lincoln,,9/19/26 9:27 AM,9/19/26 9:40 AM,12 minutes and 52 seconds,Manuel Belmonte
IT Italian Trattoria Lincoln,Kokoe Avoumado,30,,Drinks - lincoln,,9/19/26 10:02 AM,9/19/26 10:02 AM,25 seconds,Manuel Belmonte
IT Italian Trattoria Lincoln,Kokoe Avoumado,30,,Bar Station - lincoln,,9/19/26 10:02 AM,9/19/26 10:02 AM,25 seconds,Manuel Belmonte
IT Italian Trattoria Lincoln,Kokoe Avoumado,30,,Pasta - lincoln,,9/19/26 10:02 AM,9/19/26 10:02 AM,25 seconds,Manuel Belmonte
IT Italian Trattoria Lincoln,nazarena moreno,38,,Drinks - lincoln,,9/19/26 10:27 AM,9/19/26 10:34 AM,7 minutes and 52 seconds,Manuel Belmonte
IT Italian Trattoria Lincoln,nazarena moreno,38,,Bar Station - lincoln,,9/19/26 10:27 AM,9/19/26 10:34 AM,7 minutes and 52 seconds,Manuel Belmonte
IT Italian Trattoria Lincoln,nazarena moreno,38,,Pasta - lincoln,,9/19/26 10:27 AM,9/19/26 10:34 AM,7 minutes and 52 seconds,Manuel Belmonte
IT Italian Trattoria Lincoln,nazarena moreno,43,,Drinks - lincoln,,9/19/26 10:44 AM,9/19/26 10:49 AM,5 minutes and 18 seconds,Manuel Belmonte
IT Italian Trattoria Lincoln,nazarena moreno,43,,Bar Station - lincoln,,9/19/26 10:44 AM,9/19/26 10:49 AM,5 minutes and 18 seconds,Manuel Belmonte
IT Italian Trattoria Lincoln,nazarena moreno,43,,Pasta - lincoln,,9/19/26 10:44 AM,9/19/26 10:49 AM,5 minutes and 18 seconds,Manuel Belmonte
IT Italian Trattoria Lincoln,nazarena moreno,49,302,Drinks - lincoln,,9/19/26 10:56 AM,9/19/26 10:59 AM,3 minutes,Manuel Belmonte
IT Italian Trattoria Lincoln,nazarena moreno,49,302,Bar Station - lincoln,,9/19/26 10:56 AM,9/19/26 10:59 AM,3 minutes,Manuel Belmonte
IT Italian Trattoria Lincoln,nazarena moreno,49,302,Pasta - lincoln,,9/19/26 10:56 AM,9/19/26 10:59 AM,3 minutes,Manuel Belmonte
IT Italian Trattoria Lincoln,nazarena moreno,54,100,Drinks - lincoln,,9/19/26 11:07 AM,9/19/26 11:14 AM,7 minutes and 3 seconds,Manuel Belmonte
IT Italian Trattoria Lincoln,nazarena moreno,54,100,Bar Station - lincoln,,9/19/26 11:07 AM,9/19/26 11:14 AM,7 minutes and 3 seconds,Manuel Belmonte
IT Italian Trattoria Lincoln,nazarena moreno,54,100,Pasta - lincoln,,9/19/26 11:07 AM,9/19/26 11:14 AM,7 minutes and 3 seconds,Manuel Belmonte
IT Italian Trattoria Lincoln,nazarena moreno,56,8,Drinks - lincoln,,9/19/26 11:08 AM,9/19/26 11:15 AM,6 minutes and 25 seconds,Manuel Belmonte
IT Italian Trattoria Lincoln,nazarena moreno,56,8,Bar Station - lincoln,,9/19/26 11:08 AM,9/19/26 11:15 AM,6 minutes and 25 seconds,Manuel Belmonte
IT Italian Trattoria Lincoln,nazarena moreno,56,8,Pasta - lincoln,,9/19/26 11:08 AM,9/19/26 11:15 AM,6 minutes and 25 seconds,Manuel Belmonte
IT Italian Trattoria Lincoln,nazarena moreno,58,7,Drinks - lincoln,,9/19/26 11:18 AM,9/19/26 11:24 AM,6 minutes and 13 seconds,Manuel Belmonte
IT Italian Trattoria Lincoln,nazarena moreno,58,7,Bar Station - lincoln,,9/19/26 11:18 AM,9/19/26 11:24 AM,6 minutes and 13 seconds,Manuel Belmonte
IT Italian Trattoria Lincoln,nazarena moreno,58,7,Pasta - lincoln,,9/19/26 11:18 AM,9/19/26 11:24 AM,6 minutes and 13 seconds,Manuel Belmonte
IT Italian Trattoria Lincoln,nazarena moreno,62,22,Pasta - lincoln,,9/19/26 11:35 AM,9/19/26 11:45 AM,10 minutes and 45 seconds,Manuel Belmonte
IT Italian Trattoria Lincoln,nazarena moreno,63,10,Pasta - lincoln,,9/19/26 11:38 AM,9/19/26 11:53 AM,14 minutes and 27 seconds,Manuel Belmonte
IT Italian Trattoria Lincoln,nazarena moreno,74,1,Pasta - lincoln,,9/19/26 12:18 PM,9/19/26 12:27 PM,9 minutes and 43 seconds,Manuel Belmonte
IT Italian Trattoria Lincoln,nazarena moreno,61,23,Pasta - lincoln,,9/19/26 12:29 PM,9/19/26 12:36 PM,7 minutes and 7 seconds,Manuel Belmonte
IT Italian Trattoria Lincoln,nevrije dosku,78,209,Pasta - lincoln,,9/19/26 12:35 PM,9/19/26 12:44 PM,9 minutes and 29 seconds,Manuel Belmonte
IT Italian Trattoria Lincoln,Default Online Ordering,77,,Pasta - lincoln,,9/19/26 12:31 PM,9/19/26 12:44 PM,13 minutes and 4 seconds,Manuel Belmonte
IT Italian Trattoria Lincoln,Kokoe Avoumado,81,,Drinks - lincoln,,9/19/26 12:42 PM,9/19/26 12:45 PM,3 minutes,Manuel Belmonte
IT Italian Trattoria Lincoln,Kokoe Avoumado,81,,Bar Station - lincoln,,9/19/26 12:42 PM,9/19/26 12:45 PM,3 minutes,Manuel Belmonte
IT Italian Trattoria Lincoln,Kokoe Avoumado,81,,Pasta - lincoln,,9/19/26 12:42 PM,9/19/26 12:45 PM,3 minutes,Manuel Belmonte
IT Italian Trattoria Lincoln,nazarena moreno,70,204,Ensalada - lincoln,,9/19/26 12:35 PM,9/19/26 12:48 PM,13 minutes and 8 seconds,Manuel Belmonte
IT Italian Trattoria Lincoln,nazarena moreno,70,204,Pasta - lincoln,,9/19/26 12:35 PM,9/19/26 12:48 PM,13 minutes and 8 seconds,Manuel Belmonte
IT Italian Trattoria Lincoln,nevrije dosku,82,302,Pasta - lincoln,,9/19/26 12:50 PM,9/19/26 12:57 PM,7 minutes and 45 seconds,Manuel Belmonte
IT Italian Trattoria Lincoln,nevrije dosku,83,304,Ensalada - lincoln,,9/19/26 12:56 PM,9/19/26 1:01 PM,4 minutes and 52 seconds,Manuel Belmonte
IT Italian Trattoria Lincoln,nazarena moreno,76,100,Pasta - lincoln,,9/19/26 1:09 PM,9/19/26 1:13 PM,3 minutes and 19 seconds,Manuel Belmonte
IT Italian Trattoria Lincoln,nevrije dosku,86,200,Pasta - lincoln,,9/19/26 1:08 PM,9/19/26 1:13 PM,4 minutes and 28 seconds,Manuel Belmonte
IT Italian Trattoria Lincoln,nevrije dosku,86,200,Ensalada - lincoln,,9/19/26 1:08 PM,9/19/26 1:13 PM,4 minutes and 28 seconds,Manuel Belmonte
IT Italian Trattoria Lincoln,nevrije dosku,88,306,Pasta - lincoln,,9/19/26 1:10 PM,9/19/26 1:19 PM,8 minutes and 50 seconds,Manuel Belmonte
IT Italian Trattoria Lincoln,nevrije dosku,88,306,Ensalada - lincoln,,9/19/26 1:10 PM,9/19/26 1:19 PM,8 minutes and 50 seconds,Manuel Belmonte
IT Italian Trattoria Lincoln,nazarena moreno,89,300,Pasta - lincoln,,9/19/26 1:12 PM,9/19/26 1:23 PM,11 minutes and 30 seconds,Manuel Belmonte
IT Italian Trattoria Lincoln,nevrije dosku,91,211,Ensalada - lincoln,,9/19/26 1:18 PM,9/19/26 1:26 PM,8 minutes and 27 seconds,Manuel Belmonte
IT Italian Trattoria Lincoln,nevrije dosku,91,211,Pasta - lincoln,,9/19/26 1:18 PM,9/19/26 1:26 PM,8 minutes and 27 seconds,Manuel Belmonte
IT Italian Trattoria Lincoln,nazarena moreno,93,,Pasta - lincoln,,9/19/26 1:25 PM,9/19/26 1:28 PM,3 minutes and 10 seconds,Manuel Belmonte
IT Italian Trattoria Lincoln,nazarena moreno,94,,Pasta - lincoln,,9/19/26 1:25 PM,9/19/26 1:33 PM,7 minutes and 28 seconds,Manuel Belmonte
IT Italian Trattoria Lincoln,nevrije dosku,98,107,Pasta - lincoln,,9/19/26 1:38 PM,9/19/26 1:44 PM,6 minutes and 33 seconds,Manuel Belmonte
IT Italian Trattoria Lincoln,Kokoe Avoumado,101,,Pasta - lincoln,,9/19/26 1:57 PM,9/19/26 2:06 PM,8 minutes and 56 seconds,Manuel Belmonte
IT Italian Trattoria Lincoln,nazarena moreno,103,205,Pasta - lincoln,,9/19/26 2:05 PM,9/19/26 2:13 PM,8 minutes and 1 second,Manuel Belmonte
IT Italian Trattoria Lincoln,nazarena moreno,105,B1,Pasta - lincoln,,9/19/26 2:07 PM,9/19/26 2:13 PM,6 minutes and 39 seconds,Manuel Belmonte
IT Italian Trattoria Lincoln,nazarena moreno,105,B1,Ensalada - lincoln,,9/19/26 2:07 PM,9/19/26 2:13 PM,6 minutes and 39 seconds,Manuel Belmonte
IT Italian Trattoria Lincoln,nazarena moreno,106,106,Pasta - lincoln,,9/19/26 2:10 PM,9/19/26 2:17 PM,7 minutes and 25 seconds,Manuel Belmonte
IT Italian Trattoria Lincoln,Kokoe Avoumado,111,,Pasta - lincoln,,9/19/26 2:21 PM,9/19/26 2:28 PM,6 minutes and 48 seconds,Manuel Belmonte
IT Italian Trattoria Lincoln,nazarena moreno,112,206,Pasta - lincoln,,9/19/26 2:22 PM,9/19/26 2:28 PM,6 minutes and 28 seconds,Manuel Belmonte
IT Italian Trattoria Lincoln,Kokoe Avoumado,115,,Pasta - lincoln,,9/19/26 2:31 PM,9/19/26 2:41 PM,10 minutes and 15 seconds,Manuel Belmonte
IT Italian Trattoria Lincoln,nazarena moreno,117,302,Pasta - lincoln,,9/19/26 2:42 PM,9/19/26 2:50 PM,7 minutes and 44 seconds,Manuel Belmonte
IT Italian Trattoria Lincoln,Kokoe Avoumado,121,,Ensalada - lincoln,,9/19/26 2:48 PM,9/19/26 2:50 PM,2 minutes and 4 seconds,Manuel Belmonte
IT Italian Trattoria Lincoln,nazarena moreno,123,,Pasta - lincoln,,9/19/26 2:56 PM,9/19/26 3:05 PM,8 minutes and 50 seconds,Manuel Belmonte
IT Italian Trattoria Lincoln,Kokoe Avoumado,126,,Pasta - lincoln,,9/19/26 3:05 PM,9/19/26 3:11 PM,5 minutes and 56 seconds,Manuel Belmonte
IT Italian Trattoria Lincoln,nazarena moreno,125,108,Pasta - lincoln,,9/19/26 3:01 PM,9/19/26 3:12 PM,11 minutes and 26 seconds,Manuel Belmonte
IT Italian Trattoria Lincoln,Kokoe Avoumado,129,,Pasta - lincoln,,9/19/26 3:26 PM,9/19/26 3:31 PM,4 minutes and 52 seconds,Manuel Belmonte
IT Italian Trattoria Lincoln,Manuel Belmonte,131,104,Pasta - lincoln,,9/19/26 3:35 PM,9/19/26 3:42 PM,7 minutes and 6 seconds,Manuel Belmonte
IT Italian Trattoria Lincoln,Manuel Belmonte,132,20,Pasta - lincoln,,9/19/26 3:40 PM,9/19/26 3:47 PM,7 minutes and 19 seconds,Manuel Belmonte
IT Italian Trattoria Lincoln,Manuel Belmonte,139,211,Pasta - lincoln,,9/19/26 4:07 PM,9/19/26 4:15 PM,8 minutes and 10 seconds,Manuel Belmonte
IT Italian Trattoria Lincoln,Manuel Belmonte,132,20,Pasta - lincoln,,9/19/26 4:14 PM,9/19/26 4:20 PM,6 minutes and 17 seconds,Manuel Belmonte
IT Italian Trattoria Lincoln,James Arcinegas,142,,Pasta - lincoln,,9/19/26 4:16 PM,9/19/26 4:22 PM,6 minutes and 20 seconds,Manuel Belmonte
IT Italian Trattoria Lincoln,James Arcinegas,143,,Ensalada - lincoln,,9/19/26 4:21 PM,9/19/26 4:22 PM,1 minute and 14 seconds,Manuel Belmonte
IT Italian Trattoria Lincoln,Manuel Belmonte,141,B2,Pasta - lincoln,,9/19/26 4:18 PM,9/19/26 4:27 PM,9 minutes and 16 seconds,Manuel Belmonte
IT Italian Trattoria Lincoln,Manuel Belmonte,147,,Ensalada - lincoln,,9/19/26 4:32 PM,9/19/26 4:33 PM,1 minute and 36 seconds,Manuel Belmonte
IT Italian Trattoria Lincoln,Manuel Belmonte,149,22,Pasta - lincoln,,9/19/26 4:36 PM,9/19/26 4:42 PM,6 minutes and 50 seconds,Manuel Belmonte
IT Italian Trattoria Lincoln,Manuel Belmonte,152,100,Pasta - lincoln,,9/19/26 4:50 PM,9/19/26 4:58 PM,8 minutes and 49 seconds,Manuel Belmonte
IT Italian Trattoria Lincoln,James Arcinegas,160,307,Pasta - lincoln,,9/19/26 5:48 PM,9/19/26 5:55 PM,7 minutes and 36 seconds,Manuel Belmonte
IT Italian Trattoria Lincoln,Manuel Belmonte,161,33,Ensalada - lincoln,,9/19/26 5:51 PM,9/19/26 6:03 PM,11 minutes and 14 seconds,Manuel Belmonte
IT Italian Trattoria Lincoln,Manuel Belmonte,161,33,Pasta - lincoln,,9/19/26 5:51 PM,9/19/26 6:03 PM,11 minutes and 14 seconds,Manuel Belmonte
IT Italian Trattoria Lincoln,James Arcinegas,160,307,Pasta - lincoln,,9/19/26 5:55 PM,9/19/26 6:04 PM,8 minutes and 52 seconds,Manuel Belmonte
IT Italian Trattoria Lincoln,James Arcinegas,164,,Pasta - lincoln,,9/19/26 6:09 PM,9/19/26 6:14 PM,4 minutes and 46 seconds,Manuel Belmonte
IT Italian Trattoria Lincoln,Manuel Belmonte,170,,Pasta - lincoln,,9/19/26 6:35 PM,9/19/26 6:48 PM,13 minutes and 16 seconds,Manuel Belmonte
IT Italian Trattoria Lincoln,Default Online Ordering,174,,Pasta - lincoln,,9/19/26 6:47 PM,9/19/26 6:57 PM,9 minutes and 49 seconds,Manuel Belmonte
IT Italian Trattoria Lincoln,Manuel Belmonte,175,2,Pasta - lincoln,,9/19/26 7:01 PM,9/19/26 7:09 PM,8 minutes and 20 seconds,Manuel Belmonte
IT Italian Trattoria Lincoln,Manuel Belmonte,175,2,Pasta - lincoln,,9/19/26 7:08 PM,9/19/26 7:11 PM,3 minutes and 4 seconds,Manuel Belmonte
IT Italian Trattoria Lincoln,James Arcinegas,180,,Pasta - lincoln,,9/19/26 7:55 PM,9/19/26 8:17 PM,21 minutes and 52 seconds,Manuel Belmonte
IT Italian Trattoria Lincoln,tom troussicot,187,21,Pasta - lincoln,,9/19/26 8:41 PM,9/19/26 8:47 PM,5 minutes and 57 seconds,Manuel Belmonte
IT Italian Trattoria Lincoln,tom troussicot,188,106,Ensalada - lincoln,,9/19/26 8:38 PM,9/19/26 8:47 PM,9 minutes and 26 seconds,Manuel Belmonte
IT Italian Trattoria Lincoln,tom troussicot,188,106,Pasta - lincoln,,9/19/26 8:38 PM,9/19/26 8:47 PM,9 minutes and 26 seconds,Manuel Belmonte
IT Italian Trattoria Lincoln,Manuel Belmonte,189,23,Pasta - lincoln,,9/19/26 8:55 PM,9/19/26 9:06 PM,10 minutes and 43 seconds,Manuel Belmonte
IT Italian Trattoria Lincoln,tom troussicot,187,21,Pasta - lincoln,,9/19/26 8:59 PM,9/19/26 9:06 PM,6 minutes and 42 seconds,Manuel Belmonte
IT Italian Trattoria Lincoln,tom troussicot,190,8,Pasta - lincoln,,9/19/26 9:00 PM,9/19/26 9:06 PM,6 minutes and 32 seconds,Manuel Belmonte
IT Italian Trattoria Lincoln,Manuel Belmonte,186,20,Pasta - lincoln,,9/19/26 9:06 PM,9/19/26 9:12 PM,6 minutes and 43 seconds,Manuel Belmonte
IT Italian Trattoria Lincoln,tom troussicot,193,22,Pasta - lincoln,,9/19/26 9:08 PM,9/19/26 9:21 PM,12 minutes and 57 seconds,Manuel Belmonte
IT Italian Trattoria Lincoln,Manuel Belmonte,196,31,Pasta - lincoln,,9/19/26 9:22 PM,9/19/26 9:27 PM,5 minutes and 23 seconds,Manuel Belmonte
IT Italian Trattoria Lincoln,Kokoe Avoumado,1,,Drinks - lincoln,,9/20/26 8:22 AM,9/20/26 8:26 AM,4 minutes and 25 seconds,Manuel Belmonte
IT Italian Trattoria Lincoln,Kokoe Avoumado,1,,Bar Station - lincoln,,9/20/26 8:22 AM,9/20/26 8:26 AM,4 minutes and 25 seconds,Manuel Belmonte
IT Italian Trattoria Lincoln,Kokoe Avoumado,1,,Pasta - lincoln,,9/20/26 8:22 AM,9/20/26 8:26 AM,4 minutes and 25 seconds,Manuel Belmonte
IT Italian Trattoria Lincoln,Kokoe Avoumado,2,,Drinks - lincoln,,9/20/26 8:25 AM,9/20/26 8:30 AM,4 minutes and 58 seconds,Manuel Belmonte
IT Italian Trattoria Lincoln,Kokoe Avoumado,2,,Bar Station - lincoln,,9/20/26 8:25 AM,9/20/26 8:30 AM,4 minutes and 58 seconds,Manuel Belmonte
IT Italian Trattoria Lincoln,Kokoe Avoumado,2,,Pasta - lincoln,,9/20/26 8:25 AM,9/20/26 8:30 AM,4 minutes and 58 seconds,Manuel Belmonte
IT Italian Trattoria Lincoln,nevrije dosku,3,,Drinks - lincoln,,9/20/26 8:43 AM,9/20/26 8:54 AM,11 minutes and 8 seconds,Manuel Belmonte
IT Italian Trattoria Lincoln,nevrije dosku,3,,Bar Station - lincoln,,9/20/26 8:43 AM,9/20/26 8:54 AM,11 minutes and 8 seconds,Manuel Belmonte
IT Italian Trattoria Lincoln,nevrije dosku,3,,Pasta - lincoln,,9/20/26 8:43 AM,9/20/26 8:54 AM,11 minutes and 8 seconds,Manuel Belmonte
IT Italian Trattoria Lincoln,Kokoe Avoumado,12,,Drinks - lincoln,,9/20/26 9:57 AM,9/20/26 10:04 AM,6 minutes and 47 seconds,Manuel Belmonte
IT Italian Trattoria Lincoln,Kokoe Avoumado,12,,Bar Station - lincoln,,9/20/26 9:57 AM,9/20/26 10:04 AM,6 minutes and 47 seconds,Manuel Belmonte
IT Italian Trattoria Lincoln,Kokoe Avoumado,12,,Pasta - lincoln,,9/20/26 9:57 AM,9/20/26 10:04 AM,6 minutes and 47 seconds,Manuel Belmonte
IT Italian Trattoria Lincoln,nevrije dosku,29,6,Drinks - lincoln,,9/20/26 11:06 AM,9/20/26 11:07 AM,42 seconds,Manuel Belmonte
IT Italian Trattoria Lincoln,nevrije dosku,29,6,Bar Station - lincoln,,9/20/26 11:06 AM,9/20/26 11:07 AM,42 seconds,Manuel Belmonte
IT Italian Trattoria Lincoln,nevrije dosku,29,6,Pasta - lincoln,,9/20/26 11:06 AM,9/20/26 11:07 AM,42 seconds,Manuel Belmonte
IT Italian Trattoria Lincoln,nevrije dosku,28,206,Drinks - lincoln,,9/20/26 11:04 AM,9/20/26 11:13 AM,8 minutes and 19 seconds,Manuel Belmonte
IT Italian Trattoria Lincoln,nevrije dosku,28,206,Bar Station - lincoln,,9/20/26 11:04 AM,9/20/26 11:13 AM,8 minutes and 19 seconds,Manuel Belmonte
IT Italian Trattoria Lincoln,nevrije dosku,28,206,Pasta - lincoln,,9/20/26 11:04 AM,9/20/26 11:13 AM,8 minutes and 19 seconds,Manuel Belmonte
IT Italian Trattoria Lincoln,nevrije dosku,34,,Drinks - lincoln,,9/20/26 11:18 AM,9/20/26 11:18 AM,10 seconds,Manuel Belmonte
IT Italian Trattoria Lincoln,nevrije dosku,34,,Bar Station - lincoln,,9/20/26 11:18 AM,9/20/26 11:18 AM,10 seconds,Manuel Belmonte
IT Italian Trattoria Lincoln,nevrije dosku,34,,Pasta - lincoln,,9/20/26 11:18 AM,9/20/26 11:18 AM,10 seconds,Manuel Belmonte
IT Italian Trattoria Lincoln,nevrije dosku,33,102,Drinks - lincoln,,9/20/26 11:21 AM,9/20/26 11:25 AM,4 minutes and 51 seconds,Manuel Belmonte
IT Italian Trattoria Lincoln,nevrije dosku,33,102,Bar Station - lincoln,,9/20/26 11:21 AM,9/20/26 11:25 AM,4 minutes and 51 seconds,Manuel Belmonte
IT Italian Trattoria Lincoln,nevrije dosku,33,102,Pasta - lincoln,,9/20/26 11:21 AM,9/20/26 11:25 AM,4 minutes and 51 seconds,Manuel Belmonte
IT Italian Trattoria Lincoln,nevrije dosku,42,31,Pasta - lincoln,,9/20/26 12:03 PM,9/20/26 12:09 PM,6 minutes and 30 seconds,Manuel Belmonte
IT Italian Trattoria Lincoln,nevrije dosku,42,31,Ensalada - lincoln,,9/20/26 12:03 PM,9/20/26 12:09 PM,6 minutes and 30 seconds,Manuel Belmonte
IT Italian Trattoria Lincoln,nevrije dosku,43,23 b,Pasta - lincoln,,9/20/26 12:05 PM,9/20/26 12:17 PM,12 minutes and 3 seconds,Manuel Belmonte
IT Italian Trattoria Lincoln,Manuel Belmonte,46,200,Pasta - lincoln,,9/20/26 12:07 PM,9/20/26 12:24 PM,16 minutes and 34 seconds,Manuel Belmonte
IT Italian Trattoria Lincoln,Manuel Belmonte,50,8,Pasta - lincoln,,9/20/26 12:34 PM,9/20/26 12:42 PM,8 minutes and 48 seconds,Manuel Belmonte
IT Italian Trattoria Lincoln,Manuel Belmonte,53,105,Pasta - lincoln,,9/20/26 12:38 PM,9/20/26 12:46 PM,7 minutes and 14 seconds,Manuel Belmonte
IT Italian Trattoria Lincoln,nevrije dosku,62,23 b,Pasta - lincoln,,9/20/26 12:55 PM,9/20/26 1:04 PM,9 minutes and 2 seconds,Manuel Belmonte
IT Italian Trattoria Lincoln,Manuel Belmonte,65,209,Pasta - lincoln,,9/20/26 1:01 PM,9/20/26 1:15 PM,14 minutes and 30 seconds,Manuel Belmonte
IT Italian Trattoria Lincoln,Manuel Belmonte,66,108,Pasta - lincoln,,9/20/26 1:07 PM,9/20/26 1:17 PM,9 minutes and 52 seconds,Manuel Belmonte
IT Italian Trattoria Lincoln,nevrije dosku,67,2,Pasta - lincoln,,9/20/26 1:08 PM,9/20/26 1:18 PM,10 minutes and 43 seconds,Manuel Belmonte
IT Italian Trattoria Lincoln,nevrije dosku,68,1,Ensalada - lincoln,,9/20/26 1:11 PM,9/20/26 1:19 PM,8 minutes and 10 seconds,Manuel Belmonte
IT Italian Trattoria Lincoln,Manuel Belmonte,69,300,Pasta - lincoln,,9/20/26 1:08 PM,9/20/26 1:23 PM,15 minutes,Manuel Belmonte
IT Italian Trattoria Lincoln,nevrije dosku,68,1,Ensalada - lincoln,,9/20/26 1:10 PM,9/20/26 1:25 PM,15 minutes and 10 seconds,Manuel Belmonte
IT Italian Trattoria Lincoln,nevrije dosku,68,1,Pasta - lincoln,,9/20/26 1:10 PM,9/20/26 1:25 PM,15 minutes and 10 seconds,Manuel Belmonte
IT Italian Trattoria Lincoln,Manuel Belmonte,70,200,Pasta - lincoln,,9/20/26 1:10 PM,9/20/26 1:27 PM,16 minutes and 45 seconds,Manuel Belmonte
IT Italian Trattoria Lincoln,Manuel Belmonte,73,100,Pasta - lincoln,,9/20/26 1:22 PM,9/20/26 1:31 PM,9 minutes and 30 seconds,Manuel Belmonte
IT Italian Trattoria Lincoln,Manuel Belmonte,74,20,Pasta - lincoln,,9/20/26 1:32 PM,9/20/26 1:48 PM,16 minutes and 15 seconds,Manuel Belmonte
IT Italian Trattoria Lincoln,Manuel Belmonte,73,100,Pasta - lincoln,,9/20/26 1:32 PM,9/20/26 1:48 PM,15 minutes and 26 seconds,Manuel Belmonte
IT Italian Trattoria Lincoln,Kokoe Avoumado,75,,Pasta - lincoln,,9/20/26 1:33 PM,9/20/26 1:48 PM,14 minutes and 41 seconds,Manuel Belmonte
IT Italian Trattoria Lincoln,nevrije dosku,81,2,Pasta - lincoln,,9/20/26 1:45 PM,9/20/26 1:53 PM,7 minutes and 54 seconds,Manuel Belmonte
IT Italian Trattoria Lincoln,nevrije dosku,81,2,Ensalada - lincoln,,9/20/26 1:45 PM,9/20/26 1:53 PM,7 minutes and 54 seconds,Manuel Belmonte
IT Italian Trattoria Lincoln,nevrije dosku,76,206,Pasta - lincoln,,9/20/26 1:36 PM,9/20/26 1:54 PM,18 minutes and 16 seconds,Manuel Belmonte
IT Italian Trattoria Lincoln,Kokoe Avoumado,82,106,Pasta - lincoln,,9/20/26 1:51 PM,9/20/26 2:01 PM,9 minutes and 35 seconds,Manuel Belmonte
IT Italian Trattoria Lincoln,Manuel Belmonte,84,7,Pasta - lincoln,,9/20/26 1:57 PM,9/20/26 2:01 PM,4 minutes and 41 seconds,Manuel Belmonte
IT Italian Trattoria Lincoln,Manuel Belmonte,84,7,Ensalada - lincoln,,9/20/26 1:57 PM,9/20/26 2:01 PM,4 minutes and 41 seconds,Manuel Belmonte
IT Italian Trattoria Lincoln,Manuel Belmonte,83,105,Pasta - lincoln,,9/20/26 1:54 PM,9/20/26 2:07 PM,13 minutes and 38 seconds,Manuel Belmonte
IT Italian Trattoria Lincoln,Manuel Belmonte,84,7,Pasta - lincoln,,9/20/26 1:58 PM,9/20/26 2:09 PM,11 minutes and 7 seconds,Manuel Belmonte
IT Italian Trattoria Lincoln,nevrije dosku,87,303,Pasta - lincoln,,9/20/26 2:01 PM,9/20/26 2:14 PM,12 minutes and 38 seconds,Manuel Belmonte
IT Italian Trattoria Lincoln,nevrije dosku,90,22 b,Pasta - lincoln,,9/20/26 2:09 PM,9/20/26 2:19 PM,10 minutes and 21 seconds,Manuel Belmonte
IT Italian Trattoria Lincoln,nevrije dosku,87,303,Pasta - lincoln,,9/20/26 2:20 PM,9/20/26 2:23 PM,2 minutes and 48 seconds,Manuel Belmonte
IT Italian Trattoria Lincoln,Manuel Belmonte,89,108,Ensalada - lincoln,,9/20/26 2:09 PM,9/20/26 2:23 PM,14 minutes and 3 seconds,Manuel Belmonte
IT Italian Trattoria Lincoln,Manuel Belmonte,89,108,Pasta - lincoln,,9/20/26 2:09 PM,9/20/26 2:23 PM,14 minutes and 3 seconds,Manuel Belmonte
IT Italian Trattoria Lincoln,Manuel Belmonte,88,204,Pasta - lincoln,,9/20/26 2:12 PM,9/20/26 2:24 PM,11 minutes and 53 seconds,Manuel Belmonte
IT Italian Trattoria Lincoln,Manuel Belmonte,91,211,Pasta - lincoln,,9/20/26 2:13 PM,9/20/26 2:30 PM,16 minutes and 18 seconds,Manuel Belmonte
IT Italian Trattoria Lincoln,nevrije dosku,96,209,Pasta - lincoln,,9/20/26 2:44 PM,9/20/26 2:51 PM,7 minutes and 16 seconds,Manuel Belmonte
IT Italian Trattoria Lincoln,nevrije dosku,97,1,Ensalada - lincoln,,9/20/26 2:53 PM,9/20/26 2:56 PM,2 minutes and 38 seconds,Manuel Belmonte
IT Italian Trattoria Lincoln,Manuel Belmonte,101,200,Pasta - lincoln,,9/20/26 3:19 PM,9/20/26 3:31 PM,11 minutes and 59 seconds,Manuel Belmonte
IT Italian Trattoria Lincoln,Manuel Belmonte,104,23,Pasta - lincoln,,9/20/26 3:30 PM,9/20/26 3:43 PM,13 minutes and 18 seconds,Manuel Belmonte
IT Italian Trattoria Lincoln,Manuel Belmonte,104,23,Ensalada - lincoln,,9/20/26 3:30 PM,9/20/26 3:43 PM,13 minutes and 18 seconds,Manuel Belmonte
IT Italian Trattoria Lincoln,Kokoe Avoumado,106,206,Pasta - lincoln,,9/20/26 3:36 PM,9/20/26 3:47 PM,11 minutes and 26 seconds,Manuel Belmonte
IT Italian Trattoria Lincoln,Manuel Belmonte,109,105,Pasta - lincoln,,9/20/26 3:54 PM,9/20/26 4:03 PM,9 minutes and 28 seconds,Davide Christopher Paredi
IT Italian Trattoria Lincoln,Manuel Belmonte,110,300,Pasta - lincoln,,9/20/26 3:59 PM,9/20/26 4:05 PM,6 minutes and 17 seconds,Davide Christopher Paredi
IT Italian Trattoria Lincoln,Kokoe Avoumado,113,,Pasta - lincoln,,9/20/26 4:11 PM,9/20/26 4:19 PM,8 minutes and 11 seconds,Davide Christopher Paredi
IT Italian Trattoria Lincoln,Kokoe Avoumado,116,,Pasta - lincoln,,9/20/26 4:29 PM,9/20/26 4:37 PM,8 minutes and 39 seconds,Manuel Belmonte
IT Italian Trattoria Lincoln,Manuel Belmonte,120,8,Pasta - lincoln,,9/20/26 5:07 PM,9/20/26 5:13 PM,6 minutes and 35 seconds,Manuel Belmonte
IT Italian Trattoria Lincoln,Manuel Belmonte,122,9,Pasta - lincoln,,9/20/26 5:12 PM,9/20/26 5:19 PM,6 minutes and 52 seconds,Manuel Belmonte
IT Italian Trattoria Lincoln,Manuel Belmonte,122,9,Pasta - lincoln,,9/20/26 5:13 PM,9/20/26 5:22 PM,9 minutes and 6 seconds,Manuel Belmonte
IT Italian Trattoria Lincoln,Manuel Belmonte,136,9,Pasta - lincoln,,9/20/26 6:13 PM,9/20/26 6:26 PM,12 minutes and 49 seconds,Manuel Belmonte
IT Italian Trattoria Lincoln,Manuel Belmonte,137,22,Pasta - lincoln,,9/20/26 6:18 PM,9/20/26 6:28 PM,10 minutes and 16 seconds,Manuel Belmonte
IT Italian Trattoria Lincoln,Manuel Belmonte,145,21,Ensalada - lincoln,,9/20/26 7:21 PM,9/20/26 7:25 PM,3 minutes and 23 seconds,Manuel Belmonte
IT Italian Trattoria Lincoln,Manuel Belmonte,145,21,Pasta - lincoln,,9/20/26 7:21 PM,9/20/26 7:25 PM,3 minutes and 23 seconds,Manuel Belmonte
IT Italian Trattoria Lincoln,Manuel Belmonte,146,6,Pasta - lincoln,,9/20/26 7:33 PM,9/20/26 8:00 PM,27 minutes and 15 seconds,Manuel Belmonte
IT Italian Trattoria Lincoln,Manuel Belmonte,151,23,Pasta - lincoln,,9/20/26 8:19 PM,9/20/26 8:25 PM,6 minutes,Manuel Belmonte
IT Italian Trattoria Lincoln,Manuel Belmonte,149,5,Pasta - lincoln,,9/20/26 8:25 PM,9/20/26 8:32 PM,7 minutes and 25 seconds,Manuel Belmonte
IT Italian Trattoria Lincoln,James Arcinegas,152,200,Pasta - lincoln,,9/20/26 8:35 PM,9/20/26 8:45 PM,10 minutes and 2 seconds,Manuel Belmonte
IT Italian Trattoria Lincoln,Kokoe Avoumado,1,,Drinks - lincoln,,9/21/26 8:05 AM,9/21/26 8:13 AM,8 minutes and 9 seconds,Davide Christopher Paredi
IT Italian Trattoria Lincoln,Kokoe Avoumado,1,,Bar Station - lincoln,,9/21/26 8:05 AM,9/21/26 8:13 AM,8 minutes and 9 seconds,Davide Christopher Paredi
IT Italian Trattoria Lincoln,Kokoe Avoumado,1,,Pasta - lincoln,,9/21/26 8:05 AM,9/21/26 8:13 AM,8 minutes and 9 seconds,Davide Christopher Paredi
IT Italian Trattoria Lincoln,nazarena moreno,7,,Drinks - lincoln,,9/21/26 8:24 AM,9/21/26 8:32 AM,7 minutes and 57 seconds,Davide Christopher Paredi
IT Italian Trattoria Lincoln,nazarena moreno,7,,Bar Station - lincoln,,9/21/26 8:24 AM,9/21/26 8:32 AM,7 minutes and 57 seconds,Davide Christopher Paredi
IT Italian Trattoria Lincoln,nazarena moreno,7,,Pasta - lincoln,,9/21/26 8:24 AM,9/21/26 8:32 AM,7 minutes and 57 seconds,Davide Christopher Paredi
IT Italian Trattoria Lincoln,nazarena moreno,11,,Pasta - lincoln,,9/21/26 8:46 AM,9/21/26 8:48 AM,2 minutes and 16 seconds,Davide Christopher Paredi
IT Italian Trattoria Lincoln,Kokoe Avoumado,10,,Drinks - lincoln,,9/21/26 9:00 AM,9/21/26 9:07 AM,7 minutes and 7 seconds,Davide Christopher Paredi
IT Italian Trattoria Lincoln,Kokoe Avoumado,10,,Bar Station - lincoln,,9/21/26 9:00 AM,9/21/26 9:07 AM,7 minutes and 7 seconds,Davide Christopher Paredi
IT Italian Trattoria Lincoln,Kokoe Avoumado,10,,Pasta - lincoln,,9/21/26 9:00 AM,9/21/26 9:07 AM,7 minutes and 7 seconds,Davide Christopher Paredi
IT Italian Trattoria Lincoln,Kokoe Avoumado,1,,Drinks - lincoln,,9/21/26 9:03 AM,9/21/26 9:08 AM,5 minutes and 29 seconds,Davide Christopher Paredi
IT Italian Trattoria Lincoln,Kokoe Avoumado,1,,Bar Station - lincoln,,9/21/26 9:03 AM,9/21/26 9:08 AM,5 minutes and 29 seconds,Davide Christopher Paredi
IT Italian Trattoria Lincoln,Kokoe Avoumado,1,,Pasta - lincoln,,9/21/26 9:03 AM,9/21/26 9:08 AM,5 minutes and 29 seconds,Davide Christopher Paredi
IT Italian Trattoria Lincoln,Default Online Ordering,18,,Pasta - lincoln,,9/21/26 9:48 AM,9/21/26 9:50 AM,1 minute and 11 seconds,Davide Christopher Paredi
IT Italian Trattoria Lincoln,Default Online Ordering,18,,Ensalada - lincoln,,9/21/26 9:48 AM,9/21/26 9:50 AM,1 minute and 11 seconds,Davide Christopher Paredi
IT Italian Trattoria Lincoln,nazarena moreno,21,,Pasta - lincoln,,9/21/26 10:03 AM,9/21/26 10:03 AM,45 seconds,Davide Christopher Paredi
IT Italian Trattoria Lincoln,nazarena moreno,29,,Drinks - lincoln,,9/21/26 10:34 AM,9/21/26 10:35 AM,1 minute and 10 seconds,Davide Christopher Paredi
IT Italian Trattoria Lincoln,nazarena moreno,29,,Bar Station - lincoln,,9/21/26 10:34 AM,9/21/26 10:35 AM,1 minute and 10 seconds,Davide Christopher Paredi
IT Italian Trattoria Lincoln,nazarena moreno,29,,Pasta - lincoln,,9/21/26 10:34 AM,9/21/26 10:35 AM,1 minute and 10 seconds,Davide Christopher Paredi
IT Italian Trattoria Lincoln,nazarena moreno,30,,Drinks - lincoln,,9/21/26 10:39 AM,9/21/26 10:47 AM,7 minutes and 57 seconds,Davide Christopher Paredi
IT Italian Trattoria Lincoln,nazarena moreno,30,,Bar Station - lincoln,,9/21/26 10:39 AM,9/21/26 10:47 AM,7 minutes and 57 seconds,Davide Christopher Paredi
IT Italian Trattoria Lincoln,nazarena moreno,30,,Pasta - lincoln,,9/21/26 10:39 AM,9/21/26 10:47 AM,7 minutes and 57 seconds,Davide Christopher Paredi
IT Italian Trattoria Lincoln,nazarena moreno,34,5,Pasta - lincoln,,9/21/26 10:56 AM,9/21/26 10:56 AM,21 seconds,Davide Christopher Paredi
IT Italian Trattoria Lincoln,nazarena moreno,34,5,Drinks - lincoln,,9/21/26 10:51 AM,9/21/26 10:57 AM,5 minutes and 43 seconds,Davide Christopher Paredi
IT Italian Trattoria Lincoln,nazarena moreno,34,5,Bar Station - lincoln,,9/21/26 10:51 AM,9/21/26 10:57 AM,5 minutes and 43 seconds,Davide Christopher Paredi
IT Italian Trattoria Lincoln,nazarena moreno,34,5,Pasta - lincoln,,9/21/26 10:51 AM,9/21/26 10:57 AM,5 minutes and 43 seconds,Davide Christopher Paredi
IT Italian Trattoria Lincoln,nazarena moreno,37,,Drinks - lincoln,,9/21/26 11:01 AM,9/21/26 11:08 AM,7 minutes and 15 seconds,Davide Christopher Paredi
IT Italian Trattoria Lincoln,nazarena moreno,37,,Bar Station - lincoln,,9/21/26 11:01 AM,9/21/26 11:08 AM,7 minutes and 15 seconds,Davide Christopher Paredi
IT Italian Trattoria Lincoln,nazarena moreno,37,,Pasta - lincoln,,9/21/26 11:01 AM,9/21/26 11:08 AM,7 minutes and 15 seconds,Davide Christopher Paredi
IT Italian Trattoria Lincoln,nazarena moreno,43,,Pasta - lincoln,,9/21/26 11:34 AM,9/21/26 11:57 AM,23 minutes and 1 second,Davide Christopher Paredi
IT Italian Trattoria Lincoln,nazarena moreno,50,24,Pasta - lincoln,,9/21/26 12:02 PM,9/21/26 12:10 PM,7 minutes and 40 seconds,Davide Christopher Paredi
IT Italian Trattoria Lincoln,nazarena moreno,52,10,Pasta - lincoln,,9/21/26 12:17 PM,9/21/26 12:23 PM,6 minutes and 24 seconds,Davide Christopher Paredi
IT Italian Trattoria Lincoln,nazarena moreno,55,21,Drinks - lincoln,,9/21/26 12:31 PM,9/21/26 12:40 PM,8 minutes and 48 seconds,Davide Christopher Paredi
IT Italian Trattoria Lincoln,nazarena moreno,55,21,Bar Station - lincoln,,9/21/26 12:31 PM,9/21/26 12:40 PM,8 minutes and 48 seconds,Davide Christopher Paredi
IT Italian Trattoria Lincoln,nazarena moreno,55,21,Pasta - lincoln,,9/21/26 12:31 PM,9/21/26 12:40 PM,8 minutes and 48 seconds,Davide Christopher Paredi
IT Italian Trattoria Lincoln,Manuel Belmonte,56,300,Pasta - lincoln,,9/21/26 12:35 PM,9/21/26 12:45 PM,10 minutes and 2 seconds,Davide Christopher Paredi
IT Italian Trattoria Lincoln,Manuel Belmonte,56,300,Pasta - lincoln,,9/21/26 12:35 PM,9/21/26 12:47 PM,11 minutes and 29 seconds,Davide Christopher Paredi
IT Italian Trattoria Lincoln,Kokoe Avoumado,49,,Pasta - lincoln,,9/21/26 12:39 PM,9/21/26 12:55 PM,15 minutes and 39 seconds,Davide Christopher Paredi
IT Italian Trattoria Lincoln,Manuel Belmonte,57,211,Pasta - lincoln,,9/21/26 12:36 PM,9/21/26 12:55 PM,18 minutes and 29 seconds,Davide Christopher Paredi
IT Italian Trattoria Lincoln,nazarena moreno,58,206,Pasta - lincoln,,9/21/26 12:48 PM,9/21/26 12:55 PM,6 minutes and 48 seconds,Davide Christopher Paredi
IT Italian Trattoria Lincoln,Kokoe Avoumado,59,,Drinks - lincoln,,9/21/26 1:00 PM,9/21/26 1:01 PM,54 seconds,Davide Christopher Paredi
IT Italian Trattoria Lincoln,Kokoe Avoumado,59,,Bar Station - lincoln,,9/21/26 1:00 PM,9/21/26 1:01 PM,54 seconds,Davide Christopher Paredi
IT Italian Trattoria Lincoln,Kokoe Avoumado,59,,Pasta - lincoln,,9/21/26 1:00 PM,9/21/26 1:01 PM,54 seconds,Davide Christopher Paredi
IT Italian Trattoria Lincoln,nazarena moreno,58,206,Pasta - lincoln,,9/21/26 1:00 PM,9/21/26 1:01 PM,51 seconds,Davide Christopher Paredi
IT Italian Trattoria Lincoln,Manuel Belmonte,61,,Pasta - lincoln,,9/21/26 1:09 PM,9/21/26 1:10 PM,1 minute and 10 seconds,Davide Christopher Paredi
IT Italian Trattoria Lincoln,Kokoe Avoumado,64,,Pasta - lincoln,,9/21/26 1:12 PM,9/21/26 1:13 PM,1 minute and 32 seconds,Davide Christopher Paredi
IT Italian Trattoria Lincoln,Kokoe Avoumado,63,,Drinks - lincoln,,9/21/26 1:11 PM,9/21/26 1:22 PM,10 minutes and 48 seconds,Davide Christopher Paredi
IT Italian Trattoria Lincoln,Kokoe Avoumado,63,,Bar Station - lincoln,,9/21/26 1:11 PM,9/21/26 1:22 PM,10 minutes and 48 seconds,Davide Christopher Paredi
IT Italian Trattoria Lincoln,Kokoe Avoumado,63,,Pasta - lincoln,,9/21/26 1:11 PM,9/21/26 1:22 PM,10 minutes and 48 seconds,Davide Christopher Paredi
IT Italian Trattoria Lincoln,Kokoe Avoumado,67,,Pasta - lincoln,,9/21/26 1:25 PM,9/21/26 1:29 PM,4 minutes and 52 seconds,Davide Christopher Paredi
IT Italian Trattoria Lincoln,Kokoe Avoumado,74,,Drinks - lincoln,,9/21/26 1:37 PM,9/21/26 1:44 PM,7 minutes and 27 seconds,Davide Christopher Paredi
IT Italian Trattoria Lincoln,Kokoe Avoumado,74,,Bar Station - lincoln,,9/21/26 1:37 PM,9/21/26 1:44 PM,7 minutes and 27 seconds,Davide Christopher Paredi
IT Italian Trattoria Lincoln,Kokoe Avoumado,74,,Pasta - lincoln,,9/21/26 1:37 PM,9/21/26 1:44 PM,7 minutes and 27 seconds,Davide Christopher Paredi
IT Italian Trattoria Lincoln,Manuel Belmonte,75,200,Pasta - lincoln,,9/21/26 1:37 PM,9/21/26 1:45 PM,8 minutes,Davide Christopher Paredi
IT Italian Trattoria Lincoln,Kokoe Avoumado,78,,Pasta - lincoln,,9/21/26 1:47 PM,9/21/26 1:50 PM,3 minutes and 5 seconds,Davide Christopher Paredi
IT Italian Trattoria Lincoln,Manuel Belmonte,80,10,Pasta - lincoln,,9/21/26 2:04 PM,9/21/26 2:12 PM,8 minutes and 14 seconds,Davide Christopher Paredi
IT Italian Trattoria Lincoln,Manuel Belmonte,80,10,Pasta - lincoln,,9/21/26 2:07 PM,9/21/26 2:12 PM,5 minutes and 44 seconds,Davide Christopher Paredi
IT Italian Trattoria Lincoln,Kokoe Avoumado,85,,Pasta - lincoln,,9/21/26 2:18 PM,9/21/26 2:19 PM,1 minute and 3 seconds,Davide Christopher Paredi
IT Italian Trattoria Lincoln,Kokoe Avoumado,86,,Pasta - lincoln,,9/21/26 2:31 PM,9/21/26 2:43 PM,11 minutes and 14 seconds,Davide Christopher Paredi
IT Italian Trattoria Lincoln,Kokoe Avoumado,88,,Pasta - lincoln,,9/21/26 2:42 PM,9/21/26 2:47 PM,4 minutes and 51 seconds,Davide Christopher Paredi
IT Italian Trattoria Lincoln,Kokoe Avoumado,88,,Drinks - lincoln,,9/21/26 2:42 PM,9/21/26 2:47 PM,4 minutes and 51 seconds,Davide Christopher Paredi
IT Italian Trattoria Lincoln,Kokoe Avoumado,88,,Bar Station - lincoln,,9/21/26 2:42 PM,9/21/26 2:47 PM,4 minutes and 51 seconds,Davide Christopher Paredi
IT Italian Trattoria Lincoln,Kokoe Avoumado,89,,Pasta - lincoln,,9/21/26 2:45 PM,9/21/26 2:52 PM,6 minutes and 22 seconds,Davide Christopher Paredi
IT Italian Trattoria Lincoln,Kokoe Avoumado,89,,Drinks - lincoln,,9/21/26 2:45 PM,9/21/26 2:52 PM,6 minutes and 22 seconds,Davide Christopher Paredi
IT Italian Trattoria Lincoln,Kokoe Avoumado,89,,Bar Station - lincoln,,9/21/26 2:45 PM,9/21/26 2:52 PM,6 minutes and 22 seconds,Davide Christopher Paredi
IT Italian Trattoria Lincoln,Kokoe Avoumado,94,,Pasta - lincoln,,9/21/26 3:03 PM,9/21/26 3:05 PM,2 minutes and 15 seconds,Davide Christopher Paredi
IT Italian Trattoria Lincoln,Kokoe Avoumado,96,,Pasta - lincoln,,9/21/26 3:12 PM,9/21/26 3:19 PM,7 minutes and 20 seconds,Davide Christopher Paredi
IT Italian Trattoria Lincoln,Kokoe Avoumado,100,,Pasta - lincoln,,9/21/26 3:42 PM,9/21/26 3:56 PM,14 minutes and 29 seconds,Davide Christopher Paredi
IT Italian Trattoria Lincoln,James Arcinegas,110,,Pasta - lincoln,,9/21/26 4:25 PM,9/21/26 4:38 PM,13 minutes and 38 seconds,Davide Christopher Paredi
IT Italian Trattoria Lincoln,Kokoe Avoumado,101,,Pasta - lincoln,,9/21/26 3:56 PM,9/21/26 4:52 PM,56 minutes and 17 seconds,Davide Christopher Paredi
IT Italian Trattoria Lincoln,James Arcinegas,107,,Pasta - lincoln,,9/21/26 4:10 PM,9/21/26 4:52 PM,42 minutes and 48 seconds,Davide Christopher Paredi
IT Italian Trattoria Lincoln,James Arcinegas,111,,Pasta - lincoln,,9/21/26 4:44 PM,9/21/26 4:54 PM,10 minutes and 1 second,Davide Christopher Paredi
IT Italian Trattoria Lincoln,Manuel Belmonte,115,,Pasta - lincoln,,9/21/26 5:07 PM,9/21/26 5:28 PM,20 minutes and 27 seconds,Davide Christopher Paredi
IT Italian Trattoria Lincoln,James Arcinegas,116,,Pasta - lincoln,,9/21/26 5:17 PM,9/21/26 5:28 PM,10 minutes and 36 seconds,Davide Christopher Paredi
IT Italian Trattoria Lincoln,Manuel Belmonte,119,,Pasta - lincoln,,9/21/26 5:35 PM,9/21/26 5:43 PM,7 minutes and 25 seconds,Davide Christopher Paredi
IT Italian Trattoria Lincoln,Manuel Belmonte,119,,Drinks - lincoln,,9/21/26 5:35 PM,9/21/26 5:43 PM,7 minutes and 25 seconds,Davide Christopher Paredi
IT Italian Trattoria Lincoln,Manuel Belmonte,119,,No Print / Expo - lincoln,,9/21/26 5:35 PM,9/21/26 5:43 PM,7 minutes and 25 seconds,Davide Christopher Paredi
IT Italian Trattoria Lincoln,Manuel Belmonte,119,,Pizza - lincoln,,9/21/26 5:35 PM,9/21/26 5:43 PM,7 minutes and 25 seconds,Davide Christopher Paredi
IT Italian Trattoria Lincoln,Manuel Belmonte,119,,Ensalada - lincoln,,9/21/26 5:35 PM,9/21/26 5:43 PM,7 minutes and 25 seconds,Davide Christopher Paredi
IT Italian Trattoria Lincoln,Manuel Belmonte,119,,online ordering - lincoln,,9/21/26 5:35 PM,9/21/26 5:43 PM,7 minutes and 25 seconds,Davide Christopher Paredi
IT Italian Trattoria Lincoln,Manuel Belmonte,119,,Bar Station - lincoln,,9/21/26 5:35 PM,9/21/26 5:43 PM,7 minutes and 25 seconds,Davide Christopher Paredi
IT Italian Trattoria Lincoln,Manuel Belmonte,136,203,Pasta - lincoln,,9/21/26 6:45 PM,9/21/26 6:52 PM,6 minutes and 57 seconds,Davide Christopher Paredi
IT Italian Trattoria Lincoln,James Arcinegas,138,,Pasta - lincoln,,9/21/26 6:51 PM,9/21/26 7:07 PM,15 minutes and 48 seconds,Davide Christopher Paredi
IT Italian Trattoria Lincoln,Manuel Belmonte,143,103,Drinks - lincoln,,9/21/26 7:36 PM,9/21/26 7:57 PM,21 minutes,Davide Christopher Paredi
IT Italian Trattoria Lincoln,Manuel Belmonte,143,103,Bar Station - lincoln,,9/21/26 7:36 PM,9/21/26 7:57 PM,21 minutes,Davide Christopher Paredi
IT Italian Trattoria Lincoln,Manuel Belmonte,143,103,Pasta - lincoln,,9/21/26 7:36 PM,9/21/26 7:57 PM,21 minutes,Davide Christopher Paredi
IT Italian Trattoria Lincoln,Manuel Belmonte,145,200,Pasta - lincoln,,9/21/26 7:37 PM,9/21/26 7:57 PM,20 minutes and 4 seconds,Davide Christopher Paredi
IT Italian Trattoria Lincoln,Manuel Belmonte,150,20,Pasta - lincoln,,9/21/26 7:51 PM,9/21/26 7:59 PM,8 minutes and 6 seconds,Davide Christopher Paredi
IT Italian Trattoria Lincoln,Manuel Belmonte,146,,Pasta - lincoln,,9/21/26 7:38 PM,9/21/26 8:14 PM,35 minutes and 49 seconds,Davide Christopher Paredi
IT Italian Trattoria Lincoln,Manuel Belmonte,150,20,Pasta - lincoln,,9/21/26 7:51 PM,9/21/26 8:14 PM,22 minutes and 42 seconds,Davide Christopher Paredi
IT Italian Trattoria Lincoln,Manuel Belmonte,149,2,Pasta - lincoln,,9/21/26 7:52 PM,9/21/26 8:21 PM,28 minutes and 24 seconds,Davide Christopher Paredi
IT Italian Trattoria Lincoln,James Arcinegas,148,204,Pasta - lincoln,,9/21/26 7:54 PM,9/21/26 8:21 PM,27 minutes and 16 seconds,Davide Christopher Paredi
IT Italian Trattoria Lincoln,James Arcinegas,148,204,Pasta - lincoln,,9/21/26 7:56 PM,9/21/26 8:28 PM,31 minutes and 38 seconds,Davide Christopher Paredi
IT Italian Trattoria Lincoln,Manuel Belmonte,143,103,Pasta - lincoln,,9/21/26 8:02 PM,9/21/26 8:28 PM,25 minutes and 53 seconds,Davide Christopher Paredi
IT Italian Trattoria Lincoln,Manuel Belmonte,153,23,Pasta - lincoln,,9/21/26 8:09 PM,9/21/26 8:36 PM,26 minutes and 21 seconds,Davide Christopher Paredi
IT Italian Trattoria Lincoln,Manuel Belmonte,155,9,Pasta - lincoln,,9/21/26 8:12 PM,9/21/26 8:36 PM,24 minutes and 7 seconds,Davide Christopher Paredi
IT Italian Trattoria Lincoln,Manuel Belmonte,154,1,Pasta - lincoln,,9/21/26 8:11 PM,9/21/26 8:37 PM,26 minutes and 29 seconds,Davide Christopher Paredi
IT Italian Trattoria Lincoln,Manuel Belmonte,157,3,Pasta - lincoln,,9/21/26 8:13 PM,9/21/26 8:37 PM,24 minutes and 42 seconds,Davide Christopher Paredi
IT Italian Trattoria Lincoln,Default Online Ordering,158,,Pasta - lincoln,,9/21/26 8:15 PM,9/21/26 8:43 PM,28 minutes and 27 seconds,Davide Christopher Paredi
IT Italian Trattoria Lincoln,Manuel Belmonte,146,,Pasta - lincoln,,9/21/26 8:26 PM,9/21/26 8:52 PM,26 minutes and 11 seconds,Davide Christopher Paredi
IT Italian Trattoria Lincoln,Manuel Belmonte,153,23,Pasta - lincoln,,9/21/26 8:45 PM,9/21/26 8:59 PM,13 minutes and 27 seconds,Davide Christopher Paredi
IT Italian Trattoria Lincoln,Manuel Belmonte,160,8,Pasta - lincoln,,9/21/26 8:50 PM,9/21/26 9:03 PM,12 minutes and 36 seconds,Davide Christopher Paredi
IT Italian Trattoria Lincoln,Manuel Belmonte,163,9,Pasta - lincoln,,9/21/26 9:22 PM,9/21/26 9:37 PM,15 minutes and 17 seconds,Davide Christopher Paredi
IT Italian Trattoria Lincoln,James Arcinegas,161,,Pasta - lincoln,,9/21/26 9:05 PM,9/21/26 9:37 PM,32 minutes and 22 seconds,Davide Christopher Paredi
IT Italian Trattoria Lincoln,James Arcinegas,164,,Pasta - lincoln,,9/21/26 9:29 PM,9/21/26 9:37 PM,8 minutes and 24 seconds,Davide Christopher Paredi
IT Italian Trattoria Lincoln,Default Online Ordering,167,,Pasta - lincoln,,9/21/26 9:45 PM,9/21/26 9:56 PM,11 minutes and 26 seconds,Davide Christopher Paredi
IT Italian Trattoria Lincoln,Kokoe Avoumado,2,,Pasta - lincoln,,9/22/26 8:23 AM,9/22/26 8:31 AM,7 minutes and 57 seconds,Manuel Belmonte
IT Italian Trattoria Lincoln,Kokoe Avoumado,2,,Bar Station - lincoln,,9/22/26 8:23 AM,9/22/26 8:31 AM,7 minutes and 57 seconds,Manuel Belmonte
IT Italian Trattoria Lincoln,Kokoe Avoumado,2,,Drinks - lincoln,,9/22/26 8:23 AM,9/22/26 8:31 AM,7 minutes and 57 seconds,Manuel Belmonte
IT Italian Trattoria Lincoln,Kokoe Avoumado,3,,Pasta - lincoln,,9/22/26 8:29 AM,9/22/26 8:31 AM,2 minutes and 34 seconds,Manuel Belmonte
IT Italian Trattoria Lincoln,Kokoe Avoumado,3,,Bar Station - lincoln,,9/22/26 8:29 AM,9/22/26 8:31 AM,2 minutes and 34 seconds,Manuel Belmonte
IT Italian Trattoria Lincoln,Kokoe Avoumado,3,,Drinks - lincoln,,9/22/26 8:29 AM,9/22/26 8:31 AM,2 minutes and 34 seconds,Manuel Belmonte
IT Italian Trattoria Lincoln,Kokoe Avoumado,12,,Pasta - lincoln,,9/22/26 9:03 AM,9/22/26 9:14 AM,11 minutes and 17 seconds,Manuel Belmonte
IT Italian Trattoria Lincoln,Kokoe Avoumado,12,,Bar Station - lincoln,,9/22/26 9:03 AM,9/22/26 9:14 AM,11 minutes and 17 seconds,Manuel Belmonte
IT Italian Trattoria Lincoln,Kokoe Avoumado,12,,Drinks - lincoln,,9/22/26 9:03 AM,9/22/26 9:14 AM,11 minutes and 17 seconds,Manuel Belmonte
IT Italian Trattoria Lincoln,nazarena moreno,20,,Pasta - lincoln,,9/22/26 9:29 AM,9/22/26 9:29 AM,6 seconds,Manuel Belmonte
IT Italian Trattoria Lincoln,nazarena moreno,20,,Bar Station - lincoln,,9/22/26 9:29 AM,9/22/26 9:29 AM,6 seconds,Manuel Belmonte
IT Italian Trattoria Lincoln,nazarena moreno,20,,Drinks - lincoln,,9/22/26 9:29 AM,9/22/26 9:29 AM,6 seconds,Manuel Belmonte
IT Italian Trattoria Lincoln,nazarena moreno,19,5,Pasta - lincoln,,9/22/26 9:31 AM,9/22/26 9:37 AM,6 minutes and 24 seconds,Manuel Belmonte
IT Italian Trattoria Lincoln,nazarena moreno,19,5,Bar Station - lincoln,,9/22/26 9:31 AM,9/22/26 9:37 AM,6 minutes and 24 seconds,Manuel Belmonte
IT Italian Trattoria Lincoln,nazarena moreno,19,5,Drinks - lincoln,,9/22/26 9:31 AM,9/22/26 9:37 AM,6 minutes and 24 seconds,Manuel Belmonte
IT Italian Trattoria Lincoln,nazarena moreno,25,,Pasta - lincoln,,9/22/26 9:40 AM,9/22/26 9:44 AM,3 minutes and 45 seconds,Manuel Belmonte
IT Italian Trattoria Lincoln,nazarena moreno,25,,Bar Station - lincoln,,9/22/26 9:40 AM,9/22/26 9:44 AM,3 minutes and 45 seconds,Manuel Belmonte
IT Italian Trattoria Lincoln,nazarena moreno,25,,Drinks - lincoln,,9/22/26 9:40 AM,9/22/26 9:44 AM,3 minutes and 45 seconds,Manuel Belmonte
IT Italian Trattoria Lincoln,nazarena moreno,29,,Pasta - lincoln,,9/22/26 10:09 AM,9/22/26 10:10 AM,28 seconds,Davide Christopher Paredi
IT Italian Trattoria Lincoln,nazarena moreno,29,,Bar Station - lincoln,,9/22/26 10:09 AM,9/22/26 10:10 AM,28 seconds,Davide Christopher Paredi
IT Italian Trattoria Lincoln,nazarena moreno,29,,Drinks - lincoln,,9/22/26 10:09 AM,9/22/26 10:10 AM,28 seconds,Davide Christopher Paredi
IT Italian Trattoria Lincoln,nazarena moreno,26,,Pasta - lincoln,,9/22/26 10:03 AM,9/22/26 10:10 AM,6 minutes and 37 seconds,Davide Christopher Paredi
IT Italian Trattoria Lincoln,nazarena moreno,26,,Bar Station - lincoln,,9/22/26 10:03 AM,9/22/26 10:10 AM,6 minutes and 37 seconds,Davide Christopher Paredi
IT Italian Trattoria Lincoln,nazarena moreno,26,,Drinks - lincoln,,9/22/26 10:03 AM,9/22/26 10:10 AM,6 minutes and 37 seconds,Davide Christopher Paredi
IT Italian Trattoria Lincoln,Kokoe Avoumado,33,,Pasta - lincoln,,9/22/26 10:20 AM,9/22/26 10:21 AM,1 minute and 7 seconds,Davide Christopher Paredi
IT Italian Trattoria Lincoln,Kokoe Avoumado,33,,Bar Station - lincoln,,9/22/26 10:20 AM,9/22/26 10:21 AM,1 minute and 7 seconds,Davide Christopher Paredi
IT Italian Trattoria Lincoln,Kokoe Avoumado,33,,Drinks - lincoln,,9/22/26 10:20 AM,9/22/26 10:21 AM,1 minute and 7 seconds,Davide Christopher Paredi
IT Italian Trattoria Lincoln,nazarena moreno,35,6,Pasta - lincoln,,9/22/26 10:22 AM,9/22/26 10:26 AM,4 minutes and 27 seconds,Davide Christopher Paredi
IT Italian Trattoria Lincoln,nazarena moreno,35,6,Bar Station - lincoln,,9/22/26 10:22 AM,9/22/26 10:26 AM,4 minutes and 27 seconds,Davide Christopher Paredi
IT Italian Trattoria Lincoln,nazarena moreno,35,6,Drinks - lincoln,,9/22/26 10:22 AM,9/22/26 10:26 AM,4 minutes and 27 seconds,Davide Christopher Paredi
IT Italian Trattoria Lincoln,nazarena moreno,36,23,Pasta - lincoln,,9/22/26 10:39 AM,9/22/26 10:43 AM,3 minutes and 45 seconds,Davide Christopher Paredi
IT Italian Trattoria Lincoln,nazarena moreno,36,23,Bar Station - lincoln,,9/22/26 10:39 AM,9/22/26 10:43 AM,3 minutes and 45 seconds,Davide Christopher Paredi
IT Italian Trattoria Lincoln,nazarena moreno,36,23,Drinks - lincoln,,9/22/26 10:39 AM,9/22/26 10:43 AM,3 minutes and 45 seconds,Davide Christopher Paredi
IT Italian Trattoria Lincoln,nazarena moreno,44,,Pasta - lincoln,,9/22/26 11:38 AM,9/22/26 11:41 AM,3 minutes and 15 seconds,Davide Christopher Paredi
IT Italian Trattoria Lincoln,nazarena moreno,48,,Pasta - lincoln,,9/22/26 11:42 AM,9/22/26 11:52 AM,9 minutes and 16 seconds,Davide Christopher Paredi
IT Italian Trattoria Lincoln,nazarena moreno,46,,Pasta - lincoln,,9/22/26 11:42 AM,9/22/26 11:52 AM,9 minutes and 8 seconds,Davide Christopher Paredi
IT Italian Trattoria Lincoln,Kokoe Avoumado,47,206,Pasta - lincoln,,9/22/26 11:44 AM,9/22/26 11:52 AM,7 minutes and 17 seconds,Davide Christopher Paredi
IT Italian Trattoria Lincoln,Kokoe Avoumado,47,206,Bar Station - lincoln,,9/22/26 11:44 AM,9/22/26 11:52 AM,7 minutes and 17 seconds,Davide Christopher Paredi
IT Italian Trattoria Lincoln,Kokoe Avoumado,47,206,Drinks - lincoln,,9/22/26 11:44 AM,9/22/26 11:52 AM,7 minutes and 17 seconds,Davide Christopher Paredi
IT Italian Trattoria Lincoln,nazarena moreno,49,100,Pasta - lincoln,,9/22/26 11:54 AM,9/22/26 11:55 AM,1 minute and 20 seconds,Davide Christopher Paredi
IT Italian Trattoria Lincoln,nazarena moreno,51,23,Pasta - lincoln,,9/22/26 11:57 AM,9/22/26 11:59 AM,2 minutes and 23 seconds,Davide Christopher Paredi
IT Italian Trattoria Lincoln,nazarena moreno,51,23,Bar Station - lincoln,,9/22/26 11:57 AM,9/22/26 11:59 AM,2 minutes and 23 seconds,Davide Christopher Paredi
IT Italian Trattoria Lincoln,nazarena moreno,51,23,Drinks - lincoln,,9/22/26 11:57 AM,9/22/26 11:59 AM,2 minutes and 23 seconds,Davide Christopher Paredi
IT Italian Trattoria Lincoln,Kokoe Avoumado,50,,Pasta - lincoln,,9/22/26 11:58 AM,9/22/26 12:04 PM,6 minutes and 10 seconds,Davide Christopher Paredi
IT Italian Trattoria Lincoln,Kokoe Avoumado,50,,Bar Station - lincoln,,9/22/26 11:58 AM,9/22/26 12:04 PM,6 minutes and 10 seconds,Davide Christopher Paredi
IT Italian Trattoria Lincoln,Kokoe Avoumado,50,,Drinks - lincoln,,9/22/26 11:58 AM,9/22/26 12:04 PM,6 minutes and 10 seconds,Davide Christopher Paredi
IT Italian Trattoria Lincoln,nazarena moreno,49,100,Pasta - lincoln,,9/22/26 12:01 PM,9/22/26 12:04 PM,3 minutes and 5 seconds,Davide Christopher Paredi
IT Italian Trattoria Lincoln,nazarena moreno,59,100,Pasta - lincoln,,9/22/26 12:30 PM,9/22/26 12:30 PM,26 seconds,Davide Christopher Paredi
IT Italian Trattoria Lincoln,nazarena moreno,59,100,Bar Station - lincoln,,9/22/26 12:30 PM,9/22/26 12:30 PM,26 seconds,Davide Christopher Paredi
IT Italian Trattoria Lincoln,nazarena moreno,59,100,Drinks - lincoln,,9/22/26 12:30 PM,9/22/26 12:30 PM,26 seconds,Davide Christopher Paredi
IT Italian Trattoria Lincoln,nazarena moreno,61,22,Pasta - lincoln,,9/22/26 12:39 PM,9/22/26 12:47 PM,7 minutes and 43 seconds,Davide Christopher Paredi
IT Italian Trattoria Lincoln,nazarena moreno,63,211,Pasta - lincoln,,9/22/26 12:44 PM,9/22/26 12:54 PM,9 minutes and 47 seconds,Davide Christopher Paredi
IT Italian Trattoria Lincoln,nazarena moreno,66,2,Pasta - lincoln,,9/22/26 12:46 PM,9/22/26 12:55 PM,8 minutes and 31 seconds,Davide Christopher Paredi
IT Italian Trattoria Lincoln,nazarena moreno,67,,Pasta - lincoln,,9/22/26 12:53 PM,9/22/26 1:00 PM,6 minutes and 59 seconds,Davide Christopher Paredi
IT Italian Trattoria Lincoln,Kokoe Avoumado,68,,Pasta - lincoln,,9/22/26 12:58 PM,9/22/26 1:05 PM,7 minutes and 7 seconds,Davide Christopher Paredi
IT Italian Trattoria Lincoln,Kokoe Avoumado,68,,Bar Station - lincoln,,9/22/26 12:58 PM,9/22/26 1:05 PM,7 minutes and 7 seconds,Davide Christopher Paredi
IT Italian Trattoria Lincoln,Kokoe Avoumado,68,,Drinks - lincoln,,9/22/26 12:58 PM,9/22/26 1:05 PM,7 minutes and 7 seconds,Davide Christopher Paredi
IT Italian Trattoria Lincoln,Kokoe Avoumado,69,,Pasta - lincoln,,9/22/26 1:00 PM,9/22/26 1:12 PM,12 minutes and 29 seconds,Davide Christopher Paredi
IT Italian Trattoria Lincoln,Kokoe Avoumado,69,,Bar Station - lincoln,,9/22/26 1:00 PM,9/22/26 1:12 PM,12 minutes and 29 seconds,Davide Christopher Paredi
IT Italian Trattoria Lincoln,Kokoe Avoumado,69,,Drinks - lincoln,,9/22/26 1:00 PM,9/22/26 1:12 PM,12 minutes and 29 seconds,Davide Christopher Paredi
IT Italian Trattoria Lincoln,Kokoe Avoumado,70,,Pasta - lincoln,,9/22/26 1:03 PM,9/22/26 1:14 PM,11 minutes and 3 seconds,Davide Christopher Paredi
IT Italian Trattoria Lincoln,Kokoe Avoumado,71,,Pasta - lincoln,,9/22/26 1:14 PM,9/22/26 1:20 PM,5 minutes and 21 seconds,Davide Christopher Paredi
IT Italian Trattoria Lincoln,Kokoe Avoumado,71,,Drinks - lincoln,,9/22/26 1:14 PM,9/22/26 1:20 PM,5 minutes and 21 seconds,Davide Christopher Paredi
IT Italian Trattoria Lincoln,Kokoe Avoumado,71,,No Print / Expo - lincoln,,9/22/26 1:14 PM,9/22/26 1:20 PM,5 minutes and 21 seconds,Davide Christopher Paredi
IT Italian Trattoria Lincoln,Kokoe Avoumado,71,,Pizza - lincoln,,9/22/26 1:14 PM,9/22/26 1:20 PM,5 minutes and 21 seconds,Davide Christopher Paredi
IT Italian Trattoria Lincoln,Kokoe Avoumado,71,,Ensalada - lincoln,,9/22/26 1:14 PM,9/22/26 1:20 PM,5 minutes and 21 seconds,Davide Christopher Paredi
IT Italian Trattoria Lincoln,Kokoe Avoumado,71,,online ordering - lincoln,,9/22/26 1:14 PM,9/22/26 1:20 PM,5 minutes and 21 seconds,Davide Christopher Paredi
IT Italian Trattoria Lincoln,Kokoe Avoumado,71,,Bar Station - lincoln,,9/22/26 1:14 PM,9/22/26 1:20 PM,5 minutes and 21 seconds,Davide Christopher Paredi
IT Italian Trattoria Lincoln,Kokoe Avoumado,75,,Pasta - lincoln,,9/22/26 1:19 PM,9/22/26 1:28 PM,8 minutes and 9 seconds,Davide Christopher Paredi
IT Italian Trattoria Lincoln,Kokoe Avoumado,76,,Pasta - lincoln,,9/22/26 1:21 PM,9/22/26 1:31 PM,10 minutes and 1 second,Davide Christopher Paredi
IT Italian Trattoria Lincoln,Kokoe Avoumado,78,,Pasta - lincoln,,9/22/26 1:36 PM,9/22/26 1:38 PM,2 minutes and 15 seconds,Davide Christopher Paredi
IT Italian Trattoria Lincoln,nazarena moreno,79,300,Pasta - lincoln,,9/22/26 1:37 PM,9/22/26 1:48 PM,11 minutes and 11 seconds,Davide Christopher Paredi
IT Italian Trattoria Lincoln,nazarena moreno,79,300,Bar Station - lincoln,,9/22/26 1:37 PM,9/22/26 1:48 PM,11 minutes and 11 seconds,Davide Christopher Paredi
IT Italian Trattoria Lincoln,nazarena moreno,79,300,Drinks - lincoln,,9/22/26 1:37 PM,9/22/26 1:48 PM,11 minutes and 11 seconds,Davide Christopher Paredi
IT Italian Trattoria Lincoln,nazarena moreno,82,30,Pasta - lincoln,,9/22/26 2:22 PM,9/22/26 2:30 PM,7 minutes and 55 seconds,Davide Christopher Paredi
IT Italian Trattoria Lincoln,nazarena moreno,82,30,Pasta - lincoln,,9/22/26 2:46 PM,9/22/26 2:53 PM,7 minutes and 12 seconds,Davide Christopher Paredi
IT Italian Trattoria Lincoln,Kokoe Avoumado,87,,Pasta - lincoln,,9/22/26 2:54 PM,9/22/26 3:02 PM,8 minutes and 5 seconds,Davide Christopher Paredi
IT Italian Trattoria Lincoln,James Arcinegas,90,102,Pasta - lincoln,,9/22/26 3:23 PM,9/22/26 3:25 PM,1 minute and 50 seconds,Davide Christopher Paredi
IT Italian Trattoria Lincoln,James Arcinegas,90,102,Bar Station - lincoln,,9/22/26 3:23 PM,9/22/26 3:25 PM,1 minute and 50 seconds,Davide Christopher Paredi
IT Italian Trattoria Lincoln,James Arcinegas,90,102,Drinks - lincoln,,9/22/26 3:23 PM,9/22/26 3:25 PM,1 minute and 50 seconds,Davide Christopher Paredi
IT Italian Trattoria Lincoln,James Arcinegas,91,,Pasta - lincoln,,9/22/26 3:25 PM,9/22/26 3:25 PM,34 seconds,Davide Christopher Paredi
IT Italian Trattoria Lincoln,James Arcinegas,103,,Pasta - lincoln,,9/22/26 4:31 PM,9/22/26 4:32 PM,28 seconds,Manuel Belmonte
IT Italian Trattoria Lincoln,James Arcinegas,101,102,Pasta - lincoln,,9/22/26 4:28 PM,9/22/26 4:36 PM,7 minutes and 44 seconds,Manuel Belmonte
IT Italian Trattoria Lincoln,James Arcinegas,101,102,Bar Station - lincoln,,9/22/26 4:28 PM,9/22/26 4:36 PM,7 minutes and 44 seconds,Manuel Belmonte
IT Italian Trattoria Lincoln,James Arcinegas,101,102,Drinks - lincoln,,9/22/26 4:28 PM,9/22/26 4:36 PM,7 minutes and 44 seconds,Manuel Belmonte
IT Italian Trattoria Lincoln,James Arcinegas,102,103,Pasta - lincoln,,9/22/26 4:29 PM,9/22/26 4:37 PM,7 minutes and 45 seconds,Manuel Belmonte
IT Italian Trattoria Lincoln,James Arcinegas,105,210,Pasta - lincoln,,9/22/26 4:39 PM,9/22/26 4:39 PM,12 seconds,Manuel Belmonte
IT Italian Trattoria Lincoln,James Arcinegas,105,210,Bar Station - lincoln,,9/22/26 4:39 PM,9/22/26 4:39 PM,12 seconds,Manuel Belmonte
IT Italian Trattoria Lincoln,James Arcinegas,105,210,Drinks - lincoln,,9/22/26 4:39 PM,9/22/26 4:39 PM,12 seconds,Manuel Belmonte
IT Italian Trattoria Lincoln,James Arcinegas,108,,Pasta - lincoln,,9/22/26 5:12 PM,9/22/26 5:16 PM,3 minutes and 51 seconds,Manuel Belmonte
IT Italian Trattoria Lincoln,James Arcinegas,109,,Pasta - lincoln,,9/22/26 5:21 PM,9/22/26 5:22 PM,1 minute and 35 seconds,Manuel Belmonte
IT Italian Trattoria Lincoln,James Arcinegas,110,,Pasta - lincoln,,9/22/26 5:28 PM,9/22/26 5:29 PM,1 minute and 9 seconds,Manuel Belmonte
IT Italian Trattoria Lincoln,James Arcinegas,113,,Pasta - lincoln,,9/22/26 5:58 PM,9/22/26 5:58 PM,30 seconds,Manuel Belmonte
IT Italian Trattoria Lincoln,James Arcinegas,114,,Pasta - lincoln,,9/22/26 6:09 PM,9/22/26 6:16 PM,7 minutes and 32 seconds,Manuel Belmonte
IT Italian Trattoria Lincoln,nevrije dosku,117,10,Pasta - lincoln,,9/22/26 6:29 PM,9/22/26 6:39 PM,10 minutes and 35 seconds,Manuel Belmonte
IT Italian Trattoria Lincoln,nevrije dosku,117,10,Drinks - lincoln,,9/22/26 6:29 PM,9/22/26 6:39 PM,10 minutes and 35 seconds,Manuel Belmonte
IT Italian Trattoria Lincoln,nevrije dosku,117,10,No Print / Expo - lincoln,,9/22/26 6:29 PM,9/22/26 6:39 PM,10 minutes and 35 seconds,Manuel Belmonte
IT Italian Trattoria Lincoln,nevrije dosku,117,10,Pizza - lincoln,,9/22/26 6:29 PM,9/22/26 6:39 PM,10 minutes and 35 seconds,Manuel Belmonte
IT Italian Trattoria Lincoln,nevrije dosku,117,10,Ensalada - lincoln,,9/22/26 6:29 PM,9/22/26 6:39 PM,10 minutes and 35 seconds,Manuel Belmonte
IT Italian Trattoria Lincoln,nevrije dosku,117,10,online ordering - lincoln,,9/22/26 6:29 PM,9/22/26 6:39 PM,10 minutes and 35 seconds,Manuel Belmonte
IT Italian Trattoria Lincoln,nevrije dosku,117,10,Bar Station - lincoln,,9/22/26 6:29 PM,9/22/26 6:39 PM,10 minutes and 35 seconds,Manuel Belmonte
IT Italian Trattoria Lincoln,James Arcinegas,124,,Pasta - lincoln,,9/22/26 7:08 PM,9/22/26 7:19 PM,10 minutes and 20 seconds,Manuel Belmonte
IT Italian Trattoria Lincoln,nevrije dosku,125,30,Pasta - lincoln,,9/22/26 7:09 PM,9/22/26 7:20 PM,10 minutes and 33 seconds,Manuel Belmonte
IT Italian Trattoria Lincoln,nevrije dosku,115,33,Pasta - lincoln,,9/22/26 7:20 PM,9/22/26 7:34 PM,13 minutes and 41 seconds,Manuel Belmonte
IT Italian Trattoria Lincoln,nevrije dosku,115,33,Pasta - lincoln,,9/22/26 7:49 PM,9/22/26 8:02 PM,12 minutes and 55 seconds,Manuel Belmonte
IT Italian Trattoria Lincoln,nevrije dosku,115,33,Bar Station - lincoln,,9/22/26 7:49 PM,9/22/26 8:02 PM,12 minutes and 55 seconds,Manuel Belmonte
IT Italian Trattoria Lincoln,nevrije dosku,115,33,Drinks - lincoln,,9/22/26 7:49 PM,9/22/26 8:02 PM,12 minutes and 55 seconds,Manuel Belmonte
IT Italian Trattoria Lincoln,nevrije dosku,115,33,Pasta - lincoln,,9/22/26 8:03 PM,9/22/26 8:03 PM,12 seconds,Manuel Belmonte
IT Italian Trattoria Lincoln,nevrije dosku,115,33,Bar Station - lincoln,,9/22/26 8:03 PM,9/22/26 8:03 PM,12 seconds,Manuel Belmonte
IT Italian Trattoria Lincoln,nevrije dosku,115,33,Drinks - lincoln,,9/22/26 8:03 PM,9/22/26 8:03 PM,12 seconds,Manuel Belmonte
IT Italian Trattoria Lincoln,James Arcinegas,127,,Pasta - lincoln,,9/22/26 8:00 PM,9/22/26 8:10 PM,10 minutes and 24 seconds,Manuel Belmonte
IT Italian Trattoria Lincoln,nevrije dosku,130,,Pasta - lincoln,,9/22/26 8:36 PM,9/22/26 8:43 PM,7 minutes and 26 seconds,Manuel Belmonte
IT Italian Trattoria Lincoln,nevrije dosku,131,7,Pasta - lincoln,,9/22/26 8:37 PM,9/22/26 8:48 PM,10 minutes and 18 seconds,Manuel Belmonte
IT Italian Trattoria Lincoln,nevrije dosku,132,21,Pasta - lincoln,,9/22/26 8:41 PM,9/22/26 8:51 PM,9 minutes and 18 seconds,Manuel Belmonte
IT Italian Trattoria Lincoln,James Arcinegas,138,,Pasta - lincoln,,9/22/26 10:11 PM,9/22/26 10:11 PM,8 seconds,Manuel Belmonte
IT Italian Trattoria Lincoln,Default Online Ordering,140,,Pasta - lincoln,,9/22/26 10:17 PM,9/22/26 10:27 PM,9 minutes and 17 seconds,Manuel Belmonte
IT Italian Trattoria Lincoln,nevrije dosku,1,209,Pasta - lincoln,,9/23/26 8:09 AM,9/23/26 8:19 AM,9 minutes and 38 seconds,Manuel Belmonte
IT Italian Trattoria Lincoln,nevrije dosku,1,209,Bar Station - lincoln,,9/23/26 8:09 AM,9/23/26 8:19 AM,9 minutes and 38 seconds,Manuel Belmonte
IT Italian Trattoria Lincoln,nevrije dosku,1,209,Drinks - lincoln,,9/23/26 8:09 AM,9/23/26 8:19 AM,9 minutes and 38 seconds,Manuel Belmonte
IT Italian Trattoria Lincoln,nazarena moreno,10,,Pasta - lincoln,,9/23/26 9:28 AM,9/23/26 9:35 AM,6 minutes and 15 seconds,Manuel Belmonte
IT Italian Trattoria Lincoln,nazarena moreno,10,,Bar Station - lincoln,,9/23/26 9:28 AM,9/23/26 9:35 AM,6 minutes and 15 seconds,Manuel Belmonte
IT Italian Trattoria Lincoln,nazarena moreno,10,,Drinks - lincoln,,9/23/26 9:28 AM,9/23/26 9:35 AM,6 minutes and 15 seconds,Manuel Belmonte
IT Italian Trattoria Lincoln,nevrije dosku,16,,Pasta - lincoln,,9/23/26 10:30 AM,9/23/26 10:35 AM,5 minutes and 24 seconds,Manuel Belmonte
IT Italian Trattoria Lincoln,nevrije dosku,16,,Bar Station - lincoln,,9/23/26 10:30 AM,9/23/26 10:35 AM,5 minutes and 24 seconds,Manuel Belmonte
IT Italian Trattoria Lincoln,nevrije dosku,16,,Drinks - lincoln,,9/23/26 10:30 AM,9/23/26 10:35 AM,5 minutes and 24 seconds,Manuel Belmonte
IT Italian Trattoria Lincoln,nazarena moreno,18,,Pasta - lincoln,,9/23/26 10:56 AM,9/23/26 10:57 AM,44 seconds,Manuel Belmonte
IT Italian Trattoria Lincoln,nazarena moreno,20,,Pasta - lincoln,,9/23/26 10:48 AM,9/23/26 10:57 AM,8 minutes and 58 seconds,Manuel Belmonte
IT Italian Trattoria Lincoln,nazarena moreno,22,,Pasta - lincoln,,9/23/26 11:04 AM,9/23/26 11:14 AM,9 minutes and 42 seconds,Manuel Belmonte
IT Italian Trattoria Lincoln,nazarena moreno,22,,Bar Station - lincoln,,9/23/26 11:04 AM,9/23/26 11:14 AM,9 minutes and 42 seconds,Manuel Belmonte
IT Italian Trattoria Lincoln,nazarena moreno,22,,Drinks - lincoln,,9/23/26 11:04 AM,9/23/26 11:14 AM,9 minutes and 42 seconds,Manuel Belmonte
IT Italian Trattoria Lincoln,,24,,Pasta - lincoln,,9/23/26 11:11 AM,9/23/26 11:18 AM,6 minutes and 59 seconds,Manuel Belmonte
IT Italian Trattoria Lincoln,nazarena moreno,30,,Pasta - lincoln,,9/23/26 11:44 AM,9/23/26 11:54 AM,9 minutes and 38 seconds,Manuel Belmonte
IT Italian Trattoria Lincoln,nevrije dosku,37,100,Pasta - lincoln,,9/23/26 12:23 PM,9/23/26 12:31 PM,8 minutes and 24 seconds,Manuel Belmonte
IT Italian Trattoria Lincoln,nevrije dosku,38,202,Pasta - lincoln,,9/23/26 12:29 PM,9/23/26 12:33 PM,4 minutes,Manuel Belmonte
IT Italian Trattoria Lincoln,nevrije dosku,38,202,Pasta - lincoln,,9/23/26 12:30 PM,9/23/26 12:37 PM,7 minutes and 5 seconds,Manuel Belmonte
IT Italian Trattoria Lincoln,nevrije dosku,38,202,Drinks - lincoln,,9/23/26 12:44 PM,9/23/26 12:53 PM,8 minutes and 33 seconds,Manuel Belmonte
IT Italian Trattoria Lincoln,nevrije dosku,38,202,No Print / Expo - lincoln,,9/23/26 12:44 PM,9/23/26 12:53 PM,8 minutes and 33 seconds,Manuel Belmonte
IT Italian Trattoria Lincoln,nevrije dosku,38,202,Pasta - lincoln,,9/23/26 12:44 PM,9/23/26 12:53 PM,8 minutes and 33 seconds,Manuel Belmonte
IT Italian Trattoria Lincoln,nevrije dosku,38,202,Pizza - lincoln,,9/23/26 12:44 PM,9/23/26 12:53 PM,8 minutes and 33 seconds,Manuel Belmonte
IT Italian Trattoria Lincoln,nevrije dosku,38,202,Ensalada - lincoln,,9/23/26 12:44 PM,9/23/26 12:53 PM,8 minutes and 33 seconds,Manuel Belmonte
IT Italian Trattoria Lincoln,nevrije dosku,38,202,online ordering - lincoln,,9/23/26 12:44 PM,9/23/26 12:53 PM,8 minutes and 33 seconds,Manuel Belmonte
IT Italian Trattoria Lincoln,nevrije dosku,38,202,Bar Station - lincoln,,9/23/26 12:44 PM,9/23/26 12:53 PM,8 minutes and 33 seconds,Manuel Belmonte
IT Italian Trattoria Lincoln,nevrije dosku,38,202,Pasta - lincoln,,9/23/26 12:57 PM,9/23/26 12:58 PM,1 minute and 2 seconds,Manuel Belmonte
IT Italian Trattoria Lincoln,nevrije dosku,38,202,Pasta - lincoln,,9/23/26 12:57 PM,9/23/26 12:58 PM,54 seconds,Manuel Belmonte
IT Italian Trattoria Lincoln,nevrije dosku,41,211,Pasta - lincoln,,9/23/26 12:50 PM,9/23/26 1:01 PM,11 minutes and 11 seconds,Manuel Belmonte
IT Italian Trattoria Lincoln,nevrije dosku,38,202,Pasta - lincoln,,9/23/26 1:01 PM,9/23/26 1:01 PM,42 seconds,Manuel Belmonte
IT Italian Trattoria Lincoln,nazarena moreno,52,,Pasta - lincoln,,9/23/26 1:46 PM,9/23/26 1:49 PM,2 minutes and 59 seconds,Manuel Belmonte
IT Italian Trattoria Lincoln,nazarena moreno,51,,Pasta - lincoln,,9/23/26 1:44 PM,9/23/26 1:52 PM,7 minutes and 58 seconds,Manuel Belmonte
IT Italian Trattoria Lincoln,nazarena moreno,50,,Pasta - lincoln,,9/23/26 1:45 PM,9/23/26 1:54 PM,9 minutes and 25 seconds,Manuel Belmonte
IT Italian Trattoria Lincoln,nazarena moreno,57,,Pasta - lincoln,,9/23/26 2:05 PM,9/23/26 2:11 PM,5 minutes and 36 seconds,Manuel Belmonte
IT Italian Trattoria Lincoln,nazarena moreno,57,,Bar Station - lincoln,,9/23/26 2:05 PM,9/23/26 2:11 PM,5 minutes and 36 seconds,Manuel Belmonte
IT Italian Trattoria Lincoln,nazarena moreno,57,,Drinks - lincoln,,9/23/26 2:05 PM,9/23/26 2:11 PM,5 minutes and 36 seconds,Manuel Belmonte
IT Italian Trattoria Lincoln,nevrije dosku,59,20,Pasta - lincoln,,9/23/26 2:10 PM,9/23/26 2:23 PM,13 minutes and 3 seconds,Manuel Belmonte
IT Italian Trattoria Lincoln,nevrije dosku,61,10,Pasta - lincoln,,9/23/26 2:11 PM,9/23/26 2:27 PM,16 minutes and 38 seconds,Manuel Belmonte
IT Italian Trattoria Lincoln,nevrije dosku,62,9,Pasta - lincoln,,9/23/26 2:12 PM,9/23/26 2:28 PM,16 minutes and 37 seconds,Manuel Belmonte
IT Italian Trattoria Lincoln,nazarena moreno,60,,Pasta - lincoln,,9/23/26 2:29 PM,9/23/26 2:41 PM,11 minutes and 41 seconds,Manuel Belmonte
IT Italian Trattoria Lincoln,nazarena moreno,64,,Pasta - lincoln,,9/23/26 2:34 PM,9/23/26 2:42 PM,7 minutes and 48 seconds,Manuel Belmonte
IT Italian Trattoria Lincoln,nevrije dosku,65,8,Pasta - lincoln,,9/23/26 2:34 PM,9/23/26 2:43 PM,8 minutes and 54 seconds,Manuel Belmonte
IT Italian Trattoria Lincoln,Manuel Belmonte,69,,Pasta - lincoln,,9/23/26 2:50 PM,9/23/26 2:51 PM,54 seconds,Manuel Belmonte
IT Italian Trattoria Lincoln,nazarena moreno,72,204,Pasta - lincoln,,9/23/26 3:02 PM,9/23/26 3:10 PM,8 minutes and 9 seconds,Manuel Belmonte
IT Italian Trattoria Lincoln,nazarena moreno,71,211,Pasta - lincoln,,9/23/26 3:05 PM,9/23/26 3:10 PM,4 minutes and 53 seconds,Manuel Belmonte
IT Italian Trattoria Lincoln,nazarena moreno,71,211,Bar Station - lincoln,,9/23/26 3:05 PM,9/23/26 3:10 PM,4 minutes and 53 seconds,Manuel Belmonte
IT Italian Trattoria Lincoln,nazarena moreno,71,211,Drinks - lincoln,,9/23/26 3:05 PM,9/23/26 3:10 PM,4 minutes and 53 seconds,Manuel Belmonte
IT Italian Trattoria Lincoln,nazarena moreno,71,211,Pasta - lincoln,,9/23/26 3:10 PM,9/23/26 3:16 PM,6 minutes and 49 seconds,Manuel Belmonte
IT Italian Trattoria Lincoln,nazarena moreno,77,208,Pasta - lincoln,,9/23/26 3:37 PM,9/23/26 3:43 PM,6 minutes and 15 seconds,Manuel Belmonte
IT Italian Trattoria Lincoln,nazarena moreno,76,2,Pasta - lincoln,,9/23/26 3:35 PM,9/23/26 3:43 PM,7 minutes and 46 seconds,Manuel Belmonte
IT Italian Trattoria Lincoln,nazarena moreno,78,108,Pasta - lincoln,,9/23/26 3:56 PM,9/23/26 3:59 PM,2 minutes and 3 seconds,Manuel Belmonte
IT Italian Trattoria Lincoln,nazarena moreno,78,108,Bar Station - lincoln,,9/23/26 3:56 PM,9/23/26 3:59 PM,2 minutes and 3 seconds,Manuel Belmonte
IT Italian Trattoria Lincoln,nazarena moreno,78,108,Drinks - lincoln,,9/23/26 3:56 PM,9/23/26 3:59 PM,2 minutes and 3 seconds,Manuel Belmonte
IT Italian Trattoria Lincoln,nazarena moreno,76,2,Pasta - lincoln,,9/23/26 4:03 PM,9/23/26 4:04 PM,1 minute and 8 seconds,Manuel Belmonte
IT Italian Trattoria Lincoln,nazarena moreno,79,5,Pasta - lincoln,,9/23/26 4:09 PM,9/23/26 4:11 PM,1 minute and 5 seconds,Manuel Belmonte
IT Italian Trattoria Lincoln,nazarena moreno,79,5,Bar Station - lincoln,,9/23/26 4:09 PM,9/23/26 4:11 PM,1 minute and 5 seconds,Manuel Belmonte
IT Italian Trattoria Lincoln,nazarena moreno,79,5,Drinks - lincoln,,9/23/26 4:09 PM,9/23/26 4:11 PM,1 minute and 5 seconds,Manuel Belmonte
IT Italian Trattoria Lincoln,Manuel Belmonte,83,,Pasta - lincoln,,9/23/26 4:48 PM,9/23/26 4:55 PM,7 minutes and 25 seconds,Manuel Belmonte
IT Italian Trattoria Lincoln,Manuel Belmonte,85,,Pasta - lincoln,,9/23/26 4:53 PM,9/23/26 5:05 PM,11 minutes and 57 seconds,Manuel Belmonte
IT Italian Trattoria Lincoln,Manuel Belmonte,88,,Pasta - lincoln,,9/23/26 5:03 PM,9/23/26 5:12 PM,8 minutes and 13 seconds,Manuel Belmonte
IT Italian Trattoria Lincoln,agostina lerner,91,200,Pasta - lincoln,,9/23/26 5:24 PM,9/23/26 5:32 PM,8 minutes and 40 seconds,Manuel Belmonte
IT Italian Trattoria Lincoln,agostina lerner,91,200,Bar Station - lincoln,,9/23/26 5:24 PM,9/23/26 5:32 PM,8 minutes and 40 seconds,Manuel Belmonte
IT Italian Trattoria Lincoln,agostina lerner,91,200,Drinks - lincoln,,9/23/26 5:24 PM,9/23/26 5:32 PM,8 minutes and 40 seconds,Manuel Belmonte
IT Italian Trattoria Lincoln,agostina lerner,94,,Pasta - lincoln,,9/23/26 5:41 PM,9/23/26 5:53 PM,11 minutes and 40 seconds,Manuel Belmonte
IT Italian Trattoria Lincoln,agostina lerner,94,,Bar Station - lincoln,,9/23/26 5:41 PM,9/23/26 5:53 PM,11 minutes and 40 seconds,Manuel Belmonte
IT Italian Trattoria Lincoln,agostina lerner,94,,Drinks - lincoln,,9/23/26 5:41 PM,9/23/26 5:53 PM,11 minutes and 40 seconds,Manuel Belmonte
IT Italian Trattoria Lincoln,Manuel Belmonte,100,,Pasta - lincoln,,9/23/26 6:11 PM,9/23/26 6:30 PM,18 minutes and 28 seconds,Manuel Belmonte
IT Italian Trattoria Lincoln,agostina lerner,110,211,Pasta - lincoln,,9/23/26 6:42 PM,9/23/26 6:53 PM,11 minutes and 7 seconds,Manuel Belmonte
IT Italian Trattoria Lincoln,agostina lerner,109,22,Pasta - lincoln,,9/23/26 6:46 PM,9/23/26 6:58 PM,12 minutes and 24 seconds,Manuel Belmonte
IT Italian Trattoria Lincoln,agostina lerner,114,102,Pasta - lincoln,,9/23/26 7:13 PM,9/23/26 7:17 PM,3 minutes and 59 seconds,Manuel Belmonte
IT Italian Trattoria Lincoln,agostina lerner,116,,Pasta - lincoln,,9/23/26 7:26 PM,9/23/26 7:32 PM,6 minutes,Manuel Belmonte
IT Italian Trattoria Lincoln,agostina lerner,114,102,Pasta - lincoln,,9/23/26 7:25 PM,9/23/26 7:32 PM,7 minutes and 8 seconds,Manuel Belmonte
IT Italian Trattoria Lincoln,agostina lerner,118,21,Pasta - lincoln,,9/23/26 7:54 PM,9/23/26 8:01 PM,6 minutes and 55 seconds,Manuel Belmonte
IT Italian Trattoria Lincoln,agostina lerner,118,21,Bar Station - lincoln,,9/23/26 7:54 PM,9/23/26 8:01 PM,6 minutes and 55 seconds,Manuel Belmonte
IT Italian Trattoria Lincoln,agostina lerner,118,21,Drinks - lincoln,,9/23/26 7:54 PM,9/23/26 8:01 PM,6 minutes and 55 seconds,Manuel Belmonte
IT Italian Trattoria Lincoln,agostina lerner,119,8,Pasta - lincoln,,9/23/26 7:55 PM,9/23/26 8:01 PM,5 minutes and 40 seconds,Manuel Belmonte
IT Italian Trattoria Lincoln,agostina lerner,121,211,Pasta - lincoln,,9/23/26 8:05 PM,9/23/26 8:07 PM,2 minutes and 22 seconds,Manuel Belmonte
IT Italian Trattoria Lincoln,agostina lerner,121,211,Pasta - lincoln,,9/23/26 8:05 PM,9/23/26 8:11 PM,6 minutes and 48 seconds,Manuel Belmonte
IT Italian Trattoria Lincoln,agostina lerner,121,211,Pasta - lincoln,,9/23/26 8:18 PM,9/23/26 8:19 PM,49 seconds,Manuel Belmonte
IT Italian Trattoria Lincoln,agostina lerner,124,6,Pasta - lincoln,,9/23/26 8:15 PM,9/23/26 8:23 PM,8 minutes and 37 seconds,Manuel Belmonte
IT Italian Trattoria Lincoln,agostina lerner,125,20,Pasta - lincoln,,9/23/26 8:26 PM,9/23/26 8:31 PM,5 minutes and 11 seconds,Manuel Belmonte
IT Italian Trattoria Lincoln,agostina lerner,125,20,Pasta - lincoln,,9/23/26 8:42 PM,9/23/26 8:56 PM,14 minutes and 1 second,Manuel Belmonte
IT Italian Trattoria Lincoln,agostina lerner,125,20,Pasta - lincoln,,9/23/26 8:42 PM,9/23/26 8:56 PM,13 minutes and 21 seconds,Manuel Belmonte
IT Italian Trattoria Lincoln,agostina lerner,126,9,Pasta - lincoln,,9/23/26 8:52 PM,9/23/26 9:06 PM,13 minutes and 10 seconds,Manuel Belmonte
IT Italian Trattoria Lincoln,agostina lerner,130,8,Pasta - lincoln,,9/23/26 9:34 PM,9/23/26 9:46 PM,11 minutes and 32 seconds,Manuel Belmonte
IT Italian Trattoria Lincoln,agostina lerner,131,31,Pasta - lincoln,,9/23/26 9:56 PM,9/23/26 10:02 PM,5 minutes and 48 seconds,Manuel Belmonte
IT Italian Trattoria Lincoln,agostina lerner,131,31,Pasta - lincoln,,9/23/26 10:01 PM,9/23/26 10:10 PM,8 minutes and 54 seconds,Manuel Belmonte
IT Italian Trattoria Lincoln,nazarena moreno,10,,Pasta - lincoln,,9/24/26 8:50 AM,9/24/26 9:02 AM,11 minutes and 41 seconds,Manuel Belmonte
IT Italian Trattoria Lincoln,nazarena moreno,10,,Bar Station - lincoln,,9/24/26 8:50 AM,9/24/26 9:02 AM,11 minutes and 41 seconds,Manuel Belmonte
IT Italian Trattoria Lincoln,nazarena moreno,10,,Drinks - lincoln,,9/24/26 8:50 AM,9/24/26 9:02 AM,11 minutes and 41 seconds,Manuel Belmonte
IT Italian Trattoria Lincoln,nevrije dosku,13,,Pasta - lincoln,,9/24/26 9:03 AM,9/24/26 9:05 AM,2 minutes and 21 seconds,Manuel Belmonte
IT Italian Trattoria Lincoln,nevrije dosku,13,,Bar Station - lincoln,,9/24/26 9:03 AM,9/24/26 9:05 AM,2 minutes and 21 seconds,Manuel Belmonte
IT Italian Trattoria Lincoln,nevrije dosku,13,,Drinks - lincoln,,9/24/26 9:03 AM,9/24/26 9:05 AM,2 minutes and 21 seconds,Manuel Belmonte
IT Italian Trattoria Lincoln,nevrije dosku,14,,Pasta - lincoln,,9/24/26 9:06 AM,9/24/26 9:13 AM,7 minutes and 19 seconds,Manuel Belmonte
IT Italian Trattoria Lincoln,nevrije dosku,14,,Bar Station - lincoln,,9/24/26 9:06 AM,9/24/26 9:13 AM,7 minutes and 19 seconds,Manuel Belmonte
IT Italian Trattoria Lincoln,nevrije dosku,14,,Drinks - lincoln,,9/24/26 9:06 AM,9/24/26 9:13 AM,7 minutes and 19 seconds,Manuel Belmonte
IT Italian Trattoria Lincoln,nevrije dosku,18,,Pasta - lincoln,,9/24/26 9:16 AM,9/24/26 9:24 AM,7 minutes and 11 seconds,Manuel Belmonte
IT Italian Trattoria Lincoln,nevrije dosku,18,,Bar Station - lincoln,,9/24/26 9:16 AM,9/24/26 9:24 AM,7 minutes and 11 seconds,Manuel Belmonte
IT Italian Trattoria Lincoln,nevrije dosku,18,,Drinks - lincoln,,9/24/26 9:16 AM,9/24/26 9:24 AM,7 minutes and 11 seconds,Manuel Belmonte
IT Italian Trattoria Lincoln,nazarena moreno,16,,Pasta - lincoln,,9/24/26 9:21 AM,9/24/26 9:27 AM,5 minutes and 12 seconds,Manuel Belmonte
IT Italian Trattoria Lincoln,nazarena moreno,16,,Bar Station - lincoln,,9/24/26 9:21 AM,9/24/26 9:27 AM,5 minutes and 12 seconds,Manuel Belmonte
IT Italian Trattoria Lincoln,nazarena moreno,16,,Drinks - lincoln,,9/24/26 9:21 AM,9/24/26 9:27 AM,5 minutes and 12 seconds,Manuel Belmonte
IT Italian Trattoria Lincoln,nazarena moreno,26,,Pasta - lincoln,,9/24/26 10:05 AM,9/24/26 10:08 AM,2 minutes and 21 seconds,Manuel Belmonte
IT Italian Trattoria Lincoln,nazarena moreno,32,3,Pasta - lincoln,,9/24/26 10:34 AM,9/24/26 10:42 AM,8 minutes and 6 seconds,Manuel Belmonte
IT Italian Trattoria Lincoln,nazarena moreno,32,3,Bar Station - lincoln,,9/24/26 10:34 AM,9/24/26 10:42 AM,8 minutes and 6 seconds,Manuel Belmonte
IT Italian Trattoria Lincoln,nazarena moreno,32,3,Drinks - lincoln,,9/24/26 10:34 AM,9/24/26 10:42 AM,8 minutes and 6 seconds,Manuel Belmonte
IT Italian Trattoria Lincoln,nazarena moreno,39,,Pasta - lincoln,,9/24/26 11:33 AM,9/24/26 11:34 AM,1 minute and 53 seconds,Manuel Belmonte
IT Italian Trattoria Lincoln,nazarena moreno,39,,Bar Station - lincoln,,9/24/26 11:33 AM,9/24/26 11:34 AM,1 minute and 53 seconds,Manuel Belmonte
IT Italian Trattoria Lincoln,nazarena moreno,39,,Drinks - lincoln,,9/24/26 11:33 AM,9/24/26 11:34 AM,1 minute and 53 seconds,Manuel Belmonte
IT Italian Trattoria Lincoln,nazarena moreno,44,,Pasta - lincoln,,9/24/26 11:56 AM,9/24/26 12:03 PM,6 minutes and 25 seconds,Manuel Belmonte
IT Italian Trattoria Lincoln,nazarena moreno,44,,Bar Station - lincoln,,9/24/26 11:56 AM,9/24/26 12:03 PM,6 minutes and 25 seconds,Manuel Belmonte
IT Italian Trattoria Lincoln,nazarena moreno,44,,Drinks - lincoln,,9/24/26 11:56 AM,9/24/26 12:03 PM,6 minutes and 25 seconds,Manuel Belmonte
IT Italian Trattoria Lincoln,Manuel Belmonte,50,,Pasta - lincoln,,9/24/26 12:27 PM,9/24/26 12:30 PM,2 minutes and 51 seconds,Manuel Belmonte
IT Italian Trattoria Lincoln,Manuel Belmonte,52,,Pasta - lincoln,,9/24/26 12:29 PM,9/24/26 12:31 PM,2 minutes and 14 seconds,Manuel Belmonte
IT Italian Trattoria Lincoln,nevrije dosku,56,,Pasta - lincoln,,9/24/26 12:55 PM,9/24/26 1:03 PM,8 minutes,Manuel Belmonte
IT Italian Trattoria Lincoln,Manuel Belmonte,59,,Pasta - lincoln,,9/24/26 12:59 PM,9/24/26 1:03 PM,3 minutes and 32 seconds,Manuel Belmonte
IT Italian Trattoria Lincoln,Manuel Belmonte,64,23,Pasta - lincoln,,9/24/26 1:20 PM,9/24/26 1:24 PM,3 minutes and 37 seconds,Manuel Belmonte
IT Italian Trattoria Lincoln,Manuel Belmonte,66,,Pasta - lincoln,,9/24/26 1:23 PM,9/24/26 1:24 PM,34 seconds,Manuel Belmonte
IT Italian Trattoria Lincoln,Manuel Belmonte,66,,Bar Station - lincoln,,9/24/26 1:23 PM,9/24/26 1:24 PM,34 seconds,Manuel Belmonte
IT Italian Trattoria Lincoln,Manuel Belmonte,66,,Drinks - lincoln,,9/24/26 1:23 PM,9/24/26 1:24 PM,34 seconds,Manuel Belmonte
IT Italian Trattoria Lincoln,Manuel Belmonte,63,300,Pasta - lincoln,,9/24/26 1:21 PM,9/24/26 1:24 PM,2 minutes and 16 seconds,Manuel Belmonte
IT Italian Trattoria Lincoln,Manuel Belmonte,60,2,Pasta - lincoln,,9/24/26 1:31 PM,9/24/26 1:36 PM,5 minutes and 2 seconds,Manuel Belmonte
IT Italian Trattoria Lincoln,nazarena moreno,57,21,Pasta - lincoln,,9/24/26 1:36 PM,9/24/26 2:06 PM,29 minutes and 18 seconds,Manuel Belmonte
IT Italian Trattoria Lincoln,nazarena moreno,70,9,Pasta - lincoln,,9/24/26 1:46 PM,9/24/26 2:07 PM,20 minutes and 23 seconds,Manuel Belmonte
IT Italian Trattoria Lincoln,nazarena moreno,72,304,Pasta - lincoln,,9/24/26 1:49 PM,9/24/26 2:11 PM,21 minutes and 45 seconds,Manuel Belmonte
IT Italian Trattoria Lincoln,Manuel Belmonte,73,,Pasta - lincoln,,9/24/26 1:50 PM,9/24/26 2:18 PM,27 minutes and 50 seconds,Manuel Belmonte
IT Italian Trattoria Lincoln,nevrije dosku,74,22 b,Pasta - lincoln,,9/24/26 2:05 PM,9/24/26 2:18 PM,12 minutes and 53 seconds,Manuel Belmonte
IT Italian Trattoria Lincoln,nevrije dosku,75,211,Pasta - lincoln,,9/24/26 2:07 PM,9/24/26 2:20 PM,12 minutes and 50 seconds,Manuel Belmonte
IT Italian Trattoria Lincoln,Manuel Belmonte,82,,Pasta - lincoln,,9/24/26 2:19 PM,9/24/26 2:26 PM,7 minutes and 21 seconds,Manuel Belmonte
IT Italian Trattoria Lincoln,Manuel Belmonte,82,,Bar Station - lincoln,,9/24/26 2:19 PM,9/24/26 2:26 PM,7 minutes and 21 seconds,Manuel Belmonte
IT Italian Trattoria Lincoln,Manuel Belmonte,82,,Drinks - lincoln,,9/24/26 2:19 PM,9/24/26 2:26 PM,7 minutes and 21 seconds,Manuel Belmonte
IT Italian Trattoria Lincoln,Manuel Belmonte,86,108,Pasta - lincoln,,9/24/26 2:26 PM,9/24/26 2:26 PM,19 seconds,Manuel Belmonte
IT Italian Trattoria Lincoln,Manuel Belmonte,86,108,Bar Station - lincoln,,9/24/26 2:26 PM,9/24/26 2:26 PM,19 seconds,Manuel Belmonte
IT Italian Trattoria Lincoln,Manuel Belmonte,86,108,Drinks - lincoln,,9/24/26 2:26 PM,9/24/26 2:26 PM,19 seconds,Manuel Belmonte
IT Italian Trattoria Lincoln,Manuel Belmonte,85,105,Pasta - lincoln,,9/24/26 2:25 PM,9/24/26 2:31 PM,6 minutes and 38 seconds,Manuel Belmonte
IT Italian Trattoria Lincoln,Manuel Belmonte,90,4,Pasta - lincoln,,9/24/26 2:28 PM,9/24/26 2:40 PM,11 minutes and 35 seconds,Manuel Belmonte
IT Italian Trattoria Lincoln,Manuel Belmonte,64,23,Pasta - lincoln,,9/24/26 2:33 PM,9/24/26 2:41 PM,8 minutes and 15 seconds,Manuel Belmonte
IT Italian Trattoria Lincoln,Manuel Belmonte,64,23,Bar Station - lincoln,,9/24/26 2:33 PM,9/24/26 2:41 PM,8 minutes and 15 seconds,Manuel Belmonte
IT Italian Trattoria Lincoln,Manuel Belmonte,64,23,Drinks - lincoln,,9/24/26 2:33 PM,9/24/26 2:41 PM,8 minutes and 15 seconds,Manuel Belmonte
IT Italian Trattoria Lincoln,Manuel Belmonte,92,8,Pasta - lincoln,,9/24/26 2:42 PM,9/24/26 2:56 PM,13 minutes and 54 seconds,Manuel Belmonte
IT Italian Trattoria Lincoln,nazarena moreno,93,302,Pasta - lincoln,,9/24/26 2:44 PM,9/24/26 3:04 PM,19 minutes and 41 seconds,Manuel Belmonte
IT Italian Trattoria Lincoln,nazarena moreno,93,302,Bar Station - lincoln,,9/24/26 2:44 PM,9/24/26 3:04 PM,19 minutes and 41 seconds,Manuel Belmonte
IT Italian Trattoria Lincoln,nazarena moreno,93,302,Drinks - lincoln,,9/24/26 2:44 PM,9/24/26 3:04 PM,19 minutes and 41 seconds,Manuel Belmonte
IT Italian Trattoria Lincoln,nazarena moreno,95,20,Pasta - lincoln,,9/24/26 3:02 PM,9/24/26 3:08 PM,6 minutes and 6 seconds,Manuel Belmonte
IT Italian Trattoria Lincoln,Manuel Belmonte,97,,Pasta - lincoln,,9/24/26 3:07 PM,9/24/26 3:08 PM,25 seconds,Manuel Belmonte
IT Italian Trattoria Lincoln,nevrije dosku,99,,Pasta - lincoln,,9/24/26 3:15 PM,9/24/26 3:20 PM,4 minutes and 43 seconds,Manuel Belmonte
IT Italian Trattoria Lincoln,nevrije dosku,103,,Pasta - lincoln,,9/24/26 3:36 PM,9/24/26 3:42 PM,6 minutes and 26 seconds,Manuel Belmonte
IT Italian Trattoria Lincoln,Manuel Belmonte,109,,Pasta - lincoln,,9/24/26 3:58 PM,9/24/26 4:05 PM,6 minutes and 31 seconds,Manuel Belmonte
IT Italian Trattoria Lincoln,Manuel Belmonte,108,10,Pasta - lincoln,,9/24/26 3:58 PM,9/24/26 4:05 PM,6 minutes and 43 seconds,Manuel Belmonte
IT Italian Trattoria Lincoln,Manuel Belmonte,112,8,Pasta - lincoln,,9/24/26 4:06 PM,9/24/26 4:16 PM,9 minutes and 56 seconds,Manuel Belmonte
IT Italian Trattoria Lincoln,Manuel Belmonte,111,203,Pasta - lincoln,,9/24/26 4:14 PM,9/24/26 4:22 PM,8 minutes and 16 seconds,Manuel Belmonte
IT Italian Trattoria Lincoln,Manuel Belmonte,111,203,Bar Station - lincoln,,9/24/26 4:14 PM,9/24/26 4:22 PM,8 minutes and 16 seconds,Manuel Belmonte
IT Italian Trattoria Lincoln,Manuel Belmonte,111,203,Drinks - lincoln,,9/24/26 4:14 PM,9/24/26 4:22 PM,8 minutes and 16 seconds,Manuel Belmonte
IT Italian Trattoria Lincoln,nevrije dosku,115,,Pasta - lincoln,,9/24/26 4:25 PM,9/24/26 4:34 PM,9 minutes and 17 seconds,Manuel Belmonte
IT Italian Trattoria Lincoln,,117,,Pasta - lincoln,,9/24/26 4:33 PM,9/24/26 4:37 PM,4 minutes and 6 seconds,Manuel Belmonte
IT Italian Trattoria Lincoln,Manuel Belmonte,119,,Pasta - lincoln,,9/24/26 5:38 PM,9/24/26 5:55 PM,17 minutes and 3 seconds,Manuel Belmonte
IT Italian Trattoria Lincoln,Donald Dupont,128,106,Pasta - lincoln,,9/24/26 6:07 PM,9/24/26 6:15 PM,8 minutes and 4 seconds,Manuel Belmonte
IT Italian Trattoria Lincoln,Manuel Belmonte,129,7,Pasta - lincoln,,9/24/26 6:18 PM,9/24/26 6:29 PM,10 minutes and 53 seconds,Manuel Belmonte
IT Italian Trattoria Lincoln,Manuel Belmonte,130,22,Pasta - lincoln,,9/24/26 6:33 PM,9/24/26 6:46 PM,13 minutes and 8 seconds,Manuel Belmonte
IT Italian Trattoria Lincoln,Manuel Belmonte,131,1,Pasta - lincoln,,9/24/26 6:39 PM,9/24/26 6:50 PM,11 minutes and 24 seconds,Manuel Belmonte
IT Italian Trattoria Lincoln,Donald Dupont,134,,Pasta - lincoln,,9/24/26 6:45 PM,9/24/26 6:50 PM,5 minutes and 21 seconds,Manuel Belmonte
IT Italian Trattoria Lincoln,Manuel Belmonte,132,32,Pasta - lincoln,,9/24/26 6:43 PM,9/24/26 6:54 PM,11 minutes and 23 seconds,Manuel Belmonte
IT Italian Trattoria Lincoln,Manuel Belmonte,132,32,Pasta - lincoln,,9/24/26 6:42 PM,9/24/26 6:54 PM,11 minutes and 59 seconds,Manuel Belmonte
IT Italian Trattoria Lincoln,Manuel Belmonte,137,21,Pasta - lincoln,,9/24/26 6:59 PM,9/24/26 7:06 PM,7 minutes and 11 seconds,Manuel Belmonte
IT Italian Trattoria Lincoln,Donald Dupont,140,,Pasta - lincoln,,9/24/26 7:34 PM,9/24/26 7:41 PM,7 minutes and 1 second,Manuel Belmonte
IT Italian Trattoria Lincoln,Manuel Belmonte,141,,Pasta - lincoln,,9/24/26 7:41 PM,9/24/26 7:50 PM,8 minutes and 34 seconds,Manuel Belmonte
IT Italian Trattoria Lincoln,Manuel Belmonte,142,211,Pasta - lincoln,,9/24/26 7:49 PM,9/24/26 7:54 PM,5 minutes and 7 seconds,Manuel Belmonte
IT Italian Trattoria Lincoln,Manuel Belmonte,142,211,Bar Station - lincoln,,9/24/26 7:49 PM,9/24/26 7:54 PM,5 minutes and 7 seconds,Manuel Belmonte
IT Italian Trattoria Lincoln,Manuel Belmonte,142,211,Drinks - lincoln,,9/24/26 7:49 PM,9/24/26 7:54 PM,5 minutes and 7 seconds,Manuel Belmonte
IT Italian Trattoria Lincoln,Manuel Belmonte,146,209,Pasta - lincoln,,9/24/26 8:11 PM,9/24/26 8:16 PM,5 minutes and 47 seconds,Manuel Belmonte
IT Italian Trattoria Lincoln,Manuel Belmonte,146,209,Bar Station - lincoln,,9/24/26 8:11 PM,9/24/26 8:16 PM,5 minutes and 47 seconds,Manuel Belmonte
IT Italian Trattoria Lincoln,Manuel Belmonte,146,209,Drinks - lincoln,,9/24/26 8:11 PM,9/24/26 8:16 PM,5 minutes and 47 seconds,Manuel Belmonte
IT Italian Trattoria Lincoln,Manuel Belmonte,150,2,Pasta - lincoln,,9/24/26 8:24 PM,9/24/26 8:32 PM,7 minutes and 38 seconds,Manuel Belmonte
IT Italian Trattoria Lincoln,Manuel Belmonte,147,7,Pasta - lincoln,,9/24/26 8:33 PM,9/24/26 8:39 PM,5 minutes and 54 seconds,Manuel Belmonte
IT Italian Trattoria Lincoln,Donald Dupont,152,,Pasta - lincoln,,9/24/26 8:43 PM,9/24/26 8:46 PM,3 minutes and 28 seconds,Manuel Belmonte
IT Italian Trattoria Lincoln,Manuel Belmonte,159,,Pasta - lincoln,,9/24/26 9:51 PM,9/24/26 9:57 PM,6 minutes and 53 seconds,Manuel Belmonte
IT Italian Trattoria Lincoln,Manuel Belmonte,161,22,Pasta - lincoln,,9/24/26 9:54 PM,9/24/26 10:06 PM,11 minutes and 52 seconds,Manuel Belmonte
IT Italian Trattoria Lincoln,Donald Dupont,163,20,Pasta - lincoln,,9/24/26 10:18 PM,9/24/26 10:29 PM,10 minutes and 33 seconds,Manuel Belmonte
IT Italian Trattoria Lincoln,Kokoe Avoumado,2,,Pasta - lincoln,,9/25/26 7:59 AM,9/25/26 8:08 AM,8 minutes and 50 seconds,Manuel Belmonte
IT Italian Trattoria Lincoln,Kokoe Avoumado,2,,Bar Station - lincoln,,9/25/26 7:59 AM,9/25/26 8:08 AM,8 minutes and 50 seconds,Manuel Belmonte
IT Italian Trattoria Lincoln,Kokoe Avoumado,2,,Drinks - lincoln,,9/25/26 7:59 AM,9/25/26 8:08 AM,8 minutes and 50 seconds,Manuel Belmonte
IT Italian Trattoria Lincoln,Kokoe Avoumado,4,,Pasta - lincoln,,9/25/26 8:10 AM,9/25/26 8:18 AM,8 minutes and 4 seconds,Manuel Belmonte
IT Italian Trattoria Lincoln,Kokoe Avoumado,4,,Bar Station - lincoln,,9/25/26 8:10 AM,9/25/26 8:18 AM,8 minutes and 4 seconds,Manuel Belmonte
IT Italian Trattoria Lincoln,Kokoe Avoumado,4,,Drinks - lincoln,,9/25/26 8:10 AM,9/25/26 8:18 AM,8 minutes and 4 seconds,Manuel Belmonte
IT Italian Trattoria Lincoln,tom troussicot,6,,Pasta - lincoln,,9/25/26 8:25 AM,9/25/26 8:29 AM,3 minutes and 35 seconds,Manuel Belmonte
IT Italian Trattoria Lincoln,tom troussicot,6,,Bar Station - lincoln,,9/25/26 8:25 AM,9/25/26 8:29 AM,3 minutes and 35 seconds,Manuel Belmonte
IT Italian Trattoria Lincoln,tom troussicot,6,,Drinks - lincoln,,9/25/26 8:25 AM,9/25/26 8:29 AM,3 minutes and 35 seconds,Manuel Belmonte
IT Italian Trattoria Lincoln,Kokoe Avoumado,8,,Pasta - lincoln,,9/25/26 8:48 AM,9/25/26 8:50 AM,1 minute and 55 seconds,Manuel Belmonte
IT Italian Trattoria Lincoln,Kokoe Avoumado,8,,Bar Station - lincoln,,9/25/26 8:48 AM,9/25/26 8:50 AM,1 minute and 55 seconds,Manuel Belmonte
IT Italian Trattoria Lincoln,Kokoe Avoumado,8,,Drinks - lincoln,,9/25/26 8:48 AM,9/25/26 8:50 AM,1 minute and 55 seconds,Manuel Belmonte
IT Italian Trattoria Lincoln,tom troussicot,12,9,Pasta - lincoln,,9/25/26 8:55 AM,9/25/26 9:02 AM,7 minutes and 2 seconds,Manuel Belmonte
IT Italian Trattoria Lincoln,tom troussicot,12,9,Bar Station - lincoln,,9/25/26 8:55 AM,9/25/26 9:02 AM,7 minutes and 2 seconds,Manuel Belmonte
IT Italian Trattoria Lincoln,tom troussicot,12,9,Drinks - lincoln,,9/25/26 8:55 AM,9/25/26 9:02 AM,7 minutes and 2 seconds,Manuel Belmonte
IT Italian Trattoria Lincoln,tom troussicot,14,8,Pasta - lincoln,,9/25/26 9:02 AM,9/25/26 9:09 AM,7 minutes and 38 seconds,Manuel Belmonte
IT Italian Trattoria Lincoln,tom troussicot,14,8,Bar Station - lincoln,,9/25/26 9:02 AM,9/25/26 9:09 AM,7 minutes and 38 seconds,Manuel Belmonte
IT Italian Trattoria Lincoln,tom troussicot,14,8,Drinks - lincoln,,9/25/26 9:02 AM,9/25/26 9:09 AM,7 minutes and 38 seconds,Manuel Belmonte
IT Italian Trattoria Lincoln,Kokoe Avoumado,21,,Pasta - lincoln,,9/25/26 9:28 AM,9/25/26 9:28 AM,4 seconds,Manuel Belmonte
IT Italian Trattoria Lincoln,Kokoe Avoumado,21,,Bar Station - lincoln,,9/25/26 9:28 AM,9/25/26 9:28 AM,4 seconds,Manuel Belmonte
IT Italian Trattoria Lincoln,Kokoe Avoumado,21,,Drinks - lincoln,,9/25/26 9:28 AM,9/25/26 9:28 AM,4 seconds,Manuel Belmonte
IT Italian Trattoria Lincoln,Kokoe Avoumado,20,,Pasta - lincoln,,9/25/26 9:19 AM,9/25/26 9:28 AM,8 minutes and 37 seconds,Manuel Belmonte
IT Italian Trattoria Lincoln,Kokoe Avoumado,20,,Bar Station - lincoln,,9/25/26 9:19 AM,9/25/26 9:28 AM,8 minutes and 37 seconds,Manuel Belmonte
IT Italian Trattoria Lincoln,Kokoe Avoumado,20,,Drinks - lincoln,,9/25/26 9:19 AM,9/25/26 9:28 AM,8 minutes and 37 seconds,Manuel Belmonte
IT Italian Trattoria Lincoln,Kokoe Avoumado,22,,Pasta - lincoln,,9/25/26 9:32 AM,9/25/26 9:42 AM,9 minutes and 47 seconds,Manuel Belmonte
IT Italian Trattoria Lincoln,Kokoe Avoumado,22,,Bar Station - lincoln,,9/25/26 9:32 AM,9/25/26 9:42 AM,9 minutes and 47 seconds,Manuel Belmonte
IT Italian Trattoria Lincoln,Kokoe Avoumado,22,,Drinks - lincoln,,9/25/26 9:32 AM,9/25/26 9:42 AM,9 minutes and 47 seconds,Manuel Belmonte
IT Italian Trattoria Lincoln,Kokoe Avoumado,30,,Pasta - lincoln,,9/25/26 10:00 AM,9/25/26 10:01 AM,26 seconds,Manuel Belmonte
IT Italian Trattoria Lincoln,Kokoe Avoumado,30,,Bar Station - lincoln,,9/25/26 10:00 AM,9/25/26 10:01 AM,26 seconds,Manuel Belmonte
IT Italian Trattoria Lincoln,Kokoe Avoumado,30,,Drinks - lincoln,,9/25/26 10:00 AM,9/25/26 10:01 AM,26 seconds,Manuel Belmonte
IT Italian Trattoria Lincoln,Kokoe Avoumado,29,,Pasta - lincoln,,9/25/26 9:58 AM,9/25/26 10:01 AM,2 minutes and 34 seconds,Manuel Belmonte
IT Italian Trattoria Lincoln,Kokoe Avoumado,29,,Bar Station - lincoln,,9/25/26 9:58 AM,9/25/26 10:01 AM,2 minutes and 34 seconds,Manuel Belmonte
IT Italian Trattoria Lincoln,Kokoe Avoumado,29,,Drinks - lincoln,,9/25/26 9:58 AM,9/25/26 10:01 AM,2 minutes and 34 seconds,Manuel Belmonte
IT Italian Trattoria Lincoln,tom troussicot,31,32,Pasta - lincoln,,9/25/26 10:05 AM,9/25/26 10:12 AM,7 minutes and 54 seconds,Manuel Belmonte
IT Italian Trattoria Lincoln,tom troussicot,31,32,Bar Station - lincoln,,9/25/26 10:05 AM,9/25/26 10:12 AM,7 minutes and 54 seconds,Manuel Belmonte
IT Italian Trattoria Lincoln,tom troussicot,31,32,Drinks - lincoln,,9/25/26 10:05 AM,9/25/26 10:12 AM,7 minutes and 54 seconds,Manuel Belmonte
IT Italian Trattoria Lincoln,Kokoe Avoumado,32,,Pasta - lincoln,,9/25/26 10:05 AM,9/25/26 10:13 AM,7 minutes and 51 seconds,Manuel Belmonte
IT Italian Trattoria Lincoln,Kokoe Avoumado,32,,Bar Station - lincoln,,9/25/26 10:05 AM,9/25/26 10:13 AM,7 minutes and 51 seconds,Manuel Belmonte
IT Italian Trattoria Lincoln,Kokoe Avoumado,32,,Drinks - lincoln,,9/25/26 10:05 AM,9/25/26 10:13 AM,7 minutes and 51 seconds,Manuel Belmonte
IT Italian Trattoria Lincoln,tom troussicot,33,33,Pasta - lincoln,,9/25/26 10:10 AM,9/25/26 10:17 AM,7 minutes and 35 seconds,Manuel Belmonte
IT Italian Trattoria Lincoln,tom troussicot,33,33,Bar Station - lincoln,,9/25/26 10:10 AM,9/25/26 10:17 AM,7 minutes and 35 seconds,Manuel Belmonte
IT Italian Trattoria Lincoln,tom troussicot,33,33,Drinks - lincoln,,9/25/26 10:10 AM,9/25/26 10:17 AM,7 minutes and 35 seconds,Manuel Belmonte
IT Italian Trattoria Lincoln,Kokoe Avoumado,37,,Pasta - lincoln,,9/25/26 10:30 AM,9/25/26 10:43 AM,12 minutes and 26 seconds,Manuel Belmonte
IT Italian Trattoria Lincoln,Kokoe Avoumado,37,,Bar Station - lincoln,,9/25/26 10:30 AM,9/25/26 10:43 AM,12 minutes and 26 seconds,Manuel Belmonte
IT Italian Trattoria Lincoln,Kokoe Avoumado,37,,Drinks - lincoln,,9/25/26 10:30 AM,9/25/26 10:43 AM,12 minutes and 26 seconds,Manuel Belmonte
IT Italian Trattoria Lincoln,tom troussicot,39,22,Pasta - lincoln,,9/25/26 10:37 AM,9/25/26 10:51 AM,14 minutes and 43 seconds,Manuel Belmonte
IT Italian Trattoria Lincoln,tom troussicot,39,22,Bar Station - lincoln,,9/25/26 10:37 AM,9/25/26 10:51 AM,14 minutes and 43 seconds,Manuel Belmonte
IT Italian Trattoria Lincoln,tom troussicot,39,22,Drinks - lincoln,,9/25/26 10:37 AM,9/25/26 10:51 AM,14 minutes and 43 seconds,Manuel Belmonte
IT Italian Trattoria Lincoln,Kokoe Avoumado,43,,Pasta - lincoln,,9/25/26 10:49 AM,9/25/26 10:57 AM,7 minutes and 26 seconds,Manuel Belmonte
IT Italian Trattoria Lincoln,Kokoe Avoumado,43,,Bar Station - lincoln,,9/25/26 10:49 AM,9/25/26 10:57 AM,7 minutes and 26 seconds,Manuel Belmonte
IT Italian Trattoria Lincoln,Kokoe Avoumado,43,,Drinks - lincoln,,9/25/26 10:49 AM,9/25/26 10:57 AM,7 minutes and 26 seconds,Manuel Belmonte
IT Italian Trattoria Lincoln,tom troussicot,41,6,Pasta - lincoln,,9/25/26 10:40 AM,9/25/26 10:58 AM,18 minutes and 14 seconds,Manuel Belmonte
IT Italian Trattoria Lincoln,tom troussicot,41,6,Bar Station - lincoln,,9/25/26 10:40 AM,9/25/26 10:58 AM,18 minutes and 14 seconds,Manuel Belmonte
IT Italian Trattoria Lincoln,tom troussicot,41,6,Drinks - lincoln,,9/25/26 10:40 AM,9/25/26 10:58 AM,18 minutes and 14 seconds,Manuel Belmonte
IT Italian Trattoria Lincoln,Kokoe Avoumado,45,,Pasta - lincoln,,9/25/26 11:02 AM,9/25/26 11:04 AM,1 minute and 51 seconds,Manuel Belmonte
IT Italian Trattoria Lincoln,Kokoe Avoumado,45,,Bar Station - lincoln,,9/25/26 11:02 AM,9/25/26 11:04 AM,1 minute and 51 seconds,Manuel Belmonte
IT Italian Trattoria Lincoln,Kokoe Avoumado,45,,Drinks - lincoln,,9/25/26 11:02 AM,9/25/26 11:04 AM,1 minute and 51 seconds,Manuel Belmonte
IT Italian Trattoria Lincoln,Kokoe Avoumado,48,,Pasta - lincoln,,9/25/26 11:14 AM,9/25/26 11:15 AM,13 seconds,Manuel Belmonte
IT Italian Trattoria Lincoln,tom troussicot,49,,Drinks - lincoln,,9/25/26 11:14 AM,9/25/26 11:15 AM,49 seconds,Manuel Belmonte
IT Italian Trattoria Lincoln,tom troussicot,49,,No Print / Expo - lincoln,,9/25/26 11:14 AM,9/25/26 11:15 AM,49 seconds,Manuel Belmonte
IT Italian Trattoria Lincoln,tom troussicot,49,,Pasta - lincoln,,9/25/26 11:14 AM,9/25/26 11:15 AM,49 seconds,Manuel Belmonte
IT Italian Trattoria Lincoln,tom troussicot,49,,Pizza - lincoln,,9/25/26 11:14 AM,9/25/26 11:15 AM,49 seconds,Manuel Belmonte
IT Italian Trattoria Lincoln,tom troussicot,49,,Ensalada - lincoln,,9/25/26 11:14 AM,9/25/26 11:15 AM,49 seconds,Manuel Belmonte
IT Italian Trattoria Lincoln,tom troussicot,49,,online ordering - lincoln,,9/25/26 11:14 AM,9/25/26 11:15 AM,49 seconds,Manuel Belmonte
IT Italian Trattoria Lincoln,tom troussicot,49,,Bar Station - lincoln,,9/25/26 11:14 AM,9/25/26 11:15 AM,49 seconds,Manuel Belmonte
IT Italian Trattoria Lincoln,Kokoe Avoumado,47,,Pasta - lincoln,,9/25/26 11:12 AM,9/25/26 11:21 AM,9 minutes,Manuel Belmonte
IT Italian Trattoria Lincoln,Kokoe Avoumado,47,,Bar Station - lincoln,,9/25/26 11:12 AM,9/25/26 11:21 AM,9 minutes,Manuel Belmonte
IT Italian Trattoria Lincoln,Kokoe Avoumado,47,,Drinks - lincoln,,9/25/26 11:12 AM,9/25/26 11:21 AM,9 minutes,Manuel Belmonte
IT Italian Trattoria Lincoln,tom troussicot,56,5,Pasta - lincoln,,9/25/26 11:54 AM,9/25/26 12:11 PM,16 minutes and 51 seconds,Manuel Belmonte
IT Italian Trattoria Lincoln,tom troussicot,56,5,Bar Station - lincoln,,9/25/26 11:54 AM,9/25/26 12:11 PM,16 minutes and 51 seconds,Manuel Belmonte
IT Italian Trattoria Lincoln,tom troussicot,56,5,Drinks - lincoln,,9/25/26 11:54 AM,9/25/26 12:11 PM,16 minutes and 51 seconds,Manuel Belmonte
IT Italian Trattoria Lincoln,Kokoe Avoumado,58,,Pasta - lincoln,,9/25/26 12:10 PM,9/25/26 12:11 PM,22 seconds,Manuel Belmonte
IT Italian Trattoria Lincoln,Kokoe Avoumado,58,,Bar Station - lincoln,,9/25/26 12:10 PM,9/25/26 12:11 PM,22 seconds,Manuel Belmonte
IT Italian Trattoria Lincoln,Kokoe Avoumado,58,,Drinks - lincoln,,9/25/26 12:10 PM,9/25/26 12:11 PM,22 seconds,Manuel Belmonte
IT Italian Trattoria Lincoln,tom troussicot,62,300,Pasta - lincoln,,9/25/26 12:18 PM,9/25/26 12:24 PM,5 minutes and 55 seconds,Manuel Belmonte
IT Italian Trattoria Lincoln,tom troussicot,62,300,Bar Station - lincoln,,9/25/26 12:18 PM,9/25/26 12:24 PM,5 minutes and 55 seconds,Manuel Belmonte
IT Italian Trattoria Lincoln,tom troussicot,62,300,Drinks - lincoln,,9/25/26 12:18 PM,9/25/26 12:24 PM,5 minutes and 55 seconds,Manuel Belmonte
IT Italian Trattoria Lincoln,Kokoe Avoumado,63,,Pasta - lincoln,,9/25/26 12:18 PM,9/25/26 12:30 PM,11 minutes and 31 seconds,Manuel Belmonte
IT Italian Trattoria Lincoln,Kokoe Avoumado,64,,Pasta - lincoln,,9/25/26 12:28 PM,9/25/26 12:31 PM,2 minutes and 22 seconds,Manuel Belmonte
IT Italian Trattoria Lincoln,tom troussicot,62,300,Pasta - lincoln,,9/25/26 12:43 PM,9/25/26 12:52 PM,8 minutes and 20 seconds,Manuel Belmonte
IT Italian Trattoria Lincoln,tom troussicot,62,300,Bar Station - lincoln,,9/25/26 12:43 PM,9/25/26 12:52 PM,8 minutes and 20 seconds,Manuel Belmonte
IT Italian Trattoria Lincoln,Manuel Belmonte,67,100,Pasta - lincoln,,9/25/26 12:45 PM,9/25/26 12:52 PM,6 minutes and 9 seconds,Manuel Belmonte
IT Italian Trattoria Lincoln,Manuel Belmonte,67,100,Bar Station - lincoln,,9/25/26 12:45 PM,9/25/26 12:52 PM,6 minutes and 9 seconds,Manuel Belmonte
IT Italian Trattoria Lincoln,Manuel Belmonte,67,100,Drinks - lincoln,,9/25/26 12:45 PM,9/25/26 12:52 PM,6 minutes and 9 seconds,Manuel Belmonte
IT Italian Trattoria Lincoln,tom troussicot,62,300,Drinks - lincoln,,9/25/26 12:43 PM,9/25/26 12:52 PM,8 minutes and 20 seconds,Manuel Belmonte
IT Italian Trattoria Lincoln,Manuel Belmonte,69,206,Pasta - lincoln,,9/25/26 1:06 PM,9/25/26 1:13 PM,6 minutes and 21 seconds,Manuel Belmonte
IT Italian Trattoria Lincoln,Manuel Belmonte,69,206,Pasta - lincoln,,9/25/26 1:08 PM,9/25/26 1:14 PM,5 minutes and 42 seconds,Manuel Belmonte
IT Italian Trattoria Lincoln,Kokoe Avoumado,74,,Pasta - lincoln,,9/25/26 1:14 PM,9/25/26 1:18 PM,4 minutes and 35 seconds,Manuel Belmonte
IT Italian Trattoria Lincoln,Kokoe Avoumado,75,,Pasta - lincoln,,9/25/26 1:21 PM,9/25/26 1:23 PM,1 minute and 36 seconds,Manuel Belmonte
IT Italian Trattoria Lincoln,Kokoe Avoumado,75,,Bar Station - lincoln,,9/25/26 1:21 PM,9/25/26 1:23 PM,1 minute and 36 seconds,Manuel Belmonte
IT Italian Trattoria Lincoln,Kokoe Avoumado,75,,Drinks - lincoln,,9/25/26 1:21 PM,9/25/26 1:23 PM,1 minute and 36 seconds,Manuel Belmonte
IT Italian Trattoria Lincoln,Manuel Belmonte,76,204,Pasta - lincoln,,9/25/26 1:21 PM,9/25/26 1:30 PM,9 minutes and 18 seconds,Manuel Belmonte
IT Italian Trattoria Lincoln,tom troussicot,79,106,Pasta - lincoln,,9/25/26 1:31 PM,9/25/26 1:39 PM,7 minutes and 25 seconds,Manuel Belmonte
IT Italian Trattoria Lincoln,tom troussicot,79,106,Bar Station - lincoln,,9/25/26 1:31 PM,9/25/26 1:39 PM,7 minutes and 25 seconds,Manuel Belmonte
IT Italian Trattoria Lincoln,tom troussicot,79,106,Drinks - lincoln,,9/25/26 1:31 PM,9/25/26 1:39 PM,7 minutes and 25 seconds,Manuel Belmonte
IT Italian Trattoria Lincoln,Kokoe Avoumado,80,,Pasta - lincoln,,9/25/26 1:34 PM,9/25/26 1:43 PM,8 minutes and 57 seconds,Manuel Belmonte
IT Italian Trattoria Lincoln,Manuel Belmonte,81,200,Pasta - lincoln,,9/25/26 1:39 PM,9/25/26 1:46 PM,7 minutes and 15 seconds,Manuel Belmonte
IT Italian Trattoria Lincoln,Kokoe Avoumado,82,,Pasta - lincoln,,9/25/26 1:44 PM,9/25/26 1:53 PM,8 minutes and 25 seconds,Manuel Belmonte
IT Italian Trattoria Lincoln,Kokoe Avoumado,85,,Pasta - lincoln,,9/25/26 1:59 PM,9/25/26 2:04 PM,4 minutes and 59 seconds,Manuel Belmonte
IT Italian Trattoria Lincoln,Kokoe Avoumado,85,,Bar Station - lincoln,,9/25/26 1:59 PM,9/25/26 2:04 PM,4 minutes and 59 seconds,Manuel Belmonte
IT Italian Trattoria Lincoln,Kokoe Avoumado,85,,Drinks - lincoln,,9/25/26 1:59 PM,9/25/26 2:04 PM,4 minutes and 59 seconds,Manuel Belmonte
IT Italian Trattoria Lincoln,Kokoe Avoumado,86,,Pasta - lincoln,,9/25/26 2:01 PM,9/25/26 2:08 PM,7 minutes and 23 seconds,Manuel Belmonte
IT Italian Trattoria Lincoln,Kokoe Avoumado,89,,Pasta - lincoln,,9/25/26 2:16 PM,9/25/26 2:18 PM,2 minutes and 25 seconds,Manuel Belmonte
IT Italian Trattoria Lincoln,Kokoe Avoumado,89,,Bar Station - lincoln,,9/25/26 2:16 PM,9/25/26 2:18 PM,2 minutes and 25 seconds,Manuel Belmonte
IT Italian Trattoria Lincoln,Kokoe Avoumado,89,,Drinks - lincoln,,9/25/26 2:16 PM,9/25/26 2:18 PM,2 minutes and 25 seconds,Manuel Belmonte
IT Italian Trattoria Lincoln,Manuel Belmonte,92,20,Pasta - lincoln,,9/25/26 2:29 PM,9/25/26 2:35 PM,6 minutes and 6 seconds,Manuel Belmonte
IT Italian Trattoria Lincoln,Manuel Belmonte,90,22,Pasta - lincoln,,9/25/26 2:22 PM,9/25/26 2:35 PM,13 minutes and 17 seconds,Manuel Belmonte
IT Italian Trattoria Lincoln,Kokoe Avoumado,94,,Pasta - lincoln,,9/25/26 2:44 PM,9/25/26 2:46 PM,2 minutes and 19 seconds,Manuel Belmonte
IT Italian Trattoria Lincoln,Kokoe Avoumado,94,,Bar Station - lincoln,,9/25/26 2:44 PM,9/25/26 2:46 PM,2 minutes and 19 seconds,Manuel Belmonte
IT Italian Trattoria Lincoln,Kokoe Avoumado,94,,Drinks - lincoln,,9/25/26 2:44 PM,9/25/26 2:46 PM,2 minutes and 19 seconds,Manuel Belmonte
IT Italian Trattoria Lincoln,Kokoe Avoumado,84,,Pasta - lincoln,,9/25/26 2:30 PM,9/25/26 2:47 PM,16 minutes and 23 seconds,Manuel Belmonte
IT Italian Trattoria Lincoln,Manuel Belmonte,99,9,Pasta - lincoln,,9/25/26 2:50 PM,9/25/26 3:00 PM,10 minutes and 28 seconds,Manuel Belmonte
IT Italian Trattoria Lincoln,Manuel Belmonte,100,21,Pasta - lincoln,,9/25/26 2:55 PM,9/25/26 3:05 PM,9 minutes and 43 seconds,Manuel Belmonte
IT Italian Trattoria Lincoln,Manuel Belmonte,102,105,Pasta - lincoln,,9/25/26 2:59 PM,9/25/26 3:08 PM,9 minutes and 21 seconds,Manuel Belmonte
IT Italian Trattoria Lincoln,Manuel Belmonte,104,304,Pasta - lincoln,,9/25/26 3:31 PM,9/25/26 3:44 PM,13 minutes and 33 seconds,Manuel Belmonte
IT Italian Trattoria Lincoln,Manuel Belmonte,106,300,Pasta - lincoln,,9/25/26 3:35 PM,9/25/26 3:44 PM,8 minutes and 54 seconds,Manuel Belmonte
IT Italian Trattoria Lincoln,Manuel Belmonte,106,300,Pasta - lincoln,,9/25/26 3:38 PM,9/25/26 3:50 PM,12 minutes and 12 seconds,Manuel Belmonte
IT Italian Trattoria Lincoln,Manuel Belmonte,107,105,Pasta - lincoln,,9/25/26 3:45 PM,9/25/26 3:56 PM,10 minutes and 52 seconds,Manuel Belmonte
IT Italian Trattoria Lincoln,Manuel Belmonte,108,21,Pasta - lincoln,,9/25/26 3:50 PM,9/25/26 3:57 PM,7 minutes and 25 seconds,Manuel Belmonte
IT Italian Trattoria Lincoln,Kokoe Avoumado,109,,Pasta - lincoln,,9/25/26 3:56 PM,9/25/26 4:05 PM,8 minutes and 56 seconds,Manuel Belmonte
IT Italian Trattoria Lincoln,Manuel Belmonte,110,,Pasta - lincoln,,9/25/26 3:59 PM,9/25/26 4:05 PM,6 minutes and 48 seconds,Manuel Belmonte
IT Italian Trattoria Lincoln,Manuel Belmonte,104,304,Pasta - lincoln,,9/25/26 4:12 PM,9/25/26 4:18 PM,5 minutes and 46 seconds,Manuel Belmonte
IT Italian Trattoria Lincoln,Manuel Belmonte,117,,Pasta - lincoln,,9/25/26 4:20 PM,9/25/26 4:26 PM,6 minutes and 6 seconds,Manuel Belmonte
IT Italian Trattoria Lincoln,Manuel Belmonte,117,,Pasta - lincoln,,9/25/26 4:20 PM,9/25/26 4:26 PM,5 minutes and 17 seconds,Manuel Belmonte
IT Italian Trattoria Lincoln,Donald Dupont,118,,Pasta - lincoln,,9/25/26 4:30 PM,9/25/26 4:46 PM,15 minutes and 58 seconds,Manuel Belmonte
IT Italian Trattoria Lincoln,Manuel Belmonte,119,206,Pasta - lincoln,,9/25/26 4:40 PM,9/25/26 4:47 PM,7 minutes and 6 seconds,Manuel Belmonte
IT Italian Trattoria Lincoln,Donald Dupont,122,20,Pasta - lincoln,,9/25/26 4:57 PM,9/25/26 5:09 PM,11 minutes and 46 seconds,Manuel Belmonte
IT Italian Trattoria Lincoln,Donald Dupont,123,8,Pasta - lincoln,,9/25/26 5:08 PM,9/25/26 5:17 PM,9 minutes and 25 seconds,Manuel Belmonte
IT Italian Trattoria Lincoln,Donald Dupont,122,20,Pasta - lincoln,,9/25/26 5:22 PM,9/25/26 5:24 PM,2 minutes and 2 seconds,Manuel Belmonte
IT Italian Trattoria Lincoln,Donald Dupont,124,,Pasta - lincoln,,9/25/26 5:13 PM,9/25/26 5:24 PM,11 minutes and 7 seconds,Manuel Belmonte
IT Italian Trattoria Lincoln,Donald Dupont,125,21,Pasta - lincoln,,9/25/26 5:37 PM,9/25/26 5:45 PM,7 minutes and 53 seconds,Manuel Belmonte
IT Italian Trattoria Lincoln,Donald Dupont,127,32,Pasta - lincoln,,9/25/26 5:33 PM,9/25/26 5:48 PM,14 minutes and 33 seconds,Manuel Belmonte
IT Italian Trattoria Lincoln,Donald Dupont,127,32,Bar Station - lincoln,,9/25/26 5:33 PM,9/25/26 5:48 PM,14 minutes and 33 seconds,Manuel Belmonte
IT Italian Trattoria Lincoln,Donald Dupont,127,32,Drinks - lincoln,,9/25/26 5:33 PM,9/25/26 5:48 PM,14 minutes and 33 seconds,Manuel Belmonte
IT Italian Trattoria Lincoln,Manuel Belmonte,131,1,Pasta - lincoln,,9/25/26 5:50 PM,9/25/26 5:51 PM,26 seconds,Manuel Belmonte
IT Italian Trattoria Lincoln,Manuel Belmonte,133,24,Pasta - lincoln,,9/25/26 6:04 PM,9/25/26 6:05 PM,50 seconds,Manuel Belmonte
IT Italian Trattoria Lincoln,nevrije dosku,138,202,Pasta - lincoln,,9/25/26 6:14 PM,9/25/26 6:14 PM,41 seconds,Manuel Belmonte
IT Italian Trattoria Lincoln,nevrije dosku,135,33,Pasta - lincoln,,9/25/26 6:08 PM,9/25/26 6:25 PM,17 minutes and 2 seconds,Manuel Belmonte
IT Italian Trattoria Lincoln,nevrije dosku,138,202,Pasta - lincoln,,9/25/26 6:29 PM,9/25/26 6:32 PM,2 minutes and 50 seconds,Manuel Belmonte
IT Italian Trattoria Lincoln,nevrije dosku,141,23 b,Pasta - lincoln,,9/25/26 6:21 PM,9/25/26 6:32 PM,11 minutes and 42 seconds,Manuel Belmonte
IT Italian Trattoria Lincoln,Manuel Belmonte,145,21 b,Pasta - lincoln,,9/25/26 7:06 PM,9/25/26 7:15 PM,9 minutes and 3 seconds,Manuel Belmonte
IT Italian Trattoria Lincoln,nevrije dosku,153,202,Pasta - lincoln,,9/25/26 7:49 PM,9/25/26 7:56 PM,7 minutes and 29 seconds,Manuel Belmonte
IT Italian Trattoria Lincoln,nevrije dosku,157,105,Pasta - lincoln,,9/25/26 8:15 PM,9/25/26 8:25 PM,10 minutes and 12 seconds,Manuel Belmonte
IT Italian Trattoria Lincoln,Manuel Belmonte,158,211,Pasta - lincoln,,9/25/26 8:17 PM,9/25/26 8:25 PM,8 minutes and 2 seconds,Manuel Belmonte
IT Italian Trattoria Lincoln,Manuel Belmonte,137,,Pasta - lincoln,,9/25/26 8:35 PM,9/25/26 8:37 PM,1 minute and 10 seconds,Manuel Belmonte
IT Italian Trattoria Lincoln,Manuel Belmonte,160,300,Pasta - lincoln,,9/25/26 8:32 PM,9/25/26 8:39 PM,7 minutes and 9 seconds,Manuel Belmonte
IT Italian Trattoria Lincoln,nevrije dosku,161,303,Pasta - lincoln,,9/25/26 8:58 PM,9/25/26 9:09 PM,11 minutes and 30 seconds,Manuel Belmonte
IT Italian Trattoria Lincoln,nevrije dosku,163,206,Pasta - lincoln,,9/25/26 9:04 PM,9/25/26 9:18 PM,14 minutes and 4 seconds,Manuel Belmonte
IT Italian Trattoria Lincoln,nevrije dosku,166,105,Pasta - lincoln,,9/25/26 9:15 PM,9/25/26 9:25 PM,10 minutes and 25 seconds,Manuel Belmonte
IT Italian Trattoria Lincoln,nevrije dosku,169,,Pasta - lincoln,,9/25/26 9:29 PM,9/25/26 9:38 PM,9 minutes and 1 second,Manuel Belmonte
IT Italian Trattoria Lincoln,nevrije dosku,169,,Bar Station - lincoln,,9/25/26 9:29 PM,9/25/26 9:38 PM,9 minutes and 1 second,Manuel Belmonte
IT Italian Trattoria Lincoln,nevrije dosku,169,,Drinks - lincoln,,9/25/26 9:29 PM,9/25/26 9:38 PM,9 minutes and 1 second,Manuel Belmonte
IT Italian Trattoria Lincoln,Manuel Belmonte,155,205,Pasta - lincoln,,9/25/26 9:55 PM,9/25/26 10:21 PM,25 minutes and 50 seconds,Manuel Belmonte
IT Italian Trattoria Lincoln,Donald Dupont,176,,Pasta - lincoln,,9/25/26 10:35 PM,9/25/26 10:43 PM,7 minutes and 59 seconds,Manuel Belmonte
IT Italian Trattoria Lincoln,Kokoe Avoumado,1,,Pasta - lincoln,,9/26/26 8:07 AM,9/26/26 8:12 AM,5 minutes and 11 seconds,Manuel Belmonte
IT Italian Trattoria Lincoln,Kokoe Avoumado,1,,Bar Station - lincoln,,9/26/26 8:07 AM,9/26/26 8:12 AM,5 minutes and 11 seconds,Manuel Belmonte
IT Italian Trattoria Lincoln,Kokoe Avoumado,1,,Drinks - lincoln,,9/26/26 8:07 AM,9/26/26 8:12 AM,5 minutes and 11 seconds,Manuel Belmonte
IT Italian Trattoria Lincoln,nazarena moreno,2,,Pasta - lincoln,,9/26/26 8:41 AM,9/26/26 8:48 AM,7 minutes and 33 seconds,Manuel Belmonte
IT Italian Trattoria Lincoln,nazarena moreno,2,,Bar Station - lincoln,,9/26/26 8:41 AM,9/26/26 8:48 AM,7 minutes and 33 seconds,Manuel Belmonte
IT Italian Trattoria Lincoln,nazarena moreno,2,,Drinks - lincoln,,9/26/26 8:41 AM,9/26/26 8:48 AM,7 minutes and 33 seconds,Manuel Belmonte
IT Italian Trattoria Lincoln,nazarena moreno,4,,Pasta - lincoln,,9/26/26 9:19 AM,9/26/26 9:28 AM,8 minutes and 49 seconds,Manuel Belmonte
IT Italian Trattoria Lincoln,nazarena moreno,4,,Bar Station - lincoln,,9/26/26 9:19 AM,9/26/26 9:28 AM,8 minutes and 49 seconds,Manuel Belmonte
IT Italian Trattoria Lincoln,nazarena moreno,4,,Drinks - lincoln,,9/26/26 9:19 AM,9/26/26 9:28 AM,8 minutes and 49 seconds,Manuel Belmonte
IT Italian Trattoria Lincoln,Kokoe Avoumado,7,,Pasta - lincoln,,9/26/26 9:33 AM,9/26/26 9:34 AM,1 minute and 5 seconds,Manuel Belmonte
IT Italian Trattoria Lincoln,Kokoe Avoumado,7,,Bar Station - lincoln,,9/26/26 9:33 AM,9/26/26 9:34 AM,1 minute and 5 seconds,Manuel Belmonte
IT Italian Trattoria Lincoln,Kokoe Avoumado,7,,Drinks - lincoln,,9/26/26 9:33 AM,9/26/26 9:34 AM,1 minute and 5 seconds,Manuel Belmonte
IT Italian Trattoria Lincoln,nazarena moreno,3,,Pasta - lincoln,,9/26/26 9:29 AM,9/26/26 9:34 AM,4 minutes and 59 seconds,Manuel Belmonte
IT Italian Trattoria Lincoln,nazarena moreno,8,7,Pasta - lincoln,,9/26/26 9:35 AM,9/26/26 9:35 AM,30 seconds,Manuel Belmonte
IT Italian Trattoria Lincoln,nazarena moreno,8,7,Bar Station - lincoln,,9/26/26 9:35 AM,9/26/26 9:35 AM,30 seconds,Manuel Belmonte
IT Italian Trattoria Lincoln,nazarena moreno,8,7,Drinks - lincoln,,9/26/26 9:35 AM,9/26/26 9:35 AM,30 seconds,Manuel Belmonte
IT Italian Trattoria Lincoln,nazarena moreno,3,,Pasta - lincoln,,9/26/26 9:34 AM,9/26/26 9:37 AM,3 minutes and 26 seconds,Manuel Belmonte
IT Italian Trattoria Lincoln,nazarena moreno,10,5,Pasta - lincoln,,9/26/26 9:40 AM,9/26/26 9:45 AM,5 minutes and 6 seconds,Manuel Belmonte
IT Italian Trattoria Lincoln,nazarena moreno,10,5,Bar Station - lincoln,,9/26/26 9:40 AM,9/26/26 9:45 AM,5 minutes and 6 seconds,Manuel Belmonte
IT Italian Trattoria Lincoln,nazarena moreno,10,5,Drinks - lincoln,,9/26/26 9:40 AM,9/26/26 9:45 AM,5 minutes and 6 seconds,Manuel Belmonte
IT Italian Trattoria Lincoln,Kokoe Avoumado,16,,Pasta - lincoln,,9/26/26 10:01 AM,9/26/26 10:06 AM,4 minutes and 54 seconds,Manuel Belmonte
IT Italian Trattoria Lincoln,Kokoe Avoumado,16,,Bar Station - lincoln,,9/26/26 10:01 AM,9/26/26 10:06 AM,4 minutes and 54 seconds,Manuel Belmonte
IT Italian Trattoria Lincoln,Kokoe Avoumado,16,,Drinks - lincoln,,9/26/26 10:01 AM,9/26/26 10:06 AM,4 minutes and 54 seconds,Manuel Belmonte
IT Italian Trattoria Lincoln,Kokoe Avoumado,20,,Pasta - lincoln,,9/26/26 10:10 AM,9/26/26 10:10 AM,15 seconds,Manuel Belmonte
IT Italian Trattoria Lincoln,Kokoe Avoumado,22,,Pasta - lincoln,,9/26/26 10:14 AM,9/26/26 10:15 AM,44 seconds,Manuel Belmonte
IT Italian Trattoria Lincoln,nazarena moreno,26,4,Pasta - lincoln,,9/26/26 10:24 AM,9/26/26 10:24 AM,23 seconds,Manuel Belmonte
IT Italian Trattoria Lincoln,nazarena moreno,26,4,Bar Station - lincoln,,9/26/26 10:24 AM,9/26/26 10:24 AM,23 seconds,Manuel Belmonte
IT Italian Trattoria Lincoln,nazarena moreno,26,4,Drinks - lincoln,,9/26/26 10:24 AM,9/26/26 10:24 AM,23 seconds,Manuel Belmonte
IT Italian Trattoria Lincoln,nazarena moreno,23,8,Pasta - lincoln,,9/26/26 10:21 AM,9/26/26 10:27 AM,5 minutes and 48 seconds,Manuel Belmonte
IT Italian Trattoria Lincoln,nazarena moreno,23,8,Bar Station - lincoln,,9/26/26 10:21 AM,9/26/26 10:27 AM,5 minutes and 48 seconds,Manuel Belmonte
IT Italian Trattoria Lincoln,nazarena moreno,23,8,Drinks - lincoln,,9/26/26 10:21 AM,9/26/26 10:27 AM,5 minutes and 48 seconds,Manuel Belmonte
IT Italian Trattoria Lincoln,nazarena moreno,23,8,Pasta - lincoln,,9/26/26 10:32 AM,9/26/26 10:36 AM,3 minutes and 43 seconds,Manuel Belmonte
IT Italian Trattoria Lincoln,nazarena moreno,23,8,Bar Station - lincoln,,9/26/26 10:32 AM,9/26/26 10:36 AM,3 minutes and 43 seconds,Manuel Belmonte
IT Italian Trattoria Lincoln,nazarena moreno,23,8,Drinks - lincoln,,9/26/26 10:32 AM,9/26/26 10:36 AM,3 minutes and 43 seconds,Manuel Belmonte
IT Italian Trattoria Lincoln,,37,,Pasta - lincoln,,9/26/26 10:52 AM,9/26/26 11:00 AM,7 minutes and 42 seconds,Manuel Belmonte
IT Italian Trattoria Lincoln,Kokoe Avoumado,36,,Pasta - lincoln,,9/26/26 10:54 AM,9/26/26 11:05 AM,11 minutes and 7 seconds,Manuel Belmonte
IT Italian Trattoria Lincoln,Kokoe Avoumado,36,,Bar Station - lincoln,,9/26/26 10:54 AM,9/26/26 11:05 AM,11 minutes and 7 seconds,Manuel Belmonte
IT Italian Trattoria Lincoln,Kokoe Avoumado,36,,Drinks - lincoln,,9/26/26 10:54 AM,9/26/26 11:05 AM,11 minutes and 7 seconds,Manuel Belmonte
IT Italian Trattoria Lincoln,nazarena moreno,42,,Pasta - lincoln,,9/26/26 11:04 AM,9/26/26 11:05 AM,1 minute and 28 seconds,Manuel Belmonte
IT Italian Trattoria Lincoln,nazarena moreno,41,,Pasta - lincoln,,9/26/26 11:02 AM,9/26/26 11:08 AM,5 minutes and 20 seconds,Manuel Belmonte
IT Italian Trattoria Lincoln,nazarena moreno,41,,Bar Station - lincoln,,9/26/26 11:02 AM,9/26/26 11:08 AM,5 minutes and 20 seconds,Manuel Belmonte
IT Italian Trattoria Lincoln,nazarena moreno,41,,Drinks - lincoln,,9/26/26 11:02 AM,9/26/26 11:08 AM,5 minutes and 20 seconds,Manuel Belmonte
IT Italian Trattoria Lincoln,nazarena moreno,43,,Pasta - lincoln,,9/26/26 11:06 AM,9/26/26 11:08 AM,1 minute and 27 seconds,Manuel Belmonte
IT Italian Trattoria Lincoln,nazarena moreno,43,,Bar Station - lincoln,,9/26/26 11:06 AM,9/26/26 11:08 AM,1 minute and 27 seconds,Manuel Belmonte
IT Italian Trattoria Lincoln,nazarena moreno,43,,Drinks - lincoln,,9/26/26 11:06 AM,9/26/26 11:08 AM,1 minute and 27 seconds,Manuel Belmonte
IT Italian Trattoria Lincoln,nazarena moreno,45,,Pasta - lincoln,,9/26/26 11:10 AM,9/26/26 11:11 AM,1 minute and 6 seconds,Manuel Belmonte
IT Italian Trattoria Lincoln,nazarena moreno,45,,Bar Station - lincoln,,9/26/26 11:10 AM,9/26/26 11:11 AM,1 minute and 6 seconds,Manuel Belmonte
IT Italian Trattoria Lincoln,nazarena moreno,45,,Drinks - lincoln,,9/26/26 11:10 AM,9/26/26 11:11 AM,1 minute and 6 seconds,Manuel Belmonte
IT Italian Trattoria Lincoln,nazarena moreno,47,,Pasta - lincoln,,9/26/26 11:16 AM,9/26/26 11:22 AM,5 minutes and 57 seconds,Manuel Belmonte
IT Italian Trattoria Lincoln,nazarena moreno,47,,Bar Station - lincoln,,9/26/26 11:16 AM,9/26/26 11:22 AM,5 minutes and 57 seconds,Manuel Belmonte
IT Italian Trattoria Lincoln,nazarena moreno,47,,Drinks - lincoln,,9/26/26 11:16 AM,9/26/26 11:22 AM,5 minutes and 57 seconds,Manuel Belmonte
IT Italian Trattoria Lincoln,nazarena moreno,49,,Pasta - lincoln,,9/26/26 11:27 AM,9/26/26 11:33 AM,5 minutes and 45 seconds,Manuel Belmonte
IT Italian Trattoria Lincoln,nazarena moreno,49,,Bar Station - lincoln,,9/26/26 11:27 AM,9/26/26 11:33 AM,5 minutes and 45 seconds,Manuel Belmonte
IT Italian Trattoria Lincoln,nazarena moreno,49,,Drinks - lincoln,,9/26/26 11:27 AM,9/26/26 11:33 AM,5 minutes and 45 seconds,Manuel Belmonte
IT Italian Trattoria Lincoln,nazarena moreno,51,,Pasta - lincoln,,9/26/26 11:33 AM,9/26/26 11:36 AM,3 minutes and 5 seconds,Manuel Belmonte
IT Italian Trattoria Lincoln,nazarena moreno,51,,Bar Station - lincoln,,9/26/26 11:33 AM,9/26/26 11:36 AM,3 minutes and 5 seconds,Manuel Belmonte
IT Italian Trattoria Lincoln,nazarena moreno,51,,Drinks - lincoln,,9/26/26 11:33 AM,9/26/26 11:36 AM,3 minutes and 5 seconds,Manuel Belmonte
IT Italian Trattoria Lincoln,nazarena moreno,55,,Pasta - lincoln,,9/26/26 11:40 AM,9/26/26 11:48 AM,7 minutes and 59 seconds,Manuel Belmonte
IT Italian Trattoria Lincoln,nazarena moreno,55,,Bar Station - lincoln,,9/26/26 11:40 AM,9/26/26 11:48 AM,7 minutes and 59 seconds,Manuel Belmonte
IT Italian Trattoria Lincoln,nazarena moreno,55,,Drinks - lincoln,,9/26/26 11:40 AM,9/26/26 11:48 AM,7 minutes and 59 seconds,Manuel Belmonte
IT Italian Trattoria Lincoln,nazarena moreno,54,,Pasta - lincoln,,9/26/26 11:46 AM,9/26/26 11:48 AM,1 minute and 57 seconds,Manuel Belmonte
IT Italian Trattoria Lincoln,nazarena moreno,62,,Pasta - lincoln,,9/26/26 12:00 PM,9/26/26 12:01 PM,1 minute and 1 second,Manuel Belmonte
IT Italian Trattoria Lincoln,Manuel Belmonte,60,32,Pasta - lincoln,,9/26/26 11:55 AM,9/26/26 12:07 PM,11 minutes and 40 seconds,Manuel Belmonte
IT Italian Trattoria Lincoln,Manuel Belmonte,60,32,Bar Station - lincoln,,9/26/26 11:55 AM,9/26/26 12:07 PM,11 minutes and 40 seconds,Manuel Belmonte
IT Italian Trattoria Lincoln,Manuel Belmonte,60,32,Drinks - lincoln,,9/26/26 11:55 AM,9/26/26 12:07 PM,11 minutes and 40 seconds,Manuel Belmonte
IT Italian Trattoria Lincoln,nazarena moreno,65,10,Pasta - lincoln,,9/26/26 12:04 PM,9/26/26 12:14 PM,9 minutes and 35 seconds,Manuel Belmonte
IT Italian Trattoria Lincoln,Kokoe Avoumado,66,,Pasta - lincoln,,9/26/26 12:05 PM,9/26/26 12:14 PM,9 minutes,Manuel Belmonte
IT Italian Trattoria Lincoln,nazarena moreno,70,23,Pasta - lincoln,,9/26/26 12:20 PM,9/26/26 12:22 PM,2 minutes and 31 seconds,Manuel Belmonte
IT Italian Trattoria Lincoln,nazarena moreno,70,23,Bar Station - lincoln,,9/26/26 12:20 PM,9/26/26 12:22 PM,2 minutes and 31 seconds,Manuel Belmonte
IT Italian Trattoria Lincoln,nazarena moreno,70,23,Drinks - lincoln,,9/26/26 12:20 PM,9/26/26 12:22 PM,2 minutes and 31 seconds,Manuel Belmonte
IT Italian Trattoria Lincoln,Manuel Belmonte,71,31,Pasta - lincoln,,9/26/26 12:25 PM,9/26/26 12:36 PM,10 minutes and 58 seconds,Manuel Belmonte
IT Italian Trattoria Lincoln,Manuel Belmonte,71,31,Bar Station - lincoln,,9/26/26 12:25 PM,9/26/26 12:36 PM,10 minutes and 58 seconds,Manuel Belmonte
IT Italian Trattoria Lincoln,Manuel Belmonte,71,31,Drinks - lincoln,,9/26/26 12:25 PM,9/26/26 12:36 PM,10 minutes and 58 seconds,Manuel Belmonte
IT Italian Trattoria Lincoln,nazarena moreno,68,8,Pasta - lincoln,,9/26/26 12:40 PM,9/26/26 12:45 PM,4 minutes and 47 seconds,Manuel Belmonte
IT Italian Trattoria Lincoln,Manuel Belmonte,77,24,Pasta - lincoln,,9/26/26 12:50 PM,9/26/26 12:52 PM,1 minute and 49 seconds,Manuel Belmonte
IT Italian Trattoria Lincoln,Manuel Belmonte,77,24,Bar Station - lincoln,,9/26/26 12:50 PM,9/26/26 12:52 PM,1 minute and 49 seconds,Manuel Belmonte
IT Italian Trattoria Lincoln,Manuel Belmonte,77,24,Drinks - lincoln,,9/26/26 12:50 PM,9/26/26 12:52 PM,1 minute and 49 seconds,Manuel Belmonte
IT Italian Trattoria Lincoln,Manuel Belmonte,79,105,Pasta - lincoln,,9/26/26 1:14 PM,9/26/26 1:24 PM,9 minutes and 46 seconds,Manuel Belmonte
IT Italian Trattoria Lincoln,Kokoe Avoumado,78,,Pasta - lincoln,,9/26/26 1:27 PM,9/26/26 1:31 PM,4 minutes and 2 seconds,Manuel Belmonte
IT Italian Trattoria Lincoln,Kokoe Avoumado,78,,Bar Station - lincoln,,9/26/26 1:27 PM,9/26/26 1:31 PM,4 minutes and 2 seconds,Manuel Belmonte
IT Italian Trattoria Lincoln,Kokoe Avoumado,78,,Drinks - lincoln,,9/26/26 1:27 PM,9/26/26 1:31 PM,4 minutes and 2 seconds,Manuel Belmonte
IT Italian Trattoria Lincoln,Kokoe Avoumado,84,,Pasta - lincoln,,9/26/26 1:30 PM,9/26/26 1:31 PM,1 minute and 28 seconds,Manuel Belmonte
IT Italian Trattoria Lincoln,nazarena moreno,82,211,Pasta - lincoln,,9/26/26 1:25 PM,9/26/26 1:36 PM,11 minutes and 45 seconds,Manuel Belmonte
IT Italian Trattoria Lincoln,nazarena moreno,82,211,Bar Station - lincoln,,9/26/26 1:25 PM,9/26/26 1:36 PM,11 minutes and 45 seconds,Manuel Belmonte
IT Italian Trattoria Lincoln,nazarena moreno,82,211,Drinks - lincoln,,9/26/26 1:25 PM,9/26/26 1:36 PM,11 minutes and 45 seconds,Manuel Belmonte
IT Italian Trattoria Lincoln,Kokoe Avoumado,85,,Pasta - lincoln,,9/26/26 1:38 PM,9/26/26 1:41 PM,3 minutes and 18 seconds,Manuel Belmonte
IT Italian Trattoria Lincoln,nazarena moreno,83,22,Pasta - lincoln,,9/26/26 1:28 PM,9/26/26 1:43 PM,15 minutes and 3 seconds,Manuel Belmonte
IT Italian Trattoria Lincoln,nazarena moreno,83,22,Pasta - lincoln,,9/26/26 1:28 PM,9/26/26 1:46 PM,18 minutes and 20 seconds,Manuel Belmonte
IT Italian Trattoria Lincoln,nazarena moreno,83,22,Bar Station - lincoln,,9/26/26 1:28 PM,9/26/26 1:46 PM,18 minutes and 20 seconds,Manuel Belmonte
IT Italian Trattoria Lincoln,nazarena moreno,83,22,Drinks - lincoln,,9/26/26 1:28 PM,9/26/26 1:46 PM,18 minutes and 20 seconds,Manuel Belmonte
IT Italian Trattoria Lincoln,nazarena moreno,88,100,Pasta - lincoln,,9/26/26 1:47 PM,9/26/26 1:53 PM,6 minutes and 8 seconds,Manuel Belmonte
IT Italian Trattoria Lincoln,Kokoe Avoumado,86,,Pasta - lincoln,,9/26/26 1:52 PM,9/26/26 1:54 PM,1 minute and 17 seconds,Manuel Belmonte
IT Italian Trattoria Lincoln,nazarena moreno,87,206,Pasta - lincoln,,9/26/26 1:49 PM,9/26/26 1:59 PM,9 minutes and 48 seconds,Manuel Belmonte
IT Italian Trattoria Lincoln,nazarena moreno,87,206,Bar Station - lincoln,,9/26/26 1:49 PM,9/26/26 1:59 PM,9 minutes and 48 seconds,Manuel Belmonte
IT Italian Trattoria Lincoln,nazarena moreno,87,206,Drinks - lincoln,,9/26/26 1:49 PM,9/26/26 1:59 PM,9 minutes and 48 seconds,Manuel Belmonte
IT Italian Trattoria Lincoln,Manuel Belmonte,89,300,Pasta - lincoln,,9/26/26 1:55 PM,9/26/26 2:02 PM,6 minutes and 56 seconds,Manuel Belmonte
IT Italian Trattoria Lincoln,Manuel Belmonte,92,30,Pasta - lincoln,,9/26/26 1:57 PM,9/26/26 2:05 PM,7 minutes and 53 seconds,Manuel Belmonte
IT Italian Trattoria Lincoln,Manuel Belmonte,94,20,Pasta - lincoln,,9/26/26 2:08 PM,9/26/26 2:13 PM,4 minutes and 23 seconds,Manuel Belmonte
IT Italian Trattoria Lincoln,Manuel Belmonte,94,20,Bar Station - lincoln,,9/26/26 2:08 PM,9/26/26 2:13 PM,4 minutes and 23 seconds,Manuel Belmonte
IT Italian Trattoria Lincoln,Manuel Belmonte,94,20,Drinks - lincoln,,9/26/26 2:08 PM,9/26/26 2:13 PM,4 minutes and 23 seconds,Manuel Belmonte
IT Italian Trattoria Lincoln,nazarena moreno,82,211,Pasta - lincoln,,9/26/26 2:23 PM,9/26/26 2:25 PM,1 minute and 13 seconds,Manuel Belmonte
IT Italian Trattoria Lincoln,Kokoe Avoumado,97,,Pasta - lincoln,,9/26/26 2:14 PM,9/26/26 2:25 PM,10 minutes and 30 seconds,Manuel Belmonte
IT Italian Trattoria Lincoln,nazarena moreno,100,8,Pasta - lincoln,,9/26/26 2:22 PM,9/26/26 2:29 PM,7 minutes and 3 seconds,Manuel Belmonte
IT Italian Trattoria Lincoln,nazarena moreno,104,302,Pasta - lincoln,,9/26/26 2:28 PM,9/26/26 2:34 PM,5 minutes and 26 seconds,Manuel Belmonte
IT Italian Trattoria Lincoln,nazarena moreno,105,106,Pasta - lincoln,,9/26/26 2:31 PM,9/26/26 2:38 PM,7 minutes and 14 seconds,Manuel Belmonte
IT Italian Trattoria Lincoln,nazarena moreno,105,106,Bar Station - lincoln,,9/26/26 2:31 PM,9/26/26 2:38 PM,7 minutes and 14 seconds,Manuel Belmonte
IT Italian Trattoria Lincoln,nazarena moreno,105,106,Drinks - lincoln,,9/26/26 2:31 PM,9/26/26 2:38 PM,7 minutes and 14 seconds,Manuel Belmonte
IT Italian Trattoria Lincoln,nazarena moreno,87,206,Pasta - lincoln,,9/26/26 2:37 PM,9/26/26 2:38 PM,54 seconds,Manuel Belmonte
IT Italian Trattoria Lincoln,Manuel Belmonte,98,32,Pasta - lincoln,,9/26/26 2:33 PM,9/26/26 2:42 PM,9 minutes and 8 seconds,Manuel Belmonte
IT Italian Trattoria Lincoln,Manuel Belmonte,98,32,Bar Station - lincoln,,9/26/26 2:33 PM,9/26/26 2:42 PM,9 minutes and 8 seconds,Manuel Belmonte
IT Italian Trattoria Lincoln,Manuel Belmonte,98,32,Drinks - lincoln,,9/26/26 2:33 PM,9/26/26 2:42 PM,9 minutes and 8 seconds,Manuel Belmonte
IT Italian Trattoria Lincoln,nazarena moreno,106,204,Pasta - lincoln,,9/26/26 2:34 PM,9/26/26 2:48 PM,13 minutes and 17 seconds,Manuel Belmonte
IT Italian Trattoria Lincoln,Manuel Belmonte,92,30,Pasta - lincoln,,9/26/26 2:41 PM,9/26/26 2:51 PM,10 minutes and 14 seconds,Manuel Belmonte
IT Italian Trattoria Lincoln,Manuel Belmonte,107,200,Pasta - lincoln,,9/26/26 2:37 PM,9/26/26 2:53 PM,16 minutes and 6 seconds,Manuel Belmonte
IT Italian Trattoria Lincoln,Kokoe Avoumado,108,,Pasta - lincoln,,9/26/26 2:38 PM,9/26/26 2:57 PM,19 minutes and 12 seconds,Manuel Belmonte
IT Italian Trattoria Lincoln,Kokoe Avoumado,110,,Pasta - lincoln,,9/26/26 2:49 PM,9/26/26 2:58 PM,9 minutes and 39 seconds,Manuel Belmonte
IT Italian Trattoria Lincoln,Kokoe Avoumado,110,,Bar Station - lincoln,,9/26/26 2:49 PM,9/26/26 2:58 PM,9 minutes and 39 seconds,Manuel Belmonte
IT Italian Trattoria Lincoln,Kokoe Avoumado,110,,Drinks - lincoln,,9/26/26 2:49 PM,9/26/26 2:58 PM,9 minutes and 39 seconds,Manuel Belmonte
IT Italian Trattoria Lincoln,Kokoe Avoumado,109,,Pasta - lincoln,,9/26/26 2:41 PM,9/26/26 3:01 PM,19 minutes and 29 seconds,Manuel Belmonte
IT Italian Trattoria Lincoln,Manuel Belmonte,111,205,Pasta - lincoln,,9/26/26 2:48 PM,9/26/26 3:02 PM,14 minutes and 14 seconds,Manuel Belmonte
IT Italian Trattoria Lincoln,nazarena moreno,106,204,Pasta - lincoln,,9/26/26 2:34 PM,9/26/26 3:07 PM,32 minutes and 55 seconds,Manuel Belmonte
IT Italian Trattoria Lincoln,Manuel Belmonte,118,200,Pasta - lincoln,,9/26/26 3:26 PM,9/26/26 3:36 PM,9 minutes and 45 seconds,Manuel Belmonte
IT Italian Trattoria Lincoln,Manuel Belmonte,121,1,Pasta - lincoln,,9/26/26 3:30 PM,9/26/26 3:41 PM,11 minutes and 11 seconds,Manuel Belmonte
IT Italian Trattoria Lincoln,Manuel Belmonte,119,6,Pasta - lincoln,,9/26/26 3:27 PM,9/26/26 3:43 PM,15 minutes and 27 seconds,Manuel Belmonte
IT Italian Trattoria Lincoln,Manuel Belmonte,119,6,Bar Station - lincoln,,9/26/26 3:27 PM,9/26/26 3:43 PM,15 minutes and 27 seconds,Manuel Belmonte
IT Italian Trattoria Lincoln,Manuel Belmonte,122,106,Pasta - lincoln,,9/26/26 3:34 PM,9/26/26 3:43 PM,8 minutes and 52 seconds,Manuel Belmonte
IT Italian Trattoria Lincoln,Manuel Belmonte,119,6,Drinks - lincoln,,9/26/26 3:27 PM,9/26/26 3:43 PM,15 minutes and 27 seconds,Manuel Belmonte
IT Italian Trattoria Lincoln,Manuel Belmonte,126,21,Pasta - lincoln,,9/26/26 4:12 PM,9/26/26 4:22 PM,9 minutes and 52 seconds,Manuel Belmonte
IT Italian Trattoria Lincoln,Manuel Belmonte,126,21,Pasta - lincoln,,9/26/26 4:17 PM,9/26/26 4:22 PM,5 minutes and 28 seconds,Manuel Belmonte
IT Italian Trattoria Lincoln,Manuel Belmonte,117,8,Pasta - lincoln,,9/26/26 4:25 PM,9/26/26 4:40 PM,14 minutes and 40 seconds,Manuel Belmonte
IT Italian Trattoria Lincoln,Manuel Belmonte,130,102,Pasta - lincoln,,9/26/26 4:28 PM,9/26/26 4:40 PM,12 minutes and 2 seconds,Manuel Belmonte
IT Italian Trattoria Lincoln,Manuel Belmonte,130,102,Pasta - lincoln,,9/26/26 4:29 PM,9/26/26 4:40 PM,11 minutes and 41 seconds,Manuel Belmonte
IT Italian Trattoria Lincoln,Manuel Belmonte,133,7,Pasta - lincoln,,9/26/26 4:36 PM,9/26/26 4:40 PM,4 minutes and 36 seconds,Manuel Belmonte
IT Italian Trattoria Lincoln,Manuel Belmonte,131,20,Pasta - lincoln,,9/26/26 4:32 PM,9/26/26 4:40 PM,8 minutes and 42 seconds,Manuel Belmonte
IT Italian Trattoria Lincoln,Manuel Belmonte,117,8,Pasta - lincoln,,9/26/26 4:50 PM,9/26/26 4:52 PM,1 minute and 59 seconds,Manuel Belmonte
IT Italian Trattoria Lincoln,James Arcinegas,134,,Pasta - lincoln,,9/26/26 4:46 PM,9/26/26 4:57 PM,11 minutes and 18 seconds,Manuel Belmonte
IT Italian Trattoria Lincoln,Manuel Belmonte,117,8,Pasta - lincoln,,9/26/26 4:49 PM,9/26/26 4:57 PM,8 minutes and 18 seconds,Manuel Belmonte
IT Italian Trattoria Lincoln,Manuel Belmonte,135,200,Pasta - lincoln,,9/26/26 4:46 PM,9/26/26 4:59 PM,13 minutes and 19 seconds,Manuel Belmonte
IT Italian Trattoria Lincoln,Manuel Belmonte,137,10,Pasta - lincoln,,9/26/26 4:50 PM,9/26/26 5:00 PM,9 minutes and 26 seconds,Manuel Belmonte
IT Italian Trattoria Lincoln,James Arcinegas,136,,Pasta - lincoln,,9/26/26 4:47 PM,9/26/26 5:00 PM,12 minutes and 58 seconds,Manuel Belmonte
IT Italian Trattoria Lincoln,James Arcinegas,139,,Pasta - lincoln,,9/26/26 5:09 PM,9/26/26 5:12 PM,2 minutes and 36 seconds,Manuel Belmonte
IT Italian Trattoria Lincoln,Manuel Belmonte,117,8,Pasta - lincoln,,9/26/26 5:11 PM,9/26/26 5:12 PM,23 seconds,Manuel Belmonte
IT Italian Trattoria Lincoln,James Arcinegas,143,,Pasta - lincoln,,9/26/26 5:26 PM,9/26/26 5:27 PM,53 seconds,Manuel Belmonte
IT Italian Trattoria Lincoln,James Arcinegas,145,,Pasta - lincoln,,9/26/26 5:46 PM,9/26/26 6:00 PM,14 minutes and 18 seconds,Manuel Belmonte
IT Italian Trattoria Lincoln,tom troussicot,147,6,Pasta - lincoln,,9/26/26 5:47 PM,9/26/26 6:01 PM,13 minutes and 36 seconds,Manuel Belmonte
IT Italian Trattoria Lincoln,James Arcinegas,151,,Pasta - lincoln,,9/26/26 6:12 PM,9/26/26 6:16 PM,4 minutes and 22 seconds,Manuel Belmonte
IT Italian Trattoria Lincoln,James Arcinegas,151,,Bar Station - lincoln,,9/26/26 6:12 PM,9/26/26 6:16 PM,4 minutes and 22 seconds,Manuel Belmonte
IT Italian Trattoria Lincoln,James Arcinegas,151,,Drinks - lincoln,,9/26/26 6:12 PM,9/26/26 6:16 PM,4 minutes and 22 seconds,Manuel Belmonte
IT Italian Trattoria Lincoln,Manuel Belmonte,153,B2,Pasta - lincoln,,9/26/26 6:14 PM,9/26/26 6:23 PM,9 minutes and 1 second,Manuel Belmonte
IT Italian Trattoria Lincoln,James Arcinegas,152,,Pasta - lincoln,,9/26/26 6:15 PM,9/26/26 6:29 PM,13 minutes and 45 seconds,Manuel Belmonte
IT Italian Trattoria Lincoln,James Arcinegas,152,,Bar Station - lincoln,,9/26/26 6:15 PM,9/26/26 6:29 PM,13 minutes and 45 seconds,Manuel Belmonte
IT Italian Trattoria Lincoln,tom troussicot,156,,Pasta - lincoln,,9/26/26 6:20 PM,9/26/26 6:29 PM,9 minutes,Manuel Belmonte
IT Italian Trattoria Lincoln,James Arcinegas,152,,Drinks - lincoln,,9/26/26 6:15 PM,9/26/26 6:29 PM,13 minutes and 45 seconds,Manuel Belmonte
IT Italian Trattoria Lincoln,Manuel Belmonte,158,105,Pasta - lincoln,,9/26/26 6:30 PM,9/26/26 6:35 PM,5 minutes and 7 seconds,Manuel Belmonte
IT Italian Trattoria Lincoln,Manuel Belmonte,163,300,Pasta - lincoln,,9/26/26 6:38 PM,9/26/26 6:43 PM,4 minutes and 51 seconds,Manuel Belmonte
IT Italian Trattoria Lincoln,Manuel Belmonte,158,105,Pasta - lincoln,,9/26/26 6:49 PM,9/26/26 7:01 PM,11 minutes and 49 seconds,Manuel Belmonte
IT Italian Trattoria Lincoln,Manuel Belmonte,158,105,Bar Station - lincoln,,9/26/26 6:49 PM,9/26/26 7:01 PM,11 minutes and 49 seconds,Manuel Belmonte
IT Italian Trattoria Lincoln,Manuel Belmonte,158,105,Drinks - lincoln,,9/26/26 6:49 PM,9/26/26 7:01 PM,11 minutes and 49 seconds,Manuel Belmonte
IT Italian Trattoria Lincoln,Manuel Belmonte,166,206,Pasta - lincoln,,9/26/26 7:10 PM,9/26/26 7:13 PM,3 minutes,Manuel Belmonte
IT Italian Trattoria Lincoln,tom troussicot,168,9,Pasta - lincoln,,9/26/26 7:13 PM,9/26/26 7:20 PM,7 minutes and 1 second,Manuel Belmonte
IT Italian Trattoria Lincoln,Manuel Belmonte,165,7,Pasta - lincoln,,9/26/26 7:08 PM,9/26/26 7:20 PM,11 minutes and 19 seconds,Manuel Belmonte
IT Italian Trattoria Lincoln,Manuel Belmonte,174,20,Pasta - lincoln,,9/26/26 7:43 PM,9/26/26 7:50 PM,7 minutes and 3 seconds,Manuel Belmonte
IT Italian Trattoria Lincoln,Manuel Belmonte,176,300,Pasta - lincoln,,9/26/26 7:46 PM,9/26/26 8:00 PM,14 minutes and 33 seconds,Manuel Belmonte
IT Italian Trattoria Lincoln,Manuel Belmonte,178,100,Pasta - lincoln,,9/26/26 8:08 PM,9/26/26 8:10 PM,2 minutes and 8 seconds,Manuel Belmonte
IT Italian Trattoria Lincoln,Manuel Belmonte,178,100,Bar Station - lincoln,,9/26/26 8:08 PM,9/26/26 8:10 PM,2 minutes and 8 seconds,Manuel Belmonte
IT Italian Trattoria Lincoln,Manuel Belmonte,178,100,Drinks - lincoln,,9/26/26 8:08 PM,9/26/26 8:10 PM,2 minutes and 8 seconds,Manuel Belmonte
IT Italian Trattoria Lincoln,Manuel Belmonte,178,100,Pasta - lincoln,,9/26/26 8:07 PM,9/26/26 8:13 PM,5 minutes and 26 seconds,Manuel Belmonte
IT Italian Trattoria Lincoln,Manuel Belmonte,181,9,Pasta - lincoln,,9/26/26 8:19 PM,9/26/26 8:26 PM,6 minutes and 54 seconds,Manuel Belmonte
IT Italian Trattoria Lincoln,tom troussicot,184,,Pasta - lincoln,,9/26/26 8:25 PM,9/26/26 8:33 PM,7 minutes and 22 seconds,Manuel Belmonte
IT Italian Trattoria Lincoln,Manuel Belmonte,185,8,Pasta - lincoln,,9/26/26 8:33 PM,9/26/26 8:47 PM,13 minutes and 6 seconds,Manuel Belmonte
IT Italian Trattoria Lincoln,James Arcinegas,187,,Pasta - lincoln,,9/26/26 8:40 PM,9/26/26 8:55 PM,14 minutes and 41 seconds,Manuel Belmonte
IT Italian Trattoria Lincoln,James Arcinegas,187,,Bar Station - lincoln,,9/26/26 8:40 PM,9/26/26 8:55 PM,14 minutes and 41 seconds,Manuel Belmonte
IT Italian Trattoria Lincoln,James Arcinegas,187,,Drinks - lincoln,,9/26/26 8:40 PM,9/26/26 8:55 PM,14 minutes and 41 seconds,Manuel Belmonte
IT Italian Trattoria Lincoln,Manuel Belmonte,178,100,Pasta - lincoln,,9/26/26 8:38 PM,9/26/26 8:56 PM,17 minutes and 56 seconds,Manuel Belmonte
IT Italian Trattoria Lincoln,Manuel Belmonte,190,21,Pasta - lincoln,,9/26/26 8:47 PM,9/26/26 8:56 PM,8 minutes and 47 seconds,Manuel Belmonte
IT Italian Trattoria Lincoln,Manuel Belmonte,189,30,Pasta - lincoln,,9/26/26 8:46 PM,9/26/26 9:05 PM,18 minutes and 22 seconds,Manuel Belmonte
IT Italian Trattoria Lincoln,tom troussicot,194,22,Pasta - lincoln,,9/26/26 8:58 PM,9/26/26 9:09 PM,11 minutes and 39 seconds,Manuel Belmonte
IT Italian Trattoria Lincoln,Manuel Belmonte,193,204,Pasta - lincoln,,9/26/26 8:52 PM,9/26/26 9:09 PM,17 minutes and 28 seconds,Manuel Belmonte
IT Italian Trattoria Lincoln,tom troussicot,195,20,Pasta - lincoln,,9/26/26 9:03 PM,9/26/26 9:13 PM,9 minutes and 46 seconds,Manuel Belmonte
IT Italian Trattoria Lincoln,tom troussicot,201,23,Pasta - lincoln,,9/26/26 9:27 PM,9/26/26 9:32 PM,4 minutes and 9 seconds,Manuel Belmonte
IT Italian Trattoria Lincoln,tom troussicot,201,23,Bar Station - lincoln,,9/26/26 9:27 PM,9/26/26 9:32 PM,4 minutes and 9 seconds,Manuel Belmonte
IT Italian Trattoria Lincoln,tom troussicot,201,23,Drinks - lincoln,,9/26/26 9:27 PM,9/26/26 9:32 PM,4 minutes and 9 seconds,Manuel Belmonte
IT Italian Trattoria Lincoln,tom troussicot,202,21,Pasta - lincoln,,9/26/26 9:38 PM,9/26/26 9:45 PM,7 minutes and 42 seconds,Manuel Belmonte
IT Italian Trattoria Lincoln,tom troussicot,147,6,Pasta - lincoln,,9/26/26 9:54 PM,9/26/26 9:59 PM,5 minutes and 5 seconds,Manuel Belmonte
IT Italian Trattoria Lincoln,tom troussicot,205,22,Pasta - lincoln,,9/26/26 10:04 PM,9/26/26 10:11 PM,7 minutes and 35 seconds,Manuel Belmonte
IT Italian Trattoria Lincoln,James Arcinegas,204,,Pasta - lincoln,,9/26/26 10:15 PM,9/26/26 10:19 PM,3 minutes and 53 seconds,Manuel Belmonte
IT Italian Trattoria Lincoln,James Arcinegas,204,,Bar Station - lincoln,,9/26/26 10:15 PM,9/26/26 10:19 PM,3 minutes and 53 seconds,Manuel Belmonte
IT Italian Trattoria Lincoln,James Arcinegas,204,,Drinks - lincoln,,9/26/26 10:15 PM,9/26/26 10:19 PM,3 minutes and 53 seconds,Manuel Belmonte
IT Italian Trattoria Lincoln,Kokoe Avoumado,2,,Pasta - lincoln,,9/27/26 7:59 AM,9/27/26 8:06 AM,6 minutes and 33 seconds,Manuel Belmonte
IT Italian Trattoria Lincoln,Kokoe Avoumado,2,,Bar Station - lincoln,,9/27/26 7:59 AM,9/27/26 8:06 AM,6 minutes and 33 seconds,Manuel Belmonte
IT Italian Trattoria Lincoln,Kokoe Avoumado,2,,Drinks - lincoln,,9/27/26 7:59 AM,9/27/26 8:06 AM,6 minutes and 33 seconds,Manuel Belmonte
IT Italian Trattoria Lincoln,Kokoe Avoumado,6,,Pasta - lincoln,,9/27/26 9:12 AM,9/27/26 9:19 AM,6 minutes and 41 seconds,Manuel Belmonte
IT Italian Trattoria Lincoln,Kokoe Avoumado,6,,Bar Station - lincoln,,9/27/26 9:12 AM,9/27/26 9:19 AM,6 minutes and 41 seconds,Manuel Belmonte
IT Italian Trattoria Lincoln,Kokoe Avoumado,6,,Drinks - lincoln,,9/27/26 9:12 AM,9/27/26 9:19 AM,6 minutes and 41 seconds,Manuel Belmonte
IT Italian Trattoria Lincoln,Kokoe Avoumado,10,,Pasta - lincoln,,9/27/26 9:28 AM,9/27/26 9:29 AM,1 minute and 49 seconds,Manuel Belmonte
IT Italian Trattoria Lincoln,Kokoe Avoumado,10,,Bar Station - lincoln,,9/27/26 9:28 AM,9/27/26 9:29 AM,1 minute and 49 seconds,Manuel Belmonte
IT Italian Trattoria Lincoln,Kokoe Avoumado,10,,Drinks - lincoln,,9/27/26 9:28 AM,9/27/26 9:29 AM,1 minute and 49 seconds,Manuel Belmonte
IT Italian Trattoria Lincoln,nevrije dosku,9,7,Pasta - lincoln,,9/27/26 9:15 AM,9/27/26 9:29 AM,14 minutes and 39 seconds,Manuel Belmonte
IT Italian Trattoria Lincoln,nevrije dosku,9,7,Bar Station - lincoln,,9/27/26 9:15 AM,9/27/26 9:29 AM,14 minutes and 39 seconds,Manuel Belmonte
IT Italian Trattoria Lincoln,nevrije dosku,9,7,Drinks - lincoln,,9/27/26 9:15 AM,9/27/26 9:29 AM,14 minutes and 39 seconds,Manuel Belmonte
IT Italian Trattoria Lincoln,Kokoe Avoumado,13,,Pasta - lincoln,,9/27/26 9:37 AM,9/27/26 9:38 AM,58 seconds,Manuel Belmonte
IT Italian Trattoria Lincoln,Kokoe Avoumado,13,,Bar Station - lincoln,,9/27/26 9:37 AM,9/27/26 9:38 AM,58 seconds,Manuel Belmonte
IT Italian Trattoria Lincoln,Kokoe Avoumado,13,,Drinks - lincoln,,9/27/26 9:37 AM,9/27/26 9:38 AM,58 seconds,Manuel Belmonte
IT Italian Trattoria Lincoln,nevrije dosku,18,,Pasta - lincoln,,9/27/26 9:46 AM,9/27/26 9:46 AM,12 seconds,Manuel Belmonte
IT Italian Trattoria Lincoln,nevrije dosku,18,,Bar Station - lincoln,,9/27/26 9:46 AM,9/27/26 9:46 AM,12 seconds,Manuel Belmonte
IT Italian Trattoria Lincoln,nevrije dosku,18,,Drinks - lincoln,,9/27/26 9:46 AM,9/27/26 9:46 AM,12 seconds,Manuel Belmonte
IT Italian Trattoria Lincoln,Kokoe Avoumado,22,,Pasta - lincoln,,9/27/26 9:49 AM,9/27/26 9:49 AM,21 seconds,Manuel Belmonte
IT Italian Trattoria Lincoln,nevrije dosku,20,,Pasta - lincoln,,9/27/26 10:03 AM,9/27/26 10:04 AM,1 minute and 36 seconds,Manuel Belmonte
IT Italian Trattoria Lincoln,nevrije dosku,20,,Bar Station - lincoln,,9/27/26 10:03 AM,9/27/26 10:04 AM,1 minute and 36 seconds,Manuel Belmonte
IT Italian Trattoria Lincoln,nevrije dosku,20,,Drinks - lincoln,,9/27/26 10:03 AM,9/27/26 10:04 AM,1 minute and 36 seconds,Manuel Belmonte
IT Italian Trattoria Lincoln,nevrije dosku,23,,Pasta - lincoln,,9/27/26 10:08 AM,9/27/26 10:13 AM,5 minutes and 17 seconds,Manuel Belmonte
IT Italian Trattoria Lincoln,nevrije dosku,23,,Bar Station - lincoln,,9/27/26 10:08 AM,9/27/26 10:13 AM,5 minutes and 17 seconds,Manuel Belmonte
IT Italian Trattoria Lincoln,nevrije dosku,23,,Drinks - lincoln,,9/27/26 10:08 AM,9/27/26 10:13 AM,5 minutes and 17 seconds,Manuel Belmonte
IT Italian Trattoria Lincoln,nevrije dosku,25,,Pasta - lincoln,,9/27/26 10:16 AM,9/27/26 10:17 AM,46 seconds,Manuel Belmonte
IT Italian Trattoria Lincoln,nevrije dosku,30,,Pasta - lincoln,,9/27/26 10:25 AM,9/27/26 10:25 AM,16 seconds,Manuel Belmonte
IT Italian Trattoria Lincoln,nevrije dosku,28,,Pasta - lincoln,,9/27/26 10:21 AM,9/27/26 10:29 AM,7 minutes and 28 seconds,Manuel Belmonte
IT Italian Trattoria Lincoln,nevrije dosku,28,,Bar Station - lincoln,,9/27/26 10:21 AM,9/27/26 10:29 AM,7 minutes and 28 seconds,Manuel Belmonte
IT Italian Trattoria Lincoln,nevrije dosku,28,,Drinks - lincoln,,9/27/26 10:21 AM,9/27/26 10:29 AM,7 minutes and 28 seconds,Manuel Belmonte
IT Italian Trattoria Lincoln,nevrije dosku,38,,Pasta - lincoln,,9/27/26 10:56 AM,9/27/26 11:03 AM,7 minutes and 18 seconds,Manuel Belmonte
IT Italian Trattoria Lincoln,nevrije dosku,38,,Bar Station - lincoln,,9/27/26 10:56 AM,9/27/26 11:03 AM,7 minutes and 18 seconds,Manuel Belmonte
IT Italian Trattoria Lincoln,nevrije dosku,38,,Drinks - lincoln,,9/27/26 10:56 AM,9/27/26 11:03 AM,7 minutes and 18 seconds,Manuel Belmonte
IT Italian Trattoria Lincoln,nevrije dosku,39,,Pasta - lincoln,,9/27/26 10:58 AM,9/27/26 11:03 AM,5 minutes and 42 seconds,Manuel Belmonte
IT Italian Trattoria Lincoln,nevrije dosku,39,,Bar Station - lincoln,,9/27/26 10:58 AM,9/27/26 11:03 AM,5 minutes and 42 seconds,Manuel Belmonte
IT Italian Trattoria Lincoln,nevrije dosku,39,,Drinks - lincoln,,9/27/26 10:58 AM,9/27/26 11:03 AM,5 minutes and 42 seconds,Manuel Belmonte
IT Italian Trattoria Lincoln,nevrije dosku,42,211,Pasta - lincoln,,9/27/26 11:20 AM,9/27/26 11:26 AM,6 minutes and 8 seconds,Manuel Belmonte
IT Italian Trattoria Lincoln,nevrije dosku,42,211,Bar Station - lincoln,,9/27/26 11:20 AM,9/27/26 11:26 AM,6 minutes and 8 seconds,Manuel Belmonte
IT Italian Trattoria Lincoln,nevrije dosku,42,211,Drinks - lincoln,,9/27/26 11:20 AM,9/27/26 11:26 AM,6 minutes and 8 seconds,Manuel Belmonte
IT Italian Trattoria Lincoln,nevrije dosku,43,100,Pasta - lincoln,,9/27/26 11:26 AM,9/27/26 11:35 AM,9 minutes and 21 seconds,Manuel Belmonte
IT Italian Trattoria Lincoln,nevrije dosku,43,100,Bar Station - lincoln,,9/27/26 11:26 AM,9/27/26 11:35 AM,9 minutes and 21 seconds,Manuel Belmonte
IT Italian Trattoria Lincoln,nevrije dosku,43,100,Drinks - lincoln,,9/27/26 11:26 AM,9/27/26 11:35 AM,9 minutes and 21 seconds,Manuel Belmonte
IT Italian Trattoria Lincoln,nevrije dosku,44,,Pasta - lincoln,,9/27/26 11:29 AM,9/27/26 11:40 AM,11 minutes and 25 seconds,Manuel Belmonte
IT Italian Trattoria Lincoln,nevrije dosku,48,,Pasta - lincoln,,9/27/26 12:01 PM,9/27/26 12:09 PM,7 minutes and 47 seconds,Manuel Belmonte
IT Italian Trattoria Lincoln,nevrije dosku,49,,Pasta - lincoln,,9/27/26 12:03 PM,9/27/26 12:09 PM,5 minutes and 44 seconds,Manuel Belmonte
IT Italian Trattoria Lincoln,nevrije dosku,50,,Pasta - lincoln,,9/27/26 12:06 PM,9/27/26 12:19 PM,12 minutes and 26 seconds,Manuel Belmonte
IT Italian Trattoria Lincoln,nevrije dosku,50,,Bar Station - lincoln,,9/27/26 12:06 PM,9/27/26 12:19 PM,12 minutes and 26 seconds,Manuel Belmonte
IT Italian Trattoria Lincoln,nevrije dosku,50,,Drinks - lincoln,,9/27/26 12:06 PM,9/27/26 12:19 PM,12 minutes and 26 seconds,Manuel Belmonte
IT Italian Trattoria Lincoln,nevrije dosku,61,9,Pasta - lincoln,,9/27/26 12:46 PM,9/27/26 12:53 PM,6 minutes and 36 seconds,Manuel Belmonte
IT Italian Trattoria Lincoln,nevrije dosku,61,9,Bar Station - lincoln,,9/27/26 12:46 PM,9/27/26 12:53 PM,6 minutes and 36 seconds,Manuel Belmonte
IT Italian Trattoria Lincoln,nevrije dosku,61,9,Drinks - lincoln,,9/27/26 12:46 PM,9/27/26 12:53 PM,6 minutes and 36 seconds,Manuel Belmonte
IT Italian Trattoria Lincoln,nevrije dosku,65,21 b,Pasta - lincoln,,9/27/26 1:05 PM,9/27/26 1:13 PM,7 minutes and 22 seconds,Manuel Belmonte
IT Italian Trattoria Lincoln,Kokoe Avoumado,69,,Pasta - lincoln,,9/27/26 1:16 PM,9/27/26 1:24 PM,7 minutes and 32 seconds,Manuel Belmonte
IT Italian Trattoria Lincoln,nevrije dosku,66,20,Pasta - lincoln,,9/27/26 1:18 PM,9/27/26 1:27 PM,8 minutes and 40 seconds,Manuel Belmonte
IT Italian Trattoria Lincoln,Manuel Belmonte,72,103,Pasta - lincoln,,9/27/26 1:34 PM,9/27/26 1:41 PM,7 minutes and 36 seconds,Manuel Belmonte
IT Italian Trattoria Lincoln,Manuel Belmonte,73,211,Pasta - lincoln,,9/27/26 1:35 PM,9/27/26 1:42 PM,7 minutes and 44 seconds,Manuel Belmonte
IT Italian Trattoria Lincoln,Manuel Belmonte,75,30,Pasta - lincoln,,9/27/26 1:44 PM,9/27/26 1:50 PM,6 minutes and 6 seconds,Manuel Belmonte
IT Italian Trattoria Lincoln,Manuel Belmonte,75,30,Drinks - lincoln,,9/27/26 1:44 PM,9/27/26 1:50 PM,6 minutes and 6 seconds,Manuel Belmonte
IT Italian Trattoria Lincoln,Manuel Belmonte,75,30,No Print / Expo - lincoln,,9/27/26 1:44 PM,9/27/26 1:50 PM,6 minutes and 6 seconds,Manuel Belmonte
IT Italian Trattoria Lincoln,Manuel Belmonte,75,30,Pizza - lincoln,,9/27/26 1:44 PM,9/27/26 1:50 PM,6 minutes and 6 seconds,Manuel Belmonte
IT Italian Trattoria Lincoln,Manuel Belmonte,75,30,Ensalada - lincoln,,9/27/26 1:44 PM,9/27/26 1:50 PM,6 minutes and 6 seconds,Manuel Belmonte
IT Italian Trattoria Lincoln,Manuel Belmonte,75,30,online ordering - lincoln,,9/27/26 1:44 PM,9/27/26 1:50 PM,6 minutes and 6 seconds,Manuel Belmonte
IT Italian Trattoria Lincoln,Manuel Belmonte,75,30,Bar Station - lincoln,,9/27/26 1:44 PM,9/27/26 1:50 PM,6 minutes and 6 seconds,Manuel Belmonte
IT Italian Trattoria Lincoln,nevrije dosku,76,206,Pasta - lincoln,,9/27/26 1:48 PM,9/27/26 1:50 PM,2 minutes and 17 seconds,Manuel Belmonte
IT Italian Trattoria Lincoln,nevrije dosku,76,206,Bar Station - lincoln,,9/27/26 1:48 PM,9/27/26 1:50 PM,2 minutes and 17 seconds,Manuel Belmonte
IT Italian Trattoria Lincoln,nevrije dosku,76,206,Drinks - lincoln,,9/27/26 1:48 PM,9/27/26 1:50 PM,2 minutes and 17 seconds,Manuel Belmonte
IT Italian Trattoria Lincoln,nevrije dosku,74,9,Pasta - lincoln,,9/27/26 1:42 PM,9/27/26 1:51 PM,8 minutes and 46 seconds,Manuel Belmonte
IT Italian Trattoria Lincoln,James Arcinegas,81,31,Pasta - lincoln,,9/27/26 2:11 PM,9/27/26 2:15 PM,4 minutes and 23 seconds,Manuel Belmonte
IT Italian Trattoria Lincoln,James Arcinegas,81,31,Pasta - lincoln,,9/27/26 2:17 PM,9/27/26 2:27 PM,9 minutes and 57 seconds,Manuel Belmonte
IT Italian Trattoria Lincoln,Manuel Belmonte,89,22,Pasta - lincoln,,9/27/26 2:37 PM,9/27/26 2:45 PM,7 minutes and 50 seconds,Manuel Belmonte
IT Italian Trattoria Lincoln,Manuel Belmonte,88,21,Pasta - lincoln,,9/27/26 2:40 PM,9/27/26 2:45 PM,5 minutes and 6 seconds,Manuel Belmonte
IT Italian Trattoria Lincoln,Manuel Belmonte,88,21,Bar Station - lincoln,,9/27/26 2:40 PM,9/27/26 2:45 PM,5 minutes and 6 seconds,Manuel Belmonte
IT Italian Trattoria Lincoln,Manuel Belmonte,88,21,Drinks - lincoln,,9/27/26 2:40 PM,9/27/26 2:45 PM,5 minutes and 6 seconds,Manuel Belmonte
IT Italian Trattoria Lincoln,James Arcinegas,90,10,Pasta - lincoln,,9/27/26 2:43 PM,9/27/26 2:49 PM,6 minutes and 37 seconds,Manuel Belmonte
IT Italian Trattoria Lincoln,James Arcinegas,92,9,Pasta - lincoln,,9/27/26 2:54 PM,9/27/26 3:00 PM,5 minutes and 54 seconds,Manuel Belmonte
IT Italian Trattoria Lincoln,Kokoe Avoumado,91,,Pasta - lincoln,,9/27/26 3:00 PM,9/27/26 3:05 PM,4 minutes and 59 seconds,Manuel Belmonte
IT Italian Trattoria Lincoln,James Arcinegas,93,200,Pasta - lincoln,,9/27/26 3:05 PM,9/27/26 3:08 PM,2 minutes and 30 seconds,Manuel Belmonte
IT Italian Trattoria Lincoln,James Arcinegas,92,9,Drinks - lincoln,,9/27/26 3:05 PM,9/27/26 3:08 PM,2 minutes and 30 seconds,Manuel Belmonte
IT Italian Trattoria Lincoln,James Arcinegas,92,9,No Print / Expo - lincoln,,9/27/26 3:05 PM,9/27/26 3:08 PM,2 minutes and 30 seconds,Manuel Belmonte
IT Italian Trattoria Lincoln,James Arcinegas,92,9,Pasta - lincoln,,9/27/26 3:05 PM,9/27/26 3:08 PM,2 minutes and 30 seconds,Manuel Belmonte
IT Italian Trattoria Lincoln,James Arcinegas,92,9,Pizza - lincoln,,9/27/26 3:05 PM,9/27/26 3:08 PM,2 minutes and 30 seconds,Manuel Belmonte
IT Italian Trattoria Lincoln,James Arcinegas,92,9,Ensalada - lincoln,,9/27/26 3:05 PM,9/27/26 3:08 PM,2 minutes and 30 seconds,Manuel Belmonte
IT Italian Trattoria Lincoln,James Arcinegas,92,9,online ordering - lincoln,,9/27/26 3:05 PM,9/27/26 3:08 PM,2 minutes and 30 seconds,Manuel Belmonte
IT Italian Trattoria Lincoln,James Arcinegas,92,9,Bar Station - lincoln,,9/27/26 3:05 PM,9/27/26 3:08 PM,2 minutes and 30 seconds,Manuel Belmonte
IT Italian Trattoria Lincoln,Manuel Belmonte,96,32,Pasta - lincoln,,9/27/26 3:07 PM,9/27/26 3:08 PM,1 minute and 2 seconds,Manuel Belmonte
IT Italian Trattoria Lincoln,Kokoe Avoumado,94,,Pasta - lincoln,,9/27/26 3:02 PM,9/27/26 3:09 PM,7 minutes and 19 seconds,Manuel Belmonte
IT Italian Trattoria Lincoln,James Arcinegas,93,200,Drinks - lincoln,,9/27/26 3:09 PM,9/27/26 3:09 PM,55 seconds,Manuel Belmonte
IT Italian Trattoria Lincoln,James Arcinegas,93,200,No Print / Expo - lincoln,,9/27/26 3:09 PM,9/27/26 3:09 PM,55 seconds,Manuel Belmonte
IT Italian Trattoria Lincoln,James Arcinegas,93,200,Pasta - lincoln,,9/27/26 3:09 PM,9/27/26 3:09 PM,55 seconds,Manuel Belmonte
IT Italian Trattoria Lincoln,James Arcinegas,93,200,Pizza - lincoln,,9/27/26 3:09 PM,9/27/26 3:09 PM,55 seconds,Manuel Belmonte
IT Italian Trattoria Lincoln,James Arcinegas,93,200,Ensalada - lincoln,,9/27/26 3:09 PM,9/27/26 3:09 PM,55 seconds,Manuel Belmonte
IT Italian Trattoria Lincoln,James Arcinegas,93,200,online ordering - lincoln,,9/27/26 3:09 PM,9/27/26 3:09 PM,55 seconds,Manuel Belmonte
IT Italian Trattoria Lincoln,James Arcinegas,93,200,Bar Station - lincoln,,9/27/26 3:09 PM,9/27/26 3:09 PM,55 seconds,Manuel Belmonte
IT Italian Trattoria Lincoln,James Arcinegas,93,200,Pasta - lincoln,,9/27/26 3:09 PM,9/27/26 3:09 PM,24 seconds,Manuel Belmonte
IT Italian Trattoria Lincoln,James Arcinegas,93,200,Bar Station - lincoln,,9/27/26 3:09 PM,9/27/26 3:09 PM,24 seconds,Manuel Belmonte
IT Italian Trattoria Lincoln,James Arcinegas,93,200,Drinks - lincoln,,9/27/26 3:09 PM,9/27/26 3:09 PM,24 seconds,Manuel Belmonte
IT Italian Trattoria Lincoln,James Arcinegas,93,200,Pasta - lincoln,,9/27/26 3:07 PM,9/27/26 3:16 PM,8 minutes and 42 seconds,Manuel Belmonte
IT Italian Trattoria Lincoln,Manuel Belmonte,96,32,Pasta - lincoln,,9/27/26 3:05 PM,9/27/26 3:16 PM,10 minutes and 33 seconds,Manuel Belmonte
IT Italian Trattoria Lincoln,Kokoe Avoumado,95,,Pasta - lincoln,,9/27/26 3:16 PM,9/27/26 3:16 PM,5 seconds,Manuel Belmonte
IT Italian Trattoria Lincoln,James Arcinegas,93,200,Pasta - lincoln,,9/27/26 3:08 PM,9/27/26 3:17 PM,9 minutes and 10 seconds,Manuel Belmonte
IT Italian Trattoria Lincoln,Manuel Belmonte,98,105,Pasta - lincoln,,9/27/26 3:17 PM,9/27/26 3:23 PM,5 minutes and 26 seconds,Manuel Belmonte
IT Italian Trattoria Lincoln,Kokoe Avoumado,99,300,Pasta - lincoln,,9/27/26 3:25 PM,9/27/26 3:31 PM,6 minutes and 1 second,Manuel Belmonte
IT Italian Trattoria Lincoln,Manuel Belmonte,101,,Pasta - lincoln,,9/27/26 3:32 PM,9/27/26 3:34 PM,2 minutes and 13 seconds,Manuel Belmonte
IT Italian Trattoria Lincoln,Manuel Belmonte,103,,Pasta - lincoln,,9/27/26 3:37 PM,9/27/26 3:38 PM,47 seconds,Manuel Belmonte
IT Italian Trattoria Lincoln,James Arcinegas,100,2,Pasta - lincoln,,9/27/26 3:27 PM,9/27/26 3:39 PM,12 minutes and 2 seconds,Manuel Belmonte
IT Italian Trattoria Lincoln,James Arcinegas,106,,Pasta - lincoln,,9/27/26 3:55 PM,9/27/26 3:59 PM,4 minutes and 18 seconds,Manuel Belmonte
IT Italian Trattoria Lincoln,James Arcinegas,106,,Bar Station - lincoln,,9/27/26 3:55 PM,9/27/26 3:59 PM,4 minutes and 18 seconds,Manuel Belmonte
IT Italian Trattoria Lincoln,James Arcinegas,106,,Drinks - lincoln,,9/27/26 3:55 PM,9/27/26 3:59 PM,4 minutes and 18 seconds,Manuel Belmonte
IT Italian Trattoria Lincoln,Manuel Belmonte,110,1,Pasta - lincoln,,9/27/26 4:20 PM,9/27/26 4:29 PM,8 minutes and 48 seconds,Manuel Belmonte
IT Italian Trattoria Lincoln,Manuel Belmonte,113,22,Pasta - lincoln,,9/27/26 4:22 PM,9/27/26 4:29 PM,7 minutes and 29 seconds,Manuel Belmonte
IT Italian Trattoria Lincoln,Manuel Belmonte,110,1,Pasta - lincoln,,9/27/26 4:29 PM,9/27/26 4:29 PM,29 seconds,Manuel Belmonte
IT Italian Trattoria Lincoln,Manuel Belmonte,109,103,Pasta - lincoln,,9/27/26 4:19 PM,9/27/26 4:36 PM,16 minutes and 59 seconds,Manuel Belmonte
IT Italian Trattoria Lincoln,Manuel Belmonte,112,21,Pasta - lincoln,,9/27/26 4:27 PM,9/27/26 4:41 PM,13 minutes and 59 seconds,Manuel Belmonte
IT Italian Trattoria Lincoln,Manuel Belmonte,115,200,Pasta - lincoln,,9/27/26 4:35 PM,9/27/26 4:54 PM,18 minutes and 22 seconds,Manuel Belmonte
IT Italian Trattoria Lincoln,Manuel Belmonte,115,200,Drinks - lincoln,,9/27/26 4:38 PM,9/27/26 4:54 PM,16 minutes and 5 seconds,Manuel Belmonte
IT Italian Trattoria Lincoln,Manuel Belmonte,115,200,No Print / Expo - lincoln,,9/27/26 4:38 PM,9/27/26 4:54 PM,16 minutes and 5 seconds,Manuel Belmonte
IT Italian Trattoria Lincoln,Manuel Belmonte,115,200,Pasta - lincoln,,9/27/26 4:38 PM,9/27/26 4:54 PM,16 minutes and 5 seconds,Manuel Belmonte
IT Italian Trattoria Lincoln,Manuel Belmonte,109,103,Pasta - lincoln,,9/27/26 4:50 PM,9/27/26 4:54 PM,4 minutes and 13 seconds,Manuel Belmonte
IT Italian Trattoria Lincoln,Manuel Belmonte,115,200,Pizza - lincoln,,9/27/26 4:38 PM,9/27/26 4:54 PM,16 minutes and 5 seconds,Manuel Belmonte
IT Italian Trattoria Lincoln,Manuel Belmonte,115,200,Ensalada - lincoln,,9/27/26 4:38 PM,9/27/26 4:54 PM,16 minutes and 5 seconds,Manuel Belmonte
IT Italian Trattoria Lincoln,Manuel Belmonte,115,200,online ordering - lincoln,,9/27/26 4:38 PM,9/27/26 4:54 PM,16 minutes and 5 seconds,Manuel Belmonte
IT Italian Trattoria Lincoln,Manuel Belmonte,115,200,Bar Station - lincoln,,9/27/26 4:38 PM,9/27/26 4:54 PM,16 minutes and 5 seconds,Manuel Belmonte
IT Italian Trattoria Lincoln,Manuel Belmonte,115,200,Pasta - lincoln,,9/27/26 4:53 PM,9/27/26 5:00 PM,6 minutes and 50 seconds,Manuel Belmonte
IT Italian Trattoria Lincoln,James Arcinegas,120,,Pasta - lincoln,,9/27/26 4:48 PM,9/27/26 5:00 PM,11 minutes and 44 seconds,Manuel Belmonte
IT Italian Trattoria Lincoln,Manuel Belmonte,122,206,Pasta - lincoln,,9/27/26 5:03 PM,9/27/26 5:10 PM,6 minutes and 53 seconds,Manuel Belmonte
IT Italian Trattoria Lincoln,Manuel Belmonte,129,106,Pasta - lincoln,,9/27/26 5:27 PM,9/27/26 5:36 PM,8 minutes and 17 seconds,Manuel Belmonte
IT Italian Trattoria Lincoln,Manuel Belmonte,132,7,Pasta - lincoln,,9/27/26 5:50 PM,9/27/26 5:50 PM,15 seconds,Manuel Belmonte
IT Italian Trattoria Lincoln,Manuel Belmonte,129,106,Pasta - lincoln,,9/27/26 5:54 PM,9/27/26 5:55 PM,1 minute and 2 seconds,Manuel Belmonte
IT Italian Trattoria Lincoln,Manuel Belmonte,136,,Pasta - lincoln,,9/27/26 5:59 PM,9/27/26 6:01 PM,1 minute and 45 seconds,Manuel Belmonte
IT Italian Trattoria Lincoln,Manuel Belmonte,133,23,Pasta - lincoln,,9/27/26 5:45 PM,9/27/26 6:01 PM,16 minutes and 4 seconds,Manuel Belmonte
IT Italian Trattoria Lincoln,Manuel Belmonte,138,20,Pasta - lincoln,,9/27/26 6:03 PM,9/27/26 6:08 PM,5 minutes and 25 seconds,Manuel Belmonte
IT Italian Trattoria Lincoln,Manuel Belmonte,138,20,Pasta - lincoln,,9/27/26 6:02 PM,9/27/26 6:11 PM,9 minutes and 52 seconds,Manuel Belmonte
IT Italian Trattoria Lincoln,Manuel Belmonte,140,30,Pasta - lincoln,,9/27/26 6:05 PM,9/27/26 6:15 PM,10 minutes and 14 seconds,Manuel Belmonte
IT Italian Trattoria Lincoln,Manuel Belmonte,133,23,Pasta - lincoln,,9/27/26 6:31 PM,9/27/26 6:33 PM,1 minute and 34 seconds,Manuel Belmonte
IT Italian Trattoria Lincoln,Manuel Belmonte,133,23,Pasta - lincoln,,9/27/26 6:32 PM,9/27/26 6:33 PM,1 minute and 20 seconds,Manuel Belmonte
IT Italian Trattoria Lincoln,James Arcinegas,143,,Pasta - lincoln,,9/27/26 6:32 PM,9/27/26 6:37 PM,5 minutes and 44 seconds,Manuel Belmonte
IT Italian Trattoria Lincoln,Manuel Belmonte,144,21,Pasta - lincoln,,9/27/26 6:30 PM,9/27/26 6:46 PM,15 minutes and 17 seconds,Manuel Belmonte
IT Italian Trattoria Lincoln,Manuel Belmonte,147,10,Pasta - lincoln,,9/27/26 6:39 PM,9/27/26 6:47 PM,7 minutes and 34 seconds,Manuel Belmonte
IT Italian Trattoria Lincoln,Manuel Belmonte,151,200,Pasta - lincoln,,9/27/26 6:45 PM,9/27/26 6:53 PM,7 minutes and 15 seconds,Manuel Belmonte
IT Italian Trattoria Lincoln,Manuel Belmonte,154,22,Pasta - lincoln,,9/27/26 6:55 PM,9/27/26 6:59 PM,3 minutes and 49 seconds,Manuel Belmonte
IT Italian Trattoria Lincoln,Manuel Belmonte,154,22,Bar Station - lincoln,,9/27/26 6:55 PM,9/27/26 6:59 PM,3 minutes and 49 seconds,Manuel Belmonte
IT Italian Trattoria Lincoln,Manuel Belmonte,154,22,Drinks - lincoln,,9/27/26 6:55 PM,9/27/26 6:59 PM,3 minutes and 49 seconds,Manuel Belmonte
IT Italian Trattoria Lincoln,Manuel Belmonte,153,4,Pasta - lincoln,,9/27/26 6:59 PM,9/27/26 7:06 PM,6 minutes and 33 seconds,Manuel Belmonte
IT Italian Trattoria Lincoln,Manuel Belmonte,157,31,Pasta - lincoln,,9/27/26 7:23 PM,9/27/26 7:52 PM,29 minutes and 17 seconds,Manuel Belmonte
IT Italian Trattoria Lincoln,Manuel Belmonte,161,8,Pasta - lincoln,,9/27/26 7:47 PM,9/27/26 7:52 PM,4 minutes and 49 seconds,Manuel Belmonte
IT Italian Trattoria Lincoln,Manuel Belmonte,161,8,Bar Station - lincoln,,9/27/26 7:47 PM,9/27/26 7:52 PM,4 minutes and 49 seconds,Manuel Belmonte
IT Italian Trattoria Lincoln,Manuel Belmonte,161,8,Drinks - lincoln,,9/27/26 7:47 PM,9/27/26 7:52 PM,4 minutes and 49 seconds,Manuel Belmonte
IT Italian Trattoria Lincoln,Manuel Belmonte,154,22,Pasta - lincoln,,9/27/26 7:49 PM,9/27/26 7:52 PM,3 minutes and 24 seconds,Manuel Belmonte
IT Italian Trattoria Lincoln,Manuel Belmonte,160,200,Pasta - lincoln,,9/27/26 7:50 PM,9/27/26 7:58 PM,8 minutes and 14 seconds,Manuel Belmonte
IT Italian Trattoria Lincoln,James Arcinegas,163,,Pasta - lincoln,,9/27/26 7:50 PM,9/27/26 7:58 PM,8 minutes and 50 seconds,Manuel Belmonte
IT Italian Trattoria Lincoln,Manuel Belmonte,164,105,Pasta - lincoln,,9/27/26 8:08 PM,9/27/26 8:22 PM,14 minutes and 23 seconds,Manuel Belmonte
IT Italian Trattoria Lincoln,Manuel Belmonte,165,9,Pasta - lincoln,,9/27/26 8:05 PM,9/27/26 8:22 PM,17 minutes and 10 seconds,Manuel Belmonte
IT Italian Trattoria Lincoln,James Arcinegas,168,20,Pasta - lincoln,,9/27/26 8:28 PM,9/27/26 8:33 PM,5 minutes and 50 seconds,Manuel Belmonte
IT Italian Trattoria Lincoln,James Arcinegas,168,20,Pasta - lincoln,,9/27/26 8:29 PM,9/27/26 8:37 PM,7 minutes and 57 seconds,Manuel Belmonte
IT Italian Trattoria Lincoln,James Arcinegas,171,31,Pasta - lincoln,,9/27/26 8:50 PM,9/27/26 8:58 PM,7 minutes and 11 seconds,Manuel Belmonte
IT Italian Trattoria Lincoln,James Arcinegas,172,23,Pasta - lincoln,,9/27/26 8:53 PM,9/27/26 9:00 PM,6 minutes and 20 seconds,Manuel Belmonte
IT Italian Trattoria Lincoln,James Arcinegas,172,23,Pasta - lincoln,,9/27/26 9:00 PM,9/27/26 9:04 PM,4 minutes and 12 seconds,Manuel Belmonte
IT Italian Trattoria Lincoln,James Arcinegas,174,33,Pasta - lincoln,,9/27/26 9:16 PM,9/27/26 9:24 PM,7 minutes and 22 seconds,Manuel Belmonte
IT Italian Trattoria Lincoln,James Arcinegas,174,33,Bar Station - lincoln,,9/27/26 9:16 PM,9/27/26 9:24 PM,7 minutes and 22 seconds,Manuel Belmonte
IT Italian Trattoria Lincoln,James Arcinegas,174,33,Drinks - lincoln,,9/27/26 9:16 PM,9/27/26 9:24 PM,7 minutes and 22 seconds,Manuel Belmonte
IT Italian Trattoria Lincoln,James Arcinegas,177,8,Pasta - lincoln,,9/27/26 9:23 PM,9/27/26 9:38 PM,14 minutes and 58 seconds,Manuel Belmonte
IT Italian Trattoria Lincoln,Manuel Belmonte,180,304,Pasta - lincoln,,9/27/26 9:34 PM,9/27/26 9:38 PM,4 minutes and 12 seconds,Manuel Belmonte
IT Italian Trattoria Lincoln,Manuel Belmonte,179,,Pasta - lincoln,,9/27/26 9:43 PM,9/27/26 9:51 PM,7 minutes and 48 seconds,Manuel Belmonte
IT Italian Trattoria Lincoln,,182,,Pasta - lincoln,,9/27/26 9:43 PM,9/27/26 9:55 PM,11 minutes and 35 seconds,Manuel Belmonte
IT Italian Trattoria Lincoln,Kokoe Avoumado,186,,Pasta - lincoln,,9/27/26 9:47 PM,9/27/26 9:55 PM,7 minutes and 28 seconds,Manuel Belmonte
IT Italian Trattoria Lincoln,Donald Dupont,187,208,Pasta - lincoln,,9/27/26 9:55 PM,9/27/26 10:03 PM,7 minutes and 47 seconds,Manuel Belmonte
IT Italian Trattoria Lincoln,Kokoe Avoumado,6,,Pasta - lincoln,,9/28/26 8:40 AM,9/28/26 8:48 AM,8 minutes and 21 seconds,Davide Christopher Paredi
IT Italian Trattoria Lincoln,Kokoe Avoumado,6,,Bar Station - lincoln,,9/28/26 8:40 AM,9/28/26 8:48 AM,8 minutes and 21 seconds,Davide Christopher Paredi
IT Italian Trattoria Lincoln,Kokoe Avoumado,6,,Drinks - lincoln,,9/28/26 8:40 AM,9/28/26 8:48 AM,8 minutes and 21 seconds,Davide Christopher Paredi
IT Italian Trattoria Lincoln,nevrije dosku,8,,Pasta - lincoln,,9/28/26 8:47 AM,9/28/26 8:56 AM,9 minutes,Davide Christopher Paredi
IT Italian Trattoria Lincoln,nevrije dosku,8,,Bar Station - lincoln,,9/28/26 8:47 AM,9/28/26 8:56 AM,9 minutes,Davide Christopher Paredi
IT Italian Trattoria Lincoln,nevrije dosku,8,,Drinks - lincoln,,9/28/26 8:47 AM,9/28/26 8:56 AM,9 minutes,Davide Christopher Paredi
IT Italian Trattoria Lincoln,Kokoe Avoumado,10,,Pasta - lincoln,,9/28/26 9:13 AM,9/28/26 9:18 AM,5 minutes and 20 seconds,Davide Christopher Paredi
IT Italian Trattoria Lincoln,Kokoe Avoumado,10,,Bar Station - lincoln,,9/28/26 9:13 AM,9/28/26 9:18 AM,5 minutes and 20 seconds,Davide Christopher Paredi
IT Italian Trattoria Lincoln,Kokoe Avoumado,10,,Drinks - lincoln,,9/28/26 9:13 AM,9/28/26 9:18 AM,5 minutes and 20 seconds,Davide Christopher Paredi
IT Italian Trattoria Lincoln,nevrije dosku,13,,Pasta - lincoln,,9/28/26 9:38 AM,9/28/26 9:52 AM,13 minutes and 34 seconds,Davide Christopher Paredi
IT Italian Trattoria Lincoln,nevrije dosku,13,,Bar Station - lincoln,,9/28/26 9:38 AM,9/28/26 9:52 AM,13 minutes and 34 seconds,Davide Christopher Paredi
IT Italian Trattoria Lincoln,nevrije dosku,13,,Drinks - lincoln,,9/28/26 9:38 AM,9/28/26 9:52 AM,13 minutes and 34 seconds,Davide Christopher Paredi
IT Italian Trattoria Lincoln,nevrije dosku,11,,Pasta - lincoln,,9/28/26 9:30 AM,9/28/26 9:52 AM,22 minutes and 24 seconds,Davide Christopher Paredi
IT Italian Trattoria Lincoln,Kokoe Avoumado,16,,Pasta - lincoln,,9/28/26 9:59 AM,9/28/26 10:00 AM,1 minute and 8 seconds,Davide Christopher Paredi
IT Italian Trattoria Lincoln,Kokoe Avoumado,16,,Bar Station - lincoln,,9/28/26 9:59 AM,9/28/26 10:00 AM,1 minute and 8 seconds,Davide Christopher Paredi
IT Italian Trattoria Lincoln,Kokoe Avoumado,16,,Drinks - lincoln,,9/28/26 9:59 AM,9/28/26 10:00 AM,1 minute and 8 seconds,Davide Christopher Paredi
IT Italian Trattoria Lincoln,Kokoe Avoumado,15,,Pasta - lincoln,,9/28/26 9:58 AM,9/28/26 10:04 AM,6 minutes and 9 seconds,Davide Christopher Paredi
IT Italian Trattoria Lincoln,Kokoe Avoumado,15,,Bar Station - lincoln,,9/28/26 9:58 AM,9/28/26 10:04 AM,6 minutes and 9 seconds,Davide Christopher Paredi
IT Italian Trattoria Lincoln,Kokoe Avoumado,15,,Drinks - lincoln,,9/28/26 9:58 AM,9/28/26 10:04 AM,6 minutes and 9 seconds,Davide Christopher Paredi
IT Italian Trattoria Lincoln,nevrije dosku,23,6,Pasta - lincoln,,9/28/26 10:50 AM,9/28/26 10:53 AM,2 minutes and 46 seconds,Davide Christopher Paredi
IT Italian Trattoria Lincoln,nevrije dosku,23,6,Bar Station - lincoln,,9/28/26 10:50 AM,9/28/26 10:53 AM,2 minutes and 46 seconds,Davide Christopher Paredi
IT Italian Trattoria Lincoln,nevrije dosku,23,6,Drinks - lincoln,,9/28/26 10:50 AM,9/28/26 10:53 AM,2 minutes and 46 seconds,Davide Christopher Paredi
IT Italian Trattoria Lincoln,Kokoe Avoumado,30,,Pasta - lincoln,,9/28/26 11:18 AM,9/28/26 11:22 AM,3 minutes and 49 seconds,Davide Christopher Paredi
IT Italian Trattoria Lincoln,nevrije dosku,36,,Pasta - lincoln,,9/28/26 11:47 AM,9/28/26 11:49 AM,1 minute and 29 seconds,Davide Christopher Paredi
IT Italian Trattoria Lincoln,nevrije dosku,39,,Pasta - lincoln,,9/28/26 11:54 AM,9/28/26 12:09 PM,14 minutes and 58 seconds,Davide Christopher Paredi
IT Italian Trattoria Lincoln,nevrije dosku,45,5,Pasta - lincoln,,9/28/26 12:34 PM,9/28/26 12:38 PM,3 minutes and 27 seconds,Davide Christopher Paredi
IT Italian Trattoria Lincoln,Kokoe Avoumado,49,,Pasta - lincoln,,9/28/26 12:39 PM,9/28/26 12:45 PM,6 minutes and 6 seconds,Davide Christopher Paredi
IT Italian Trattoria Lincoln,Kokoe Avoumado,49,,Bar Station - lincoln,,9/28/26 12:39 PM,9/28/26 12:45 PM,6 minutes and 6 seconds,Davide Christopher Paredi
IT Italian Trattoria Lincoln,Kokoe Avoumado,49,,Drinks - lincoln,,9/28/26 12:39 PM,9/28/26 12:45 PM,6 minutes and 6 seconds,Davide Christopher Paredi
IT Italian Trattoria Lincoln,Kokoe Avoumado,48,,Pasta - lincoln,,9/28/26 12:46 PM,9/28/26 12:54 PM,7 minutes and 50 seconds,Davide Christopher Paredi
IT Italian Trattoria Lincoln,Kokoe Avoumado,54,,Pasta - lincoln,,9/28/26 12:57 PM,9/28/26 12:57 PM,22 seconds,Davide Christopher Paredi
IT Italian Trattoria Lincoln,Kokoe Avoumado,55,,Pasta - lincoln,,9/28/26 1:05 PM,9/28/26 1:06 PM,55 seconds,Davide Christopher Paredi
IT Italian Trattoria Lincoln,Kokoe Avoumado,55,,Bar Station - lincoln,,9/28/26 1:05 PM,9/28/26 1:06 PM,55 seconds,Davide Christopher Paredi
IT Italian Trattoria Lincoln,Kokoe Avoumado,55,,Drinks - lincoln,,9/28/26 1:05 PM,9/28/26 1:06 PM,55 seconds,Davide Christopher Paredi
IT Italian Trattoria Lincoln,Kokoe Avoumado,56,,Pasta - lincoln,,9/28/26 1:13 PM,9/28/26 1:17 PM,3 minutes and 22 seconds,Davide Christopher Paredi
IT Italian Trattoria Lincoln,Manuel Belmonte,58,,Pasta - lincoln,,9/28/26 1:26 PM,9/28/26 1:33 PM,6 minutes and 27 seconds,Davide Christopher Paredi
IT Italian Trattoria Lincoln,Manuel Belmonte,58,,Bar Station - lincoln,,9/28/26 1:26 PM,9/28/26 1:33 PM,6 minutes and 27 seconds,Davide Christopher Paredi
IT Italian Trattoria Lincoln,Manuel Belmonte,58,,Drinks - lincoln,,9/28/26 1:26 PM,9/28/26 1:33 PM,6 minutes and 27 seconds,Davide Christopher Paredi
IT Italian Trattoria Lincoln,Manuel Belmonte,62,102,Pasta - lincoln,,9/28/26 1:45 PM,9/28/26 1:55 PM,9 minutes and 48 seconds,Davide Christopher Paredi
IT Italian Trattoria Lincoln,Kokoe Avoumado,63,,Pasta - lincoln,,9/28/26 1:48 PM,9/28/26 1:56 PM,7 minutes and 52 seconds,Davide Christopher Paredi
IT Italian Trattoria Lincoln,Manuel Belmonte,65,2,Pasta - lincoln,,9/28/26 1:57 PM,9/28/26 1:58 PM,29 seconds,Davide Christopher Paredi
IT Italian Trattoria Lincoln,Kokoe Avoumado,64,,Pasta - lincoln,,9/28/26 1:54 PM,9/28/26 2:02 PM,7 minutes and 4 seconds,Davide Christopher Paredi
IT Italian Trattoria Lincoln,Kokoe Avoumado,67,,Pasta - lincoln,,9/28/26 2:02 PM,9/28/26 2:02 PM,3 seconds,Davide Christopher Paredi
IT Italian Trattoria Lincoln,Kokoe Avoumado,67,,Bar Station - lincoln,,9/28/26 2:02 PM,9/28/26 2:02 PM,3 seconds,Davide Christopher Paredi
IT Italian Trattoria Lincoln,Kokoe Avoumado,67,,Drinks - lincoln,,9/28/26 2:02 PM,9/28/26 2:02 PM,3 seconds,Davide Christopher Paredi
IT Italian Trattoria Lincoln,Manuel Belmonte,69,31,Pasta - lincoln,,9/28/26 2:28 PM,9/28/26 2:39 PM,10 minutes and 31 seconds,Davide Christopher Paredi
IT Italian Trattoria Lincoln,Manuel Belmonte,70,33,Pasta - lincoln,,9/28/26 2:37 PM,9/28/26 2:45 PM,8 minutes and 17 seconds,Davide Christopher Paredi
IT Italian Trattoria Lincoln,Manuel Belmonte,72,211,Pasta - lincoln,,9/28/26 2:49 PM,9/28/26 2:56 PM,7 minutes and 7 seconds,Davide Christopher Paredi
IT Italian Trattoria Lincoln,Manuel Belmonte,71,104,Pasta - lincoln,,9/28/26 2:46 PM,9/28/26 2:57 PM,10 minutes and 39 seconds,Davide Christopher Paredi
IT Italian Trattoria Lincoln,Manuel Belmonte,73,207,Pasta - lincoln,,9/28/26 3:01 PM,9/28/26 3:08 PM,7 minutes and 15 seconds,Davide Christopher Paredi
IT Italian Trattoria Lincoln,Manuel Belmonte,79,3,Pasta - lincoln,,9/28/26 3:50 PM,9/28/26 3:51 PM,1 minute and 6 seconds,Davide Christopher Paredi
IT Italian Trattoria Lincoln,Manuel Belmonte,75,107,Pasta - lincoln,,9/28/26 3:25 PM,9/28/26 3:51 PM,26 minutes and 17 seconds,Davide Christopher Paredi
IT Italian Trattoria Lincoln,Kokoe Avoumado,77,204,Pasta - lincoln,,9/28/26 3:39 PM,9/28/26 3:51 PM,12 minutes and 34 seconds,Davide Christopher Paredi
IT Italian Trattoria Lincoln,Manuel Belmonte,75,107,Pasta - lincoln,,9/28/26 4:15 PM,9/28/26 4:17 PM,2 minutes and 42 seconds,Davide Christopher Paredi
IT Italian Trattoria Lincoln,Manuel Belmonte,82,200,Pasta - lincoln,,9/28/26 4:16 PM,9/28/26 4:37 PM,20 minutes and 52 seconds,Davide Christopher Paredi
IT Italian Trattoria Lincoln,Manuel Belmonte,82,200,Pasta - lincoln,,9/28/26 4:24 PM,9/28/26 4:37 PM,13 minutes and 25 seconds,Davide Christopher Paredi
IT Italian Trattoria Lincoln,Manuel Belmonte,80,102,Pasta - lincoln,,9/28/26 4:23 PM,9/28/26 4:37 PM,14 minutes and 28 seconds,Davide Christopher Paredi
IT Italian Trattoria Lincoln,Manuel Belmonte,80,102,Bar Station - lincoln,,9/28/26 4:23 PM,9/28/26 4:37 PM,14 minutes and 28 seconds,Davide Christopher Paredi
IT Italian Trattoria Lincoln,Manuel Belmonte,80,102,Drinks - lincoln,,9/28/26 4:23 PM,9/28/26 4:37 PM,14 minutes and 28 seconds,Davide Christopher Paredi
IT Italian Trattoria Lincoln,Manuel Belmonte,82,200,Pasta - lincoln,,9/28/26 4:24 PM,9/28/26 4:48 PM,23 minutes and 50 seconds,Davide Christopher Paredi
IT Italian Trattoria Lincoln,Kokoe Avoumado,86,,Pasta - lincoln,,9/28/26 4:45 PM,9/28/26 4:52 PM,7 minutes and 2 seconds,Davide Christopher Paredi
IT Italian Trattoria Lincoln,Manuel Belmonte,94,,Pasta - lincoln,,9/28/26 6:06 PM,9/28/26 6:16 PM,9 minutes and 36 seconds,James Arcinegas
IT Italian Trattoria Lincoln,Manuel Belmonte,98,B2,Pasta - lincoln,,9/28/26 6:18 PM,9/28/26 6:26 PM,8 minutes and 24 seconds,James Arcinegas
IT Italian Trattoria Lincoln,Manuel Belmonte,99,8,Pasta - lincoln,,9/28/26 6:32 PM,9/28/26 6:42 PM,9 minutes and 6 seconds,James Arcinegas
IT Italian Trattoria Lincoln,Manuel Belmonte,103,,Pasta - lincoln,,9/28/26 6:44 PM,9/28/26 7:06 PM,21 minutes and 36 seconds,James Arcinegas
IT Italian Trattoria Lincoln,Manuel Belmonte,104,200,Pasta - lincoln,,9/28/26 6:50 PM,9/28/26 7:06 PM,16 minutes and 19 seconds,James Arcinegas
IT Italian Trattoria Lincoln,Manuel Belmonte,104,200,Bar Station - lincoln,,9/28/26 6:50 PM,9/28/26 7:06 PM,16 minutes and 19 seconds,James Arcinegas
IT Italian Trattoria Lincoln,Manuel Belmonte,104,200,Drinks - lincoln,,9/28/26 6:50 PM,9/28/26 7:06 PM,16 minutes and 19 seconds,James Arcinegas
IT Italian Trattoria Lincoln,Manuel Belmonte,113,207,Pasta - lincoln,,9/28/26 6:56 PM,9/28/26 7:06 PM,10 minutes and 40 seconds,James Arcinegas
IT Italian Trattoria Lincoln,Manuel Belmonte,108,21,Pasta - lincoln,,9/28/26 6:42 PM,9/28/26 7:07 PM,24 minutes and 13 seconds,James Arcinegas
IT Italian Trattoria Lincoln,Manuel Belmonte,99,8,Pasta - lincoln,,9/28/26 6:17 PM,9/28/26 7:11 PM,54 minutes and 21 seconds,James Arcinegas
IT Italian Trattoria Lincoln,James Arcinegas,100,101,Pasta - lincoln,,9/28/26 6:33 PM,9/28/26 7:11 PM,37 minutes and 57 seconds,James Arcinegas
IT Italian Trattoria Lincoln,James Arcinegas,106,,Pasta - lincoln,,9/28/26 6:40 PM,9/28/26 7:11 PM,31 minutes and 15 seconds,James Arcinegas
IT Italian Trattoria Lincoln,James Arcinegas,110,3,Pasta - lincoln,,9/28/26 6:54 PM,9/28/26 7:11 PM,17 minutes and 13 seconds,James Arcinegas
IT Italian Trattoria Lincoln,James Arcinegas,110,3,Pasta - lincoln,,9/28/26 7:04 PM,9/28/26 7:22 PM,17 minutes and 28 seconds,James Arcinegas
IT Italian Trattoria Lincoln,James Arcinegas,117,5,Pasta - lincoln,,9/28/26 7:05 PM,9/28/26 7:22 PM,16 minutes and 20 seconds,James Arcinegas
IT Italian Trattoria Lincoln,James Arcinegas,118,6,Pasta - lincoln,,9/28/26 7:07 PM,9/28/26 7:22 PM,15 minutes and 15 seconds,James Arcinegas
IT Italian Trattoria Lincoln,Manuel Belmonte,119,,Pasta - lincoln,,9/28/26 7:30 PM,9/28/26 7:35 PM,4 minutes and 46 seconds,James Arcinegas
IT Italian Trattoria Lincoln,James Arcinegas,110,3,Pasta - lincoln,,9/28/26 7:28 PM,9/28/26 7:35 PM,7 minutes and 38 seconds,James Arcinegas
IT Italian Trattoria Lincoln,Manuel Belmonte,119,,Pasta - lincoln,,9/28/26 7:45 PM,9/28/26 8:26 PM,40 minutes and 34 seconds,James Arcinegas
IT Italian Trattoria Lincoln,Manuel Belmonte,122,21,Pasta - lincoln,,9/28/26 7:48 PM,9/28/26 8:26 PM,37 minutes and 39 seconds,James Arcinegas
IT Italian Trattoria Lincoln,James Arcinegas,125,8,Pasta - lincoln,,9/28/26 8:07 PM,9/28/26 8:26 PM,19 minutes and 7 seconds,James Arcinegas
IT Italian Trattoria Lincoln,Manuel Belmonte,123,,Pasta - lincoln,,9/28/26 8:02 PM,9/28/26 8:27 PM,24 minutes and 57 seconds,Davide Christopher Paredi
IT Italian Trattoria Lincoln,James Arcinegas,128,5,Pasta - lincoln,,9/28/26 8:32 PM,9/28/26 8:47 PM,14 minutes and 23 seconds,Davide Christopher Paredi
IT Italian Trattoria Lincoln,James Arcinegas,128,5,Pasta - lincoln,,9/28/26 8:42 PM,9/28/26 8:53 PM,11 minutes and 13 seconds,Davide Christopher Paredi
IT Italian Trattoria Lincoln,Manuel Belmonte,132,,Pasta - lincoln,,9/28/26 8:39 PM,9/28/26 8:53 PM,14 minutes and 7 seconds,Davide Christopher Paredi
IT Italian Trattoria Lincoln,James Arcinegas,136,9,Pasta - lincoln,,9/28/26 8:51 PM,9/28/26 8:55 PM,4 minutes and 32 seconds,Davide Christopher Paredi
IT Italian Trattoria Lincoln,James Arcinegas,136,9,Bar Station - lincoln,,9/28/26 8:51 PM,9/28/26 8:55 PM,4 minutes and 32 seconds,Davide Christopher Paredi
IT Italian Trattoria Lincoln,James Arcinegas,136,9,Drinks - lincoln,,9/28/26 8:51 PM,9/28/26 8:55 PM,4 minutes and 32 seconds,Davide Christopher Paredi
IT Italian Trattoria Lincoln,James Arcinegas,138,20,Pasta - lincoln,,9/28/26 8:53 PM,9/28/26 9:10 PM,16 minutes and 28 seconds,Davide Christopher Paredi
IT Italian Trattoria Lincoln,James Arcinegas,139,21,Pasta - lincoln,,9/28/26 8:54 PM,9/28/26 9:16 PM,21 minutes and 49 seconds,Davide Christopher Paredi
IT Italian Trattoria Lincoln,James Arcinegas,140,10,Pasta - lincoln,,9/28/26 9:01 PM,9/28/26 9:24 PM,23 minutes and 29 seconds,Davide Christopher Paredi
IT Italian Trattoria Lincoln,James Arcinegas,141,7,Pasta - lincoln,,9/28/26 9:06 PM,9/28/26 9:24 PM,17 minutes and 59 seconds,Davide Christopher Paredi
IT Italian Trattoria Lincoln,James Arcinegas,142,6,Pasta - lincoln,,9/28/26 9:07 PM,9/28/26 9:24 PM,17 minutes and 26 seconds,Davide Christopher Paredi
IT Italian Trattoria Lincoln,Manuel Belmonte,143,24,Pasta - lincoln,,9/28/26 9:26 PM,9/28/26 9:55 PM,29 minutes and 33 seconds,Davide Christopher Paredi
IT Italian Trattoria Lincoln,James Arcinegas,144,,Pasta - lincoln,,9/28/26 9:37 PM,9/28/26 9:55 PM,18 minutes and 8 seconds,Davide Christopher Paredi
IT Italian Trattoria Lincoln,James Arcinegas,138,20,Pasta - lincoln,,9/28/26 9:14 PM,9/28/26 9:55 PM,40 minutes and 43 seconds,Davide Christopher Paredi
IT Italian Trattoria Lincoln,James Arcinegas,142,6,Pasta - lincoln,,9/28/26 9:07 PM,9/28/26 9:55 PM,48 minutes and 1 second,Davide Christopher Paredi
IT Italian Trattoria Lincoln,nevrije dosku,3,,Pasta - lincoln,,9/29/26 8:30 AM,9/29/26 8:39 AM,8 minutes and 46 seconds,Davide Christopher Paredi
IT Italian Trattoria Lincoln,nevrije dosku,3,,Bar Station - lincoln,,9/29/26 8:30 AM,9/29/26 8:39 AM,8 minutes and 46 seconds,Davide Christopher Paredi
IT Italian Trattoria Lincoln,nevrije dosku,3,,Drinks - lincoln,,9/29/26 8:30 AM,9/29/26 8:39 AM,8 minutes and 46 seconds,Davide Christopher Paredi
IT Italian Trattoria Lincoln,nevrije dosku,4,,Pasta - lincoln,,9/29/26 9:06 AM,9/29/26 9:11 AM,4 minutes and 5 seconds,Davide Christopher Paredi
IT Italian Trattoria Lincoln,nevrije dosku,4,,Bar Station - lincoln,,9/29/26 9:06 AM,9/29/26 9:11 AM,4 minutes and 5 seconds,Davide Christopher Paredi
IT Italian Trattoria Lincoln,nevrije dosku,4,,Drinks - lincoln,,9/29/26 9:06 AM,9/29/26 9:11 AM,4 minutes and 5 seconds,Davide Christopher Paredi
IT Italian Trattoria Lincoln,nevrije dosku,5,,Pasta - lincoln,,9/29/26 9:17 AM,9/29/26 9:21 AM,4 minutes and 17 seconds,Davide Christopher Paredi
IT Italian Trattoria Lincoln,Kokoe Avoumado,10,,Pasta - lincoln,,9/29/26 9:30 AM,9/29/26 9:32 AM,1 minute and 49 seconds,Davide Christopher Paredi
IT Italian Trattoria Lincoln,Kokoe Avoumado,10,,Bar Station - lincoln,,9/29/26 9:30 AM,9/29/26 9:32 AM,1 minute and 49 seconds,Davide Christopher Paredi
IT Italian Trattoria Lincoln,Kokoe Avoumado,10,,Drinks - lincoln,,9/29/26 9:30 AM,9/29/26 9:32 AM,1 minute and 49 seconds,Davide Christopher Paredi
IT Italian Trattoria Lincoln,nevrije dosku,9,,Pasta - lincoln,,9/29/26 9:28 AM,9/29/26 9:32 AM,3 minutes and 17 seconds,Davide Christopher Paredi
IT Italian Trattoria Lincoln,nevrije dosku,9,,Bar Station - lincoln,,9/29/26 9:28 AM,9/29/26 9:32 AM,3 minutes and 17 seconds,Davide Christopher Paredi
IT Italian Trattoria Lincoln,nevrije dosku,9,,Drinks - lincoln,,9/29/26 9:28 AM,9/29/26 9:32 AM,3 minutes and 17 seconds,Davide Christopher Paredi
IT Italian Trattoria Lincoln,Kokoe Avoumado,14,,Pasta - lincoln,,9/29/26 9:40 AM,9/29/26 9:49 AM,9 minutes and 24 seconds,Davide Christopher Paredi
IT Italian Trattoria Lincoln,Kokoe Avoumado,14,,Bar Station - lincoln,,9/29/26 9:40 AM,9/29/26 9:49 AM,9 minutes and 24 seconds,Davide Christopher Paredi
IT Italian Trattoria Lincoln,Kokoe Avoumado,14,,Drinks - lincoln,,9/29/26 9:40 AM,9/29/26 9:49 AM,9 minutes and 24 seconds,Davide Christopher Paredi
IT Italian Trattoria Lincoln,nevrije dosku,16,,Pasta - lincoln,,9/29/26 9:45 AM,9/29/26 9:53 AM,8 minutes and 39 seconds,Davide Christopher Paredi
IT Italian Trattoria Lincoln,nevrije dosku,16,,Bar Station - lincoln,,9/29/26 9:45 AM,9/29/26 9:53 AM,8 minutes and 39 seconds,Davide Christopher Paredi
IT Italian Trattoria Lincoln,nevrije dosku,16,,Drinks - lincoln,,9/29/26 9:45 AM,9/29/26 9:53 AM,8 minutes and 39 seconds,Davide Christopher Paredi
IT Italian Trattoria Lincoln,nevrije dosku,16,,Pasta - lincoln,,9/29/26 9:48 AM,9/29/26 9:53 AM,5 minutes and 30 seconds,Davide Christopher Paredi
IT Italian Trattoria Lincoln,nevrije dosku,16,,Bar Station - lincoln,,9/29/26 9:48 AM,9/29/26 9:53 AM,5 minutes and 30 seconds,Davide Christopher Paredi
IT Italian Trattoria Lincoln,nevrije dosku,16,,Drinks - lincoln,,9/29/26 9:48 AM,9/29/26 9:53 AM,5 minutes and 30 seconds,Davide Christopher Paredi
IT Italian Trattoria Lincoln,Kokoe Avoumado,18,,Pasta - lincoln,,9/29/26 10:31 AM,9/29/26 10:41 AM,10 minutes and 4 seconds,Davide Christopher Paredi
IT Italian Trattoria Lincoln,Kokoe Avoumado,18,,Bar Station - lincoln,,9/29/26 10:31 AM,9/29/26 10:41 AM,10 minutes and 4 seconds,Davide Christopher Paredi
IT Italian Trattoria Lincoln,Kokoe Avoumado,18,,Drinks - lincoln,,9/29/26 10:31 AM,9/29/26 10:41 AM,10 minutes and 4 seconds,Davide Christopher Paredi
IT Italian Trattoria Lincoln,nevrije dosku,19,103,Pasta - lincoln,,9/29/26 10:44 AM,9/29/26 10:57 AM,12 minutes and 50 seconds,Davide Christopher Paredi
IT Italian Trattoria Lincoln,nevrije dosku,19,103,Bar Station - lincoln,,9/29/26 10:44 AM,9/29/26 10:57 AM,12 minutes and 50 seconds,Davide Christopher Paredi
IT Italian Trattoria Lincoln,nevrije dosku,19,103,Drinks - lincoln,,9/29/26 10:44 AM,9/29/26 10:57 AM,12 minutes and 50 seconds,Davide Christopher Paredi
IT Italian Trattoria Lincoln,nevrije dosku,21,,Pasta - lincoln,,9/29/26 10:48 AM,9/29/26 10:57 AM,8 minutes and 20 seconds,Davide Christopher Paredi
IT Italian Trattoria Lincoln,nevrije dosku,21,,Bar Station - lincoln,,9/29/26 10:48 AM,9/29/26 10:57 AM,8 minutes and 20 seconds,Davide Christopher Paredi
IT Italian Trattoria Lincoln,nevrije dosku,21,,Drinks - lincoln,,9/29/26 10:48 AM,9/29/26 10:57 AM,8 minutes and 20 seconds,Davide Christopher Paredi
IT Italian Trattoria Lincoln,nevrije dosku,23,,Pasta - lincoln,,9/29/26 10:59 AM,9/29/26 11:03 AM,3 minutes and 45 seconds,Davide Christopher Paredi
IT Italian Trattoria Lincoln,nevrije dosku,23,,Bar Station - lincoln,,9/29/26 10:59 AM,9/29/26 11:03 AM,3 minutes and 45 seconds,Davide Christopher Paredi
IT Italian Trattoria Lincoln,nevrije dosku,23,,Drinks - lincoln,,9/29/26 10:59 AM,9/29/26 11:03 AM,3 minutes and 45 seconds,Davide Christopher Paredi
IT Italian Trattoria Lincoln,nevrije dosku,27,,Pasta - lincoln,,9/29/26 11:38 AM,9/29/26 11:47 AM,8 minutes and 59 seconds,Davide Christopher Paredi
IT Italian Trattoria Lincoln,nevrije dosku,27,,Bar Station - lincoln,,9/29/26 11:38 AM,9/29/26 11:47 AM,8 minutes and 59 seconds,Davide Christopher Paredi
IT Italian Trattoria Lincoln,nevrije dosku,27,,Drinks - lincoln,,9/29/26 11:38 AM,9/29/26 11:47 AM,8 minutes and 59 seconds,Davide Christopher Paredi
IT Italian Trattoria Lincoln,nevrije dosku,27,,Pasta - lincoln,,9/29/26 11:46 AM,9/29/26 11:57 AM,11 minutes and 3 seconds,Davide Christopher Paredi
IT Italian Trattoria Lincoln,Kokoe Avoumado,31,,Pasta - lincoln,,9/29/26 11:51 AM,9/29/26 12:09 PM,17 minutes and 50 seconds,Davide Christopher Paredi
IT Italian Trattoria Lincoln,Kokoe Avoumado,31,,Ensalada - lincoln,,9/29/26 11:51 AM,9/29/26 12:09 PM,17 minutes and 50 seconds,Davide Christopher Paredi
IT Italian Trattoria Lincoln,Kokoe Avoumado,34,,Pasta - lincoln,,9/29/26 12:11 PM,9/29/26 12:12 PM,1 minute and 23 seconds,Davide Christopher Paredi
IT Italian Trattoria Lincoln,Kokoe Avoumado,35,,Pasta - lincoln,,9/29/26 12:30 PM,9/29/26 12:39 PM,8 minutes and 49 seconds,Davide Christopher Paredi
IT Italian Trattoria Lincoln,Kokoe Avoumado,35,,Bar Station - lincoln,,9/29/26 12:30 PM,9/29/26 12:39 PM,8 minutes and 49 seconds,Davide Christopher Paredi
IT Italian Trattoria Lincoln,Kokoe Avoumado,35,,Drinks - lincoln,,9/29/26 12:30 PM,9/29/26 12:39 PM,8 minutes and 49 seconds,Davide Christopher Paredi
IT Italian Trattoria Lincoln,nevrije dosku,43,21 b,Pasta - lincoln,,9/29/26 2:17 PM,9/29/26 2:22 PM,4 minutes and 46 seconds,Davide Christopher Paredi
IT Italian Trattoria Lincoln,nevrije dosku,43,21 b,Bar Station - lincoln,,9/29/26 2:17 PM,9/29/26 2:22 PM,4 minutes and 46 seconds,Davide Christopher Paredi
IT Italian Trattoria Lincoln,nevrije dosku,43,21 b,Drinks - lincoln,,9/29/26 2:17 PM,9/29/26 2:22 PM,4 minutes and 46 seconds,Davide Christopher Paredi
IT Italian Trattoria Lincoln,Kokoe Avoumado,45,,Pasta - lincoln,,9/29/26 2:19 PM,9/29/26 2:30 PM,11 minutes and 22 seconds,Davide Christopher Paredi
IT Italian Trattoria Lincoln,nevrije dosku,47,32,Drinks - lincoln,,9/29/26 2:36 PM,9/29/26 2:41 PM,4 minutes and 24 seconds,Davide Christopher Paredi
IT Italian Trattoria Lincoln,nevrije dosku,47,32,No Print / Expo - lincoln,,9/29/26 2:36 PM,9/29/26 2:41 PM,4 minutes and 24 seconds,Davide Christopher Paredi
IT Italian Trattoria Lincoln,nevrije dosku,47,32,Pasta - lincoln,,9/29/26 2:36 PM,9/29/26 2:41 PM,4 minutes and 24 seconds,Davide Christopher Paredi
IT Italian Trattoria Lincoln,nevrije dosku,47,32,Pizza - lincoln,,9/29/26 2:36 PM,9/29/26 2:41 PM,4 minutes and 24 seconds,Davide Christopher Paredi
IT Italian Trattoria Lincoln,nevrije dosku,47,32,Ensalada - lincoln,,9/29/26 2:36 PM,9/29/26 2:41 PM,4 minutes and 24 seconds,Davide Christopher Paredi
IT Italian Trattoria Lincoln,nevrije dosku,47,32,online ordering - lincoln,,9/29/26 2:36 PM,9/29/26 2:41 PM,4 minutes and 24 seconds,Davide Christopher Paredi
IT Italian Trattoria Lincoln,nevrije dosku,47,32,Bar Station - lincoln,,9/29/26 2:36 PM,9/29/26 2:41 PM,4 minutes and 24 seconds,Davide Christopher Paredi
IT Italian Trattoria Lincoln,nevrije dosku,47,32,Pasta - lincoln,,9/29/26 2:36 PM,9/29/26 2:41 PM,4 minutes and 56 seconds,Davide Christopher Paredi
IT Italian Trattoria Lincoln,Kokoe Avoumado,48,,Pasta - lincoln,,9/29/26 2:34 PM,9/29/26 2:41 PM,6 minutes and 58 seconds,Davide Christopher Paredi
IT Italian Trattoria Lincoln,nevrije dosku,47,32,Pasta - lincoln,,9/29/26 3:00 PM,9/29/26 3:01 PM,33 seconds,Manuel Belmonte
IT Italian Trattoria Lincoln,nevrije dosku,50,9,Pasta - lincoln,,9/29/26 2:57 PM,9/29/26 3:07 PM,10 minutes and 15 seconds,Manuel Belmonte
IT Italian Trattoria Lincoln,Kokoe Avoumado,49,,Pasta - lincoln,,9/29/26 3:02 PM,9/29/26 3:07 PM,5 minutes and 17 seconds,Manuel Belmonte
IT Italian Trattoria Lincoln,nevrije dosku,50,9,Bar Station - lincoln,,9/29/26 2:57 PM,9/29/26 3:07 PM,10 minutes and 15 seconds,Manuel Belmonte
IT Italian Trattoria Lincoln,nevrije dosku,50,9,Drinks - lincoln,,9/29/26 2:57 PM,9/29/26 3:07 PM,10 minutes and 15 seconds,Manuel Belmonte
IT Italian Trattoria Lincoln,Kokoe Avoumado,52,,Pasta - lincoln,,9/29/26 3:13 PM,9/29/26 3:20 PM,6 minutes and 24 seconds,Manuel Belmonte
IT Italian Trattoria Lincoln,Kokoe Avoumado,54,,Pasta - lincoln,,9/29/26 3:16 PM,9/29/26 3:20 PM,4 minutes and 8 seconds,Manuel Belmonte
IT Italian Trattoria Lincoln,Kokoe Avoumado,58,,Pasta - lincoln,,9/29/26 3:51 PM,9/29/26 3:54 PM,2 minutes and 5 seconds,Manuel Belmonte
IT Italian Trattoria Lincoln,Kokoe Avoumado,60,,Pasta - lincoln,,9/29/26 4:01 PM,9/29/26 4:09 PM,7 minutes and 53 seconds,Manuel Belmonte
IT Italian Trattoria Lincoln,James Arcinegas,64,,Pasta - lincoln,,9/29/26 4:38 PM,9/29/26 4:47 PM,8 minutes and 17 seconds,Manuel Belmonte
IT Italian Trattoria Lincoln,Donald Dupont,70,207,Pasta - lincoln,,9/29/26 5:08 PM,9/29/26 5:16 PM,7 minutes and 27 seconds,Manuel Belmonte
IT Italian Trattoria Lincoln,Donald Dupont,71,203,Pasta - lincoln,,9/29/26 5:09 PM,9/29/26 5:21 PM,11 minutes and 58 seconds,Manuel Belmonte
IT Italian Trattoria Lincoln,James Arcinegas,82,108,Pasta - lincoln,,9/29/26 6:21 PM,9/29/26 6:29 PM,8 minutes and 22 seconds,Manuel Belmonte
IT Italian Trattoria Lincoln,James Arcinegas,82,108,Bar Station - lincoln,,9/29/26 6:21 PM,9/29/26 6:29 PM,8 minutes and 22 seconds,Manuel Belmonte
IT Italian Trattoria Lincoln,James Arcinegas,82,108,Drinks - lincoln,,9/29/26 6:21 PM,9/29/26 6:29 PM,8 minutes and 22 seconds,Manuel Belmonte
IT Italian Trattoria Lincoln,James Arcinegas,79,,Pasta - lincoln,,9/29/26 6:24 PM,9/29/26 6:30 PM,6 minutes and 34 seconds,Manuel Belmonte
IT Italian Trattoria Lincoln,James Arcinegas,86,,Pasta - lincoln,,9/29/26 6:51 PM,9/29/26 6:51 PM,54 seconds,Manuel Belmonte
IT Italian Trattoria Lincoln,Donald Dupont,90,8,Pasta - lincoln,,9/29/26 7:18 PM,9/29/26 7:24 PM,6 minutes and 20 seconds,Manuel Belmonte
IT Italian Trattoria Lincoln,Donald Dupont,97,20,Pasta - lincoln,,9/29/26 9:01 PM,9/29/26 9:12 PM,10 minutes and 53 seconds,Manuel Belmonte
IT Italian Trattoria Lincoln,James Arcinegas,109,,Pasta - lincoln,,9/29/26 10:04 PM,9/29/26 10:12 PM,7 minutes and 32 seconds,Manuel Belmonte
IT Italian Trattoria Lincoln,Kokoe Avoumado,111,,Pasta - lincoln,,9/29/26 10:37 PM,9/29/26 10:49 PM,11 minutes and 50 seconds,Manuel Belmonte
IT Italian Trattoria Lincoln,nevrije dosku,3,,Pasta - lincoln,,9/30/26 7:51 AM,9/30/26 8:06 AM,14 minutes and 39 seconds,Manuel Belmonte
IT Italian Trattoria Lincoln,nevrije dosku,3,,Bar Station - lincoln,,9/30/26 7:51 AM,9/30/26 8:06 AM,14 minutes and 39 seconds,Manuel Belmonte
IT Italian Trattoria Lincoln,nevrije dosku,3,,Drinks - lincoln,,9/30/26 7:51 AM,9/30/26 8:06 AM,14 minutes and 39 seconds,Manuel Belmonte
IT Italian Trattoria Lincoln,nevrije dosku,4,,Pasta - lincoln,,9/30/26 8:08 AM,9/30/26 8:14 AM,6 minutes and 9 seconds,Manuel Belmonte
IT Italian Trattoria Lincoln,nevrije dosku,4,,Bar Station - lincoln,,9/30/26 8:08 AM,9/30/26 8:14 AM,6 minutes and 9 seconds,Manuel Belmonte
IT Italian Trattoria Lincoln,nevrije dosku,4,,Drinks - lincoln,,9/30/26 8:08 AM,9/30/26 8:14 AM,6 minutes and 9 seconds,Manuel Belmonte
IT Italian Trattoria Lincoln,Donald Dupont,10,,Pasta - lincoln,,9/30/26 9:05 AM,9/30/26 9:15 AM,9 minutes and 22 seconds,Manuel Belmonte
IT Italian Trattoria Lincoln,Donald Dupont,10,,Bar Station - lincoln,,9/30/26 9:05 AM,9/30/26 9:15 AM,9 minutes and 22 seconds,Manuel Belmonte
IT Italian Trattoria Lincoln,Donald Dupont,10,,Drinks - lincoln,,9/30/26 9:05 AM,9/30/26 9:15 AM,9 minutes and 22 seconds,Manuel Belmonte
IT Italian Trattoria Lincoln,Donald Dupont,11,,Pasta - lincoln,,9/30/26 9:09 AM,9/30/26 9:15 AM,5 minutes and 34 seconds,Manuel Belmonte
IT Italian Trattoria Lincoln,Donald Dupont,11,,Bar Station - lincoln,,9/30/26 9:09 AM,9/30/26 9:15 AM,5 minutes and 34 seconds,Manuel Belmonte
IT Italian Trattoria Lincoln,Donald Dupont,11,,Drinks - lincoln,,9/30/26 9:09 AM,9/30/26 9:15 AM,5 minutes and 34 seconds,Manuel Belmonte
IT Italian Trattoria Lincoln,Donald Dupont,12,,Pasta - lincoln,,9/30/26 9:17 AM,9/30/26 9:18 AM,40 seconds,Manuel Belmonte
IT Italian Trattoria Lincoln,Donald Dupont,12,,Bar Station - lincoln,,9/30/26 9:17 AM,9/30/26 9:18 AM,40 seconds,Manuel Belmonte
IT Italian Trattoria Lincoln,Donald Dupont,12,,Drinks - lincoln,,9/30/26 9:17 AM,9/30/26 9:18 AM,40 seconds,Manuel Belmonte
IT Italian Trattoria Lincoln,Donald Dupont,18,,Pasta - lincoln,,9/30/26 9:41 AM,9/30/26 9:46 AM,4 minutes and 33 seconds,Manuel Belmonte
IT Italian Trattoria Lincoln,Donald Dupont,18,,Bar Station - lincoln,,9/30/26 9:41 AM,9/30/26 9:46 AM,4 minutes and 33 seconds,Manuel Belmonte
IT Italian Trattoria Lincoln,Donald Dupont,18,,Drinks - lincoln,,9/30/26 9:41 AM,9/30/26 9:46 AM,4 minutes and 33 seconds,Manuel Belmonte
IT Italian Trattoria Lincoln,nevrije dosku,22,,Pasta - lincoln,,9/30/26 10:02 AM,9/30/26 10:12 AM,9 minutes and 43 seconds,Manuel Belmonte
IT Italian Trattoria Lincoln,nevrije dosku,31,,Pasta - lincoln,,9/30/26 10:44 AM,9/30/26 10:47 AM,3 minutes and 21 seconds,Manuel Belmonte
IT Italian Trattoria Lincoln,Donald Dupont,33,,Pasta - lincoln,,9/30/26 10:46 AM,9/30/26 10:54 AM,7 minutes and 26 seconds,Manuel Belmonte
IT Italian Trattoria Lincoln,nevrije dosku,35,,Pasta - lincoln,,9/30/26 10:52 AM,9/30/26 10:58 AM,6 minutes and 32 seconds,Manuel Belmonte
IT Italian Trattoria Lincoln,nevrije dosku,35,,Bar Station - lincoln,,9/30/26 10:52 AM,9/30/26 10:58 AM,6 minutes and 32 seconds,Manuel Belmonte
IT Italian Trattoria Lincoln,nevrije dosku,35,,Drinks - lincoln,,9/30/26 10:52 AM,9/30/26 10:58 AM,6 minutes and 32 seconds,Manuel Belmonte
IT Italian Trattoria Lincoln,Donald Dupont,39,32,Pasta - lincoln,,9/30/26 11:05 AM,9/30/26 11:19 AM,13 minutes and 40 seconds,Manuel Belmonte
IT Italian Trattoria Lincoln,Donald Dupont,39,32,Bar Station - lincoln,,9/30/26 11:05 AM,9/30/26 11:19 AM,13 minutes and 40 seconds,Manuel Belmonte
IT Italian Trattoria Lincoln,Donald Dupont,39,32,Drinks - lincoln,,9/30/26 11:05 AM,9/30/26 11:19 AM,13 minutes and 40 seconds,Manuel Belmonte
IT Italian Trattoria Lincoln,nevrije dosku,40,7,Pasta - lincoln,,9/30/26 11:29 AM,9/30/26 11:37 AM,7 minutes and 56 seconds,Manuel Belmonte
IT Italian Trattoria Lincoln,nevrije dosku,40,7,Bar Station - lincoln,,9/30/26 11:29 AM,9/30/26 11:37 AM,7 minutes and 56 seconds,Manuel Belmonte
IT Italian Trattoria Lincoln,nevrije dosku,40,7,Drinks - lincoln,,9/30/26 11:29 AM,9/30/26 11:37 AM,7 minutes and 56 seconds,Manuel Belmonte
IT Italian Trattoria Lincoln,nevrije dosku,40,7,Pasta - lincoln,,9/30/26 11:38 AM,9/30/26 11:47 AM,8 minutes and 32 seconds,Manuel Belmonte
IT Italian Trattoria Lincoln,nevrije dosku,40,7,Bar Station - lincoln,,9/30/26 11:38 AM,9/30/26 11:47 AM,8 minutes and 32 seconds,Manuel Belmonte
IT Italian Trattoria Lincoln,nevrije dosku,40,7,Drinks - lincoln,,9/30/26 11:38 AM,9/30/26 11:47 AM,8 minutes and 32 seconds,Manuel Belmonte
IT Italian Trattoria Lincoln,Donald Dupont,44,21,Pasta - lincoln,,9/30/26 11:52 AM,9/30/26 11:55 AM,2 minutes and 50 seconds,Manuel Belmonte
IT Italian Trattoria Lincoln,Donald Dupont,44,21,Bar Station - lincoln,,9/30/26 11:52 AM,9/30/26 11:55 AM,2 minutes and 50 seconds,Manuel Belmonte
IT Italian Trattoria Lincoln,Donald Dupont,44,21,Drinks - lincoln,,9/30/26 11:52 AM,9/30/26 11:55 AM,2 minutes and 50 seconds,Manuel Belmonte
IT Italian Trattoria Lincoln,nevrije dosku,45,,Pasta - lincoln,,9/30/26 12:00 PM,9/30/26 12:01 PM,1 minute and 44 seconds,Manuel Belmonte
IT Italian Trattoria Lincoln,nevrije dosku,46,,Pasta - lincoln,,9/30/26 12:02 PM,9/30/26 12:15 PM,13 minutes and 9 seconds,Manuel Belmonte
IT Italian Trattoria Lincoln,nevrije dosku,47,,Pasta - lincoln,,9/30/26 12:10 PM,9/30/26 12:15 PM,5 minutes and 26 seconds,Manuel Belmonte
IT Italian Trattoria Lincoln,nevrije dosku,48,,Pasta - lincoln,,9/30/26 12:15 PM,9/30/26 12:18 PM,2 minutes and 57 seconds,Manuel Belmonte
IT Italian Trattoria Lincoln,nevrije dosku,48,,Bar Station - lincoln,,9/30/26 12:15 PM,9/30/26 12:18 PM,2 minutes and 57 seconds,Manuel Belmonte
IT Italian Trattoria Lincoln,nevrije dosku,48,,Drinks - lincoln,,9/30/26 12:15 PM,9/30/26 12:18 PM,2 minutes and 57 seconds,Manuel Belmonte
IT Italian Trattoria Lincoln,nevrije dosku,52,,Pasta - lincoln,,9/30/26 12:28 PM,9/30/26 12:35 PM,6 minutes and 51 seconds,Manuel Belmonte
IT Italian Trattoria Lincoln,nevrije dosku,53,,Pasta - lincoln,,9/30/26 12:37 PM,9/30/26 12:38 PM,41 seconds,Manuel Belmonte
IT Italian Trattoria Lincoln,Donald Dupont,54,10,Pasta - lincoln,,9/30/26 12:47 PM,9/30/26 12:58 PM,10 minutes and 51 seconds,Manuel Belmonte
IT Italian Trattoria Lincoln,Manuel Belmonte,55,200,Pasta - lincoln,,9/30/26 12:52 PM,9/30/26 1:00 PM,7 minutes and 53 seconds,Manuel Belmonte
IT Italian Trattoria Lincoln,Manuel Belmonte,56,105,Pasta - lincoln,,9/30/26 1:04 PM,9/30/26 1:12 PM,8 minutes and 4 seconds,Manuel Belmonte
IT Italian Trattoria Lincoln,Manuel Belmonte,55,200,Pasta - lincoln,,9/30/26 1:13 PM,9/30/26 1:22 PM,8 minutes and 46 seconds,Manuel Belmonte
IT Italian Trattoria Lincoln,Donald Dupont,58,100,Pasta - lincoln,,9/30/26 1:35 PM,9/30/26 1:42 PM,6 minutes and 40 seconds,Manuel Belmonte
IT Italian Trattoria Lincoln,Donald Dupont,60,107,Pasta - lincoln,,9/30/26 1:40 PM,9/30/26 1:49 PM,8 minutes and 54 seconds,Manuel Belmonte
IT Italian Trattoria Lincoln,Donald Dupont,64,200,Pasta - lincoln,,9/30/26 2:20 PM,9/30/26 2:25 PM,5 minutes and 30 seconds,Manuel Belmonte
IT Italian Trattoria Lincoln,Manuel Belmonte,65,,Pasta - lincoln,,9/30/26 2:22 PM,9/30/26 2:30 PM,8 minutes and 48 seconds,Manuel Belmonte
IT Italian Trattoria Lincoln,Manuel Belmonte,65,,Bar Station - lincoln,,9/30/26 2:22 PM,9/30/26 2:30 PM,8 minutes and 48 seconds,Manuel Belmonte
IT Italian Trattoria Lincoln,Manuel Belmonte,65,,Drinks - lincoln,,9/30/26 2:22 PM,9/30/26 2:30 PM,8 minutes and 48 seconds,Manuel Belmonte
IT Italian Trattoria Lincoln,Manuel Belmonte,66,211,Pasta - lincoln,,9/30/26 2:24 PM,9/30/26 2:33 PM,8 minutes and 43 seconds,Manuel Belmonte
IT Italian Trattoria Lincoln,Donald Dupont,68,6,Pasta - lincoln,,9/30/26 2:33 PM,9/30/26 2:35 PM,1 minute and 14 seconds,Manuel Belmonte
IT Italian Trattoria Lincoln,Donald Dupont,67,103,Pasta - lincoln,,9/30/26 2:26 PM,9/30/26 2:35 PM,8 minutes and 55 seconds,Manuel Belmonte
IT Italian Trattoria Lincoln,Manuel Belmonte,71,,Pasta - lincoln,,9/30/26 2:46 PM,9/30/26 2:47 PM,1 minute and 14 seconds,Manuel Belmonte
IT Italian Trattoria Lincoln,Manuel Belmonte,71,,Bar Station - lincoln,,9/30/26 2:46 PM,9/30/26 2:47 PM,1 minute and 14 seconds,Manuel Belmonte
IT Italian Trattoria Lincoln,Manuel Belmonte,71,,Drinks - lincoln,,9/30/26 2:46 PM,9/30/26 2:47 PM,1 minute and 14 seconds,Manuel Belmonte
IT Italian Trattoria Lincoln,Manuel Belmonte,73,,Pasta - lincoln,,9/30/26 3:01 PM,9/30/26 3:07 PM,6 minutes and 5 seconds,Manuel Belmonte
IT Italian Trattoria Lincoln,Donald Dupont,74,,Pasta - lincoln,,9/30/26 3:03 PM,9/30/26 3:20 PM,16 minutes and 34 seconds,Manuel Belmonte
IT Italian Trattoria Lincoln,Donald Dupont,76,9,Pasta - lincoln,,9/30/26 3:13 PM,9/30/26 3:25 PM,12 minutes and 4 seconds,Manuel Belmonte
IT Italian Trattoria Lincoln,Donald Dupont,76,9,Bar Station - lincoln,,9/30/26 3:13 PM,9/30/26 3:25 PM,12 minutes and 4 seconds,Manuel Belmonte
IT Italian Trattoria Lincoln,Donald Dupont,76,9,Drinks - lincoln,,9/30/26 3:13 PM,9/30/26 3:25 PM,12 minutes and 4 seconds,Manuel Belmonte
IT Italian Trattoria Lincoln,Donald Dupont,77,7,Pasta - lincoln,,9/30/26 3:28 PM,9/30/26 4:04 PM,35 minutes and 39 seconds,Manuel Belmonte
IT Italian Trattoria Lincoln,Manuel Belmonte,81,,Pasta - lincoln,,9/30/26 3:46 PM,9/30/26 4:04 PM,18 minutes and 12 seconds,Manuel Belmonte
IT Italian Trattoria Lincoln,Donald Dupont,78,104,Pasta - lincoln,,9/30/26 3:37 PM,9/30/26 4:04 PM,27 minutes and 1 second,Manuel Belmonte
IT Italian Trattoria Lincoln,Donald Dupont,78,104,Bar Station - lincoln,,9/30/26 3:37 PM,9/30/26 4:04 PM,27 minutes and 1 second,Manuel Belmonte
IT Italian Trattoria Lincoln,Donald Dupont,78,104,Drinks - lincoln,,9/30/26 3:37 PM,9/30/26 4:04 PM,27 minutes and 1 second,Manuel Belmonte
IT Italian Trattoria Lincoln,Manuel Belmonte,79,21,Pasta - lincoln,,9/30/26 3:48 PM,9/30/26 4:04 PM,15 minutes and 28 seconds,Manuel Belmonte
IT Italian Trattoria Lincoln,Donald Dupont,82,,Pasta - lincoln,,9/30/26 4:08 PM,9/30/26 4:39 PM,31 minutes and 18 seconds,Manuel Belmonte
IT Italian Trattoria Lincoln,Manuel Belmonte,99,108,Pasta - lincoln,,9/30/26 5:04 PM,9/30/26 5:14 PM,10 minutes and 10 seconds,Manuel Belmonte
IT Italian Trattoria Lincoln,Manuel Belmonte,97,,Pasta - lincoln,,9/30/26 4:48 PM,9/30/26 5:14 PM,26 minutes and 36 seconds,Manuel Belmonte
IT Italian Trattoria Lincoln,Manuel Belmonte,97,,Bar Station - lincoln,,9/30/26 4:48 PM,9/30/26 5:14 PM,26 minutes and 36 seconds,Manuel Belmonte
IT Italian Trattoria Lincoln,Manuel Belmonte,97,,Drinks - lincoln,,9/30/26 4:48 PM,9/30/26 5:14 PM,26 minutes and 36 seconds,Manuel Belmonte
IT Italian Trattoria Lincoln,James Arcinegas,102,,Pasta - lincoln,,9/30/26 5:45 PM,9/30/26 6:01 PM,16 minutes and 11 seconds,Manuel Belmonte
IT Italian Trattoria Lincoln,James Arcinegas,102,,Bar Station - lincoln,,9/30/26 5:45 PM,9/30/26 6:01 PM,16 minutes and 11 seconds,Manuel Belmonte
IT Italian Trattoria Lincoln,James Arcinegas,102,,Drinks - lincoln,,9/30/26 5:45 PM,9/30/26 6:01 PM,16 minutes and 11 seconds,Manuel Belmonte
IT Italian Trattoria Lincoln,James Arcinegas,107,,Pasta - lincoln,,9/30/26 6:18 PM,9/30/26 6:23 PM,4 minutes and 35 seconds,Manuel Belmonte
IT Italian Trattoria Lincoln,James Arcinegas,107,,Bar Station - lincoln,,9/30/26 6:18 PM,9/30/26 6:23 PM,4 minutes and 35 seconds,Manuel Belmonte
IT Italian Trattoria Lincoln,James Arcinegas,107,,Drinks - lincoln,,9/30/26 6:18 PM,9/30/26 6:23 PM,4 minutes and 35 seconds,Manuel Belmonte
IT Italian Trattoria Lincoln,Manuel Belmonte,108,,Pasta - lincoln,,9/30/26 6:23 PM,9/30/26 6:35 PM,11 minutes and 28 seconds,Manuel Belmonte
IT Italian Trattoria Lincoln,Manuel Belmonte,109,9,Pasta - lincoln,,9/30/26 6:27 PM,9/30/26 6:45 PM,17 minutes and 31 seconds,Manuel Belmonte
IT Italian Trattoria Lincoln,James Arcinegas,113,,Pasta - lincoln,,9/30/26 6:40 PM,9/30/26 6:45 PM,5 minutes and 1 second,Manuel Belmonte
IT Italian Trattoria Lincoln,Manuel Belmonte,115,5,Pasta - lincoln,,9/30/26 6:43 PM,9/30/26 6:58 PM,15 minutes and 2 seconds,Manuel Belmonte
IT Italian Trattoria Lincoln,James Arcinegas,114,,Pasta - lincoln,,9/30/26 6:48 PM,9/30/26 7:05 PM,16 minutes and 55 seconds,Manuel Belmonte
IT Italian Trattoria Lincoln,Manuel Belmonte,117,33,Pasta - lincoln,,9/30/26 6:59 PM,9/30/26 7:10 PM,11 minutes and 34 seconds,Manuel Belmonte
IT Italian Trattoria Lincoln,James Arcinegas,118,,Pasta - lincoln,,9/30/26 7:01 PM,9/30/26 7:24 PM,23 minutes and 30 seconds,Manuel Belmonte
IT Italian Trattoria Lincoln,James Arcinegas,119,31,Pasta - lincoln,,9/30/26 7:11 PM,9/30/26 7:25 PM,13 minutes and 17 seconds,Manuel Belmonte
IT Italian Trattoria Lincoln,Manuel Belmonte,121,9,Pasta - lincoln,,9/30/26 7:23 PM,9/30/26 7:34 PM,11 minutes and 13 seconds,Manuel Belmonte
IT Italian Trattoria Lincoln,Manuel Belmonte,124,8,Pasta - lincoln,,9/30/26 7:39 PM,9/30/26 7:51 PM,12 minutes and 43 seconds,Manuel Belmonte
IT Italian Trattoria Lincoln,Manuel Belmonte,126,6,Pasta - lincoln,,9/30/26 8:12 PM,9/30/26 8:22 PM,9 minutes and 52 seconds,Manuel Belmonte
IT Italian Trattoria Lincoln,Manuel Belmonte,128,20,Pasta - lincoln,,9/30/26 8:21 PM,9/30/26 8:33 PM,11 minutes and 51 seconds,Manuel Belmonte
IT Italian Trattoria Lincoln,Manuel Belmonte,125,21,Pasta - lincoln,,9/30/26 8:25 PM,9/30/26 8:38 PM,13 minutes and 22 seconds,Manuel Belmonte
IT Italian Trattoria Lincoln,Manuel Belmonte,132,31,Pasta - lincoln,,9/30/26 8:44 PM,9/30/26 8:55 PM,10 minutes and 44 seconds,Manuel Belmonte
IT Italian Trattoria Lincoln,Manuel Belmonte,132,31,Bar Station - lincoln,,9/30/26 8:44 PM,9/30/26 8:55 PM,10 minutes and 44 seconds,Manuel Belmonte
IT Italian Trattoria Lincoln,Manuel Belmonte,132,31,Drinks - lincoln,,9/30/26 8:44 PM,9/30/26 8:55 PM,10 minutes and 44 seconds,Manuel Belmonte
IT Italian Trattoria Lincoln,James Arcinegas,133,,Pasta - lincoln,,9/30/26 8:50 PM,9/30/26 8:55 PM,4 minutes and 37 seconds,Manuel Belmonte
IT Italian Trattoria Lincoln,Manuel Belmonte,137,9,Pasta - lincoln,,9/30/26 9:07 PM,9/30/26 9:17 PM,10 minutes and 7 seconds,Manuel Belmonte
IT Italian Trattoria Lincoln,Manuel Belmonte,138,21,Pasta - lincoln,,9/30/26 9:24 PM,9/30/26 9:35 PM,11 minutes and 16 seconds,Manuel Belmonte
IT Italian Trattoria Lincoln,Manuel Belmonte,139,8,Pasta - lincoln,,9/30/26 9:41 PM,9/30/26 9:53 PM,12 minutes and 2 seconds,Manuel Belmonte
