Type,Menu,Menu group,Subgroup,"Item, open item",Size modifier,"Modifiers, special requests",Sales Category,Qty sold
"",,,,,,,,21818.0
"",FOOD,,,,,,,4290.0
"",FOOD,APPETIZER,,,,,,87.0
menuItem,FOOD,APPETIZER,,IT BRUSCHETTA,,,APPETIZER,40.0
specialRequest,FOOD,APPETIZER,,IT BRUSCHETTA,,30,,2.0
specialRequest,FOOD,APPETIZER,,IT BRUSCHETTA,,60,,2.0
specialRequest,FOOD,APPETIZER,,IT BRUSCHETTA,,65,,1.0
specialRequest,FOOD,APPETIZER,,IT BRUSCHETTA,,79,,2.0
specialRequest,FOOD,APPETIZER,,IT BRUSCHETTA,,81,,1.0
specialRequest,FOOD,APPETIZER,,IT BRUSCHETTA,,9,,2.0
specialRequest,FOOD,APPETIZER,,IT BRUSCHETTA,,Solo Pane Con Tomates!!! No Garlig Nada!!,,1.0
specialRequest,FOOD,APPETIZER,,IT BRUSCHETTA,,2,,1.0
specialRequest,FOOD,APPETIZER,,IT BRUSCHETTA,,22,,1.0
specialRequest,FOOD,APPETIZER,,IT BRUSCHETTA,,51,,2.0
specialRequest,FOOD,APPETIZER,,IT BRUSCHETTA,,6,,2.0
specialRequest,FOOD,APPETIZER,,IT BRUSCHETTA,,63,,1.0
specialRequest,FOOD,APPETIZER,,IT BRUSCHETTA,,64,,1.0
specialRequest,FOOD,APPETIZER,,IT BRUSCHETTA,,68,,1.0
specialRequest,FOOD,APPETIZER,,IT BRUSCHETTA,,71,,1.0
specialRequest,FOOD,APPETIZER,,IT BRUSCHETTA,,89,,2.0
menuItem,FOOD,APPETIZER,,STRACCIATELLA & FOCACCIA,,,APPETIZER,27.0
specialRequest,FOOD,APPETIZER,,STRACCIATELLA & FOCACCIA,,22,,1.0
specialRequest,FOOD,APPETIZER,,STRACCIATELLA & FOCACCIA,,89,,1.0
specialRequest,FOOD,APPETIZER,,STRACCIATELLA & FOCACCIA,,2,,1.0
specialRequest,FOOD,APPETIZER,,STRACCIATELLA & FOCACCIA,,53,,1.0
specialRequest,FOOD,APPETIZER,,STRACCIATELLA & FOCACCIA,,63,,1.0
specialRequest,FOOD,APPETIZER,,STRACCIATELLA & FOCACCIA,,76,,1.0
specialRequest,FOOD,APPETIZER,,STRACCIATELLA & FOCACCIA,,81,,1.0
specialRequest,FOOD,APPETIZER,,STRACCIATELLA & FOCACCIA,,9,,1.0
menuItem,FOOD,APPETIZER,,ANTIPASTO DELLA CASA,,,APPETIZER,12.0
specialRequest,FOOD,APPETIZER,,ANTIPASTO DELLA CASA,,51,,1.0
specialRequest,FOOD,APPETIZER,,ANTIPASTO DELLA CASA,,70,,1.0
specialRequest,FOOD,APPETIZER,,ANTIPASTO DELLA CASA,,9,,1.0
specialRequest,FOOD,APPETIZER,,ANTIPASTO DELLA CASA,,22,,1.0
specialRequest,FOOD,APPETIZER,,ANTIPASTO DELLA CASA,,53,,1.0
specialRequest,FOOD,APPETIZER,,ANTIPASTO DELLA CASA,,63,,1.0
specialRequest,FOOD,APPETIZER,,ANTIPASTO DELLA CASA,,64,,1.0
specialRequest,FOOD,APPETIZER,,ANTIPASTO DELLA CASA,,65,,1.0
specialRequest,FOOD,APPETIZER,,ANTIPASTO DELLA CASA,,7,,1.0
menuItem,FOOD,APPETIZER,,ANTIPASTO MISTO DELLA FAMIGLIA,,,APPETIZER,8.0
specialRequest,FOOD,APPETIZER,,ANTIPASTO MISTO DELLA FAMIGLIA,,22,,2.0
"",FOOD,BREAKFAST,,,,,,155.0
menuItem,FOOD,BREAKFAST,,EGG & BACON,,,BREAKFAST,37.0
modifier,FOOD,BREAKFAST,,EGG & BACON,,Beeper Number,,13.0
modifier,FOOD,BREAKFAST,,EGG & BACON,,Fried Eggs,,18.0
modifier,FOOD,BREAKFAST,,EGG & BACON,,Scrambled Eggs,,16.0
specialRequest,FOOD,BREAKFAST,,EGG & BACON,,22,,1.0
specialRequest,FOOD,BREAKFAST,,EGG & BACON,,71,,3.0
specialRequest,FOOD,BREAKFAST,,EGG & BACON,,73,,1.0
specialRequest,FOOD,BREAKFAST,,EGG & BACON,,Caliente,,1.0
specialRequest,FOOD,BREAKFAST,,EGG & BACON,,TURKEY. NOT BACON!!,,1.0
specialRequest,FOOD,BREAKFAST,,EGG & BACON,,116,,1.0
specialRequest,FOOD,BREAKFAST,,EGG & BACON,,127,,2.0
specialRequest,FOOD,BREAKFAST,,EGG & BACON,,4,,1.0
specialRequest,FOOD,BREAKFAST,,EGG & BACON,,51,,2.0
specialRequest,FOOD,BREAKFAST,,EGG & BACON,,53,,1.0
specialRequest,FOOD,BREAKFAST,,EGG & BACON,,6,,1.0
specialRequest,FOOD,BREAKFAST,,EGG & BACON,,66,,2.0
specialRequest,FOOD,BREAKFAST,,EGG & BACON,,69,,2.0
specialRequest,FOOD,BREAKFAST,,EGG & BACON,,70 NO BEACON. ADD AVOCADO,,1.0
specialRequest,FOOD,BREAKFAST,,EGG & BACON,,74,,4.0
specialRequest,FOOD,BREAKFAST,,EGG & BACON,,78,,4.0
specialRequest,FOOD,BREAKFAST,,EGG & BACON,,79,,1.0
specialRequest,FOOD,BREAKFAST,,EGG & BACON,,81,,5.0
specialRequest,FOOD,BREAKFAST,,EGG & BACON,,83,,4.0
specialRequest,FOOD,BREAKFAST,,EGG & BACON,,NO BACON,,1.0
specialRequest,FOOD,BREAKFAST,,EGG & BACON,,No Bacon,,4.0
specialRequest,FOOD,BREAKFAST,,EGG & BACON,,Sub For Cheese,,3.0
menuItem,FOOD,BREAKFAST,,TRUFFLE SCRAMBLE EGGS,,,BREAKFAST,7.0
specialRequest,FOOD,BREAKFAST,,TRUFFLE SCRAMBLE EGGS,,78,,1.0
specialRequest,FOOD,BREAKFAST,,TRUFFLE SCRAMBLE EGGS,,89,,1.0
specialRequest,FOOD,BREAKFAST,,TRUFFLE SCRAMBLE EGGS,,122,,1.0
specialRequest,FOOD,BREAKFAST,,TRUFFLE SCRAMBLE EGGS,,60,,1.0
specialRequest,FOOD,BREAKFAST,,TRUFFLE SCRAMBLE EGGS,,65,,1.0
specialRequest,FOOD,BREAKFAST,,TRUFFLE SCRAMBLE EGGS,,65 NO BACON.,,1.0
specialRequest,FOOD,BREAKFAST,,TRUFFLE SCRAMBLE EGGS,,68,,1.0
menuItem,FOOD,BREAKFAST,,AVOCADO TOAST,,,BREAKFAST,22.0
modifier,FOOD,BREAKFAST,,AVOCADO TOAST,,Beeper Number,,3.0
modifier,FOOD,BREAKFAST,,AVOCADO TOAST,,Marinated Salmon,,1.0
modifier,FOOD,BREAKFAST,,AVOCADO TOAST,,Extra egg,,2.0
modifier,FOOD,BREAKFAST,,AVOCADO TOAST,,Smoked Salmon,,2.0
modifier,FOOD,BREAKFAST,,AVOCADO TOAST,,Boiled Egg,,7.0
specialRequest,FOOD,BREAKFAST,,AVOCADO TOAST,,51,,1.0
specialRequest,FOOD,BREAKFAST,,AVOCADO TOAST,,65,,1.0
specialRequest,FOOD,BREAKFAST,,AVOCADO TOAST,,68,,2.0
specialRequest,FOOD,BREAKFAST,,AVOCADO TOAST,,70,,1.0
specialRequest,FOOD,BREAKFAST,,AVOCADO TOAST,,81,,3.0
specialRequest,FOOD,BREAKFAST,,AVOCADO TOAST,,Fried Egg,,1.0
specialRequest,FOOD,BREAKFAST,,AVOCADO TOAST,,Scramblee Eggs,,1.0
specialRequest,FOOD,BREAKFAST,,AVOCADO TOAST,,30,,1.0
specialRequest,FOOD,BREAKFAST,,AVOCADO TOAST,,73,,1.0
specialRequest,FOOD,BREAKFAST,,AVOCADO TOAST,,74,,2.0
specialRequest,FOOD,BREAKFAST,,AVOCADO TOAST,,83,,4.0
specialRequest,FOOD,BREAKFAST,,AVOCADO TOAST,,89,,1.0
specialRequest,FOOD,BREAKFAST,,AVOCADO TOAST,,For Here,,1.0
menuItem,FOOD,BREAKFAST,,PARFAIT BERRIES & GRANOLA,,,BREAKFAST,21.0
menuItem,FOOD,BREAKFAST,,FRUIT CUP,,,BREAKFAST,13.0
menuItem,FOOD,BREAKFAST,,HEY MAMBO COMBO,,,BREAKFAST,30.0
modifier,FOOD,BREAKFAST,,HEY MAMBO COMBO,,Beeper Number,,1.0
modifier,FOOD,BREAKFAST,,HEY MAMBO COMBO,,No Beeper Number,,1.0
modifier,FOOD,BREAKFAST,,HEY MAMBO COMBO,,Espresso,,7.0
modifier,FOOD,BREAKFAST,,HEY MAMBO COMBO,,Americano Coffee,,8.0
modifier,FOOD,BREAKFAST,,HEY MAMBO COMBO,,Capuccino,,14.0
modifier,FOOD,BREAKFAST,,HEY MAMBO COMBO,,Coffee Latte,,1.0
modifier,FOOD,BREAKFAST,,HEY MAMBO COMBO,,Half & Half,,1.0
modifier,FOOD,BREAKFAST,,HEY MAMBO COMBO,,Croissant,,13.0
modifier,FOOD,BREAKFAST,,HEY MAMBO COMBO,,Nutella Croissant,,9.0
modifier,FOOD,BREAKFAST,,HEY MAMBO COMBO,,Cream Croissant,,2.0
modifier,FOOD,BREAKFAST,,HEY MAMBO COMBO,,Pistacchio Croissant,,5.0
modifier,FOOD,BREAKFAST,,HEY MAMBO COMBO,,Raspberry Croissant,,1.0
modifier,FOOD,BREAKFAST,,HEY MAMBO COMBO,,Bacon,,1.0
specialRequest,FOOD,BREAKFAST,,HEY MAMBO COMBO,,Side,,1.0
specialRequest,FOOD,BREAKFAST,,HEY MAMBO COMBO,,To Go Cup,,2.0
menuItem,FOOD,BREAKFAST,,SOLE SOLE COMBO,,,BREAKFAST,5.0
modifier,FOOD,BREAKFAST,,SOLE SOLE COMBO,,Beeper Number,,3.0
modifier,FOOD,BREAKFAST,,SOLE SOLE COMBO,,Fried Eggs,,1.0
modifier,FOOD,BREAKFAST,,SOLE SOLE COMBO,,Scrambled Eggs,,3.0
specialRequest,FOOD,BREAKFAST,,SOLE SOLE COMBO,,69,,1.0
specialRequest,FOOD,BREAKFAST,,SOLE SOLE COMBO,,74,,1.0
specialRequest,FOOD,BREAKFAST,,SOLE SOLE COMBO,,78,,2.0
specialRequest,FOOD,BREAKFAST,,SOLE SOLE COMBO,,No Bacon Moreb Salad,,1.0
menuItem,FOOD,BREAKFAST,,FRESCO COMBO,,,BREAKFAST,5.0
modifier,FOOD,BREAKFAST,,FRESCO COMBO,,Beeper Number,,1.0
modifier,FOOD,BREAKFAST,,FRESCO COMBO,,Smoked Salmon,,1.0
modifier,FOOD,BREAKFAST,,FRESCO COMBO,,Boiled Egg,,1.0
specialRequest,FOOD,BREAKFAST,,FRESCO COMBO,,73,,1.0
specialRequest,FOOD,BREAKFAST,,FRESCO COMBO,,74,,1.0
specialRequest,FOOD,BREAKFAST,,FRESCO COMBO,,78,,1.0
specialRequest,FOOD,BREAKFAST,,FRESCO COMBO,,83 No avocado,,1.0
menuItem,FOOD,BREAKFAST,,Salty Croissant Egg & Bacon,,,BREAKFAST,15.0
"",FOOD,PASTA,,,,,,1132.0
menuItem,FOOD,PASTA,,SPAGHETTI AL POMODORO,,,PASTA,157.0
modifier,FOOD,PASTA,,SPAGHETTI AL POMODORO,,Shredded Mozzarella,,5.0
modifier,FOOD,PASTA,,SPAGHETTI AL POMODORO,,Mozzarella Ball,,1.0
modifier,FOOD,PASTA,,SPAGHETTI AL POMODORO,,Shaved Parmesan,,32.0
modifier,FOOD,PASTA,,SPAGHETTI AL POMODORO,,Beeper Number,,77.0
modifier,FOOD,PASTA,,SPAGHETTI AL POMODORO,,Marinated Chicken,,12.0
modifier,FOOD,PASTA,,SPAGHETTI AL POMODORO,,Grilled Vegetable,,1.0
modifier,FOOD,PASTA,,SPAGHETTI AL POMODORO,,Shaved Parmesan,,1.0
modifier,FOOD,PASTA,,SPAGHETTI AL POMODORO,,Regular,,15.0
sizedSpecialRequest,FOOD,PASTA,,SPAGHETTI AL POMODORO,Regular,60,,1.0
sizedSpecialRequest,FOOD,PASTA,,SPAGHETTI AL POMODORO,Regular,65,,3.0
sizedSpecialRequest,FOOD,PASTA,,SPAGHETTI AL POMODORO,Regular,69,,1.0
sizedSpecialRequest,FOOD,PASTA,,SPAGHETTI AL POMODORO,Regular,70,,1.0
sizedSpecialRequest,FOOD,PASTA,,SPAGHETTI AL POMODORO,Regular,78,,1.0
sizedSpecialRequest,FOOD,PASTA,,SPAGHETTI AL POMODORO,Regular,79,,2.0
sizedSpecialRequest,FOOD,PASTA,,SPAGHETTI AL POMODORO,Regular,83,,2.0
sizedSpecialRequest,FOOD,PASTA,,SPAGHETTI AL POMODORO,Regular,89,,3.0
sizedModifier,FOOD,PASTA,,SPAGHETTI AL POMODORO,Regular,MEATBALLS,,1.0
sizedSpecialRequest,FOOD,PASTA,,SPAGHETTI AL POMODORO,Regular,No Origano,,1.0
sizedSpecialRequest,FOOD,PASTA,,SPAGHETTI AL POMODORO,Regular,Riganoi,,1.0
sizedSpecialRequest,FOOD,PASTA,,SPAGHETTI AL POMODORO,Regular,Rigatnoi!,,2.0
sizedModifier,FOOD,PASTA,,SPAGHETTI AL POMODORO,Regular,Shaved Parmesan,,3.0
specialRequest,FOOD,PASTA,,SPAGHETTI AL POMODORO,,63,,3.0
specialRequest,FOOD,PASTA,,SPAGHETTI AL POMODORO,,66,,3.0
specialRequest,FOOD,PASTA,,SPAGHETTI AL POMODORO,,67,,2.0
specialRequest,FOOD,PASTA,,SPAGHETTI AL POMODORO,,68,,5.0
specialRequest,FOOD,PASTA,,SPAGHETTI AL POMODORO,,69,,1.0
specialRequest,FOOD,PASTA,,SPAGHETTI AL POMODORO,,73,,4.0
specialRequest,FOOD,PASTA,,SPAGHETTI AL POMODORO,,83,,2.0
specialRequest,FOOD,PASTA,,SPAGHETTI AL POMODORO,,Only Spaghetti,,1.0
specialRequest,FOOD,PASTA,,SPAGHETTI AL POMODORO,,Parmsean On Side,,1.0
specialRequest,FOOD,PASTA,,SPAGHETTI AL POMODORO,,Rigatoni!,,1.0
specialRequest,FOOD,PASTA,,SPAGHETTI AL POMODORO,,1 Rigatoni,,4.0
specialRequest,FOOD,PASTA,,SPAGHETTI AL POMODORO,,16,,1.0
specialRequest,FOOD,PASTA,,SPAGHETTI AL POMODORO,,58,,1.0
specialRequest,FOOD,PASTA,,SPAGHETTI AL POMODORO,,64,,14.0
specialRequest,FOOD,PASTA,,SPAGHETTI AL POMODORO,,65,,7.0
specialRequest,FOOD,PASTA,,SPAGHETTI AL POMODORO,,7,,1.0
specialRequest,FOOD,PASTA,,SPAGHETTI AL POMODORO,,70,,2.0
specialRequest,FOOD,PASTA,,SPAGHETTI AL POMODORO,,71,,2.0
specialRequest,FOOD,PASTA,,SPAGHETTI AL POMODORO,,74,,11.0
specialRequest,FOOD,PASTA,,SPAGHETTI AL POMODORO,,76,,4.0
specialRequest,FOOD,PASTA,,SPAGHETTI AL POMODORO,,77,,1.0
specialRequest,FOOD,PASTA,,SPAGHETTI AL POMODORO,,78,,4.0
specialRequest,FOOD,PASTA,,SPAGHETTI AL POMODORO,,79,,3.0
specialRequest,FOOD,PASTA,,SPAGHETTI AL POMODORO,,81,,7.0
specialRequest,FOOD,PASTA,,SPAGHETTI AL POMODORO,,89,,3.0
specialRequest,FOOD,PASTA,,SPAGHETTI AL POMODORO,,Extra Sauce,,2.0
specialRequest,FOOD,PASTA,,SPAGHETTI AL POMODORO,,Nada De Salza,,1.0
specialRequest,FOOD,PASTA,,SPAGHETTI AL POMODORO,,No Sacue,,1.0
specialRequest,FOOD,PASTA,,SPAGHETTI AL POMODORO,,Rigatoni!!! Solo Matechiaa!,,1.0
specialRequest,FOOD,PASTA,,SPAGHETTI AL POMODORO,,Sin Basilico Parmesan A Lado,,1.0
specialRequest,FOOD,PASTA,,SPAGHETTI AL POMODORO,,Un Poco De Acite,,1.0
menuItem,FOOD,PASTA,,RIGATONI ALLA SICILIANA,,,PASTA,119.0
modifier,FOOD,PASTA,,RIGATONI ALLA SICILIANA,,Ham,,1.0
modifier,FOOD,PASTA,,RIGATONI ALLA SICILIANA,,Shredded Mozzarella,,4.0
modifier,FOOD,PASTA,,RIGATONI ALLA SICILIANA,,Mozzarella Ball,,4.0
modifier,FOOD,PASTA,,RIGATONI ALLA SICILIANA,,Shaved Parmesan,,18.0
modifier,FOOD,PASTA,,RIGATONI ALLA SICILIANA,,Bell Peppers,,2.0
modifier,FOOD,PASTA,,RIGATONI ALLA SICILIANA,,Beeper Number,,39.0
modifier,FOOD,PASTA,,RIGATONI ALLA SICILIANA,,Marinated Chicken,,7.0
modifier,FOOD,PASTA,,RIGATONI ALLA SICILIANA,,Marinated Salmon,,1.0
modifier,FOOD,PASTA,,RIGATONI ALLA SICILIANA,,Grilled Vegetable,,1.0
modifier,FOOD,PASTA,,RIGATONI ALLA SICILIANA,,Prosciutto,,1.0
modifier,FOOD,PASTA,,RIGATONI ALLA SICILIANA,,Bacon,,1.0
modifier,FOOD,PASTA,,RIGATONI ALLA SICILIANA,,Bread,,1.0
modifier,FOOD,PASTA,,RIGATONI ALLA SICILIANA,,Shaved Parmesan,,1.0
modifier,FOOD,PASTA,,RIGATONI ALLA SICILIANA,,Bread,,1.0
modifier,FOOD,PASTA,,RIGATONI ALLA SICILIANA,,Regular,,11.0
sizedSpecialRequest,FOOD,PASTA,,RIGATONI ALLA SICILIANA,Regular,64,,1.0
sizedSpecialRequest,FOOD,PASTA,,RIGATONI ALLA SICILIANA,Regular,65,,1.0
sizedSpecialRequest,FOOD,PASTA,,RIGATONI ALLA SICILIANA,Regular,69,,1.0
sizedSpecialRequest,FOOD,PASTA,,RIGATONI ALLA SICILIANA,Regular,70,,2.0
sizedSpecialRequest,FOOD,PASTA,,RIGATONI ALLA SICILIANA,Regular,74,,1.0
sizedSpecialRequest,FOOD,PASTA,,RIGATONI ALLA SICILIANA,Regular,78,,2.0
sizedSpecialRequest,FOOD,PASTA,,RIGATONI ALLA SICILIANA,Regular,89,,1.0
sizedModifier,FOOD,PASTA,,RIGATONI ALLA SICILIANA,Regular,Bread,,1.0
sizedModifier,FOOD,PASTA,,RIGATONI ALLA SICILIANA,Regular,Grilled Chicken,,2.0
sizedModifier,FOOD,PASTA,,RIGATONI ALLA SICILIANA,Regular,MEATBALLS,,1.0
sizedModifier,FOOD,PASTA,,RIGATONI ALLA SICILIANA,Regular,Marinated Chicken,,1.0
sizedModifier,FOOD,PASTA,,RIGATONI ALLA SICILIANA,Regular,Shaved Parmesan,,1.0
sizedModifier,FOOD,PASTA,,RIGATONI ALLA SICILIANA,Regular,Stracciatella Cheese,,1.0
modifier,FOOD,PASTA,,RIGATONI ALLA SICILIANA,,XL,,1.0
sizedSpecialRequest,FOOD,PASTA,,RIGATONI ALLA SICILIANA,XL,22,,1.0
specialRequest,FOOD,PASTA,,RIGATONI ALLA SICILIANA,,129,,1.0
specialRequest,FOOD,PASTA,,RIGATONI ALLA SICILIANA,,139,,1.0
specialRequest,FOOD,PASTA,,RIGATONI ALLA SICILIANA,,65,,1.0
specialRequest,FOOD,PASTA,,RIGATONI ALLA SICILIANA,,69,,1.0
specialRequest,FOOD,PASTA,,RIGATONI ALLA SICILIANA,,74,,6.0
specialRequest,FOOD,PASTA,,RIGATONI ALLA SICILIANA,,78,,1.0
specialRequest,FOOD,PASTA,,RIGATONI ALLA SICILIANA,,83,,2.0
specialRequest,FOOD,PASTA,,RIGATONI ALLA SICILIANA,,Parmsean On Side,,1.0
specialRequest,FOOD,PASTA,,RIGATONI ALLA SICILIANA,,63,,2.0
specialRequest,FOOD,PASTA,,RIGATONI ALLA SICILIANA,,64,,2.0
specialRequest,FOOD,PASTA,,RIGATONI ALLA SICILIANA,,66,,3.0
specialRequest,FOOD,PASTA,,RIGATONI ALLA SICILIANA,,68,,1.0
specialRequest,FOOD,PASTA,,RIGATONI ALLA SICILIANA,,70,,4.0
specialRequest,FOOD,PASTA,,RIGATONI ALLA SICILIANA,,71,,3.0
specialRequest,FOOD,PASTA,,RIGATONI ALLA SICILIANA,,73,,2.0
specialRequest,FOOD,PASTA,,RIGATONI ALLA SICILIANA,,76,,7.0
specialRequest,FOOD,PASTA,,RIGATONI ALLA SICILIANA,,79,,3.0
specialRequest,FOOD,PASTA,,RIGATONI ALLA SICILIANA,,81,,7.0
menuItem,FOOD,PASTA,,SPAGHETTI ALFREDO,,,PASTA,159.0
modifier,FOOD,PASTA,,SPAGHETTI ALFREDO,,Shredded Mozzarella,,1.0
modifier,FOOD,PASTA,,SPAGHETTI ALFREDO,,Shaved Parmesan,,33.0
modifier,FOOD,PASTA,,SPAGHETTI ALFREDO,,Bell Peppers,,1.0
modifier,FOOD,PASTA,,SPAGHETTI ALFREDO,,Avocado,,1.0
modifier,FOOD,PASTA,,SPAGHETTI ALFREDO,,Beeper Number,,69.0
modifier,FOOD,PASTA,,SPAGHETTI ALFREDO,,Marinated Chicken,,60.0
modifier,FOOD,PASTA,,SPAGHETTI ALFREDO,,Marinated Salmon,,1.0
modifier,FOOD,PASTA,,SPAGHETTI ALFREDO,,Grilled Vegetable,,1.0
modifier,FOOD,PASTA,,SPAGHETTI ALFREDO,,Prosciutto,,2.0
modifier,FOOD,PASTA,,SPAGHETTI ALFREDO,,Bacon,,1.0
modifier,FOOD,PASTA,,SPAGHETTI ALFREDO,,Bread,,6.0
modifier,FOOD,PASTA,,SPAGHETTI ALFREDO,,extra sauce,,1.0
modifier,FOOD,PASTA,,SPAGHETTI ALFREDO,,Shaved Parmesan,,1.0
modifier,FOOD,PASTA,,SPAGHETTI ALFREDO,,Grilled Chicken,,4.0
modifier,FOOD,PASTA,,SPAGHETTI ALFREDO,,Small,,13.0
sizedSpecialRequest,FOOD,PASTA,,SPAGHETTI ALFREDO,Small,6,,0.0
sizedSpecialRequest,FOOD,PASTA,,SPAGHETTI ALFREDO,Small,60 RIGATONI,,1.0
sizedSpecialRequest,FOOD,PASTA,,SPAGHETTI ALFREDO,Small,65,,1.0
sizedSpecialRequest,FOOD,PASTA,,SPAGHETTI ALFREDO,Small,69,,3.0
sizedSpecialRequest,FOOD,PASTA,,SPAGHETTI ALFREDO,Small,70,,1.0
sizedSpecialRequest,FOOD,PASTA,,SPAGHETTI ALFREDO,Small,74,,1.0
sizedSpecialRequest,FOOD,PASTA,,SPAGHETTI ALFREDO,Small,78,,1.0
sizedSpecialRequest,FOOD,PASTA,,SPAGHETTI ALFREDO,Small,79,,1.0
sizedSpecialRequest,FOOD,PASTA,,SPAGHETTI ALFREDO,Small,83,,3.0
sizedModifier,FOOD,PASTA,,SPAGHETTI ALFREDO,Small,Grilled Chicken,,2.0
sizedModifier,FOOD,PASTA,,SPAGHETTI ALFREDO,Small,Marinated Chicken,,1.0
sizedSpecialRequest,FOOD,PASTA,,SPAGHETTI ALFREDO,Small,Parmiggiano On The Side!!,,1.0
sizedModifier,FOOD,PASTA,,SPAGHETTI ALFREDO,Small,Shaved Parmesan,,6.0
modifier,FOOD,PASTA,,SPAGHETTI ALFREDO,,XL,,1.0
specialRequest,FOOD,PASTA,,SPAGHETTI ALFREDO,,139,,1.0
specialRequest,FOOD,PASTA,,SPAGHETTI ALFREDO,,64,,3.0
specialRequest,FOOD,PASTA,,SPAGHETTI ALFREDO,,67,,4.0
specialRequest,FOOD,PASTA,,SPAGHETTI ALFREDO,,70,,0.5
specialRequest,FOOD,PASTA,,SPAGHETTI ALFREDO,,73,,6.0
specialRequest,FOOD,PASTA,,SPAGHETTI ALFREDO,,78,,4.0
specialRequest,FOOD,PASTA,,SPAGHETTI ALFREDO,,Extra Cream!!,,1.0
specialRequest,FOOD,PASTA,,SPAGHETTI ALFREDO,,Prosciutto,,1.0
specialRequest,FOOD,PASTA,,SPAGHETTI ALFREDO,,116,,1.0
specialRequest,FOOD,PASTA,,SPAGHETTI ALFREDO,,135,,1.0
specialRequest,FOOD,PASTA,,SPAGHETTI ALFREDO,,22,,1.0
specialRequest,FOOD,PASTA,,SPAGHETTI ALFREDO,,63,,3.0
specialRequest,FOOD,PASTA,,SPAGHETTI ALFREDO,,65,,3.5
specialRequest,FOOD,PASTA,,SPAGHETTI ALFREDO,,66,,3.0
specialRequest,FOOD,PASTA,,SPAGHETTI ALFREDO,,68,,3.0
specialRequest,FOOD,PASTA,,SPAGHETTI ALFREDO,,69,,7.0
specialRequest,FOOD,PASTA,,SPAGHETTI ALFREDO,,74,,9.0
specialRequest,FOOD,PASTA,,SPAGHETTI ALFREDO,,76,,4.0
specialRequest,FOOD,PASTA,,SPAGHETTI ALFREDO,,77,,1.0
specialRequest,FOOD,PASTA,,SPAGHETTI ALFREDO,,79,,9.0
specialRequest,FOOD,PASTA,,SPAGHETTI ALFREDO,,8,,1.0
specialRequest,FOOD,PASTA,,SPAGHETTI ALFREDO,,81,,6.0
specialRequest,FOOD,PASTA,,SPAGHETTI ALFREDO,,89,,5.0
specialRequest,FOOD,PASTA,,SPAGHETTI ALFREDO,,Chicken On Side,,1.0
specialRequest,FOOD,PASTA,,SPAGHETTI ALFREDO,,Marinated Chicken,,1.0
specialRequest,FOOD,PASTA,,SPAGHETTI ALFREDO,,Only Butter,,1.0
specialRequest,FOOD,PASTA,,SPAGHETTI ALFREDO,,Rigatoni,,1.0
specialRequest,FOOD,PASTA,,SPAGHETTI ALFREDO,,Shaved Parmesan,,1.0
menuItem,FOOD,PASTA,,SPAGHETTI BASIL PESTO,,,PASTA,12.0
menuItem,FOOD,PASTA,,SPAGHETTI GENOVESE,,,PASTA,71.0
modifier,FOOD,PASTA,,SPAGHETTI BASIL PESTO,,Mozzarella Ball,,1.0
modifier,FOOD,PASTA,,SPAGHETTI BASIL PESTO,,Shaved Parmesan,,13.0
modifier,FOOD,PASTA,,SPAGHETTI BASIL PESTO,,Avocado,,3.0
modifier,FOOD,PASTA,,SPAGHETTI BASIL PESTO,,Beeper Number,,23.0
modifier,FOOD,PASTA,,SPAGHETTI BASIL PESTO,,No Beeper Number,,1.0
modifier,FOOD,PASTA,,SPAGHETTI BASIL PESTO,,Marinated Chicken,,12.0
modifier,FOOD,PASTA,,SPAGHETTI BASIL PESTO,,Grilled Vegetable,,1.0
modifier,FOOD,PASTA,,SPAGHETTI BASIL PESTO,,Bacon,,1.0
modifier,FOOD,PASTA,,SPAGHETTI BASIL PESTO,,extra sauce,,1.0
modifier,FOOD,PASTA,,SPAGHETTI BASIL PESTO,,Small,,8.0
sizedSpecialRequest,FOOD,PASTA,,SPAGHETTI BASIL PESTO,Small,69,,2.0
sizedSpecialRequest,FOOD,PASTA,,SPAGHETTI BASIL PESTO,Small,70,,1.0
sizedSpecialRequest,FOOD,PASTA,,SPAGHETTI BASIL PESTO,Small,74,,1.0
sizedSpecialRequest,FOOD,PASTA,,SPAGHETTI BASIL PESTO,Small,83,,2.0
sizedModifier,FOOD,PASTA,,SPAGHETTI BASIL PESTO,Small,Grilled Chicken,,2.0
sizedSpecialRequest,FOOD,PASTA,,SPAGHETTI BASIL PESTO,Small,RIGATONI!! 79,,1.0
sizedModifier,FOOD,PASTA,,SPAGHETTI BASIL PESTO,Small,Shaved Parmesan,,2.0
modifier,FOOD,PASTA,,SPAGHETTI BASIL PESTO,,XL,,4.0
sizedSpecialRequest,FOOD,PASTA,,SPAGHETTI BASIL PESTO,XL,78,,2.0
sizedSpecialRequest,FOOD,PASTA,,SPAGHETTI BASIL PESTO,XL,81,,1.0
specialRequest,FOOD,PASTA,,SPAGHETTI BASIL PESTO,,22,,1.0
specialRequest,FOOD,PASTA,,SPAGHETTI BASIL PESTO,,68,,3.0
specialRequest,FOOD,PASTA,,SPAGHETTI BASIL PESTO,,73,,2.0
specialRequest,FOOD,PASTA,,SPAGHETTI BASIL PESTO,,74,,1.0
specialRequest,FOOD,PASTA,,SPAGHETTI BASIL PESTO,,77,,1.0
specialRequest,FOOD,PASTA,,SPAGHETTI BASIL PESTO,,63,,1.0
specialRequest,FOOD,PASTA,,SPAGHETTI BASIL PESTO,,64,,2.0
specialRequest,FOOD,PASTA,,SPAGHETTI BASIL PESTO,,65,,1.0
specialRequest,FOOD,PASTA,,SPAGHETTI BASIL PESTO,,69,,2.0
specialRequest,FOOD,PASTA,,SPAGHETTI BASIL PESTO,,70,,1.0
specialRequest,FOOD,PASTA,,SPAGHETTI BASIL PESTO,,76,,2.0
specialRequest,FOOD,PASTA,,SPAGHETTI BASIL PESTO,,79,,2.0
specialRequest,FOOD,PASTA,,SPAGHETTI BASIL PESTO,,81,,4.0
specialRequest,FOOD,PASTA,,SPAGHETTI BASIL PESTO,,83,,1.0
specialRequest,FOOD,PASTA,,SPAGHETTI BASIL PESTO,,Mas Salsa!!!,,1.0
specialRequest,FOOD,PASTA,,SPAGHETTI BASIL PESTO,,Rigatoni,,1.0
menuItem,FOOD,PASTA,,RIGATONI VODKA,,,PASTA,135.0
modifier,FOOD,PASTA,,RIGATONI VODKA,,Shredded Mozzarella,,1.0
modifier,FOOD,PASTA,,RIGATONI VODKA,,Mozzarella Ball,,2.0
modifier,FOOD,PASTA,,RIGATONI VODKA,,Stracciatella Cheese,,1.0
modifier,FOOD,PASTA,,RIGATONI VODKA,,Shaved Parmesan,,36.0
modifier,FOOD,PASTA,,RIGATONI VODKA,,Avocado,,1.0
modifier,FOOD,PASTA,,RIGATONI VODKA,,Beeper Number,,62.0
modifier,FOOD,PASTA,,RIGATONI VODKA,,Marinated Chicken,,16.0
modifier,FOOD,PASTA,,RIGATONI VODKA,,Marinated Salmon,,1.0
modifier,FOOD,PASTA,,RIGATONI VODKA,,Prosciutto,,1.0
modifier,FOOD,PASTA,,RIGATONI VODKA,,Bacon,,1.0
modifier,FOOD,PASTA,,RIGATONI VODKA,,Bread,,1.0
modifier,FOOD,PASTA,,RIGATONI VODKA,,Shaved Parmesan,,2.0
modifier,FOOD,PASTA,,RIGATONI VODKA,,Small,,4.0
sizedSpecialRequest,FOOD,PASTA,,RIGATONI VODKA,Small,70,,1.0
sizedSpecialRequest,FOOD,PASTA,,RIGATONI VODKA,Small,78,,2.0
sizedSpecialRequest,FOOD,PASTA,,RIGATONI VODKA,Small,83,,1.0
sizedModifier,FOOD,PASTA,,RIGATONI VODKA,Small,Grilled Chicken,,1.0
sizedSpecialRequest,FOOD,PASTA,,RIGATONI VODKA,Small,Parmiggiano A Parde!!!,,1.0
sizedModifier,FOOD,PASTA,,RIGATONI VODKA,Small,Shaved Parmesan,,2.0
sizedSpecialRequest,FOOD,PASTA,,RIGATONI VODKA,Small,Spaghetti!,,1.0
modifier,FOOD,PASTA,,RIGATONI VODKA,,XL,,1.0
sizedSpecialRequest,FOOD,PASTA,,RIGATONI VODKA,XL,78,,1.0
sizedSpecialRequest,FOOD,PASTA,,RIGATONI VODKA,XL,Parmiggiano On Thr Side!,,1.0
sizedModifier,FOOD,PASTA,,RIGATONI VODKA,XL,Shaved Parmesan,,1.0
sizedSpecialRequest,FOOD,PASTA,,RIGATONI VODKA,XL,Spaghetti!,,1.0
specialRequest,FOOD,PASTA,,RIGATONI VODKA,,68,,6.0
specialRequest,FOOD,PASTA,,RIGATONI VODKA,,70,,1.0
specialRequest,FOOD,PASTA,,RIGATONI VODKA,,74,,3.0
specialRequest,FOOD,PASTA,,RIGATONI VODKA,,78,,6.0
specialRequest,FOOD,PASTA,,RIGATONI VODKA,,81,,2.0
specialRequest,FOOD,PASTA,,RIGATONI VODKA,,83,,3.0
specialRequest,FOOD,PASTA,,RIGATONI VODKA,,No Peper!!!!,,1.0
specialRequest,FOOD,PASTA,,RIGATONI VODKA,,PARMESANO ON THE SIDE,,1.0
specialRequest,FOOD,PASTA,,RIGATONI VODKA,,Parmnon Side,,1.0
specialRequest,FOOD,PASTA,,RIGATONI VODKA,,Spagehtii,,1.0
specialRequest,FOOD,PASTA,,RIGATONI VODKA,,Spaghetti!,,2.0
specialRequest,FOOD,PASTA,,RIGATONI VODKA,,63,,6.0
specialRequest,FOOD,PASTA,,RIGATONI VODKA,,64,,4.0
specialRequest,FOOD,PASTA,,RIGATONI VODKA,,65,,12.0
specialRequest,FOOD,PASTA,,RIGATONI VODKA,,66,,3.0
specialRequest,FOOD,PASTA,,RIGATONI VODKA,,69,,2.0
specialRequest,FOOD,PASTA,,RIGATONI VODKA,,71,,3.0
specialRequest,FOOD,PASTA,,RIGATONI VODKA,,73,,5.0
specialRequest,FOOD,PASTA,,RIGATONI VODKA,,76,,1.0
specialRequest,FOOD,PASTA,,RIGATONI VODKA,,77,,1.0
specialRequest,FOOD,PASTA,,RIGATONI VODKA,,79,,7.0
specialRequest,FOOD,PASTA,,RIGATONI VODKA,,89,,1.0
specialRequest,FOOD,PASTA,,RIGATONI VODKA,,Avocado On Side,,1.0
specialRequest,FOOD,PASTA,,RIGATONI VODKA,,No Parmiggiano!!!,,1.0
menuItem,FOOD,PASTA,,LASAGNA,,,PASTA,108.0
modifier,FOOD,PASTA,,LASAGNA,,Ham,,1.0
modifier,FOOD,PASTA,,LASAGNA,,Stracciatella Cheese,,1.0
modifier,FOOD,PASTA,,LASAGNA,,Shaved Parmesan,,21.0
modifier,FOOD,PASTA,,LASAGNA,,Avocado,,1.0
modifier,FOOD,PASTA,,LASAGNA,,Beeper Number,,51.0
modifier,FOOD,PASTA,,LASAGNA,,Marinated Chicken,,1.0
modifier,FOOD,PASTA,,LASAGNA,,Grilled Vegetable,,1.0
modifier,FOOD,PASTA,,LASAGNA,,Prosciutto,,1.0
modifier,FOOD,PASTA,,LASAGNA,,Bread,,3.0
modifier,FOOD,PASTA,,LASAGNA,,Shaved Parmesan,,4.0
specialRequest,FOOD,PASTA,,LASAGNA,,137,,1.0
specialRequest,FOOD,PASTA,,LASAGNA,,53,,1.0
specialRequest,FOOD,PASTA,,LASAGNA,,63,,4.0
specialRequest,FOOD,PASTA,,LASAGNA,,68,,1.0
specialRequest,FOOD,PASTA,,LASAGNA,,69,,2.0
specialRequest,FOOD,PASTA,,LASAGNA,,74,,4.0
specialRequest,FOOD,PASTA,,LASAGNA,,79,,2.0
specialRequest,FOOD,PASTA,,LASAGNA,,89,,2.0
specialRequest,FOOD,PASTA,,LASAGNA,,64,,4.0
specialRequest,FOOD,PASTA,,LASAGNA,,65,,4.0
specialRequest,FOOD,PASTA,,LASAGNA,,66,,4.0
specialRequest,FOOD,PASTA,,LASAGNA,,67,,2.0
specialRequest,FOOD,PASTA,,LASAGNA,,70,,2.0
specialRequest,FOOD,PASTA,,LASAGNA,,71,,1.0
specialRequest,FOOD,PASTA,,LASAGNA,,73,,7.0
specialRequest,FOOD,PASTA,,LASAGNA,,76,,3.0
specialRequest,FOOD,PASTA,,LASAGNA,,77,,2.0
specialRequest,FOOD,PASTA,,LASAGNA,,78,,4.0
specialRequest,FOOD,PASTA,,LASAGNA,,81,,11.0
specialRequest,FOOD,PASTA,,LASAGNA,,83,,5.0
menuItem,FOOD,PASTA,,RIGATONI BOLOGNESE,,,PASTA,161.0
modifier,FOOD,PASTA,,RIGATONI BOLOGNESE,,Spianata Calabrese,,1.0
modifier,FOOD,PASTA,,RIGATONI BOLOGNESE,,Shredded Mozzarella,,6.0
modifier,FOOD,PASTA,,RIGATONI BOLOGNESE,,Shaved Parmesan,,33.0
modifier,FOOD,PASTA,,RIGATONI BOLOGNESE,,Avocado,,1.0
modifier,FOOD,PASTA,,RIGATONI BOLOGNESE,,Beeper Number,,72.0
modifier,FOOD,PASTA,,RIGATONI BOLOGNESE,,Marinated Chicken,,2.0
modifier,FOOD,PASTA,,RIGATONI BOLOGNESE,,Grilled Vegetable,,1.0
modifier,FOOD,PASTA,,RIGATONI BOLOGNESE,,Shaved Parmesan,,4.0
modifier,FOOD,PASTA,,RIGATONI BOLOGNESE,,Bread,,1.0
modifier,FOOD,PASTA,,RIGATONI BOLOGNESE,,Regular,,21.0
sizedSpecialRequest,FOOD,PASTA,,RIGATONI BOLOGNESE,Regular,5,,1.0
sizedSpecialRequest,FOOD,PASTA,,RIGATONI BOLOGNESE,Regular,65,,1.0
sizedSpecialRequest,FOOD,PASTA,,RIGATONI BOLOGNESE,Regular,68,,1.0
sizedSpecialRequest,FOOD,PASTA,,RIGATONI BOLOGNESE,Regular,69,,1.0
sizedSpecialRequest,FOOD,PASTA,,RIGATONI BOLOGNESE,Regular,70,,3.0
sizedSpecialRequest,FOOD,PASTA,,RIGATONI BOLOGNESE,Regular,73,,2.0
sizedSpecialRequest,FOOD,PASTA,,RIGATONI BOLOGNESE,Regular,74,,2.0
sizedSpecialRequest,FOOD,PASTA,,RIGATONI BOLOGNESE,Regular,78,,1.0
sizedSpecialRequest,FOOD,PASTA,,RIGATONI BOLOGNESE,Regular,79,,1.0
sizedSpecialRequest,FOOD,PASTA,,RIGATONI BOLOGNESE,Regular,83,,5.0
sizedSpecialRequest,FOOD,PASTA,,RIGATONI BOLOGNESE,Regular,89,,1.0
sizedModifier,FOOD,PASTA,,RIGATONI BOLOGNESE,Regular,Bread,,1.0
sizedModifier,FOOD,PASTA,,RIGATONI BOLOGNESE,Regular,Grilled Chicken,,1.0
sizedModifier,FOOD,PASTA,,RIGATONI BOLOGNESE,Regular,Shaved Parmesan,,8.0
sizedSpecialRequest,FOOD,PASTA,,RIGATONI BOLOGNESE,Regular,Spaghetti!,,1.0
sizedSpecialRequest,FOOD,PASTA,,RIGATONI BOLOGNESE,Regular,To Go,,1.0
modifier,FOOD,PASTA,,RIGATONI BOLOGNESE,,XL,,1.0
sizedSpecialRequest,FOOD,PASTA,,RIGATONI BOLOGNESE,XL,9 EN DOS PLATOS,,1.0
sizedModifier,FOOD,PASTA,,RIGATONI BOLOGNESE,XL,BURRATA 50 Gr,,1.0
specialRequest,FOOD,PASTA,,RIGATONI BOLOGNESE,,63,,5.0
specialRequest,FOOD,PASTA,,RIGATONI BOLOGNESE,,64,,3.0
specialRequest,FOOD,PASTA,,RIGATONI BOLOGNESE,,69,,10.0
specialRequest,FOOD,PASTA,,RIGATONI BOLOGNESE,,73,,4.0
specialRequest,FOOD,PASTA,,RIGATONI BOLOGNESE,,74,,5.0
specialRequest,FOOD,PASTA,,RIGATONI BOLOGNESE,,76,,3.0
specialRequest,FOOD,PASTA,,RIGATONI BOLOGNESE,,79,,3.0
specialRequest,FOOD,PASTA,,RIGATONI BOLOGNESE,,81,,9.0
specialRequest,FOOD,PASTA,,RIGATONI BOLOGNESE,,83,,2.0
specialRequest,FOOD,PASTA,,RIGATONI BOLOGNESE,,NO RIGATONI ?,,1.0
specialRequest,FOOD,PASTA,,RIGATONI BOLOGNESE,,Queso Aparte,,1.0
specialRequest,FOOD,PASTA,,RIGATONI BOLOGNESE,,58,,1.0
specialRequest,FOOD,PASTA,,RIGATONI BOLOGNESE,,65,,9.0
specialRequest,FOOD,PASTA,,RIGATONI BOLOGNESE,,66,,6.0
specialRequest,FOOD,PASTA,,RIGATONI BOLOGNESE,,67,,1.0
specialRequest,FOOD,PASTA,,RIGATONI BOLOGNESE,,68,,4.0
specialRequest,FOOD,PASTA,,RIGATONI BOLOGNESE,,70,,3.0
specialRequest,FOOD,PASTA,,RIGATONI BOLOGNESE,,71,,6.0
specialRequest,FOOD,PASTA,,RIGATONI BOLOGNESE,,78,,3.0
specialRequest,FOOD,PASTA,,RIGATONI BOLOGNESE,,89,,1.0
specialRequest,FOOD,PASTA,,RIGATONI BOLOGNESE,,No Oil,,1.0
specialRequest,FOOD,PASTA,,RIGATONI BOLOGNESE,,No Onions,,3.0
specialRequest,FOOD,PASTA,,RIGATONI BOLOGNESE,,No Rigatoni ?,,1.0
specialRequest,FOOD,PASTA,,RIGATONI BOLOGNESE,,Spaghetti,,3.0
specialRequest,FOOD,PASTA,,RIGATONI BOLOGNESE,,Spaghetti!,,1.0
specialRequest,FOOD,PASTA,,RIGATONI BOLOGNESE,,Spaguetti,,2.0
menuItem,FOOD,PASTA,,SPAGHETTI CARBONARA,,,PASTA,136.0
modifier,FOOD,PASTA,,SPAGHETTI CARBONARA,,Shredded Mozzarella,,3.0
modifier,FOOD,PASTA,,SPAGHETTI CARBONARA,,Shaved Parmesan,,29.0
modifier,FOOD,PASTA,,SPAGHETTI CARBONARA,,Avocado,,1.0
modifier,FOOD,PASTA,,SPAGHETTI CARBONARA,,Beeper Number,,52.0
modifier,FOOD,PASTA,,SPAGHETTI CARBONARA,,Marinated Chicken,,2.0
modifier,FOOD,PASTA,,SPAGHETTI CARBONARA,,Grilled Vegetable,,2.0
modifier,FOOD,PASTA,,SPAGHETTI CARBONARA,,Prosciutto,,1.0
modifier,FOOD,PASTA,,SPAGHETTI CARBONARA,,Bacon,,1.0
modifier,FOOD,PASTA,,SPAGHETTI CARBONARA,,Shaved Parmesan,,3.0
modifier,FOOD,PASTA,,SPAGHETTI CARBONARA,,Regular,,10.0
sizedSpecialRequest,FOOD,PASTA,,SPAGHETTI CARBONARA,Regular,133,,1.0
sizedSpecialRequest,FOOD,PASTA,,SPAGHETTI CARBONARA,Regular,65,,2.0
sizedSpecialRequest,FOOD,PASTA,,SPAGHETTI CARBONARA,Regular,69,,1.0
sizedSpecialRequest,FOOD,PASTA,,SPAGHETTI CARBONARA,Regular,70,,2.0
sizedSpecialRequest,FOOD,PASTA,,SPAGHETTI CARBONARA,Regular,74,,1.0
sizedSpecialRequest,FOOD,PASTA,,SPAGHETTI CARBONARA,Regular,83,,1.0
sizedModifier,FOOD,PASTA,,SPAGHETTI CARBONARA,Regular,MEATBALLS,,1.0
sizedModifier,FOOD,PASTA,,SPAGHETTI CARBONARA,Regular,Shaved Parmesan,,2.0
modifier,FOOD,PASTA,,SPAGHETTI CARBONARA,,XL,,1.0
specialRequest,FOOD,PASTA,,SPAGHETTI CARBONARA,,63,,3.0
specialRequest,FOOD,PASTA,,SPAGHETTI CARBONARA,,71,,5.0
specialRequest,FOOD,PASTA,,SPAGHETTI CARBONARA,,73,,6.0
specialRequest,FOOD,PASTA,,SPAGHETTI CARBONARA,,79,,2.0
specialRequest,FOOD,PASTA,,SPAGHETTI CARBONARA,,89,,1.0
specialRequest,FOOD,PASTA,,SPAGHETTI CARBONARA,,No Egg Yolk,,2.0
specialRequest,FOOD,PASTA,,SPAGHETTI CARBONARA,,Rigatoni,,3.0
specialRequest,FOOD,PASTA,,SPAGHETTI CARBONARA,,58,,1.0
specialRequest,FOOD,PASTA,,SPAGHETTI CARBONARA,,64,,5.0
specialRequest,FOOD,PASTA,,SPAGHETTI CARBONARA,,65,,2.0
specialRequest,FOOD,PASTA,,SPAGHETTI CARBONARA,,67,,2.0
specialRequest,FOOD,PASTA,,SPAGHETTI CARBONARA,,68,,1.0
specialRequest,FOOD,PASTA,,SPAGHETTI CARBONARA,,69,,4.0
specialRequest,FOOD,PASTA,,SPAGHETTI CARBONARA,,70,,2.0
specialRequest,FOOD,PASTA,,SPAGHETTI CARBONARA,,74,,6.0
specialRequest,FOOD,PASTA,,SPAGHETTI CARBONARA,,76,,5.0
specialRequest,FOOD,PASTA,,SPAGHETTI CARBONARA,,78,,3.0
specialRequest,FOOD,PASTA,,SPAGHETTI CARBONARA,,81,,6.0
specialRequest,FOOD,PASTA,,SPAGHETTI CARBONARA,,83,,1.0
menuItem,FOOD,PASTA,,RIGATONI TARTUFO,,,PASTA,74.0
modifier,FOOD,PASTA,,RIGATONI TARTUFO,,Shaved Parmesan,,14.0
modifier,FOOD,PASTA,,RIGATONI TARTUFO,,Beeper Number,,23.0
modifier,FOOD,PASTA,,RIGATONI TARTUFO,,Marinated Chicken,,9.0
modifier,FOOD,PASTA,,RIGATONI TARTUFO,,Prosciutto,,2.0
modifier,FOOD,PASTA,,RIGATONI TARTUFO,,Bread,,7.0
modifier,FOOD,PASTA,,RIGATONI TARTUFO,,Shaved Parmesan,,2.0
modifier,FOOD,PASTA,,RIGATONI TARTUFO,,Regular,,4.0
sizedSpecialRequest,FOOD,PASTA,,RIGATONI TARTUFO,Regular,65,,1.0
sizedSpecialRequest,FOOD,PASTA,,RIGATONI TARTUFO,Regular,70,,2.0
sizedSpecialRequest,FOOD,PASTA,,RIGATONI TARTUFO,Regular,74,,1.0
sizedModifier,FOOD,PASTA,,RIGATONI TARTUFO,Regular,Shaved Parmesan,,2.0
modifier,FOOD,PASTA,,RIGATONI TARTUFO,,XL,,1.0
sizedSpecialRequest,FOOD,PASTA,,RIGATONI TARTUFO,XL,71,,1.0
sizedModifier,FOOD,PASTA,,RIGATONI TARTUFO,XL,Shaved Parmesan,,1.0
specialRequest,FOOD,PASTA,,RIGATONI TARTUFO,,74,,2.0
specialRequest,FOOD,PASTA,,RIGATONI TARTUFO,,81,,1.0
specialRequest,FOOD,PASTA,,RIGATONI TARTUFO,,89,,1.0
specialRequest,FOOD,PASTA,,RIGATONI TARTUFO,,Bread On The Side!!,,1.0
specialRequest,FOOD,PASTA,,RIGATONI TARTUFO,,63,,2.0
specialRequest,FOOD,PASTA,,RIGATONI TARTUFO,,64,,2.0
specialRequest,FOOD,PASTA,,RIGATONI TARTUFO,,65,,4.0
specialRequest,FOOD,PASTA,,RIGATONI TARTUFO,,67,,3.0
specialRequest,FOOD,PASTA,,RIGATONI TARTUFO,,68,,1.0
specialRequest,FOOD,PASTA,,RIGATONI TARTUFO,,70,,1.0
specialRequest,FOOD,PASTA,,RIGATONI TARTUFO,,71,,3.0
specialRequest,FOOD,PASTA,,RIGATONI TARTUFO,,76,,3.0
specialRequest,FOOD,PASTA,,RIGATONI TARTUFO,,79,,2.0
"",FOOD,PIZZA,,,,,,772.0
menuItem,FOOD,PIZZA,,MARGHERITA,,,PIZZA,262.0
modifier,FOOD,PIZZA,,MARGHERITA,,Shredded Mozzarella,,3.0
modifier,FOOD,PIZZA,,MARGHERITA,,Stracciatella Cheese,,1.0
modifier,FOOD,PIZZA,,MARGHERITA,,Beeper Number,,114.0
modifier,FOOD,PIZZA,,MARGHERITA,,Marinated Chicken,,4.0
modifier,FOOD,PIZZA,,MARGHERITA,,Marinated Salmon,,1.0
modifier,FOOD,PIZZA,,MARGHERITA,,Extra egg,,1.0
modifier,FOOD,PIZZA,,MARGHERITA,,Grilled Vegetable,,1.0
modifier,FOOD,PIZZA,,MARGHERITA,,Prosciutto,,2.0
modifier,FOOD,PIZZA,,MARGHERITA,,Gluten-Free Pizza Dough,,4.0
modifier,FOOD,PIZZA,,MARGHERITA,,Vegan Mozzarella,,4.0
specialRequest,FOOD,PIZZA,,MARGHERITA,,16,,1.0
specialRequest,FOOD,PIZZA,,MARGHERITA,,2,,8.0
specialRequest,FOOD,PIZZA,,MARGHERITA,,4,,3.0
specialRequest,FOOD,PIZZA,,MARGHERITA,,51,,12.0
specialRequest,FOOD,PIZZA,,MARGHERITA,,63,,2.0
specialRequest,FOOD,PIZZA,,MARGHERITA,,65,,1.0
specialRequest,FOOD,PIZZA,,MARGHERITA,,7,,9.0
specialRequest,FOOD,PIZZA,,MARGHERITA,,71,,1.0
specialRequest,FOOD,PIZZA,,MARGHERITA,,73,,1.0
specialRequest,FOOD,PIZZA,,MARGHERITA,,76,,2.0
specialRequest,FOOD,PIZZA,,MARGHERITA,,77,,2.0
specialRequest,FOOD,PIZZA,,MARGHERITA,,9,,4.0
specialRequest,FOOD,PIZZA,,MARGHERITA,,EXTRA BASIL,,1.0
specialRequest,FOOD,PIZZA,,MARGHERITA,,Extra Basil,,1.0
specialRequest,FOOD,PIZZA,,MARGHERITA,,12,,5.0
specialRequest,FOOD,PIZZA,,MARGHERITA,,140,,1.0
specialRequest,FOOD,PIZZA,,MARGHERITA,,2 Porzione De Pojo A Parde!!!,,1.0
specialRequest,FOOD,PIZZA,,MARGHERITA,,22,,14.0
specialRequest,FOOD,PIZZA,,MARGHERITA,,30,,10.0
specialRequest,FOOD,PIZZA,,MARGHERITA,,5,,13.0
specialRequest,FOOD,PIZZA,,MARGHERITA,,53,,18.0
specialRequest,FOOD,PIZZA,,MARGHERITA,,6,,15.0
specialRequest,FOOD,PIZZA,,MARGHERITA,,60,,6.0
specialRequest,FOOD,PIZZA,,MARGHERITA,,64,,2.0
specialRequest,FOOD,PIZZA,,MARGHERITA,,66,,5.0
specialRequest,FOOD,PIZZA,,MARGHERITA,,67,,1.0
specialRequest,FOOD,PIZZA,,MARGHERITA,,68,,1.0
specialRequest,FOOD,PIZZA,,MARGHERITA,,69,,3.0
specialRequest,FOOD,PIZZA,,MARGHERITA,,70,,7.0
specialRequest,FOOD,PIZZA,,MARGHERITA,,74,,3.0
specialRequest,FOOD,PIZZA,,MARGHERITA,,79,,2.0
specialRequest,FOOD,PIZZA,,MARGHERITA,,8,,5.0
specialRequest,FOOD,PIZZA,,MARGHERITA,,81,,6.0
specialRequest,FOOD,PIZZA,,MARGHERITA,,Crispy,,2.0
specialRequest,FOOD,PIZZA,,MARGHERITA,,Mucho Queso,,1.0
specialRequest,FOOD,PIZZA,,MARGHERITA,,No Oilo Di Oliva!,,3.0
specialRequest,FOOD,PIZZA,,MARGHERITA,,No Orignao!! No Basil!!,,3.0
specialRequest,FOOD,PIZZA,,MARGHERITA,,Truffle & Balsmaic,,1.0
menuItem,FOOD,PIZZA,,COTTO,,,PIZZA,70.0
modifier,FOOD,PIZZA,,COTTO,,Ham,,1.0
modifier,FOOD,PIZZA,,COTTO,,Bell Peppers,,1.0
modifier,FOOD,PIZZA,,COTTO,,Beeper Number,,22.0
modifier,FOOD,PIZZA,,COTTO,,Grilled Vegetable,,1.0
modifier,FOOD,PIZZA,,COTTO,,Gluten-Free Pizza Dough,,4.0
specialRequest,FOOD,PIZZA,,COTTO,,2,,2.0
specialRequest,FOOD,PIZZA,,COTTO,,30,,2.0
specialRequest,FOOD,PIZZA,,COTTO,,64,,1.0
specialRequest,FOOD,PIZZA,,COTTO,,69,,1.0
specialRequest,FOOD,PIZZA,,COTTO,,74,,1.0
specialRequest,FOOD,PIZZA,,COTTO,,9,,4.0
specialRequest,FOOD,PIZZA,,COTTO,,22,,6.0
specialRequest,FOOD,PIZZA,,COTTO,,4,,2.0
specialRequest,FOOD,PIZZA,,COTTO,,5,,1.0
specialRequest,FOOD,PIZZA,,COTTO,,51,,1.0
specialRequest,FOOD,PIZZA,,COTTO,,6,,6.0
specialRequest,FOOD,PIZZA,,COTTO,,60,,2.0
specialRequest,FOOD,PIZZA,,COTTO,,65,,1.0
specialRequest,FOOD,PIZZA,,COTTO,,70,,1.0
specialRequest,FOOD,PIZZA,,COTTO,,71,,4.0
specialRequest,FOOD,PIZZA,,COTTO,,89,,1.0
specialRequest,FOOD,PIZZA,,COTTO,,Peperoni,,1.0
menuItem,FOOD,PIZZA,,DIAVOLA,,,PIZZA,127.0
modifier,FOOD,PIZZA,,DIAVOLA,,Ham,,1.0
modifier,FOOD,PIZZA,,DIAVOLA,,Shredded Mozzarella,,1.0
modifier,FOOD,PIZZA,,DIAVOLA,,Bell Peppers,,1.0
modifier,FOOD,PIZZA,,DIAVOLA,,Beeper Number,,52.0
modifier,FOOD,PIZZA,,DIAVOLA,,Gluten-Free Pizza Dough,,1.0
modifier,FOOD,PIZZA,,DIAVOLA,,Vegan Mozzarella,,1.0
modifier,FOOD,PIZZA,,DIAVOLA,,Bacon,,2.0
specialRequest,FOOD,PIZZA,,DIAVOLA,,116,,1.0
specialRequest,FOOD,PIZZA,,DIAVOLA,,135,,2.0
specialRequest,FOOD,PIZZA,,DIAVOLA,,32,,1.0
specialRequest,FOOD,PIZZA,,DIAVOLA,,5,,5.0
specialRequest,FOOD,PIZZA,,DIAVOLA,,53,,7.0
specialRequest,FOOD,PIZZA,,DIAVOLA,,6,,9.0
specialRequest,FOOD,PIZZA,,DIAVOLA,,67,,3.0
specialRequest,FOOD,PIZZA,,DIAVOLA,,7,,4.0
specialRequest,FOOD,PIZZA,,DIAVOLA,,73,,1.0
specialRequest,FOOD,PIZZA,,DIAVOLA,,77,,1.0
specialRequest,FOOD,PIZZA,,DIAVOLA,,89,,1.0
specialRequest,FOOD,PIZZA,,DIAVOLA,,No Cheese,,1.0
specialRequest,FOOD,PIZZA,,DIAVOLA,,Para Aki!!!!,,1.0
specialRequest,FOOD,PIZZA,,DIAVOLA,,Tomatoes,,1.0
specialRequest,FOOD,PIZZA,,DIAVOLA,,129,,1.0
specialRequest,FOOD,PIZZA,,DIAVOLA,,133,,2.0
specialRequest,FOOD,PIZZA,,DIAVOLA,,139,,1.0
specialRequest,FOOD,PIZZA,,DIAVOLA,,140,,2.0
specialRequest,FOOD,PIZZA,,DIAVOLA,,2,,2.0
specialRequest,FOOD,PIZZA,,DIAVOLA,,22,,5.0
specialRequest,FOOD,PIZZA,,DIAVOLA,,30,,6.0
specialRequest,FOOD,PIZZA,,DIAVOLA,,4,,3.0
specialRequest,FOOD,PIZZA,,DIAVOLA,,51,,5.0
specialRequest,FOOD,PIZZA,,DIAVOLA,,60,,2.0
specialRequest,FOOD,PIZZA,,DIAVOLA,,63,,1.0
specialRequest,FOOD,PIZZA,,DIAVOLA,,64,,2.0
specialRequest,FOOD,PIZZA,,DIAVOLA,,66,,1.0
specialRequest,FOOD,PIZZA,,DIAVOLA,,68,,2.0
specialRequest,FOOD,PIZZA,,DIAVOLA,,71,,1.0
specialRequest,FOOD,PIZZA,,DIAVOLA,,8,,2.0
specialRequest,FOOD,PIZZA,,DIAVOLA,,9,,3.0
specialRequest,FOOD,PIZZA,,DIAVOLA,,Half Only Cheese,,1.0
specialRequest,FOOD,PIZZA,,DIAVOLA,,Well Done,,2.0
menuItem,FOOD,PIZZA,,PRIMAVERA,,,PIZZA,22.0
modifier,FOOD,PIZZA,,PRIMAVERA,,Avocado,,1.0
modifier,FOOD,PIZZA,,PRIMAVERA,,Beeper Number,,7.0
modifier,FOOD,PIZZA,,PRIMAVERA,,Marinated Chicken,,1.0
modifier,FOOD,PIZZA,,PRIMAVERA,,Gluten-Free Pizza Dough,,2.0
modifier,FOOD,PIZZA,,PRIMAVERA,,Bacon,,1.0
specialRequest,FOOD,PIZZA,,PRIMAVERA,,22,,2.0
specialRequest,FOOD,PIZZA,,PRIMAVERA,,5,,4.0
specialRequest,FOOD,PIZZA,,PRIMAVERA,,2,,2.0
specialRequest,FOOD,PIZZA,,PRIMAVERA,,6,,1.0
specialRequest,FOOD,PIZZA,,PRIMAVERA,,60,,1.0
specialRequest,FOOD,PIZZA,,PRIMAVERA,,7,,1.0
specialRequest,FOOD,PIZZA,,PRIMAVERA,,78,,1.0
menuItem,FOOD,PIZZA,,REGINA,,,PIZZA,44.0
modifier,FOOD,PIZZA,,REGINA,,Beeper Number,,12.0
specialRequest,FOOD,PIZZA,,REGINA,,30,,2.0
specialRequest,FOOD,PIZZA,,REGINA,,74,,1.0
specialRequest,FOOD,PIZZA,,REGINA,,22,,1.0
specialRequest,FOOD,PIZZA,,REGINA,,5,,1.0
specialRequest,FOOD,PIZZA,,REGINA,,51,,3.0
specialRequest,FOOD,PIZZA,,REGINA,,53,,2.0
specialRequest,FOOD,PIZZA,,REGINA,,6,,5.0
specialRequest,FOOD,PIZZA,,REGINA,,63,,1.0
specialRequest,FOOD,PIZZA,,REGINA,,67,,1.0
specialRequest,FOOD,PIZZA,,REGINA,,7,,2.0
specialRequest,FOOD,PIZZA,,REGINA,,71,,1.0
specialRequest,FOOD,PIZZA,,REGINA,,81,,1.0
specialRequest,FOOD,PIZZA,,REGINA,,9,,2.0
menuItem,FOOD,PIZZA,,MARGHERITA DI BURRATA,,,PIZZA,97.0
modifier,FOOD,PIZZA,,MARGHERITA DI BURRATA,,Arugula,,2.0
modifier,FOOD,PIZZA,,MARGHERITA DI BURRATA,,Beeper Number,,29.0
modifier,FOOD,PIZZA,,MARGHERITA DI BURRATA,,Prosciutto,,2.0
modifier,FOOD,PIZZA,,MARGHERITA DI BURRATA,,Gluten-Free Pizza Dough,,1.0
modifier,FOOD,PIZZA,,MARGHERITA DI BURRATA,,Bacon,,1.0
specialRequest,FOOD,PIZZA,,MARGHERITA DI BURRATA,,16,,1.0
specialRequest,FOOD,PIZZA,,MARGHERITA DI BURRATA,,22,,3.0
specialRequest,FOOD,PIZZA,,MARGHERITA DI BURRATA,,5,,3.0
specialRequest,FOOD,PIZZA,,MARGHERITA DI BURRATA,,53,,3.0
specialRequest,FOOD,PIZZA,,MARGHERITA DI BURRATA,,6,,4.0
specialRequest,FOOD,PIZZA,,MARGHERITA DI BURRATA,,69,,1.0
specialRequest,FOOD,PIZZA,,MARGHERITA DI BURRATA,,78,,1.0
specialRequest,FOOD,PIZZA,,MARGHERITA DI BURRATA,,89,,1.0
specialRequest,FOOD,PIZZA,,MARGHERITA DI BURRATA,,Co O La Pala,,1.0
specialRequest,FOOD,PIZZA,,MARGHERITA DI BURRATA,,12,,3.0
specialRequest,FOOD,PIZZA,,MARGHERITA DI BURRATA,,2,,1.0
specialRequest,FOOD,PIZZA,,MARGHERITA DI BURRATA,,30,,4.0
specialRequest,FOOD,PIZZA,,MARGHERITA DI BURRATA,,4,,4.0
specialRequest,FOOD,PIZZA,,MARGHERITA DI BURRATA,,51,,3.0
specialRequest,FOOD,PIZZA,,MARGHERITA DI BURRATA,,60,,3.0
specialRequest,FOOD,PIZZA,,MARGHERITA DI BURRATA,,64,,1.0
specialRequest,FOOD,PIZZA,,MARGHERITA DI BURRATA,,65,,2.0
specialRequest,FOOD,PIZZA,,MARGHERITA DI BURRATA,,68,,1.0
specialRequest,FOOD,PIZZA,,MARGHERITA DI BURRATA,,7,,2.0
specialRequest,FOOD,PIZZA,,MARGHERITA DI BURRATA,,9,,1.0
specialRequest,FOOD,PIZZA,,MARGHERITA DI BURRATA,,Arrugula,,2.0
specialRequest,FOOD,PIZZA,,MARGHERITA DI BURRATA,,Half SpiNTa,,1.0
specialRequest,FOOD,PIZZA,,MARGHERITA DI BURRATA,,Mitad Con Arrugula,,1.0
specialRequest,FOOD,PIZZA,,MARGHERITA DI BURRATA,,Mitad Mnarghreita,,1.0
menuItem,FOOD,PIZZA,,POSITANO,,,PIZZA,75.0
menuItem,FOOD,PIZZA,,TRUFFLE,,,PIZZA,9.0
modifier,FOOD,PIZZA,,POSITANO,,Mozzarella Ball,,1.0
modifier,FOOD,PIZZA,,POSITANO,,Beeper Number,,36.0
modifier,FOOD,PIZZA,,POSITANO,,Marinated Chicken,,1.0
modifier,FOOD,PIZZA,,POSITANO,,Gluten-Free Pizza Dough,,2.0
modifier,FOOD,PIZZA,,POSITANO,,extra sauce,,1.0
specialRequest,FOOD,PIZZA,,POSITANO,,116,,1.0
specialRequest,FOOD,PIZZA,,POSITANO,,5,,4.0
specialRequest,FOOD,PIZZA,,POSITANO,,51,,4.0
specialRequest,FOOD,PIZZA,,POSITANO,,67,,3.0
specialRequest,FOOD,PIZZA,,POSITANO,,69,,1.0
specialRequest,FOOD,PIZZA,,POSITANO,,70,,1.0
specialRequest,FOOD,PIZZA,,POSITANO,,74,,2.0
specialRequest,FOOD,PIZZA,,POSITANO,,8,,1.0
specialRequest,FOOD,PIZZA,,POSITANO,,81,,3.0
specialRequest,FOOD,PIZZA,,POSITANO,,12,,1.0
specialRequest,FOOD,PIZZA,,POSITANO,,133,,1.0
specialRequest,FOOD,PIZZA,,POSITANO,,16,,1.0
specialRequest,FOOD,PIZZA,,POSITANO,,2,,2.0
specialRequest,FOOD,PIZZA,,POSITANO,,22,,2.0
specialRequest,FOOD,PIZZA,,POSITANO,,30,,6.0
specialRequest,FOOD,PIZZA,,POSITANO,,53,,5.0
specialRequest,FOOD,PIZZA,,POSITANO,,6,,3.0
specialRequest,FOOD,PIZZA,,POSITANO,,60,,4.0
specialRequest,FOOD,PIZZA,,POSITANO,,64,,3.0
specialRequest,FOOD,PIZZA,,POSITANO,,7,,2.0
specialRequest,FOOD,PIZZA,,POSITANO,,71,,1.0
specialRequest,FOOD,PIZZA,,POSITANO,,73,,1.0
specialRequest,FOOD,PIZZA,,POSITANO,,77,,1.0
specialRequest,FOOD,PIZZA,,POSITANO,,79,,2.0
specialRequest,FOOD,PIZZA,,POSITANO,,Champiniones A Metad!!,,1.0
specialRequest,FOOD,PIZZA,,POSITANO,,Milt,,1.0
specialRequest,FOOD,PIZZA,,POSITANO,,No Champiniones!,,1.0
specialRequest,FOOD,PIZZA,,POSITANO,,No Mushroom,,1.0
menuItem,FOOD,PIZZA,,PROSCIUTTO E BURRATA,,,PIZZA,66.0
modifier,FOOD,PIZZA,,PROSCIUTTO E BURRATA,,Shaved Parmesan,,1.0
modifier,FOOD,PIZZA,,PROSCIUTTO E BURRATA,,Bell Peppers,,1.0
modifier,FOOD,PIZZA,,PROSCIUTTO E BURRATA,,Arugula,,1.0
modifier,FOOD,PIZZA,,PROSCIUTTO E BURRATA,,Beeper Number,,31.0
modifier,FOOD,PIZZA,,PROSCIUTTO E BURRATA,,Marinated Salmon,,1.0
modifier,FOOD,PIZZA,,PROSCIUTTO E BURRATA,,Prosciutto,,1.0
specialRequest,FOOD,PIZZA,,PROSCIUTTO E BURRATA,,139,,1.0
specialRequest,FOOD,PIZZA,,PROSCIUTTO E BURRATA,,22,,6.0
specialRequest,FOOD,PIZZA,,PROSCIUTTO E BURRATA,,30,,1.0
specialRequest,FOOD,PIZZA,,PROSCIUTTO E BURRATA,,60,,2.0
specialRequest,FOOD,PIZZA,,PROSCIUTTO E BURRATA,,64,,2.0
specialRequest,FOOD,PIZZA,,PROSCIUTTO E BURRATA,,69,,1.0
specialRequest,FOOD,PIZZA,,PROSCIUTTO E BURRATA,,9,,1.0
specialRequest,FOOD,PIZZA,,PROSCIUTTO E BURRATA,,Like The Pala,,1.0
specialRequest,FOOD,PIZZA,,PROSCIUTTO E BURRATA,,12,,1.0
specialRequest,FOOD,PIZZA,,PROSCIUTTO E BURRATA,,2,,3.0
specialRequest,FOOD,PIZZA,,PROSCIUTTO E BURRATA,,4,,1.0
specialRequest,FOOD,PIZZA,,PROSCIUTTO E BURRATA,,5,,4.0
specialRequest,FOOD,PIZZA,,PROSCIUTTO E BURRATA,,51,,3.0
specialRequest,FOOD,PIZZA,,PROSCIUTTO E BURRATA,,53,,3.0
specialRequest,FOOD,PIZZA,,PROSCIUTTO E BURRATA,,6,,3.0
specialRequest,FOOD,PIZZA,,PROSCIUTTO E BURRATA,,65,,1.0
specialRequest,FOOD,PIZZA,,PROSCIUTTO E BURRATA,,68,,1.0
specialRequest,FOOD,PIZZA,,PROSCIUTTO E BURRATA,,7,,1.0
specialRequest,FOOD,PIZZA,,PROSCIUTTO E BURRATA,,79,,1.0
specialRequest,FOOD,PIZZA,,PROSCIUTTO E BURRATA,,Arrugula,,1.0
specialRequest,FOOD,PIZZA,,PROSCIUTTO E BURRATA,,Balsmaic Vinegrette Add,,1.0
specialRequest,FOOD,PIZZA,,PROSCIUTTO E BURRATA,,Come La Pala!!,,1.0
specialRequest,FOOD,PIZZA,,PROSCIUTTO E BURRATA,,Half Margherita Di Burrata,,1.0
specialRequest,FOOD,PIZZA,,PROSCIUTTO E BURRATA,,No Burrata,,1.0
specialRequest,FOOD,PIZZA,,PROSCIUTTO E BURRATA,,Non Pones Salsa De Tomates!!,,1.0
"",FOOD,PIZZA PALA,,,,,,704.0
menuItem,FOOD,PIZZA PALA,,SLICE MARGHERITA PALA,,,PIZZA PALA,155.0
modifier,FOOD,PIZZA PALA,,SLICE MARGHERITA PALA,,extra sauce,,1.0
menuItem,FOOD,PIZZA PALA,,SLICE SPIANATA PALA,,,PIZZA PALA,164.0
menuItem,FOOD,PIZZA PALA,,SLICE ARUG/STRAC PALA,,,PIZZA PALA,105.0
specialRequest,FOOD,PIZZA PALA,,SLICE ARUG/STRAC PALA,,78,,1.0
menuItem,FOOD,PIZZA PALA,,SLICE PROSCIUTTO PALA,,,PIZZA PALA,78.0
menuItem,FOOD,PIZZA PALA,,SLICE HAM PALA,,,PIZZA PALA,5.0
menuItem,FOOD,PIZZA PALA,,SLICE PRIMAVERA PALA,,,PIZZA PALA,38.0
menuItem,FOOD,PIZZA PALA,,SLICE TRUFFLE PALA,,,PIZZA PALA,157.0
menuItem,FOOD,PIZZA PALA,,FULL SPIANATA PALA,,,PIZZA PALA,1.0
menuItem,FOOD,PIZZA PALA,,FULL PROSCIUTTO PALA,,,PIZZA PALA,1.0
"",FOOD,PANINI,,,,,,425.0
menuItem,FOOD,PANINI,,Focaccia Caprese,,,PANINI,61.0
menuItem,FOOD,PANINI,,Focaccia Mortadella & Stracciatella,,,PANINI,34.0
menuItem,FOOD,PANINI,,Focaccia Crudo,,,PANINI,76.0
modifier,FOOD,PANINI,,Focaccia Crudo,,Sliced Tomatoes,,1.0
modifier,FOOD,PANINI,,Focaccia Crudo,,Arugula,,1.0
modifier,FOOD,PANINI,,Focaccia Crudo,,Marinated Chicken,,1.0
menuItem,FOOD,PANINI,,Panino Ham,,,PANINI,59.0
modifier,FOOD,PANINI,,Panino Ham,,Extra egg,,2.0
menuItem,FOOD,PANINI,,Panino Turkey & Egg,,,PANINI,34.0
menuItem,FOOD,PANINI,,Panino Egg & Bacon,,,PANINI,20.0
menuItem,FOOD,PANINI,,Portafoglio Caprese,,,PANINI,29.0
modifier,FOOD,PANINI,,Portafoglio Caprese,,Marinated Chicken,,1.0
modifier,FOOD,PANINI,,Portafoglio Caprese,,Grilled Vegetable,,1.0
menuItem,FOOD,PANINI,,Portafoglio Ham,,,PANINI,33.0
modifier,FOOD,PANINI,,Portafoglio Ham,,Stracciatella Cheese,,1.0
modifier,FOOD,PANINI,,Portafoglio Ham,,Avocado,,2.0
modifier,FOOD,PANINI,,Portafoglio Ham,,Marinated Chicken,,1.0
menuItem,FOOD,PANINI,,Portafoglio Crudo,,,PANINI,37.0
modifier,FOOD,PANINI,,Portafoglio Crudo,,Arugula,,2.0
menuItem,FOOD,PANINI,,Portafoglio Mortadella,,,PANINI,42.0
"",FOOD,BACI,,,,,,24.0
menuItem,FOOD,BACI,,CAPRI CLUB,,,,5.0
menuItem,FOOD,BACI,,BACI SPICY CLUB,,,,1.0
menuItem,FOOD,BACI,,SPICY CLUB,,,,1.0
menuItem,FOOD,BACI,,COTTO CLUB,,,,3.0
menuItem,FOOD,BACI,,MORTADELLA CLUB,,,,5.0
menuItem,FOOD,BACI,,CESAR CLUB,,,,3.0
menuItem,FOOD,BACI,,PROSCIUTTO CLUB,,,,6.0
"",FOOD,SALAD,,,,,,224.0
menuItem,FOOD,SALAD,,CAPRESE,,,SALAD,47.0
modifier,FOOD,SALAD,,CAPRESE,,Mozzarella Ball,,1.0
modifier,FOOD,SALAD,,CAPRESE,,Marinated Chicken,,7.0
modifier,FOOD,SALAD,,CAPRESE,,Marinated Salmon,,1.0
modifier,FOOD,SALAD,,CAPRESE,,Bread,,2.0
modifier,FOOD,SALAD,,CAPRESE,,Grilled Chicken,,3.0
modifier,FOOD,SALAD,,CAPRESE,,Marinated Salmon,,1.0
menuItem,FOOD,SALAD,,CAESAR,,,SALAD,90.0
modifier,FOOD,SALAD,,CAESAR,,Avocado,,3.0
modifier,FOOD,SALAD,,CAESAR,,Marinated Chicken,,29.0
modifier,FOOD,SALAD,,CAESAR,,Extra egg,,2.0
modifier,FOOD,SALAD,,CAESAR,,Marinated Chicken,,6.0
modifier,FOOD,SALAD,,CAESAR,,Grilled Chicken,,1.0
modifier,FOOD,SALAD,,CAESAR,,Marinated Salmon,,1.0
modifier,FOOD,SALAD,,CAESAR,,Boiled Egg,,2.0
modifier,FOOD,SALAD,,CAESAR,,EXTRA AVOCADO,,3.0
specialRequest,FOOD,SALAD,,CAESAR,,Dressing On The Side,,1.0
specialRequest,FOOD,SALAD,,CAESAR,,No Tomate,,1.0
menuItem,FOOD,SALAD,,AMORE VERDE,,,SALAD,24.0
modifier,FOOD,SALAD,,AMORE VERDE,,Shaved Parmesan,,1.0
modifier,FOOD,SALAD,,AMORE VERDE,,Marinated Chicken,,1.0
modifier,FOOD,SALAD,,AMORE VERDE,,Marinated Chicken,,3.0
modifier,FOOD,SALAD,,AMORE VERDE,,Grilled Chicken,,1.0
menuItem,FOOD,SALAD,,LA VITA SANA,,,SALAD,22.0
modifier,FOOD,SALAD,,LA VITA SANA,,Mozzarella Ball,,1.0
modifier,FOOD,SALAD,,LA VITA SANA,,Avocado,,1.0
modifier,FOOD,SALAD,,LA VITA SANA,,Marinated Chicken,,3.0
modifier,FOOD,SALAD,,LA VITA SANA,,Marinated Salmon,,1.0
modifier,FOOD,SALAD,,LA VITA SANA,,Extra egg,,1.0
modifier,FOOD,SALAD,,LA VITA SANA,,Grilled Vegetable,,1.0
modifier,FOOD,SALAD,,LA VITA SANA,,Grilled Chicken,,2.0
modifier,FOOD,SALAD,,LA VITA SANA,,Boiled Egg,,1.0
modifier,FOOD,SALAD,,LA VITA SANA,,EXTRA AVOCADO,,1.0
menuItem,FOOD,SALAD,,MEDITERRANEA,,,SALAD,41.0
modifier,FOOD,SALAD,,MEDITERRANEA,,Marinated Chicken,,8.0
modifier,FOOD,SALAD,,MEDITERRANEA,,Prosciutto,,1.0
modifier,FOOD,SALAD,,MEDITERRANEA,,Bread,,1.0
modifier,FOOD,SALAD,,MEDITERRANEA,,Marinated Chicken,,4.0
specialRequest,FOOD,SALAD,,MEDITERRANEA,,Chicken On The Side,,1.0
specialRequest,FOOD,SALAD,,MEDITERRANEA,,no cheese,,1.0
specialRequest,FOOD,SALAD,,MEDITERRANEA,,No Eglplant,,1.0
"",FOOD,BAKERY,,,,,,273.0
menuItem,FOOD,BAKERY,,Croissant Plain,,,BAKERY,60.0
menuItem,FOOD,BAKERY,,Nutella Croissant,,,BAKERY,36.0
menuItem,FOOD,BAKERY,,Cream Croissant,,,BAKERY,6.0
menuItem,FOOD,BAKERY,,Pistacchio Croissant,,,BAKERY,15.0
menuItem,FOOD,BAKERY,,Almond Croissant,,,BAKERY,31.0
menuItem,FOOD,BAKERY,,fruit Croissant,,,BAKERY,4.0
menuItem,FOOD,BAKERY,,Raspberry Croissant,,,BAKERY,8.0
menuItem,FOOD,BAKERY,,Salty Croissant Ham & Cheese,,,BAKERY,29.0
menuItem,FOOD,BAKERY,,Salty Croissant Egg & Bacon,,,BAKERY,14.0
menuItem,FOOD,BAKERY,,Bombolone Nutella,,,BAKERY,13.0
menuItem,FOOD,BAKERY,,Bombolone Crema,,,BAKERY,2.0
menuItem,FOOD,BAKERY,,Bombolone Pistacchio,,,BAKERY,7.0
menuItem,FOOD,BAKERY,,Bombolone Raspberry,,,BAKERY,2.0
menuItem,FOOD,BAKERY,,Biscotti,,,BAKERY,31.0
menuItem,FOOD,BAKERY,,SFOGLIATELLA SMALL,,,BAKERY,1.0
menuItem,FOOD,BAKERY,,"small cannoli ",,,BAKERY,13.0
menuItem,FOOD,BAKERY,,CHOCOLATE CAKE,,,BAKERY,1.0
"",FOOD,BISCOTTI,,,,,,52.0
menuItem,FOOD,BISCOTTI,,BISCOTTI,,,,16.0
menuItem,FOOD,BISCOTTI,,BOCCONCINI CACAO,,,,4.0
menuItem,FOOD,BISCOTTI,,BOCCONCINI LIMONE,,,,1.0
menuItem,FOOD,BISCOTTI,,BOCCONCINI PISTACCHIO,,,,7.0
menuItem,FOOD,BISCOTTI,,MINI CANNOLI GIANDUJA,,,,1.0
menuItem,FOOD,BISCOTTI,,MINI CANNOLI LIMONE,,,,3.0
menuItem,FOOD,BISCOTTI,,MINI CANNOLI PISTACCHIO,,,,5.0
menuItem,FOOD,BISCOTTI,,ARAGOSTINE GIANDUJA,,,,6.0
menuItem,FOOD,BISCOTTI,,ARAGOSTINE LIMONE,,,,3.0
menuItem,FOOD,BISCOTTI,,ARAGOSTINE PISTACCHIO,,,,6.0
"",FOOD,DESSERT,,,,,,388.0
menuItem,FOOD,DESSERT,,TIRAMIS? COFFEE,,,DESSERT,99.0
menuItem,FOOD,DESSERT,,TIRAMIS? NUTELLA,,,DESSERT,33.0
menuItem,FOOD,DESSERT,,CANNOLO CHOCOLATE,,,DESSERT,69.0
menuItem,FOOD,DESSERT,,CANNOLO PISTACCHIO,,,DESSERT,57.0
menuItem,FOOD,DESSERT,,CANNOLO ARANCIA,,,DESSERT,21.0
menuItem,FOOD,DESSERT,,CROSTATA SEASONAL FRUIT,,,DESSERT,23.0
menuItem,FOOD,DESSERT,,GELATO,,,DESSERT,37.0
menuItem,FOOD,DESSERT,,Fruit Cup,,,DESSERT,15.0
menuItem,FOOD,DESSERT,,TIRAMIS? PISTACCHIO,,,DESSERT,34.0
"",FOOD,ADD-ONS,,,,,,54.0
menuItem,FOOD,ADD-ONS,,Shaved Parmesan,,,EXTRA,1.0
menuItem,FOOD,ADD-ONS,,Avocado,,,EXTRA,4.0
menuItem,FOOD,ADD-ONS,,Bread,,,BAKERY,22.0
menuItem,FOOD,ADD-ONS,,Chicken,,,,7.0
menuItem,FOOD,ADD-ONS,,Turkey,,,EXTRA,0.0
menuItem,FOOD,ADD-ONS,,Mozzarella Ball,,,EXTRA,3.0
menuItem,FOOD,ADD-ONS,,Bacon,,,EXTRA,2.0
menuItem,FOOD,ADD-ONS,,Egg,,,EXTRA,12.0
specialRequest,FOOD,ADD-ONS,,Egg,,Fried Egg,,1.0
specialRequest,FOOD,ADD-ONS,,Egg,,Cooked All The Way,,1.0
specialRequest,FOOD,ADD-ONS,,Egg,,Fried Add Too Avo Toast,,1.0
specialRequest,FOOD,ADD-ONS,,Egg,,Scrambled,,2.0
menuItem,FOOD,ADD-ONS,,Salmon,,,EXTRA,3.0
"",ADD-ONS,,,,,,,40.0
"",ADD-ONS,ADD-ONS,,,,,,40.0
menuItem,ADD-ONS,ADD-ONS,,Prosciutto,,,,1.0
menuItem,ADD-ONS,ADD-ONS,,Spianata Calabrese,,,,2.0
menuItem,ADD-ONS,ADD-ONS,,Shaved Parmesan,,,,1.0
menuItem,ADD-ONS,ADD-ONS,,Mushrooms,,,,0.0
menuItem,ADD-ONS,ADD-ONS,,Avocado,,,,5.0
menuItem,ADD-ONS,ADD-ONS,,Sliced Tomatoes,,,,1.0
menuItem,ADD-ONS,ADD-ONS,,Arugula,,,,1.0
menuItem,ADD-ONS,ADD-ONS,,Bread,,,BAKERY,7.0
menuItem,ADD-ONS,ADD-ONS,,Onion,,,,2.0
menuItem,ADD-ONS,ADD-ONS,,Grilled Vegetables,,,,1.0
menuItem,ADD-ONS,ADD-ONS,,Mozzarella Ball,,,,2.0
menuItem,ADD-ONS,ADD-ONS,,Bacon,,,,1.0
specialRequest,ADD-ONS,ADD-ONS,,Bacon,,66,,1.0
menuItem,ADD-ONS,ADD-ONS,,Egg,,,,8.0
specialRequest,ADD-ONS,ADD-ONS,,Egg,,68,,2.0
specialRequest,ADD-ONS,ADD-ONS,,Egg,,69,,2.0
specialRequest,ADD-ONS,ADD-ONS,,Egg,,74,,4.0
specialRequest,ADD-ONS,ADD-ONS,,Egg,,Fried,,6.0
specialRequest,ADD-ONS,ADD-ONS,,Egg,,Scrambled,,2.0
menuItem,ADD-ONS,ADD-ONS,,Salmon,,,,8.0
specialRequest,ADD-ONS,ADD-ONS,,Salmon,,74,,1.0
"",Catering Menu,,,,,,,83.0
"",Catering Menu,WATER & SODA,,,,,,83.0
menuItem,Catering Menu,WATER & SODA,,Still Water,,,,55.0
menuItem,Catering Menu,WATER & SODA,,Sparkling Water,,,,23.0
menuItem,Catering Menu,WATER & SODA,,Limonata,,,,1.0
menuItem,Catering Menu,WATER & SODA,,Molecola Sugar Free,,,,2.0
menuItem,Catering Menu,WATER & SODA,,The Pesca,,,,2.0
"",TUESDAY LUNCH BOX,,,,,,,8.0
"",TUESDAY LUNCH BOX,TUESDAY LUNCH BOX,,,,,,8.0
menuItem,TUESDAY LUNCH BOX,TUESDAY LUNCH BOX,,TUESDAY LUNCH BOX,,,,8.0
modifier,TUESDAY LUNCH BOX,TUESDAY LUNCH BOX,,TUESDAY LUNCH BOX,,Rigatoni Alfredo,,4.0
modifier,TUESDAY LUNCH BOX,TUESDAY LUNCH BOX,,TUESDAY LUNCH BOX,,Portafoglio Ham,,3.0
modifier,TUESDAY LUNCH BOX,TUESDAY LUNCH BOX,,TUESDAY LUNCH BOX,,Caesar Salad,,1.0
modifier,TUESDAY LUNCH BOX,TUESDAY LUNCH BOX,,TUESDAY LUNCH BOX,,Tiramisu,,6.0
modifier,TUESDAY LUNCH BOX,TUESDAY LUNCH BOX,,TUESDAY LUNCH BOX,,Fruit Cup,,2.0
specialRequest,TUESDAY LUNCH BOX,TUESDAY LUNCH BOX,,TUESDAY LUNCH BOX,,5,,1.0
specialRequest,TUESDAY LUNCH BOX,TUESDAY LUNCH BOX,,TUESDAY LUNCH BOX,,74,,1.0
"",WEDNESDAY LUNCH BOX,,,,,,,15.0
"",WEDNESDAY LUNCH BOX,WEDNESDAY LUNCH BOX,,,,,,15.0
menuItem,WEDNESDAY LUNCH BOX,WEDNESDAY LUNCH BOX,,WEDNESDAY LUNCH BOX,,,,15.0
modifier,WEDNESDAY LUNCH BOX,WEDNESDAY LUNCH BOX,,WEDNESDAY LUNCH BOX,,Rigatoni Bolognese,,13.0
modifier,WEDNESDAY LUNCH BOX,WEDNESDAY LUNCH BOX,,WEDNESDAY LUNCH BOX,,Portafoglio Mortadella,,1.0
modifier,WEDNESDAY LUNCH BOX,WEDNESDAY LUNCH BOX,,WEDNESDAY LUNCH BOX,,Caprese Salad,,1.0
modifier,WEDNESDAY LUNCH BOX,WEDNESDAY LUNCH BOX,,WEDNESDAY LUNCH BOX,,Tiramisu,,12.0
modifier,WEDNESDAY LUNCH BOX,WEDNESDAY LUNCH BOX,,WEDNESDAY LUNCH BOX,,Fruit Cup,,3.0
"",THURSDAY LUNCH BOX,,,,,,,9.0
"",THURSDAY LUNCH BOX,THURSDAY LUNCH BOX,,,,,,9.0
menuItem,THURSDAY LUNCH BOX,THURSDAY LUNCH BOX,,THURSDAY LUNCH BOX,,,,9.0
modifier,THURSDAY LUNCH BOX,THURSDAY LUNCH BOX,,THURSDAY LUNCH BOX,,Rigatoni Vodka,,8.0
modifier,THURSDAY LUNCH BOX,THURSDAY LUNCH BOX,,THURSDAY LUNCH BOX,,Portafoglio Ham,,1.0
modifier,THURSDAY LUNCH BOX,THURSDAY LUNCH BOX,,THURSDAY LUNCH BOX,,Tiramisu,,7.0
modifier,THURSDAY LUNCH BOX,THURSDAY LUNCH BOX,,THURSDAY LUNCH BOX,,Fruit Cup,,2.0
specialRequest,THURSDAY LUNCH BOX,THURSDAY LUNCH BOX,,THURSDAY LUNCH BOX,,7,,1.0
specialRequest,THURSDAY LUNCH BOX,THURSDAY LUNCH BOX,,THURSDAY LUNCH BOX,,71,,1.0
specialRequest,THURSDAY LUNCH BOX,THURSDAY LUNCH BOX,,THURSDAY LUNCH BOX,,65,,1.0
specialRequest,THURSDAY LUNCH BOX,THURSDAY LUNCH BOX,,THURSDAY LUNCH BOX,,70,,1.0
"",FRIDAY LUNCH BOX,,,,,,,11.0
"",FRIDAY LUNCH BOX,FRIDAY LUNCH BOX,,,,,,11.0
menuItem,FRIDAY LUNCH BOX,FRIDAY LUNCH BOX,,FRIDAY LUNCH BOX,,,,11.0
modifier,FRIDAY LUNCH BOX,FRIDAY LUNCH BOX,,FRIDAY LUNCH BOX,,Lasagna,,8.0
modifier,FRIDAY LUNCH BOX,FRIDAY LUNCH BOX,,FRIDAY LUNCH BOX,,Caesar Salad,,3.0
modifier,FRIDAY LUNCH BOX,FRIDAY LUNCH BOX,,FRIDAY LUNCH BOX,,Tiramisu,,9.0
modifier,FRIDAY LUNCH BOX,FRIDAY LUNCH BOX,,FRIDAY LUNCH BOX,,Fruit Cup,,2.0
specialRequest,FRIDAY LUNCH BOX,FRIDAY LUNCH BOX,,FRIDAY LUNCH BOX,,73,,1.0
specialRequest,FRIDAY LUNCH BOX,FRIDAY LUNCH BOX,,FRIDAY LUNCH BOX,,74,,1.0
specialRequest,FRIDAY LUNCH BOX,FRIDAY LUNCH BOX,,FRIDAY LUNCH BOX,,89,,1.0
specialRequest,FRIDAY LUNCH BOX,FRIDAY LUNCH BOX,,FRIDAY LUNCH BOX,,Nutella,,1.0
"",APPETIZER,,,,,,,151.0
"",APPETIZER,APPETIZER,,,,,,151.0
menuItem,APPETIZER,APPETIZER,,IT BRUSCHETTA,,,,65.0
modifier,APPETIZER,APPETIZER,,IT BRUSCHETTA,,Prosciutto,,4.0
modifier,APPETIZER,APPETIZER,,IT BRUSCHETTA,,Mozzarella Ball,,1.0
modifier,APPETIZER,APPETIZER,,IT BRUSCHETTA,,EXTRA AVOCADO,,2.0
specialRequest,APPETIZER,APPETIZER,,IT BRUSCHETTA,,4,,1.0
specialRequest,APPETIZER,APPETIZER,,IT BRUSCHETTA,,66,,1.0
specialRequest,APPETIZER,APPETIZER,,IT BRUSCHETTA,,67,,1.0
specialRequest,APPETIZER,APPETIZER,,IT BRUSCHETTA,,73,,1.0
specialRequest,APPETIZER,APPETIZER,,IT BRUSCHETTA,,Antes De La Genovese Numero 5,,0.0
specialRequest,APPETIZER,APPETIZER,,IT BRUSCHETTA,,2,,1.0
specialRequest,APPETIZER,APPETIZER,,IT BRUSCHETTA,,22,,1.0
specialRequest,APPETIZER,APPETIZER,,IT BRUSCHETTA,,30,,1.0
specialRequest,APPETIZER,APPETIZER,,IT BRUSCHETTA,,51,,2.0
specialRequest,APPETIZER,APPETIZER,,IT BRUSCHETTA,,53,,2.0
specialRequest,APPETIZER,APPETIZER,,IT BRUSCHETTA,,6,,3.0
specialRequest,APPETIZER,APPETIZER,,IT BRUSCHETTA,,7,,1.0
specialRequest,APPETIZER,APPETIZER,,IT BRUSCHETTA,,70,,0.0
specialRequest,APPETIZER,APPETIZER,,IT BRUSCHETTA,,81,,1.0
specialRequest,APPETIZER,APPETIZER,,IT BRUSCHETTA,,89,,1.0
specialRequest,APPETIZER,APPETIZER,,IT BRUSCHETTA,,9,,3.0
menuItem,APPETIZER,APPETIZER,,STRACCIATELLA & FOCACCIA,,,,66.0
modifier,APPETIZER,APPETIZER,,STRACCIATELLA & FOCACCIA,,Prosciutto,,4.0
modifier,APPETIZER,APPETIZER,,STRACCIATELLA & FOCACCIA,,Shaved Parmesan,,1.0
modifier,APPETIZER,APPETIZER,,STRACCIATELLA & FOCACCIA,,Smoked Salmon,,1.0
modifier,APPETIZER,APPETIZER,,STRACCIATELLA & FOCACCIA,,Boiled Egg,,1.0
modifier,APPETIZER,APPETIZER,,STRACCIATELLA & FOCACCIA,,EXTRA AVOCADO,,1.0
specialRequest,APPETIZER,APPETIZER,,STRACCIATELLA & FOCACCIA,,60,,1.0
specialRequest,APPETIZER,APPETIZER,,STRACCIATELLA & FOCACCIA,,7,,1.0
specialRequest,APPETIZER,APPETIZER,,STRACCIATELLA & FOCACCIA,,2,,1.0
specialRequest,APPETIZER,APPETIZER,,STRACCIATELLA & FOCACCIA,,4,,1.0
specialRequest,APPETIZER,APPETIZER,,STRACCIATELLA & FOCACCIA,,51,,1.0
specialRequest,APPETIZER,APPETIZER,,STRACCIATELLA & FOCACCIA,,53,,3.0
specialRequest,APPETIZER,APPETIZER,,STRACCIATELLA & FOCACCIA,,69,,1.0
specialRequest,APPETIZER,APPETIZER,,STRACCIATELLA & FOCACCIA,,70,,1.0
specialRequest,APPETIZER,APPETIZER,,STRACCIATELLA & FOCACCIA,,89,,1.0
specialRequest,APPETIZER,APPETIZER,,STRACCIATELLA & FOCACCIA,,9,,2.0
menuItem,APPETIZER,APPETIZER,,ANTIPASTO DELLA CASA,,,,8.0
modifier,APPETIZER,APPETIZER,,ANTIPASTO DELLA CASA,,Smoked Salmon,,1.0
specialRequest,APPETIZER,APPETIZER,,ANTIPASTO DELLA CASA,,60,,1.0
specialRequest,APPETIZER,APPETIZER,,ANTIPASTO DELLA CASA,,30,,1.0
specialRequest,APPETIZER,APPETIZER,,ANTIPASTO DELLA CASA,,4,,1.0
menuItem,APPETIZER,APPETIZER,,ANTIPASTO MISTO DELLA FAMIGLIA,,,,7.0
specialRequest,APPETIZER,APPETIZER,,ANTIPASTO MISTO DELLA FAMIGLIA,,78,,1.0
specialRequest,APPETIZER,APPETIZER,,ANTIPASTO MISTO DELLA FAMIGLIA,,6,,1.0
menuItem,APPETIZER,APPETIZER,,VEGGIE PIZZA TACO,,,,2.0
specialRequest,APPETIZER,APPETIZER,,VEGGIE PIZZA TACO,,22,,1.0
specialRequest,APPETIZER,APPETIZER,,VEGGIE PIZZA TACO,,30,,1.0
menuItem,APPETIZER,APPETIZER,,test item,,,,3.0
"",BREAKFAST,,,,,,,350.0
"",BREAKFAST,BREAKFAST,,,,,,350.0
menuItem,BREAKFAST,BREAKFAST,,EGG & BACON,,,BREAKFAST,93.0
modifier,BREAKFAST,BREAKFAST,,EGG & BACON,,Avocado,,1.0
modifier,BREAKFAST,BREAKFAST,,EGG & BACON,,Beeper Number,,40.0
modifier,BREAKFAST,BREAKFAST,,EGG & BACON,,Fried Eggs,,42.0
modifier,BREAKFAST,BREAKFAST,,EGG & BACON,,Scrambled Eggs,,26.0
modifier,BREAKFAST,BREAKFAST,,EGG & BACON,,Prosciutto,,1.0
modifier,BREAKFAST,BREAKFAST,,EGG & BACON,,Bread,,3.0
modifier,BREAKFAST,BREAKFAST,,EGG & BACON,,Bacon,,2.0
modifier,BREAKFAST,BREAKFAST,,EGG & BACON,,Mushrooms,,1.0
modifier,BREAKFAST,BREAKFAST,,EGG & BACON,,EXTRA AVOCADO,,3.0
specialRequest,BREAKFAST,BREAKFAST,,EGG & BACON,,2,,3.0
specialRequest,BREAKFAST,BREAKFAST,,EGG & BACON,,22,,1.0
specialRequest,BREAKFAST,BREAKFAST,,EGG & BACON,,68,,2.0
specialRequest,BREAKFAST,BREAKFAST,,EGG & BACON,,7,,6.0
specialRequest,BREAKFAST,BREAKFAST,,EGG & BACON,,70,,2.0
specialRequest,BREAKFAST,BREAKFAST,,EGG & BACON,,73,,4.0
specialRequest,BREAKFAST,BREAKFAST,,EGG & BACON,,Bacon On Side,,1.0
specialRequest,BREAKFAST,BREAKFAST,,EGG & BACON,,Crispy Bacon,,1.0
specialRequest,BREAKFAST,BREAKFAST,,EGG & BACON,,Fried egg over medium/hard,,1.0
specialRequest,BREAKFAST,BREAKFAST,,EGG & BACON,,New Bacon,,1.0
specialRequest,BREAKFAST,BREAKFAST,,EGG & BACON,,25,,1.0
specialRequest,BREAKFAST,BREAKFAST,,EGG & BACON,,30,,1.0
specialRequest,BREAKFAST,BREAKFAST,,EGG & BACON,,53,,2.0
specialRequest,BREAKFAST,BREAKFAST,,EGG & BACON,,63,,1.0
specialRequest,BREAKFAST,BREAKFAST,,EGG & BACON,,64,,5.0
specialRequest,BREAKFAST,BREAKFAST,,EGG & BACON,,66,,1.0
specialRequest,BREAKFAST,BREAKFAST,,EGG & BACON,,67,,5.0
specialRequest,BREAKFAST,BREAKFAST,,EGG & BACON,,69,,4.0
specialRequest,BREAKFAST,BREAKFAST,,EGG & BACON,,74,,1.0
specialRequest,BREAKFAST,BREAKFAST,,EGG & BACON,,76,,5.0
specialRequest,BREAKFAST,BREAKFAST,,EGG & BACON,,77,,2.0
specialRequest,BREAKFAST,BREAKFAST,,EGG & BACON,,78,,2.0
specialRequest,BREAKFAST,BREAKFAST,,EGG & BACON,,81,,3.0
specialRequest,BREAKFAST,BREAKFAST,,EGG & BACON,,83,,1.0
specialRequest,BREAKFAST,BREAKFAST,,EGG & BACON,,89,,1.0
specialRequest,BREAKFAST,BREAKFAST,,EGG & BACON,,No Arrugula,,1.0
specialRequest,BREAKFAST,BREAKFAST,,EGG & BACON,,No Bacon,,2.0
specialRequest,BREAKFAST,BREAKFAST,,EGG & BACON,,No Bacon SUB extra Egg,,1.0
specialRequest,BREAKFAST,BREAKFAST,,EGG & BACON,,No Ensalda,,1.0
specialRequest,BREAKFAST,BREAKFAST,,EGG & BACON,,No Greens,,1.0
specialRequest,BREAKFAST,BREAKFAST,,EGG & BACON,,Nobbacon,,1.0
specialRequest,BREAKFAST,BREAKFAST,,EGG & BACON,,Omelet,,1.0
specialRequest,BREAKFAST,BREAKFAST,,EGG & BACON,,Whole Grain Bread,,1.0
specialRequest,BREAKFAST,BREAKFAST,,EGG & BACON,,Whole grain bread please. Thank you!,,1.0
menuItem,BREAKFAST,BREAKFAST,,PARFAIT BERRIES & GRANOLA,,,BREAKFAST,40.0
menuItem,BREAKFAST,BREAKFAST,,TRUFFLE SCRAMBLE EGGS,,,BREAKFAST,25.0
modifier,BREAKFAST,BREAKFAST,,TRUFFLE SCRAMBLE EGGS,,Beeper Number,,9.0
modifier,BREAKFAST,BREAKFAST,,TRUFFLE SCRAMBLE EGGS,,Prosciutto,,2.0
modifier,BREAKFAST,BREAKFAST,,TRUFFLE SCRAMBLE EGGS,,Grilled Vegetable,,1.0
specialRequest,BREAKFAST,BREAKFAST,,TRUFFLE SCRAMBLE EGGS,,34,,1.0
specialRequest,BREAKFAST,BREAKFAST,,TRUFFLE SCRAMBLE EGGS,,68,,1.0
specialRequest,BREAKFAST,BREAKFAST,,TRUFFLE SCRAMBLE EGGS,,69,,1.0
specialRequest,BREAKFAST,BREAKFAST,,TRUFFLE SCRAMBLE EGGS,,70,,2.0
specialRequest,BREAKFAST,BREAKFAST,,TRUFFLE SCRAMBLE EGGS,,No Bacon,,1.0
specialRequest,BREAKFAST,BREAKFAST,,TRUFFLE SCRAMBLE EGGS,,51,,1.0
specialRequest,BREAKFAST,BREAKFAST,,TRUFFLE SCRAMBLE EGGS,,64,,2.0
specialRequest,BREAKFAST,BREAKFAST,,TRUFFLE SCRAMBLE EGGS,,67,,1.0
specialRequest,BREAKFAST,BREAKFAST,,TRUFFLE SCRAMBLE EGGS,,81,,1.0
specialRequest,BREAKFAST,BREAKFAST,,TRUFFLE SCRAMBLE EGGS,,89,,2.0
specialRequest,BREAKFAST,BREAKFAST,,TRUFFLE SCRAMBLE EGGS,,Eggs Swell Scrambled,,1.0
menuItem,BREAKFAST,BREAKFAST,,AVOCADO TOAST,,,BREAKFAST,31.0
modifier,BREAKFAST,BREAKFAST,,AVOCADO TOAST,,Beeper Number,,15.0
modifier,BREAKFAST,BREAKFAST,,AVOCADO TOAST,,Prosciutto,,1.0
modifier,BREAKFAST,BREAKFAST,,AVOCADO TOAST,,Bacon,,2.0
modifier,BREAKFAST,BREAKFAST,,AVOCADO TOAST,,Smoked Salmon,,3.0
modifier,BREAKFAST,BREAKFAST,,AVOCADO TOAST,,Boiled Egg,,13.0
specialRequest,BREAKFAST,BREAKFAST,,AVOCADO TOAST,,4,,1.0
specialRequest,BREAKFAST,BREAKFAST,,AVOCADO TOAST,,78,,1.0
specialRequest,BREAKFAST,BREAKFAST,,AVOCADO TOAST,,119,,1.0
specialRequest,BREAKFAST,BREAKFAST,,AVOCADO TOAST,,34,,1.0
specialRequest,BREAKFAST,BREAKFAST,,AVOCADO TOAST,,64,,2.0
specialRequest,BREAKFAST,BREAKFAST,,AVOCADO TOAST,,66,,1.0
specialRequest,BREAKFAST,BREAKFAST,,AVOCADO TOAST,,67,,2.0
specialRequest,BREAKFAST,BREAKFAST,,AVOCADO TOAST,,68,,2.0
specialRequest,BREAKFAST,BREAKFAST,,AVOCADO TOAST,,69,,1.0
specialRequest,BREAKFAST,BREAKFAST,,AVOCADO TOAST,,7,,1.0
specialRequest,BREAKFAST,BREAKFAST,,AVOCADO TOAST,,70,,2.0
specialRequest,BREAKFAST,BREAKFAST,,AVOCADO TOAST,,76,,1.0
specialRequest,BREAKFAST,BREAKFAST,,AVOCADO TOAST,,79,,2.0
specialRequest,BREAKFAST,BREAKFAST,,AVOCADO TOAST,,81,,2.0
specialRequest,BREAKFAST,BREAKFAST,,AVOCADO TOAST,,El Pan Aguacate,,1.0
menuItem,BREAKFAST,BREAKFAST,,HEY MAMBO COMBO,,,BREAKFAST,45.0
modifier,BREAKFAST,BREAKFAST,,HEY MAMBO COMBO,,Espresso,,12.0
modifier,BREAKFAST,BREAKFAST,,HEY MAMBO COMBO,,Americano Coffee,,14.0
modifier,BREAKFAST,BREAKFAST,,HEY MAMBO COMBO,,Capuccino,,12.0
modifier,BREAKFAST,BREAKFAST,,HEY MAMBO COMBO,,Coffee Latte,,7.0
modifier,BREAKFAST,BREAKFAST,,HEY MAMBO COMBO,,Oat Milk,,1.0
modifier,BREAKFAST,BREAKFAST,,HEY MAMBO COMBO,,Half & Half,,2.0
modifier,BREAKFAST,BREAKFAST,,HEY MAMBO COMBO,,To go Iced,,1.0
modifier,BREAKFAST,BREAKFAST,,HEY MAMBO COMBO,,Croissant,,15.0
modifier,BREAKFAST,BREAKFAST,,HEY MAMBO COMBO,,Nutella Croissant,,3.0
modifier,BREAKFAST,BREAKFAST,,HEY MAMBO COMBO,,Cream Croissant,,3.0
modifier,BREAKFAST,BREAKFAST,,HEY MAMBO COMBO,,Pistacchio Croissant,,21.0
modifier,BREAKFAST,BREAKFAST,,HEY MAMBO COMBO,,Fruit Croissant,,1.0
modifier,BREAKFAST,BREAKFAST,,HEY MAMBO COMBO,,Raspberry Croissant,,1.0
modifier,BREAKFAST,BREAKFAST,,HEY MAMBO COMBO,,Apricot Jam Croissant,,1.0
menuItem,BREAKFAST,BREAKFAST,,SOLE SOLE COMBO,,,BREAKFAST,38.0
modifier,BREAKFAST,BREAKFAST,,SOLE SOLE COMBO,,Beeper Number,,13.0
modifier,BREAKFAST,BREAKFAST,,SOLE SOLE COMBO,,Fried Eggs,,8.0
modifier,BREAKFAST,BREAKFAST,,SOLE SOLE COMBO,,Scrambled Eggs,,18.0
modifier,BREAKFAST,BREAKFAST,,SOLE SOLE COMBO,,Bread,,1.0
modifier,BREAKFAST,BREAKFAST,,SOLE SOLE COMBO,,Smoked Salmon,,2.0
modifier,BREAKFAST,BREAKFAST,,SOLE SOLE COMBO,,EXTRA AVOCADO,,2.0
specialRequest,BREAKFAST,BREAKFAST,,SOLE SOLE COMBO,,4,,1.0
specialRequest,BREAKFAST,BREAKFAST,,SOLE SOLE COMBO,,6,,1.0
specialRequest,BREAKFAST,BREAKFAST,,SOLE SOLE COMBO,,60,,1.0
specialRequest,BREAKFAST,BREAKFAST,,SOLE SOLE COMBO,,64,,3.0
specialRequest,BREAKFAST,BREAKFAST,,SOLE SOLE COMBO,,66,,1.0
specialRequest,BREAKFAST,BREAKFAST,,SOLE SOLE COMBO,,71,,4.0
specialRequest,BREAKFAST,BREAKFAST,,SOLE SOLE COMBO,,73,,1.0
specialRequest,BREAKFAST,BREAKFAST,,SOLE SOLE COMBO,,78,,1.0
specialRequest,BREAKFAST,BREAKFAST,,SOLE SOLE COMBO,,No Bacon,,2.0
specialRequest,BREAKFAST,BREAKFAST,,SOLE SOLE COMBO,,2,,1.0
specialRequest,BREAKFAST,BREAKFAST,,SOLE SOLE COMBO,,68,,1.0
specialRequest,BREAKFAST,BREAKFAST,,SOLE SOLE COMBO,,76,,2.0
specialRequest,BREAKFAST,BREAKFAST,,SOLE SOLE COMBO,,77,,2.0
specialRequest,BREAKFAST,BREAKFAST,,SOLE SOLE COMBO,,83,,1.0
specialRequest,BREAKFAST,BREAKFAST,,SOLE SOLE COMBO,,89,,2.0
specialRequest,BREAKFAST,BREAKFAST,,SOLE SOLE COMBO,,Bacon Extra Crispy,,1.0
specialRequest,BREAKFAST,BREAKFAST,,SOLE SOLE COMBO,,No Beacon,,1.0
specialRequest,BREAKFAST,BREAKFAST,,SOLE SOLE COMBO,,No Grenn,,2.0
menuItem,BREAKFAST,BREAKFAST,,PARFAIT COMBO,,,BREAKFAST,1.0
menuItem,BREAKFAST,BREAKFAST,,FRESCO COMBO,,,BREAKFAST,13.0
modifier,BREAKFAST,BREAKFAST,,FRESCO COMBO,,Beeper Number,,4.0
modifier,BREAKFAST,BREAKFAST,,FRESCO COMBO,,Bacon,,1.0
modifier,BREAKFAST,BREAKFAST,,FRESCO COMBO,,Smoked Salmon,,1.0
modifier,BREAKFAST,BREAKFAST,,FRESCO COMBO,,Boiled Egg,,4.0
specialRequest,BREAKFAST,BREAKFAST,,FRESCO COMBO,,6,,2.0
specialRequest,BREAKFAST,BREAKFAST,,FRESCO COMBO,,63,,2.0
specialRequest,BREAKFAST,BREAKFAST,,FRESCO COMBO,,22,,1.0
specialRequest,BREAKFAST,BREAKFAST,,FRESCO COMBO,,70,,1.0
specialRequest,BREAKFAST,BREAKFAST,,FRESCO COMBO,,76,,1.0
specialRequest,BREAKFAST,BREAKFAST,,FRESCO COMBO,,81,,1.0
menuItem,BREAKFAST,BREAKFAST,,Salty Croissant Egg & Bacon,,,BREAKFAST,39.0
specialRequest,BREAKFAST,BREAKFAST,,Salty Croissant Egg & Bacon,,Caprese,,2.0
menuItem,BREAKFAST,BREAKFAST,,FRUIT CUP,,,BREAKFAST,25.0
"",PASTA,,,,,,,1925.0
"",PASTA,PASTA,,,,,,1925.0
menuItem,PASTA,PASTA,,SPAGHETTI AL POMODORO,,,,240.0
modifier,PASTA,PASTA,,SPAGHETTI AL POMODORO,,Prosciutto,,3.0
modifier,PASTA,PASTA,,SPAGHETTI AL POMODORO,,Shaved Parmesan,,41.0
modifier,PASTA,PASTA,,SPAGHETTI AL POMODORO,,extra sauce,,3.0
modifier,PASTA,PASTA,,SPAGHETTI AL POMODORO,,Vegan Mozzarella,,1.0
modifier,PASTA,PASTA,,SPAGHETTI AL POMODORO,,Grilled Vegetable,,2.0
modifier,PASTA,PASTA,,SPAGHETTI AL POMODORO,,Grilled Chicken,,13.0
modifier,PASTA,PASTA,,SPAGHETTI AL POMODORO,,Stracciatella Cheese,,1.0
modifier,PASTA,PASTA,,SPAGHETTI AL POMODORO,,Bread,,4.0
modifier,PASTA,PASTA,,SPAGHETTI AL POMODORO,,Mushrooms,,4.0
modifier,PASTA,PASTA,,SPAGHETTI AL POMODORO,,Regular,,54.0
sizedSpecialRequest,PASTA,PASTA,,SPAGHETTI AL POMODORO,Regular,60,,2.0
sizedSpecialRequest,PASTA,PASTA,,SPAGHETTI AL POMODORO,Regular,65,,2.0
sizedSpecialRequest,PASTA,PASTA,,SPAGHETTI AL POMODORO,Regular,69,,2.0
sizedSpecialRequest,PASTA,PASTA,,SPAGHETTI AL POMODORO,Regular,70,,3.0
sizedSpecialRequest,PASTA,PASTA,,SPAGHETTI AL POMODORO,Regular,71,,2.0
sizedSpecialRequest,PASTA,PASTA,,SPAGHETTI AL POMODORO,Regular,78,,1.0
sizedSpecialRequest,PASTA,PASTA,,SPAGHETTI AL POMODORO,Regular,79,,1.0
sizedSpecialRequest,PASTA,PASTA,,SPAGHETTI AL POMODORO,Regular,81,,1.0
sizedSpecialRequest,PASTA,PASTA,,SPAGHETTI AL POMODORO,Regular,83,,3.0
sizedSpecialRequest,PASTA,PASTA,,SPAGHETTI AL POMODORO,Regular,89,,1.0
sizedModifier,PASTA,PASTA,,SPAGHETTI AL POMODORO,Regular,Bread,,1.0
sizedModifier,PASTA,PASTA,,SPAGHETTI AL POMODORO,Regular,Grilled Chicken,,3.0
sizedModifier,PASTA,PASTA,,SPAGHETTI AL POMODORO,Regular,Grilled Vegetable,,1.0
sizedModifier,PASTA,PASTA,,SPAGHETTI AL POMODORO,Regular,MEATBALLS,,5.0
sizedSpecialRequest,PASTA,PASTA,,SPAGHETTI AL POMODORO,Regular,No Queso,,1.0
sizedSpecialRequest,PASTA,PASTA,,SPAGHETTI AL POMODORO,Regular,Sauce On Side,,1.0
sizedModifier,PASTA,PASTA,,SPAGHETTI AL POMODORO,Regular,Shaved Parmesan,,10.0
sizedModifier,PASTA,PASTA,,SPAGHETTI AL POMODORO,Regular,Vegan Mozzarella,,1.0
sizedModifier,PASTA,PASTA,,SPAGHETTI AL POMODORO,Regular,extra sauce,,1.0
modifier,PASTA,PASTA,,SPAGHETTI AL POMODORO,,XL,,6.0
sizedSpecialRequest,PASTA,PASTA,,SPAGHETTI AL POMODORO,XL,83,,1.0
sizedModifier,PASTA,PASTA,,SPAGHETTI AL POMODORO,XL,Bacon,,1.0
sizedModifier,PASTA,PASTA,,SPAGHETTI AL POMODORO,XL,Grilled Chicken,,2.0
sizedModifier,PASTA,PASTA,,SPAGHETTI AL POMODORO,XL,Marinated Chicken,,1.0
sizedModifier,PASTA,PASTA,,SPAGHETTI AL POMODORO,XL,Mushrooms,,1.0
sizedModifier,PASTA,PASTA,,SPAGHETTI AL POMODORO,XL,Shaved Parmesan,,1.0
specialRequest,PASTA,PASTA,,SPAGHETTI AL POMODORO,,116,,1.0
specialRequest,PASTA,PASTA,,SPAGHETTI AL POMODORO,,63,,5.0
specialRequest,PASTA,PASTA,,SPAGHETTI AL POMODORO,,66,,4.0
specialRequest,PASTA,PASTA,,SPAGHETTI AL POMODORO,,67,,6.0
specialRequest,PASTA,PASTA,,SPAGHETTI AL POMODORO,,76,,5.0
specialRequest,PASTA,PASTA,,SPAGHETTI AL POMODORO,,83,,5.0
specialRequest,PASTA,PASTA,,SPAGHETTI AL POMODORO,,89,,9.0
specialRequest,PASTA,PASTA,,SPAGHETTI AL POMODORO,,No Salsa Solo Pasta,,1.0
specialRequest,PASTA,PASTA,,SPAGHETTI AL POMODORO,,No Sauce,,1.0
specialRequest,PASTA,PASTA,,SPAGHETTI AL POMODORO,,Parmasean On Side,,1.0
specialRequest,PASTA,PASTA,,SPAGHETTI AL POMODORO,,12,,1.0
specialRequest,PASTA,PASTA,,SPAGHETTI AL POMODORO,,122,,1.0
specialRequest,PASTA,PASTA,,SPAGHETTI AL POMODORO,,2,,1.0
specialRequest,PASTA,PASTA,,SPAGHETTI AL POMODORO,,53,,1.0
specialRequest,PASTA,PASTA,,SPAGHETTI AL POMODORO,,58,,1.0
specialRequest,PASTA,PASTA,,SPAGHETTI AL POMODORO,,60,,1.0
specialRequest,PASTA,PASTA,,SPAGHETTI AL POMODORO,,64,,5.0
specialRequest,PASTA,PASTA,,SPAGHETTI AL POMODORO,,65,,1.0
specialRequest,PASTA,PASTA,,SPAGHETTI AL POMODORO,,68,,5.0
specialRequest,PASTA,PASTA,,SPAGHETTI AL POMODORO,,69,,7.0
specialRequest,PASTA,PASTA,,SPAGHETTI AL POMODORO,,70,,1.0
specialRequest,PASTA,PASTA,,SPAGHETTI AL POMODORO,,71,,2.0
specialRequest,PASTA,PASTA,,SPAGHETTI AL POMODORO,,74,,1.0
specialRequest,PASTA,PASTA,,SPAGHETTI AL POMODORO,,77,,4.0
specialRequest,PASTA,PASTA,,SPAGHETTI AL POMODORO,,78,,16.0
specialRequest,PASTA,PASTA,,SPAGHETTI AL POMODORO,,79,,1.0
specialRequest,PASTA,PASTA,,SPAGHETTI AL POMODORO,,81,,7.0
specialRequest,PASTA,PASTA,,SPAGHETTI AL POMODORO,,"No Salsa, Solo Queso",,1.0
specialRequest,PASTA,PASTA,,SPAGHETTI AL POMODORO,,"Only Spaguetti, No Salt, No peper,  No Sauce",,1.0
specialRequest,PASTA,PASTA,,SPAGHETTI AL POMODORO,,Parm On Side,,1.0
specialRequest,PASTA,PASTA,,SPAGHETTI AL POMODORO,,Parmiggiano Onthe Side!,,1.0
specialRequest,PASTA,PASTA,,SPAGHETTI AL POMODORO,,Primavera,,1.0
specialRequest,PASTA,PASTA,,SPAGHETTI AL POMODORO,,Rigatoni,,2.0
specialRequest,PASTA,PASTA,,SPAGHETTI AL POMODORO,,Rigatoni!,,1.0
specialRequest,PASTA,PASTA,,SPAGHETTI AL POMODORO,,Sin Salsa Solo Mantequilla,,1.0
menuItem,PASTA,PASTA,,SPAGHETTI ALFREDO,,,,292.0
modifier,PASTA,PASTA,,SPAGHETTI ALFREDO,,Gluten Free,,2.0
modifier,PASTA,PASTA,,SPAGHETTI ALFREDO,,Prosciutto,,3.0
modifier,PASTA,PASTA,,SPAGHETTI ALFREDO,,Shaved Parmesan,,42.0
modifier,PASTA,PASTA,,SPAGHETTI ALFREDO,,extra sauce,,1.0
modifier,PASTA,PASTA,,SPAGHETTI ALFREDO,,Grilled Chicken,,109.0
modifier,PASTA,PASTA,,SPAGHETTI ALFREDO,,Bread,,6.0
modifier,PASTA,PASTA,,SPAGHETTI ALFREDO,,Bacon,,3.0
modifier,PASTA,PASTA,,SPAGHETTI ALFREDO,,Mushrooms,,6.0
modifier,PASTA,PASTA,,SPAGHETTI ALFREDO,,Small,,53.0
sizedSpecialRequest,PASTA,PASTA,,SPAGHETTI ALFREDO,Small,69,,1.0
sizedSpecialRequest,PASTA,PASTA,,SPAGHETTI ALFREDO,Small,70,,1.0
sizedSpecialRequest,PASTA,PASTA,,SPAGHETTI ALFREDO,Small,76,,1.0
sizedSpecialRequest,PASTA,PASTA,,SPAGHETTI ALFREDO,Small,78,,1.0
sizedSpecialRequest,PASTA,PASTA,,SPAGHETTI ALFREDO,Small,79,,3.0
sizedSpecialRequest,PASTA,PASTA,,SPAGHETTI ALFREDO,Small,83,,3.0
sizedModifier,PASTA,PASTA,,SPAGHETTI ALFREDO,Small,Bacon,,2.0
sizedModifier,PASTA,PASTA,,SPAGHETTI ALFREDO,Small,Bread,,2.0
sizedModifier,PASTA,PASTA,,SPAGHETTI ALFREDO,Small,Grilled Chicken,,11.0
sizedModifier,PASTA,PASTA,,SPAGHETTI ALFREDO,Small,Grilled Vegetable,,1.0
sizedModifier,PASTA,PASTA,,SPAGHETTI ALFREDO,Small,MEATBALLS,,2.0
sizedModifier,PASTA,PASTA,,SPAGHETTI ALFREDO,Small,Marinated Chicken,,5.0
sizedModifier,PASTA,PASTA,,SPAGHETTI ALFREDO,Small,Mushrooms,,1.0
sizedModifier,PASTA,PASTA,,SPAGHETTI ALFREDO,Small,Prosciutto,,2.0
sizedSpecialRequest,PASTA,PASTA,,SPAGHETTI ALFREDO,Small,Rigatoni!,,1.0
sizedModifier,PASTA,PASTA,,SPAGHETTI ALFREDO,Small,Shaved Parmesan,,11.0
sizedSpecialRequest,PASTA,PASTA,,SPAGHETTI ALFREDO,Small,Well Done Chicken,,1.0
sizedModifier,PASTA,PASTA,,SPAGHETTI ALFREDO,Small,extra sauce,,1.0
modifier,PASTA,PASTA,,SPAGHETTI ALFREDO,,XL,,7.0
sizedSpecialRequest,PASTA,PASTA,,SPAGHETTI ALFREDO,XL,30,,1.0
sizedModifier,PASTA,PASTA,,SPAGHETTI ALFREDO,XL,Bread,,1.0
sizedModifier,PASTA,PASTA,,SPAGHETTI ALFREDO,XL,Grilled Chicken,,1.0
sizedModifier,PASTA,PASTA,,SPAGHETTI ALFREDO,XL,Mushrooms,,1.0
specialRequest,PASTA,PASTA,,SPAGHETTI ALFREDO,,122,,2.0
specialRequest,PASTA,PASTA,,SPAGHETTI ALFREDO,,53,,1.0
specialRequest,PASTA,PASTA,,SPAGHETTI ALFREDO,,58,,2.0
specialRequest,PASTA,PASTA,,SPAGHETTI ALFREDO,,65,,1.0
specialRequest,PASTA,PASTA,,SPAGHETTI ALFREDO,,69,,11.0
specialRequest,PASTA,PASTA,,SPAGHETTI ALFREDO,,71,,2.0
specialRequest,PASTA,PASTA,,SPAGHETTI ALFREDO,,89,,4.0
specialRequest,PASTA,PASTA,,SPAGHETTI ALFREDO,,Alfredo With Salmon!,,1.0
specialRequest,PASTA,PASTA,,SPAGHETTI ALFREDO,,Pollo Frito,,2.0
specialRequest,PASTA,PASTA,,SPAGHETTI ALFREDO,,134,,1.0
specialRequest,PASTA,PASTA,,SPAGHETTI ALFREDO,,63,,4.0
specialRequest,PASTA,PASTA,,SPAGHETTI ALFREDO,,64,,8.0
specialRequest,PASTA,PASTA,,SPAGHETTI ALFREDO,,66,,6.0
specialRequest,PASTA,PASTA,,SPAGHETTI ALFREDO,,67,,6.0
specialRequest,PASTA,PASTA,,SPAGHETTI ALFREDO,,68,,8.0
specialRequest,PASTA,PASTA,,SPAGHETTI ALFREDO,,7,,1.0
specialRequest,PASTA,PASTA,,SPAGHETTI ALFREDO,,70,,9.0
specialRequest,PASTA,PASTA,,SPAGHETTI ALFREDO,,73,,9.0
specialRequest,PASTA,PASTA,,SPAGHETTI ALFREDO,,74,,3.0
specialRequest,PASTA,PASTA,,SPAGHETTI ALFREDO,,76,,7.0
specialRequest,PASTA,PASTA,,SPAGHETTI ALFREDO,,77,,4.0
specialRequest,PASTA,PASTA,,SPAGHETTI ALFREDO,,78,,12.0
specialRequest,PASTA,PASTA,,SPAGHETTI ALFREDO,,81,,6.0
specialRequest,PASTA,PASTA,,SPAGHETTI ALFREDO,,83,,6.0
specialRequest,PASTA,PASTA,,SPAGHETTI ALFREDO,,Chicken On The Side,,1.0
specialRequest,PASTA,PASTA,,SPAGHETTI ALFREDO,,No Black Pepper,,1.0
specialRequest,PASTA,PASTA,,SPAGHETTI ALFREDO,,Only Butter ! No Sauce!!,,1.0
specialRequest,PASTA,PASTA,,SPAGHETTI ALFREDO,,Parm On Sde,,1.0
specialRequest,PASTA,PASTA,,SPAGHETTI ALFREDO,,Parmiggiano On The Side!,,1.0
specialRequest,PASTA,PASTA,,SPAGHETTI ALFREDO,,Rigatoni,,2.0
specialRequest,PASTA,PASTA,,SPAGHETTI ALFREDO,,Rigatonni,,1.0
specialRequest,PASTA,PASTA,,SPAGHETTI ALFREDO,,Salmon,,1.0
specialRequest,PASTA,PASTA,,SPAGHETTI ALFREDO,,With Salmon,,1.0
menuItem,PASTA,PASTA,,SPAGHETTI BASIL PESTO,,,,54.0
menuItem,PASTA,PASTA,,SPAGHETTI GENOVESE,,,,125.0
modifier,PASTA,PASTA,,SPAGHETTI BASIL PESTO,,Prosciutto,,1.0
modifier,PASTA,PASTA,,SPAGHETTI BASIL PESTO,,Shaved Parmesan,,21.0
modifier,PASTA,PASTA,,SPAGHETTI BASIL PESTO,,extra sauce,,1.0
modifier,PASTA,PASTA,,SPAGHETTI BASIL PESTO,,Grilled Vegetable,,1.0
modifier,PASTA,PASTA,,SPAGHETTI BASIL PESTO,,Grilled Chicken,,14.0
modifier,PASTA,PASTA,,SPAGHETTI BASIL PESTO,,Stracciatella Cheese,,2.0
modifier,PASTA,PASTA,,SPAGHETTI BASIL PESTO,,Bread,,2.0
modifier,PASTA,PASTA,,SPAGHETTI BASIL PESTO,,Ham,,1.0
modifier,PASTA,PASTA,,SPAGHETTI BASIL PESTO,,Mushrooms,,2.0
modifier,PASTA,PASTA,,SPAGHETTI BASIL PESTO,,Small,,41.0
sizedSpecialRequest,PASTA,PASTA,,SPAGHETTI BASIL PESTO,Small,65,,1.0
sizedSpecialRequest,PASTA,PASTA,,SPAGHETTI BASIL PESTO,Small,69,,1.0
sizedSpecialRequest,PASTA,PASTA,,SPAGHETTI BASIL PESTO,Small,70,,3.0
sizedSpecialRequest,PASTA,PASTA,,SPAGHETTI BASIL PESTO,Small,73,,1.0
sizedSpecialRequest,PASTA,PASTA,,SPAGHETTI BASIL PESTO,Small,79,,3.0
sizedSpecialRequest,PASTA,PASTA,,SPAGHETTI BASIL PESTO,Small,81,,1.0
sizedSpecialRequest,PASTA,PASTA,,SPAGHETTI BASIL PESTO,Small,83,,2.0
sizedModifier,PASTA,PASTA,,SPAGHETTI BASIL PESTO,Small,BURRATA 50 Gr,,1.0
sizedModifier,PASTA,PASTA,,SPAGHETTI BASIL PESTO,Small,Bread,,1.0
sizedModifier,PASTA,PASTA,,SPAGHETTI BASIL PESTO,Small,Grilled Chicken,,5.0
sizedModifier,PASTA,PASTA,,SPAGHETTI BASIL PESTO,Small,Marinated Chicken,,2.0
sizedSpecialRequest,PASTA,PASTA,,SPAGHETTI BASIL PESTO,Small,No Tomates!,,1.0
sizedModifier,PASTA,PASTA,,SPAGHETTI BASIL PESTO,Small,Prosciutto,,1.0
sizedModifier,PASTA,PASTA,,SPAGHETTI BASIL PESTO,Small,Shaved Parmesan,,5.0
sizedModifier,PASTA,PASTA,,SPAGHETTI BASIL PESTO,Small,Vegan Mozzarella,,1.0
modifier,PASTA,PASTA,,SPAGHETTI BASIL PESTO,,XL,,13.0
sizedSpecialRequest,PASTA,PASTA,,SPAGHETTI BASIL PESTO,XL,69,,1.0
sizedSpecialRequest,PASTA,PASTA,,SPAGHETTI BASIL PESTO,XL,70,,2.0
sizedSpecialRequest,PASTA,PASTA,,SPAGHETTI BASIL PESTO,XL,74,,1.0
sizedSpecialRequest,PASTA,PASTA,,SPAGHETTI BASIL PESTO,XL,78,,1.0
sizedSpecialRequest,PASTA,PASTA,,SPAGHETTI BASIL PESTO,XL,79,,1.0
sizedModifier,PASTA,PASTA,,SPAGHETTI BASIL PESTO,XL,Bread,,2.0
sizedModifier,PASTA,PASTA,,SPAGHETTI BASIL PESTO,XL,Gluten Free,,1.0
sizedModifier,PASTA,PASTA,,SPAGHETTI BASIL PESTO,XL,Grilled Chicken,,4.0
sizedModifier,PASTA,PASTA,,SPAGHETTI BASIL PESTO,XL,Marinated Chicken,,1.0
sizedModifier,PASTA,PASTA,,SPAGHETTI BASIL PESTO,XL,Mushrooms,,1.0
sizedSpecialRequest,PASTA,PASTA,,SPAGHETTI BASIL PESTO,XL,Rigattoni,,1.0
sizedModifier,PASTA,PASTA,,SPAGHETTI BASIL PESTO,XL,Shaved Parmesan,,2.0
sizedModifier,PASTA,PASTA,,SPAGHETTI BASIL PESTO,XL,extra sauce,,1.0
specialRequest,PASTA,PASTA,,SPAGHETTI BASIL PESTO,,116,,1.0
specialRequest,PASTA,PASTA,,SPAGHETTI BASIL PESTO,,64,,1.0
specialRequest,PASTA,PASTA,,SPAGHETTI BASIL PESTO,,77,,2.0
specialRequest,PASTA,PASTA,,SPAGHETTI BASIL PESTO,,79,,1.0
specialRequest,PASTA,PASTA,,SPAGHETTI BASIL PESTO,,81,,2.0
specialRequest,PASTA,PASTA,,SPAGHETTI BASIL PESTO,,Cheese On Side,,1.0
specialRequest,PASTA,PASTA,,SPAGHETTI BASIL PESTO,,Extra Pasta,,1.0
specialRequest,PASTA,PASTA,,SPAGHETTI BASIL PESTO,,No Black Pepper,,1.0
specialRequest,PASTA,PASTA,,SPAGHETTI BASIL PESTO,,No Peper!,,1.0
specialRequest,PASTA,PASTA,,SPAGHETTI BASIL PESTO,,No Tomate Cherry,,1.0
specialRequest,PASTA,PASTA,,SPAGHETTI BASIL PESTO,,Rigatoni!,,1.0
specialRequest,PASTA,PASTA,,SPAGHETTI BASIL PESTO,,Rigattoni,,1.0
specialRequest,PASTA,PASTA,,SPAGHETTI BASIL PESTO,,mark,,1.0
specialRequest,PASTA,PASTA,,SPAGHETTI BASIL PESTO,,30,,2.0
specialRequest,PASTA,PASTA,,SPAGHETTI BASIL PESTO,,4,,1.0
specialRequest,PASTA,PASTA,,SPAGHETTI BASIL PESTO,,63,,4.0
specialRequest,PASTA,PASTA,,SPAGHETTI BASIL PESTO,,65,,1.0
specialRequest,PASTA,PASTA,,SPAGHETTI BASIL PESTO,,67,,3.0
specialRequest,PASTA,PASTA,,SPAGHETTI BASIL PESTO,,68,,3.0
specialRequest,PASTA,PASTA,,SPAGHETTI BASIL PESTO,,69,,6.0
specialRequest,PASTA,PASTA,,SPAGHETTI BASIL PESTO,,73,,2.0
specialRequest,PASTA,PASTA,,SPAGHETTI BASIL PESTO,,76,,3.0
specialRequest,PASTA,PASTA,,SPAGHETTI BASIL PESTO,,78,,5.0
specialRequest,PASTA,PASTA,,SPAGHETTI BASIL PESTO,,83,,2.0
specialRequest,PASTA,PASTA,,SPAGHETTI BASIL PESTO,,89,,11.0
specialRequest,PASTA,PASTA,,SPAGHETTI BASIL PESTO,,Avocado!,,1.0
specialRequest,PASTA,PASTA,,SPAGHETTI BASIL PESTO,,Extra Pesto,,1.0
specialRequest,PASTA,PASTA,,SPAGHETTI BASIL PESTO,,Light Sauce,,1.0
specialRequest,PASTA,PASTA,,SPAGHETTI BASIL PESTO,,Rigatoni,,2.0
menuItem,PASTA,PASTA,,SPAGHETTI CARBONARA,,,,274.0
modifier,PASTA,PASTA,,SPAGHETTI CARBONARA,,Gluten Free,,5.0
modifier,PASTA,PASTA,,SPAGHETTI CARBONARA,,Prosciutto,,4.0
modifier,PASTA,PASTA,,SPAGHETTI CARBONARA,,Shaved Parmesan,,41.0
modifier,PASTA,PASTA,,SPAGHETTI CARBONARA,,extra sauce,,5.0
modifier,PASTA,PASTA,,SPAGHETTI CARBONARA,,Grilled Chicken,,10.0
modifier,PASTA,PASTA,,SPAGHETTI CARBONARA,,Mozzarella Ball,,1.0
modifier,PASTA,PASTA,,SPAGHETTI CARBONARA,,Bread,,7.0
modifier,PASTA,PASTA,,SPAGHETTI CARBONARA,,Mushrooms,,1.0
modifier,PASTA,PASTA,,SPAGHETTI CARBONARA,,Regular,,57.0
sizedSpecialRequest,PASTA,PASTA,,SPAGHETTI CARBONARA,Regular,65,,1.0
sizedSpecialRequest,PASTA,PASTA,,SPAGHETTI CARBONARA,Regular,69,,3.0
sizedSpecialRequest,PASTA,PASTA,,SPAGHETTI CARBONARA,Regular,70,,2.0
sizedSpecialRequest,PASTA,PASTA,,SPAGHETTI CARBONARA,Regular,73,,1.0
sizedSpecialRequest,PASTA,PASTA,,SPAGHETTI CARBONARA,Regular,78,,2.0
sizedSpecialRequest,PASTA,PASTA,,SPAGHETTI CARBONARA,Regular,79,,3.0
sizedSpecialRequest,PASTA,PASTA,,SPAGHETTI CARBONARA,Regular,83,,2.0
sizedModifier,PASTA,PASTA,,SPAGHETTI CARBONARA,Regular,Gluten Free,,1.0
sizedModifier,PASTA,PASTA,,SPAGHETTI CARBONARA,Regular,Grilled Chicken,,3.0
sizedSpecialRequest,PASTA,PASTA,,SPAGHETTI CARBONARA,Regular,"If possible, make a little spicy. Like red pepper flakes or other things. Thank you!",,1.0
sizedModifier,PASTA,PASTA,,SPAGHETTI CARBONARA,Regular,MEATBALLS,,1.0
sizedModifier,PASTA,PASTA,,SPAGHETTI CARBONARA,Regular,Mushrooms,,2.0
sizedModifier,PASTA,PASTA,,SPAGHETTI CARBONARA,Regular,Prosciutto,,1.0
sizedModifier,PASTA,PASTA,,SPAGHETTI CARBONARA,Regular,Shaved Parmesan,,4.0
modifier,PASTA,PASTA,,SPAGHETTI CARBONARA,,XL,,3.0
sizedSpecialRequest,PASTA,PASTA,,SPAGHETTI CARBONARA,XL,73,,1.0
sizedSpecialRequest,PASTA,PASTA,,SPAGHETTI CARBONARA,XL,79,,1.0
sizedModifier,PASTA,PASTA,,SPAGHETTI CARBONARA,XL,Shaved Parmesan,,1.0
specialRequest,PASTA,PASTA,,SPAGHETTI CARBONARA,,5,,1.0
specialRequest,PASTA,PASTA,,SPAGHETTI CARBONARA,,51,,1.0
specialRequest,PASTA,PASTA,,SPAGHETTI CARBONARA,,63,,5.0
specialRequest,PASTA,PASTA,,SPAGHETTI CARBONARA,,65,,2.0
specialRequest,PASTA,PASTA,,SPAGHETTI CARBONARA,,71,,2.0
specialRequest,PASTA,PASTA,,SPAGHETTI CARBONARA,,73,,12.0
specialRequest,PASTA,PASTA,,SPAGHETTI CARBONARA,,74,,2.0
specialRequest,PASTA,PASTA,,SPAGHETTI CARBONARA,,89,,8.0
specialRequest,PASTA,PASTA,,SPAGHETTI CARBONARA,,No Bacon,,1.0
specialRequest,PASTA,PASTA,,SPAGHETTI CARBONARA,,RIGATONI,,1.0
specialRequest,PASTA,PASTA,,SPAGHETTI CARBONARA,,TO GOOOO,,1.0
specialRequest,PASTA,PASTA,,SPAGHETTI CARBONARA,,53,,1.0
specialRequest,PASTA,PASTA,,SPAGHETTI CARBONARA,,64,,3.0
specialRequest,PASTA,PASTA,,SPAGHETTI CARBONARA,,66,,1.0
specialRequest,PASTA,PASTA,,SPAGHETTI CARBONARA,,67,,3.0
specialRequest,PASTA,PASTA,,SPAGHETTI CARBONARA,,68,,3.0
specialRequest,PASTA,PASTA,,SPAGHETTI CARBONARA,,69,,5.0
specialRequest,PASTA,PASTA,,SPAGHETTI CARBONARA,,70,,4.0
specialRequest,PASTA,PASTA,,SPAGHETTI CARBONARA,,76,,4.0
specialRequest,PASTA,PASTA,,SPAGHETTI CARBONARA,,77,,4.0
specialRequest,PASTA,PASTA,,SPAGHETTI CARBONARA,,78,,4.0
specialRequest,PASTA,PASTA,,SPAGHETTI CARBONARA,,81,,2.0
specialRequest,PASTA,PASTA,,SPAGHETTI CARBONARA,,83,,5.0
specialRequest,PASTA,PASTA,,SPAGHETTI CARBONARA,,No Black Pepper,,3.0
specialRequest,PASTA,PASTA,,SPAGHETTI CARBONARA,,No Peper!,,2.0
specialRequest,PASTA,PASTA,,SPAGHETTI CARBONARA,,No Peper!!,,1.0
specialRequest,PASTA,PASTA,,SPAGHETTI CARBONARA,,Rigatoni!!! No Peper!,,1.0
menuItem,PASTA,PASTA,,RIGATONI ALLA SICILIANA,,,,158.0
modifier,PASTA,PASTA,,RIGATONI ALLA SICILIANA,,Gluten Free,,3.0
modifier,PASTA,PASTA,,RIGATONI ALLA SICILIANA,,Prosciutto,,1.0
modifier,PASTA,PASTA,,RIGATONI ALLA SICILIANA,,Shaved Parmesan,,21.0
modifier,PASTA,PASTA,,RIGATONI ALLA SICILIANA,,Grilled Vegetable,,1.0
modifier,PASTA,PASTA,,RIGATONI ALLA SICILIANA,,Grilled Chicken,,12.0
modifier,PASTA,PASTA,,RIGATONI ALLA SICILIANA,,Mozzarella Ball,,1.0
modifier,PASTA,PASTA,,RIGATONI ALLA SICILIANA,,Stracciatella Cheese,,1.0
modifier,PASTA,PASTA,,RIGATONI ALLA SICILIANA,,Bread,,6.0
modifier,PASTA,PASTA,,RIGATONI ALLA SICILIANA,,Mushrooms,,1.0
modifier,PASTA,PASTA,,RIGATONI ALLA SICILIANA,,Regular,,32.0
sizedSpecialRequest,PASTA,PASTA,,RIGATONI ALLA SICILIANA,Regular,68,,2.0
sizedSpecialRequest,PASTA,PASTA,,RIGATONI ALLA SICILIANA,Regular,70,,2.0
sizedSpecialRequest,PASTA,PASTA,,RIGATONI ALLA SICILIANA,Regular,74,,1.0
sizedSpecialRequest,PASTA,PASTA,,RIGATONI ALLA SICILIANA,Regular,79,,1.0
sizedSpecialRequest,PASTA,PASTA,,RIGATONI ALLA SICILIANA,Regular,81,,1.0
sizedSpecialRequest,PASTA,PASTA,,RIGATONI ALLA SICILIANA,Regular,89,,2.0
sizedModifier,PASTA,PASTA,,RIGATONI ALLA SICILIANA,Regular,Bread,,2.0
sizedModifier,PASTA,PASTA,,RIGATONI ALLA SICILIANA,Regular,Grilled Chicken,,2.0
sizedModifier,PASTA,PASTA,,RIGATONI ALLA SICILIANA,Regular,Grilled Vegetable,,1.0
sizedModifier,PASTA,PASTA,,RIGATONI ALLA SICILIANA,Regular,MEATBALLS,,1.0
sizedModifier,PASTA,PASTA,,RIGATONI ALLA SICILIANA,Regular,Marinated Chicken,,1.0
sizedSpecialRequest,PASTA,PASTA,,RIGATONI ALLA SICILIANA,Regular,No Pepper,,1.0
sizedModifier,PASTA,PASTA,,RIGATONI ALLA SICILIANA,Regular,Prosciutto,,1.0
sizedModifier,PASTA,PASTA,,RIGATONI ALLA SICILIANA,Regular,Shaved Parmesan,,5.0
modifier,PASTA,PASTA,,RIGATONI ALLA SICILIANA,,XL,,7.0
sizedModifier,PASTA,PASTA,,RIGATONI ALLA SICILIANA,XL,BURRATA 50 Gr,,1.0
sizedModifier,PASTA,PASTA,,RIGATONI ALLA SICILIANA,XL,MEATBALLS,,4.0
sizedModifier,PASTA,PASTA,,RIGATONI ALLA SICILIANA,XL,extra sauce,,1.0
specialRequest,PASTA,PASTA,,RIGATONI ALLA SICILIANA,,30,,1.0
specialRequest,PASTA,PASTA,,RIGATONI ALLA SICILIANA,,5,,1.0
specialRequest,PASTA,PASTA,,RIGATONI ALLA SICILIANA,,64,,5.0
specialRequest,PASTA,PASTA,,RIGATONI ALLA SICILIANA,,67,,3.0
specialRequest,PASTA,PASTA,,RIGATONI ALLA SICILIANA,,69,,4.0
specialRequest,PASTA,PASTA,,RIGATONI ALLA SICILIANA,,81,,4.0
specialRequest,PASTA,PASTA,,RIGATONI ALLA SICILIANA,,83,,2.0
specialRequest,PASTA,PASTA,,RIGATONI ALLA SICILIANA,,Spaguetti,,1.0
specialRequest,PASTA,PASTA,,RIGATONI ALLA SICILIANA,,63,,1.0
specialRequest,PASTA,PASTA,,RIGATONI ALLA SICILIANA,,66,,2.0
specialRequest,PASTA,PASTA,,RIGATONI ALLA SICILIANA,,68,,1.0
specialRequest,PASTA,PASTA,,RIGATONI ALLA SICILIANA,,70,,5.0
specialRequest,PASTA,PASTA,,RIGATONI ALLA SICILIANA,,71,,1.0
specialRequest,PASTA,PASTA,,RIGATONI ALLA SICILIANA,,73,,1.0
specialRequest,PASTA,PASTA,,RIGATONI ALLA SICILIANA,,74,,2.0
specialRequest,PASTA,PASTA,,RIGATONI ALLA SICILIANA,,76,,1.0
specialRequest,PASTA,PASTA,,RIGATONI ALLA SICILIANA,,78,,1.0
specialRequest,PASTA,PASTA,,RIGATONI ALLA SICILIANA,,No Pesto,,1.0
specialRequest,PASTA,PASTA,,RIGATONI ALLA SICILIANA,,Spaghetti!,,1.0
menuItem,PASTA,PASTA,,RIGATONI VODKA,,,,210.0
modifier,PASTA,PASTA,,RIGATONI VODKA,,Gluten Free,,1.0
modifier,PASTA,PASTA,,RIGATONI VODKA,,Shaved Parmesan,,34.0
modifier,PASTA,PASTA,,RIGATONI VODKA,,extra sauce,,2.0
modifier,PASTA,PASTA,,RIGATONI VODKA,,Grilled Vegetable,,1.0
modifier,PASTA,PASTA,,RIGATONI VODKA,,Grilled Chicken,,31.0
modifier,PASTA,PASTA,,RIGATONI VODKA,,Mozzarella Ball,,3.0
modifier,PASTA,PASTA,,RIGATONI VODKA,,Stracciatella Cheese,,1.0
modifier,PASTA,PASTA,,RIGATONI VODKA,,Bread,,7.0
modifier,PASTA,PASTA,,RIGATONI VODKA,,Mushrooms,,2.0
modifier,PASTA,PASTA,,RIGATONI VODKA,,Small,,37.0
sizedSpecialRequest,PASTA,PASTA,,RIGATONI VODKA,Small,30,,1.0
sizedSpecialRequest,PASTA,PASTA,,RIGATONI VODKA,Small,65,,2.0
sizedSpecialRequest,PASTA,PASTA,,RIGATONI VODKA,Small,70,,1.0
sizedSpecialRequest,PASTA,PASTA,,RIGATONI VODKA,Small,71,,1.0
sizedSpecialRequest,PASTA,PASTA,,RIGATONI VODKA,Small,73,,1.0
sizedSpecialRequest,PASTA,PASTA,,RIGATONI VODKA,Small,81,,1.0
sizedSpecialRequest,PASTA,PASTA,,RIGATONI VODKA,Small,83,,1.0
sizedSpecialRequest,PASTA,PASTA,,RIGATONI VODKA,Small,89,,1.0
sizedModifier,PASTA,PASTA,,RIGATONI VODKA,Small,Bread,,1.0
sizedModifier,PASTA,PASTA,,RIGATONI VODKA,Small,Grilled Chicken,,5.0
sizedModifier,PASTA,PASTA,,RIGATONI VODKA,Small,Grilled Vegetable,,1.0
sizedModifier,PASTA,PASTA,,RIGATONI VODKA,Small,MEATBALLS,,6.0
sizedModifier,PASTA,PASTA,,RIGATONI VODKA,Small,Marinated Chicken,,1.0
sizedModifier,PASTA,PASTA,,RIGATONI VODKA,Small,Mushrooms,,1.0
sizedModifier,PASTA,PASTA,,RIGATONI VODKA,Small,Shaved Parmesan,,13.0
sizedSpecialRequest,PASTA,PASTA,,RIGATONI VODKA,Small,Spaghetti,,1.0
modifier,PASTA,PASTA,,RIGATONI VODKA,,XL,,8.0
sizedSpecialRequest,PASTA,PASTA,,RIGATONI VODKA,XL,65,,0.0
sizedSpecialRequest,PASTA,PASTA,,RIGATONI VODKA,XL,71,,1.0
sizedModifier,PASTA,PASTA,,RIGATONI VODKA,XL,BURRATA 50 Gr,,1.0
sizedModifier,PASTA,PASTA,,RIGATONI VODKA,XL,Bread,,3.0
sizedModifier,PASTA,PASTA,,RIGATONI VODKA,XL,Grilled Chicken,,1.0
sizedModifier,PASTA,PASTA,,RIGATONI VODKA,XL,Ham,,1.0
sizedModifier,PASTA,PASTA,,RIGATONI VODKA,XL,MEATBALLS,,3.0
sizedModifier,PASTA,PASTA,,RIGATONI VODKA,XL,Shaved Parmesan,,2.0
specialRequest,PASTA,PASTA,,RIGATONI VODKA,,51,,1.0
specialRequest,PASTA,PASTA,,RIGATONI VODKA,,66,,1.0
specialRequest,PASTA,PASTA,,RIGATONI VODKA,,67,,3.0
specialRequest,PASTA,PASTA,,RIGATONI VODKA,,70,,5.0
specialRequest,PASTA,PASTA,,RIGATONI VODKA,,73,,8.0
specialRequest,PASTA,PASTA,,RIGATONI VODKA,,77,,4.0
specialRequest,PASTA,PASTA,,RIGATONI VODKA,,78,,5.0
specialRequest,PASTA,PASTA,,RIGATONI VODKA,,89,,2.0
specialRequest,PASTA,PASTA,,RIGATONI VODKA,,No Vodka,,1.0
specialRequest,PASTA,PASTA,,RIGATONI VODKA,,135,,1.0
specialRequest,PASTA,PASTA,,RIGATONI VODKA,,22,,2.0
specialRequest,PASTA,PASTA,,RIGATONI VODKA,,63,,5.0
specialRequest,PASTA,PASTA,,RIGATONI VODKA,,64,,9.0
specialRequest,PASTA,PASTA,,RIGATONI VODKA,,68,,6.0
specialRequest,PASTA,PASTA,,RIGATONI VODKA,,69,,3.0
specialRequest,PASTA,PASTA,,RIGATONI VODKA,,71,,5.0
specialRequest,PASTA,PASTA,,RIGATONI VODKA,,74,,1.0
specialRequest,PASTA,PASTA,,RIGATONI VODKA,,76,,2.0
specialRequest,PASTA,PASTA,,RIGATONI VODKA,,79,,2.0
specialRequest,PASTA,PASTA,,RIGATONI VODKA,,81,,5.0
specialRequest,PASTA,PASTA,,RIGATONI VODKA,,83,,2.0
specialRequest,PASTA,PASTA,,RIGATONI VODKA,,No Vodka!,,1.0
specialRequest,PASTA,PASTA,,RIGATONI VODKA,,On Side,,1.0
specialRequest,PASTA,PASTA,,RIGATONI VODKA,,Parm On Side,,1.0
specialRequest,PASTA,PASTA,,RIGATONI VODKA,,Parmiggiano On The Side!!,,2.0
menuItem,PASTA,PASTA,,RIGATONI BOLOGNESE,,,,287.0
modifier,PASTA,PASTA,,RIGATONI BOLOGNESE,,Shaved Parmesan,,73.0
modifier,PASTA,PASTA,,RIGATONI BOLOGNESE,,extra sauce,,1.0
modifier,PASTA,PASTA,,RIGATONI BOLOGNESE,,Grilled Chicken,,4.0
modifier,PASTA,PASTA,,RIGATONI BOLOGNESE,,Stracciatella Cheese,,1.0
modifier,PASTA,PASTA,,RIGATONI BOLOGNESE,,Bread,,8.0
modifier,PASTA,PASTA,,RIGATONI BOLOGNESE,,Bacon,,2.0
modifier,PASTA,PASTA,,RIGATONI BOLOGNESE,,Mushrooms,,1.0
modifier,PASTA,PASTA,,RIGATONI BOLOGNESE,,Regular,,65.0
sizedSpecialRequest,PASTA,PASTA,,RIGATONI BOLOGNESE,Regular,65,,2.0
sizedSpecialRequest,PASTA,PASTA,,RIGATONI BOLOGNESE,Regular,70,,5.0
sizedSpecialRequest,PASTA,PASTA,,RIGATONI BOLOGNESE,Regular,73,,3.0
sizedSpecialRequest,PASTA,PASTA,,RIGATONI BOLOGNESE,Regular,77,,1.0
sizedSpecialRequest,PASTA,PASTA,,RIGATONI BOLOGNESE,Regular,79,,2.0
sizedSpecialRequest,PASTA,PASTA,,RIGATONI BOLOGNESE,Regular,81,,1.0
sizedSpecialRequest,PASTA,PASTA,,RIGATONI BOLOGNESE,Regular,83,,4.0
sizedModifier,PASTA,PASTA,,RIGATONI BOLOGNESE,Regular,BURRATA 50 Gr,,1.0
sizedModifier,PASTA,PASTA,,RIGATONI BOLOGNESE,Regular,Bread,,2.0
sizedSpecialRequest,PASTA,PASTA,,RIGATONI BOLOGNESE,Regular,Brewd,,1.0
sizedModifier,PASTA,PASTA,,RIGATONI BOLOGNESE,Regular,Gluten Free,,2.0
sizedModifier,PASTA,PASTA,,RIGATONI BOLOGNESE,Regular,Grilled Chicken,,2.0
sizedModifier,PASTA,PASTA,,RIGATONI BOLOGNESE,Regular,MEATBALLS,,2.0
sizedModifier,PASTA,PASTA,,RIGATONI BOLOGNESE,Regular,Mushrooms,,1.0
sizedModifier,PASTA,PASTA,,RIGATONI BOLOGNESE,Regular,Shaved Parmesan,,13.0
sizedModifier,PASTA,PASTA,,RIGATONI BOLOGNESE,Regular,Spianata Calabrese,,1.0
modifier,PASTA,PASTA,,RIGATONI BOLOGNESE,,XL,,4.0
sizedSpecialRequest,PASTA,PASTA,,RIGATONI BOLOGNESE,XL,69,,1.0
sizedSpecialRequest,PASTA,PASTA,,RIGATONI BOLOGNESE,XL,78,,1.0
sizedModifier,PASTA,PASTA,,RIGATONI BOLOGNESE,XL,Shaved Parmesan,,2.0
specialRequest,PASTA,PASTA,,RIGATONI BOLOGNESE,,30,,2.0
specialRequest,PASTA,PASTA,,RIGATONI BOLOGNESE,,60,,2.0
specialRequest,PASTA,PASTA,,RIGATONI BOLOGNESE,,67,,3.0
specialRequest,PASTA,PASTA,,RIGATONI BOLOGNESE,,69,,7.0
specialRequest,PASTA,PASTA,,RIGATONI BOLOGNESE,,71,,2.0
specialRequest,PASTA,PASTA,,RIGATONI BOLOGNESE,,73,,15.0
specialRequest,PASTA,PASTA,,RIGATONI BOLOGNESE,,76,,3.0
specialRequest,PASTA,PASTA,,RIGATONI BOLOGNESE,,77,,7.0
specialRequest,PASTA,PASTA,,RIGATONI BOLOGNESE,,83,,5.0
specialRequest,PASTA,PASTA,,RIGATONI BOLOGNESE,,Little Sauce,,1.0
specialRequest,PASTA,PASTA,,RIGATONI BOLOGNESE,,No Pepper,,1.0
specialRequest,PASTA,PASTA,,RIGATONI BOLOGNESE,,Spagetti,,1.0
specialRequest,PASTA,PASTA,,RIGATONI BOLOGNESE,,Spaghettiii,,1.0
specialRequest,PASTA,PASTA,,RIGATONI BOLOGNESE,,donna,,1.0
specialRequest,PASTA,PASTA,,RIGATONI BOLOGNESE,,132,,2.0
specialRequest,PASTA,PASTA,,RIGATONI BOLOGNESE,,133,,1.0
specialRequest,PASTA,PASTA,,RIGATONI BOLOGNESE,,135,,1.0
specialRequest,PASTA,PASTA,,RIGATONI BOLOGNESE,,22,,2.0
specialRequest,PASTA,PASTA,,RIGATONI BOLOGNESE,,53,,2.0
specialRequest,PASTA,PASTA,,RIGATONI BOLOGNESE,,6,,1.0
specialRequest,PASTA,PASTA,,RIGATONI BOLOGNESE,,63,,4.0
specialRequest,PASTA,PASTA,,RIGATONI BOLOGNESE,,64,,7.0
specialRequest,PASTA,PASTA,,RIGATONI BOLOGNESE,,65,,2.0
specialRequest,PASTA,PASTA,,RIGATONI BOLOGNESE,,66,,5.0
specialRequest,PASTA,PASTA,,RIGATONI BOLOGNESE,,68,,5.0
specialRequest,PASTA,PASTA,,RIGATONI BOLOGNESE,,7,,2.0
specialRequest,PASTA,PASTA,,RIGATONI BOLOGNESE,,70,,2.0
specialRequest,PASTA,PASTA,,RIGATONI BOLOGNESE,,74,,2.0
specialRequest,PASTA,PASTA,,RIGATONI BOLOGNESE,,78,,6.0
specialRequest,PASTA,PASTA,,RIGATONI BOLOGNESE,,79,,3.0
specialRequest,PASTA,PASTA,,RIGATONI BOLOGNESE,,81,,9.0
specialRequest,PASTA,PASTA,,RIGATONI BOLOGNESE,,89,,6.0
specialRequest,PASTA,PASTA,,RIGATONI BOLOGNESE,,MARK,,1.0
specialRequest,PASTA,PASTA,,RIGATONI BOLOGNESE,,Non Lo Hass!!!,,1.0
specialRequest,PASTA,PASTA,,RIGATONI BOLOGNESE,,Spagethhi,,1.0
specialRequest,PASTA,PASTA,,RIGATONI BOLOGNESE,,Spagetthi,,2.0
specialRequest,PASTA,PASTA,,RIGATONI BOLOGNESE,,Spaghetti,,3.0
specialRequest,PASTA,PASTA,,RIGATONI BOLOGNESE,,Spaguetti,,1.0
menuItem,PASTA,PASTA,,RIGATONI TARTUFO,,,,109.0
modifier,PASTA,PASTA,,RIGATONI TARTUFO,,Gluten Free,,1.0
modifier,PASTA,PASTA,,RIGATONI TARTUFO,,Prosciutto,,4.0
modifier,PASTA,PASTA,,RIGATONI TARTUFO,,Shaved Parmesan,,16.0
modifier,PASTA,PASTA,,RIGATONI TARTUFO,,Grilled Chicken,,5.0
modifier,PASTA,PASTA,,RIGATONI TARTUFO,,Mozzarella Ball,,1.0
modifier,PASTA,PASTA,,RIGATONI TARTUFO,,Bread,,3.0
modifier,PASTA,PASTA,,RIGATONI TARTUFO,,Mushrooms,,1.0
modifier,PASTA,PASTA,,RIGATONI TARTUFO,,Regular,,25.0
sizedSpecialRequest,PASTA,PASTA,,RIGATONI TARTUFO,Regular,64,,1.0
sizedSpecialRequest,PASTA,PASTA,,RIGATONI TARTUFO,Regular,65,,1.0
sizedSpecialRequest,PASTA,PASTA,,RIGATONI TARTUFO,Regular,68,,2.0
sizedSpecialRequest,PASTA,PASTA,,RIGATONI TARTUFO,Regular,69,,1.0
sizedSpecialRequest,PASTA,PASTA,,RIGATONI TARTUFO,Regular,70,,1.0
sizedSpecialRequest,PASTA,PASTA,,RIGATONI TARTUFO,Regular,71,,2.0
sizedSpecialRequest,PASTA,PASTA,,RIGATONI TARTUFO,Regular,79,,1.0
sizedModifier,PASTA,PASTA,,RIGATONI TARTUFO,Regular,Bacon,,3.0
sizedModifier,PASTA,PASTA,,RIGATONI TARTUFO,Regular,Grilled Chicken,,1.0
sizedModifier,PASTA,PASTA,,RIGATONI TARTUFO,Regular,Shaved Parmesan,,1.0
sizedModifier,PASTA,PASTA,,RIGATONI TARTUFO,Regular,extra sauce,,1.0
specialRequest,PASTA,PASTA,,RIGATONI TARTUFO,,67,,1.0
specialRequest,PASTA,PASTA,,RIGATONI TARTUFO,,76,,1.0
specialRequest,PASTA,PASTA,,RIGATONI TARTUFO,,79,,1.0
specialRequest,PASTA,PASTA,,RIGATONI TARTUFO,,81,,3.0
specialRequest,PASTA,PASTA,,RIGATONI TARTUFO,,donna,,1.0
specialRequest,PASTA,PASTA,,RIGATONI TARTUFO,,63,,3.0
specialRequest,PASTA,PASTA,,RIGATONI TARTUFO,,66,,2.0
specialRequest,PASTA,PASTA,,RIGATONI TARTUFO,,68,,1.0
specialRequest,PASTA,PASTA,,RIGATONI TARTUFO,,69,,1.0
specialRequest,PASTA,PASTA,,RIGATONI TARTUFO,,70,,4.0
specialRequest,PASTA,PASTA,,RIGATONI TARTUFO,,71,,1.0
specialRequest,PASTA,PASTA,,RIGATONI TARTUFO,,73,,2.0
specialRequest,PASTA,PASTA,,RIGATONI TARTUFO,,77,,2.0
specialRequest,PASTA,PASTA,,RIGATONI TARTUFO,,78,,2.0
specialRequest,PASTA,PASTA,,RIGATONI TARTUFO,,89,,2.0
specialRequest,PASTA,PASTA,,RIGATONI TARTUFO,,More Creamy,,1.0
menuItem,PASTA,PASTA,,LASAGNA,,,,174.0
modifier,PASTA,PASTA,,LASAGNA,,Gluten Free,,2.0
modifier,PASTA,PASTA,,LASAGNA,,Prosciutto,,2.0
modifier,PASTA,PASTA,,LASAGNA,,Shaved Parmesan,,34.0
modifier,PASTA,PASTA,,LASAGNA,,extra sauce,,2.0
modifier,PASTA,PASTA,,LASAGNA,,Grilled Chicken,,2.0
modifier,PASTA,PASTA,,LASAGNA,,Mozzarella Ball,,1.0
modifier,PASTA,PASTA,,LASAGNA,,Bread,,5.0
modifier,PASTA,PASTA,,LASAGNA,,Ham,,1.0
specialRequest,PASTA,PASTA,,LASAGNA,,58,,1.0
specialRequest,PASTA,PASTA,,LASAGNA,,63,,2.0
specialRequest,PASTA,PASTA,,LASAGNA,,65,,1.0
specialRequest,PASTA,PASTA,,LASAGNA,,67,,4.0
specialRequest,PASTA,PASTA,,LASAGNA,,68,,4.0
specialRequest,PASTA,PASTA,,LASAGNA,,73,,13.0
specialRequest,PASTA,PASTA,,LASAGNA,,74,,3.0
specialRequest,PASTA,PASTA,,LASAGNA,,77,,1.0
specialRequest,PASTA,PASTA,,LASAGNA,,78,,8.0
specialRequest,PASTA,PASTA,,LASAGNA,,83,,4.0
specialRequest,PASTA,PASTA,,LASAGNA,,22,,1.0
specialRequest,PASTA,PASTA,,LASAGNA,,5,,1.0
specialRequest,PASTA,PASTA,,LASAGNA,,51,,1.0
specialRequest,PASTA,PASTA,,LASAGNA,,64,,1.0
specialRequest,PASTA,PASTA,,LASAGNA,,66,,2.0
specialRequest,PASTA,PASTA,,LASAGNA,,69,,8.0
specialRequest,PASTA,PASTA,,LASAGNA,,70,,3.0
specialRequest,PASTA,PASTA,,LASAGNA,,71,,1.0
specialRequest,PASTA,PASTA,,LASAGNA,,76,,4.0
specialRequest,PASTA,PASTA,,LASAGNA,,79,,4.0
specialRequest,PASTA,PASTA,,LASAGNA,,81,,3.0
specialRequest,PASTA,PASTA,,LASAGNA,,89,,5.0
specialRequest,PASTA,PASTA,,LASAGNA,,Bien Cocinada,,1.0
menuItem,PASTA,PASTA,,test item 2,,,,2.0
"",PIZZA,,,,,,,1101.0
"",PIZZA,PIZZA,,,,,,1101.0
menuItem,PIZZA,PIZZA,,MARGHERITA,,,,342.0
modifier,PIZZA,PIZZA,,MARGHERITA,,Gluten-Free Pizza Dough,,5.0
modifier,PIZZA,PIZZA,,MARGHERITA,,Vegan Mozzarella,,1.0
modifier,PIZZA,PIZZA,,MARGHERITA,,Prosciutto,,6.0
modifier,PIZZA,PIZZA,,MARGHERITA,,Spianata Calabrese,,1.0
modifier,PIZZA,PIZZA,,MARGHERITA,,Shaved Parmesan,,2.0
modifier,PIZZA,PIZZA,,MARGHERITA,,Arugula,,1.0
modifier,PIZZA,PIZZA,,MARGHERITA,,Grilled Chicken,,7.0
modifier,PIZZA,PIZZA,,MARGHERITA,,Grilled Vegetable,,1.0
modifier,PIZZA,PIZZA,,MARGHERITA,,Ham,,1.0
modifier,PIZZA,PIZZA,,MARGHERITA,,Shredded Mozzarella,,3.0
modifier,PIZZA,PIZZA,,MARGHERITA,,Mushrooms,,9.0
modifier,PIZZA,PIZZA,,MARGHERITA,,PESTO OIL,,1.0
specialRequest,PIZZA,PIZZA,,MARGHERITA,,2,,16.0
specialRequest,PIZZA,PIZZA,,MARGHERITA,,4,,12.0
specialRequest,PIZZA,PIZZA,,MARGHERITA,,51,,10.0
specialRequest,PIZZA,PIZZA,,MARGHERITA,,71,,2.0
specialRequest,PIZZA,PIZZA,,MARGHERITA,,89,,5.0
specialRequest,PIZZA,PIZZA,,MARGHERITA,,Crocante!,,1.0
specialRequest,PIZZA,PIZZA,,MARGHERITA,,No Queso Solo Salsa De Tomate,,1.0
specialRequest,PIZZA,PIZZA,,MARGHERITA,,Poco Salsa Di Pomodoro!!,,2.0
specialRequest,PIZZA,PIZZA,,MARGHERITA,,Spianata A Metad!,,1.0
specialRequest,PIZZA,PIZZA,,MARGHERITA,,12,,2.0
specialRequest,PIZZA,PIZZA,,MARGHERITA,,134,,1.0
specialRequest,PIZZA,PIZZA,,MARGHERITA,,22,,29.0
specialRequest,PIZZA,PIZZA,,MARGHERITA,,30,,15.0
specialRequest,PIZZA,PIZZA,,MARGHERITA,,5,,12.0
specialRequest,PIZZA,PIZZA,,MARGHERITA,,53,,13.0
specialRequest,PIZZA,PIZZA,,MARGHERITA,,6,,11.0
specialRequest,PIZZA,PIZZA,,MARGHERITA,,60,,20.0
specialRequest,PIZZA,PIZZA,,MARGHERITA,,64,,1.0
specialRequest,PIZZA,PIZZA,,MARGHERITA,,67,,1.0
specialRequest,PIZZA,PIZZA,,MARGHERITA,,68,,3.0
specialRequest,PIZZA,PIZZA,,MARGHERITA,,69,,1.0
specialRequest,PIZZA,PIZZA,,MARGHERITA,,7,,11.0
specialRequest,PIZZA,PIZZA,,MARGHERITA,,70,,1.0
specialRequest,PIZZA,PIZZA,,MARGHERITA,,77,,1.0
specialRequest,PIZZA,PIZZA,,MARGHERITA,,79,,3.0
specialRequest,PIZZA,PIZZA,,MARGHERITA,,8,,5.0
specialRequest,PIZZA,PIZZA,,MARGHERITA,,83,,2.0
specialRequest,PIZZA,PIZZA,,MARGHERITA,,9,,10.0
specialRequest,PIZZA,PIZZA,,MARGHERITA,,Champiniones A Metad!!,,1.0
specialRequest,PIZZA,PIZZA,,MARGHERITA,,Con Poca Salsa,,1.0
specialRequest,PIZZA,PIZZA,,MARGHERITA,,In 8 Pedasos!!,,1.0
specialRequest,PIZZA,PIZZA,,MARGHERITA,,No Basil!!,,2.0
specialRequest,PIZZA,PIZZA,,MARGHERITA,,"No Basil, No Oregano",,1.0
specialRequest,PIZZA,PIZZA,,MARGHERITA,,No Queso So!o Salsa De Tomste,,1.0
specialRequest,PIZZA,PIZZA,,MARGHERITA,,Poco Salsa!!,,1.0
menuItem,PIZZA,PIZZA,,COTTO,,,,106.0
modifier,PIZZA,PIZZA,,COTTO,,Gluten-Free Pizza Dough,,2.0
modifier,PIZZA,PIZZA,,COTTO,,Vegan Mozzarella,,1.0
modifier,PIZZA,PIZZA,,COTTO,,Prosciutto,,1.0
modifier,PIZZA,PIZZA,,COTTO,,Shaved Parmesan,,1.0
modifier,PIZZA,PIZZA,,COTTO,,Arugula,,2.0
modifier,PIZZA,PIZZA,,COTTO,,extra sauce,,1.0
modifier,PIZZA,PIZZA,,COTTO,,Mushrooms,,2.0
modifier,PIZZA,PIZZA,,COTTO,,PESTO OIL,,1.0
specialRequest,PIZZA,PIZZA,,COTTO,,30,,2.0
specialRequest,PIZZA,PIZZA,,COTTO,,4,,2.0
specialRequest,PIZZA,PIZZA,,COTTO,,83,,2.0
specialRequest,PIZZA,PIZZA,,COTTO,,9,,3.0
specialRequest,PIZZA,PIZZA,,COTTO,,12,,1.0
specialRequest,PIZZA,PIZZA,,COTTO,,2,,2.0
specialRequest,PIZZA,PIZZA,,COTTO,,22,,2.0
specialRequest,PIZZA,PIZZA,,COTTO,,5,,5.0
specialRequest,PIZZA,PIZZA,,COTTO,,53,,5.0
specialRequest,PIZZA,PIZZA,,COTTO,,6,,4.0
specialRequest,PIZZA,PIZZA,,COTTO,,60,,2.0
specialRequest,PIZZA,PIZZA,,COTTO,,7,,2.0
specialRequest,PIZZA,PIZZA,,COTTO,,8,,1.0
menuItem,PIZZA,PIZZA,,DIAVOLA,,,,178.0
modifier,PIZZA,PIZZA,,DIAVOLA,,Gluten-Free Pizza Dough,,5.0
modifier,PIZZA,PIZZA,,DIAVOLA,,Vegan Mozzarella,,1.0
modifier,PIZZA,PIZZA,,DIAVOLA,,Prosciutto,,3.0
modifier,PIZZA,PIZZA,,DIAVOLA,,Shaved Parmesan,,3.0
modifier,PIZZA,PIZZA,,DIAVOLA,,Vegan Mozzarella,,1.0
modifier,PIZZA,PIZZA,,DIAVOLA,,Grilled Chicken,,1.0
modifier,PIZZA,PIZZA,,DIAVOLA,,Ham,,2.0
modifier,PIZZA,PIZZA,,DIAVOLA,,BURRATA 50 Gr,,1.0
specialRequest,PIZZA,PIZZA,,DIAVOLA,,132,,1.0
specialRequest,PIZZA,PIZZA,,DIAVOLA,,22,,5.0
specialRequest,PIZZA,PIZZA,,DIAVOLA,,53,,7.0
specialRequest,PIZZA,PIZZA,,DIAVOLA,,76,,3.0
specialRequest,PIZZA,PIZZA,,DIAVOLA,,9,,5.0
specialRequest,PIZZA,PIZZA,,DIAVOLA,,116,,1.0
specialRequest,PIZZA,PIZZA,,DIAVOLA,,12,,1.0
specialRequest,PIZZA,PIZZA,,DIAVOLA,,16,,1.0
specialRequest,PIZZA,PIZZA,,DIAVOLA,,2,,3.0
specialRequest,PIZZA,PIZZA,,DIAVOLA,,30,,16.0
specialRequest,PIZZA,PIZZA,,DIAVOLA,,4,,4.0
specialRequest,PIZZA,PIZZA,,DIAVOLA,,5,,4.0
specialRequest,PIZZA,PIZZA,,DIAVOLA,,51,,9.0
specialRequest,PIZZA,PIZZA,,DIAVOLA,,6,,1.0
specialRequest,PIZZA,PIZZA,,DIAVOLA,,60,,10.0
specialRequest,PIZZA,PIZZA,,DIAVOLA,,66,,1.0
specialRequest,PIZZA,PIZZA,,DIAVOLA,,67,,1.0
specialRequest,PIZZA,PIZZA,,DIAVOLA,,7,,4.0
specialRequest,PIZZA,PIZZA,,DIAVOLA,,70,,2.0
specialRequest,PIZZA,PIZZA,,DIAVOLA,,73,,1.0
specialRequest,PIZZA,PIZZA,,DIAVOLA,,78,,1.0
specialRequest,PIZZA,PIZZA,,DIAVOLA,,81,,2.0
specialRequest,PIZZA,PIZZA,,DIAVOLA,,amaury,,1.0
menuItem,PIZZA,PIZZA,,PRIMAVERA,,,,38.0
modifier,PIZZA,PIZZA,,PRIMAVERA,,Shaved Parmesan,,1.0
modifier,PIZZA,PIZZA,,PRIMAVERA,,Grilled Chicken,,1.0
modifier,PIZZA,PIZZA,,PRIMAVERA,,Bacon,,1.0
modifier,PIZZA,PIZZA,,PRIMAVERA,,Mushrooms,,1.0
modifier,PIZZA,PIZZA,,PRIMAVERA,,BURRATA 50 Gr,,3.0
specialRequest,PIZZA,PIZZA,,PRIMAVERA,,4,,1.0
specialRequest,PIZZA,PIZZA,,PRIMAVERA,,53,,3.0
specialRequest,PIZZA,PIZZA,,PRIMAVERA,,2,,1.0
specialRequest,PIZZA,PIZZA,,PRIMAVERA,,30,,2.0
specialRequest,PIZZA,PIZZA,,PRIMAVERA,,6,,1.0
specialRequest,PIZZA,PIZZA,,PRIMAVERA,,69,,1.0
specialRequest,PIZZA,PIZZA,,PRIMAVERA,,7,,1.0
menuItem,PIZZA,PIZZA,,REGINA,,,,60.0
modifier,PIZZA,PIZZA,,REGINA,,Gluten-Free Pizza Dough,,2.0
modifier,PIZZA,PIZZA,,REGINA,,BURRATA 50 Gr,,1.0
specialRequest,PIZZA,PIZZA,,REGINA,,No Balsamic,,1.0
specialRequest,PIZZA,PIZZA,,REGINA,,22,,5.0
specialRequest,PIZZA,PIZZA,,REGINA,,30,,3.0
specialRequest,PIZZA,PIZZA,,REGINA,,4,,2.0
specialRequest,PIZZA,PIZZA,,REGINA,,51,,2.0
specialRequest,PIZZA,PIZZA,,REGINA,,53,,1.0
specialRequest,PIZZA,PIZZA,,REGINA,,6,,1.0
specialRequest,PIZZA,PIZZA,,REGINA,,60,,2.0
specialRequest,PIZZA,PIZZA,,REGINA,,7,,4.0
specialRequest,PIZZA,PIZZA,,REGINA,,8,,2.0
specialRequest,PIZZA,PIZZA,,REGINA,,89,,1.0
specialRequest,PIZZA,PIZZA,,REGINA,,No Ham,,1.0
menuItem,PIZZA,PIZZA,,MARGHERITA DI BURRATA,,,,146.0
modifier,PIZZA,PIZZA,,MARGHERITA DI BURRATA,,Marinated Chicken,,1.0
modifier,PIZZA,PIZZA,,MARGHERITA DI BURRATA,,Gluten-Free Pizza Dough,,2.0
modifier,PIZZA,PIZZA,,MARGHERITA DI BURRATA,,Prosciutto,,3.0
modifier,PIZZA,PIZZA,,MARGHERITA DI BURRATA,,Arugula,,1.0
modifier,PIZZA,PIZZA,,MARGHERITA DI BURRATA,,extra sauce,,2.0
modifier,PIZZA,PIZZA,,MARGHERITA DI BURRATA,,Grilled Chicken,,1.0
modifier,PIZZA,PIZZA,,MARGHERITA DI BURRATA,,Grilled Vegetable,,1.0
modifier,PIZZA,PIZZA,,MARGHERITA DI BURRATA,,Bread,,1.0
modifier,PIZZA,PIZZA,,MARGHERITA DI BURRATA,,Ham,,1.0
modifier,PIZZA,PIZZA,,MARGHERITA DI BURRATA,,Bacon,,1.0
modifier,PIZZA,PIZZA,,MARGHERITA DI BURRATA,,Shredded Mozzarella,,3.0
modifier,PIZZA,PIZZA,,MARGHERITA DI BURRATA,,Mushrooms,,1.0
modifier,PIZZA,PIZZA,,MARGHERITA DI BURRATA,,PESTO OIL,,1.0
modifier,PIZZA,PIZZA,,MARGHERITA DI BURRATA,,MEATBALLS,,2.0
specialRequest,PIZZA,PIZZA,,MARGHERITA DI BURRATA,,12,,1.0
specialRequest,PIZZA,PIZZA,,MARGHERITA DI BURRATA,,30,,3.0
specialRequest,PIZZA,PIZZA,,MARGHERITA DI BURRATA,,5,,4.0
specialRequest,PIZZA,PIZZA,,MARGHERITA DI BURRATA,,53,,2.0
specialRequest,PIZZA,PIZZA,,MARGHERITA DI BURRATA,,60,,2.0
specialRequest,PIZZA,PIZZA,,MARGHERITA DI BURRATA,,66,,1.0
specialRequest,PIZZA,PIZZA,,MARGHERITA DI BURRATA,,70,,1.0
specialRequest,PIZZA,PIZZA,,MARGHERITA DI BURRATA,,81,,1.0
specialRequest,PIZZA,PIZZA,,MARGHERITA DI BURRATA,,No Pesto!,,1.0
specialRequest,PIZZA,PIZZA,,MARGHERITA DI BURRATA,,2,,6.0
specialRequest,PIZZA,PIZZA,,MARGHERITA DI BURRATA,,22,,4.0
specialRequest,PIZZA,PIZZA,,MARGHERITA DI BURRATA,,4,,4.0
specialRequest,PIZZA,PIZZA,,MARGHERITA DI BURRATA,,51,,5.0
specialRequest,PIZZA,PIZZA,,MARGHERITA DI BURRATA,,6,,1.0
specialRequest,PIZZA,PIZZA,,MARGHERITA DI BURRATA,,78,,2.0
specialRequest,PIZZA,PIZZA,,MARGHERITA DI BURRATA,,83,,1.0
specialRequest,PIZZA,PIZZA,,MARGHERITA DI BURRATA,,9,,1.0
specialRequest,PIZZA,PIZZA,,MARGHERITA DI BURRATA,,No Aceite,,1.0
specialRequest,PIZZA,PIZZA,,MARGHERITA DI BURRATA,,No Tomates!!,,1.0
menuItem,PIZZA,PIZZA,,POSITANO,,,,86.0
menuItem,PIZZA,PIZZA,,TRUFFLE,,,,42.0
modifier,PIZZA,PIZZA,,POSITANO,,Gluten-Free Pizza Dough,,2.0
modifier,PIZZA,PIZZA,,POSITANO,,Prosciutto,,1.0
modifier,PIZZA,PIZZA,,POSITANO,,extra sauce,,1.0
modifier,PIZZA,PIZZA,,POSITANO,,Grilled Chicken,,3.0
modifier,PIZZA,PIZZA,,POSITANO,,Ham,,1.0
specialRequest,PIZZA,PIZZA,,POSITANO,,16,,1.0
specialRequest,PIZZA,PIZZA,,POSITANO,,22,,3.0
specialRequest,PIZZA,PIZZA,,POSITANO,,51,,5.0
specialRequest,PIZZA,PIZZA,,POSITANO,,6,,5.0
specialRequest,PIZZA,PIZZA,,POSITANO,,73,,1.0
specialRequest,PIZZA,PIZZA,,POSITANO,,No Champiniones!,,2.0
specialRequest,PIZZA,PIZZA,,POSITANO,,No Champi?ones,,1.0
specialRequest,PIZZA,PIZZA,,POSITANO,,No Mushrooms!!!,,1.0
specialRequest,PIZZA,PIZZA,,POSITANO,,Parmiggiano In Forno!,,1.0
specialRequest,PIZZA,PIZZA,,POSITANO,,12,,2.0
specialRequest,PIZZA,PIZZA,,POSITANO,,2,,2.0
specialRequest,PIZZA,PIZZA,,POSITANO,,30,,3.0
specialRequest,PIZZA,PIZZA,,POSITANO,,5,,2.0
specialRequest,PIZZA,PIZZA,,POSITANO,,53,,5.0
specialRequest,PIZZA,PIZZA,,POSITANO,,60,,4.0
specialRequest,PIZZA,PIZZA,,POSITANO,,7,,11.0
specialRequest,PIZZA,PIZZA,,POSITANO,,9,,4.0
menuItem,PIZZA,PIZZA,,PROSCIUTTO E BURRATA,,,,102.0
modifier,PIZZA,PIZZA,,PROSCIUTTO E BURRATA,,Arugula,,3.0
modifier,PIZZA,PIZZA,,PROSCIUTTO E BURRATA,,Shredded Mozzarella,,1.0
modifier,PIZZA,PIZZA,,PROSCIUTTO E BURRATA,,PESTO OIL,,2.0
specialRequest,PIZZA,PIZZA,,PROSCIUTTO E BURRATA,,2,,2.0
specialRequest,PIZZA,PIZZA,,PROSCIUTTO E BURRATA,,4,,2.0
specialRequest,PIZZA,PIZZA,,PROSCIUTTO E BURRATA,,53,,7.0
specialRequest,PIZZA,PIZZA,,PROSCIUTTO E BURRATA,,69,,1.0
specialRequest,PIZZA,PIZZA,,PROSCIUTTO E BURRATA,,Mitadbcon Arrugula,,1.0
specialRequest,PIZZA,PIZZA,,PROSCIUTTO E BURRATA,,116,,0.0
specialRequest,PIZZA,PIZZA,,PROSCIUTTO E BURRATA,,12,,1.0
specialRequest,PIZZA,PIZZA,,PROSCIUTTO E BURRATA,,22,,8.0
specialRequest,PIZZA,PIZZA,,PROSCIUTTO E BURRATA,,30,,2.0
specialRequest,PIZZA,PIZZA,,PROSCIUTTO E BURRATA,,5,,2.0
specialRequest,PIZZA,PIZZA,,PROSCIUTTO E BURRATA,,51,,4.0
specialRequest,PIZZA,PIZZA,,PROSCIUTTO E BURRATA,,6,,1.0
specialRequest,PIZZA,PIZZA,,PROSCIUTTO E BURRATA,,60,,3.0
specialRequest,PIZZA,PIZZA,,PROSCIUTTO E BURRATA,,64,,1.0
specialRequest,PIZZA,PIZZA,,PROSCIUTTO E BURRATA,,68,,1.0
specialRequest,PIZZA,PIZZA,,PROSCIUTTO E BURRATA,,7,,7.0
specialRequest,PIZZA,PIZZA,,PROSCIUTTO E BURRATA,,77,,1.0
specialRequest,PIZZA,PIZZA,,PROSCIUTTO E BURRATA,,9,,3.0
specialRequest,PIZZA,PIZZA,,PROSCIUTTO E BURRATA,,Like Pala,,1.0
specialRequest,PIZZA,PIZZA,,PROSCIUTTO E BURRATA,,Marysol,,1.0
menuItem,PIZZA,PIZZA,,test item 3,,,,1.0
"",SALAD,,,,,,,326.0
"",SALAD,SALAD,,,,,,326.0
menuItem,SALAD,SALAD,,CAPRESE,,,,72.0
modifier,SALAD,SALAD,,CAPRESE,,Prosciutto,,2.0
modifier,SALAD,SALAD,,CAPRESE,,Shaved Parmesan,,3.0
modifier,SALAD,SALAD,,CAPRESE,,Marinated Chicken,,5.0
modifier,SALAD,SALAD,,CAPRESE,,Grilled Chicken,,6.0
modifier,SALAD,SALAD,,CAPRESE,,Marinated Salmon,,2.0
modifier,SALAD,SALAD,,CAPRESE,,Stracciatella Cheese,,1.0
modifier,SALAD,SALAD,,CAPRESE,,Boiled Egg,,2.0
modifier,SALAD,SALAD,,CAPRESE,,EXTRA AVOCADO,,1.0
specialRequest,SALAD,SALAD,,CAPRESE,,serge,,1.0
menuItem,SALAD,SALAD,,CAESAR,,,,127.0
modifier,SALAD,SALAD,,CAESAR,,Marinated Chicken,,1.0
modifier,SALAD,SALAD,,CAESAR,,Prosciutto,,2.0
modifier,SALAD,SALAD,,CAESAR,,Shaved Parmesan,,3.0
modifier,SALAD,SALAD,,CAESAR,,Marinated Chicken,,15.0
modifier,SALAD,SALAD,,CAESAR,,Grilled Chicken,,17.0
modifier,SALAD,SALAD,,CAESAR,,Mozzarella Ball,,1.0
modifier,SALAD,SALAD,,CAESAR,,Stracciatella Cheese,,1.0
modifier,SALAD,SALAD,,CAESAR,,Bread,,1.0
modifier,SALAD,SALAD,,CAESAR,,Bacon,,1.0
modifier,SALAD,SALAD,,CAESAR,,Smoked Salmon,,1.0
modifier,SALAD,SALAD,,CAESAR,,PESTO OIL,,1.0
modifier,SALAD,SALAD,,CAESAR,,Boiled Egg,,3.0
modifier,SALAD,SALAD,,CAESAR,,EXTRA AVOCADO,,4.0
specialRequest,SALAD,SALAD,,CAESAR,,No Tomatoes,,1.0
specialRequest,SALAD,SALAD,,CAESAR,,Avocado,,1.0
specialRequest,SALAD,SALAD,,CAESAR,,No Dressing,,1.0
menuItem,SALAD,SALAD,,AMORE VERDE,,,,26.0
modifier,SALAD,SALAD,,AMORE VERDE,,Prosciutto,,1.0
modifier,SALAD,SALAD,,AMORE VERDE,,Shaved Parmesan,,2.0
modifier,SALAD,SALAD,,AMORE VERDE,,Arugula,,1.0
modifier,SALAD,SALAD,,AMORE VERDE,,Marinated Chicken,,3.0
modifier,SALAD,SALAD,,AMORE VERDE,,Grilled Chicken,,4.0
modifier,SALAD,SALAD,,AMORE VERDE,,Marinated Salmon,,1.0
modifier,SALAD,SALAD,,AMORE VERDE,,Grilled Vegetable,,1.0
modifier,SALAD,SALAD,,AMORE VERDE,,Boiled Egg,,3.0
modifier,SALAD,SALAD,,AMORE VERDE,,EXTRA AVOCADO,,1.0
menuItem,SALAD,SALAD,,LA VITA SANA,,,,39.0
modifier,SALAD,SALAD,,LA VITA SANA,,Shaved Parmesan,,1.0
modifier,SALAD,SALAD,,LA VITA SANA,,Marinated Chicken,,6.0
modifier,SALAD,SALAD,,LA VITA SANA,,Grilled Chicken,,1.0
modifier,SALAD,SALAD,,LA VITA SANA,,Marinated Salmon,,4.0
modifier,SALAD,SALAD,,LA VITA SANA,,Mozzarella Ball,,1.0
modifier,SALAD,SALAD,,LA VITA SANA,,Smoked Salmon,,2.0
modifier,SALAD,SALAD,,LA VITA SANA,,PESTO OIL,,1.0
modifier,SALAD,SALAD,,LA VITA SANA,,HONEY AND LEMON VINEGRETTE,,3.0
modifier,SALAD,SALAD,,LA VITA SANA,,EXTRA AVOCADO,,1.0
menuItem,SALAD,SALAD,,MEDITERRANEA,,,,62.0
modifier,SALAD,SALAD,,MEDITERRANEA,,Prosciutto,,2.0
modifier,SALAD,SALAD,,MEDITERRANEA,,Vegan Mozzarella,,1.0
modifier,SALAD,SALAD,,MEDITERRANEA,,Marinated Chicken,,11.0
modifier,SALAD,SALAD,,MEDITERRANEA,,Grilled Chicken,,3.0
modifier,SALAD,SALAD,,MEDITERRANEA,,Marinated Salmon,,1.0
modifier,SALAD,SALAD,,MEDITERRANEA,,Grilled Vegetable,,1.0
modifier,SALAD,SALAD,,MEDITERRANEA,,Stracciatella Cheese,,1.0
modifier,SALAD,SALAD,,MEDITERRANEA,,Bread,,1.0
modifier,SALAD,SALAD,,MEDITERRANEA,,HONEY AND LEMON VINEGRETTE,,2.0
modifier,SALAD,SALAD,,MEDITERRANEA,,Boiled Egg,,2.0
modifier,SALAD,SALAD,,MEDITERRANEA,,EXTRA AVOCADO,,3.0
specialRequest,SALAD,SALAD,,MEDITERRANEA,,No Onions No Eggplant,,1.0
specialRequest,SALAD,SALAD,,MEDITERRANEA,,9,,1.0
specialRequest,SALAD,SALAD,,MEDITERRANEA,,dressing on the side - HEATHER,,1.0
"",PIZZA PALA,,,,,,,1209.0
"",PIZZA PALA,PIZZA PALA,,,,,,1209.0
menuItem,PIZZA PALA,PIZZA PALA,,SLICE ARUG/STRAC PALA,,,,161.0
modifier,PIZZA PALA,PIZZA PALA,,SLICE ARUG/STRAC PALA,,Prosciutto,,1.0
modifier,PIZZA PALA,PIZZA PALA,,SLICE ARUG/STRAC PALA,,Shaved Parmesan,,1.0
modifier,PIZZA PALA,PIZZA PALA,,SLICE ARUG/STRAC PALA,,Grilled Chicken,,1.0
modifier,PIZZA PALA,PIZZA PALA,,SLICE ARUG/STRAC PALA,,Bacon,,1.0
modifier,PIZZA PALA,PIZZA PALA,,SLICE ARUG/STRAC PALA,,Smoked Salmon,,1.0
modifier,PIZZA PALA,PIZZA PALA,,SLICE ARUG/STRAC PALA,,PESTO OIL,,2.0
menuItem,PIZZA PALA,PIZZA PALA,,SLICE HAM PALA,,,,33.0
modifier,PIZZA PALA,PIZZA PALA,,SLICE HAM PALA,,Grilled Chicken,,2.0
menuItem,PIZZA PALA,PIZZA PALA,,SLICE MARGHERITA PALA,,,,284.0
modifier,PIZZA PALA,PIZZA PALA,,SLICE MARGHERITA PALA,,Shaved Parmesan,,1.0
modifier,PIZZA PALA,PIZZA PALA,,SLICE MARGHERITA PALA,,Grilled Chicken,,1.0
modifier,PIZZA PALA,PIZZA PALA,,SLICE MARGHERITA PALA,,Mozzarella Ball,,1.0
modifier,PIZZA PALA,PIZZA PALA,,SLICE MARGHERITA PALA,,Ham,,1.0
modifier,PIZZA PALA,PIZZA PALA,,SLICE MARGHERITA PALA,,Bacon,,2.0
specialRequest,PIZZA PALA,PIZZA PALA,,SLICE MARGHERITA PALA,,67,,0.0
specialRequest,PIZZA PALA,PIZZA PALA,,SLICE MARGHERITA PALA,,Later,,1.0
menuItem,PIZZA PALA,PIZZA PALA,,SLICE PRIMAVERA PALA,,,,58.0
modifier,PIZZA PALA,PIZZA PALA,,SLICE PRIMAVERA PALA,,Grilled Chicken,,1.0
menuItem,PIZZA PALA,PIZZA PALA,,SLICE PROSCIUTTO PALA,,,,174.0
modifier,PIZZA PALA,PIZZA PALA,,SLICE PROSCIUTTO PALA,,Prosciutto,,1.0
modifier,PIZZA PALA,PIZZA PALA,,SLICE PROSCIUTTO PALA,,Spianata Calabrese,,1.0
modifier,PIZZA PALA,PIZZA PALA,,SLICE PROSCIUTTO PALA,,Shaved Parmesan,,1.0
modifier,PIZZA PALA,PIZZA PALA,,SLICE PROSCIUTTO PALA,,Grilled Chicken,,3.0
modifier,PIZZA PALA,PIZZA PALA,,SLICE PROSCIUTTO PALA,,Grilled Vegetable,,1.0
modifier,PIZZA PALA,PIZZA PALA,,SLICE PROSCIUTTO PALA,,Ham,,2.0
menuItem,PIZZA PALA,PIZZA PALA,,SLICE SPIANATA PALA,,,,233.0
modifier,PIZZA PALA,PIZZA PALA,,SLICE SPIANATA PALA,,Prosciutto,,1.0
modifier,PIZZA PALA,PIZZA PALA,,SLICE SPIANATA PALA,,Shaved Parmesan,,1.0
modifier,PIZZA PALA,PIZZA PALA,,SLICE SPIANATA PALA,,Grilled Chicken,,1.0
specialRequest,PIZZA PALA,PIZZA PALA,,SLICE SPIANATA PALA,,65,,1.0
menuItem,PIZZA PALA,PIZZA PALA,,SLICE TRUFFLE PALA,,,,258.0
modifier,PIZZA PALA,PIZZA PALA,,SLICE TRUFFLE PALA,,Prosciutto,,3.0
modifier,PIZZA PALA,PIZZA PALA,,SLICE TRUFFLE PALA,,Shaved Parmesan,,1.0
modifier,PIZZA PALA,PIZZA PALA,,SLICE TRUFFLE PALA,,Arugula,,1.0
modifier,PIZZA PALA,PIZZA PALA,,SLICE TRUFFLE PALA,,Grilled Chicken,,2.0
modifier,PIZZA PALA,PIZZA PALA,,SLICE TRUFFLE PALA,,Bacon,,1.0
modifier,PIZZA PALA,PIZZA PALA,,SLICE TRUFFLE PALA,,Mushrooms,,1.0
modifier,PIZZA PALA,PIZZA PALA,,SLICE TRUFFLE PALA,,PESTO OIL,,1.0
menuItem,PIZZA PALA,PIZZA PALA,,FULL TRUFFLE PALA,,,,1.0
menuItem,PIZZA PALA,PIZZA PALA,,FULL PROSCIUTTO PALA,,,,2.0
menuItem,PIZZA PALA,PIZZA PALA,,FULL MARGHERITA PALA,,,,2.0
menuItem,PIZZA PALA,PIZZA PALA,,FULL ARUG/STRAC PALA,,,,1.0
specialRequest,PIZZA PALA,PIZZA PALA,,FULL ARUG/STRAC PALA,,51,,1.0
menuItem,PIZZA PALA,PIZZA PALA,,FULL HAM PALA,,,,1.0
menuItem,PIZZA PALA,PIZZA PALA,,test item,,,,1.0
"",PANINI,,,,,,,415.0
"",PANINI,PANINI,,,,,,415.0
menuItem,PANINI,PANINI,,Focaccia Caprese,,,,74.0
modifier,PANINI,PANINI,,Focaccia Caprese,,Marinated Chicken,,1.0
modifier,PANINI,PANINI,,Focaccia Caprese,,Prosciutto,,3.0
modifier,PANINI,PANINI,,Focaccia Caprese,,Bacon,,2.0
modifier,PANINI,PANINI,,Focaccia Caprese,,PESTO OIL,,1.0
menuItem,PANINI,PANINI,,Focaccia Mortadella & Stracciatella,,,,100.0
modifier,PANINI,PANINI,,Focaccia Mortadella & Stracciatella,,Prosciutto,,2.0
modifier,PANINI,PANINI,,Focaccia Mortadella & Stracciatella,,Sliced Tomatoes,,2.0
modifier,PANINI,PANINI,,Focaccia Mortadella & Stracciatella,,Grilled Vegetable,,1.0
modifier,PANINI,PANINI,,Focaccia Mortadella & Stracciatella,,Mushrooms,,1.0
menuItem,PANINI,PANINI,,Focaccia Crudo,,,,104.0
modifier,PANINI,PANINI,,Focaccia Crudo,,Prosciutto,,2.0
modifier,PANINI,PANINI,,Focaccia Crudo,,Sliced Tomatoes,,1.0
modifier,PANINI,PANINI,,Focaccia Crudo,,PESTO OIL,,1.0
modifier,PANINI,PANINI,,Focaccia Crudo,,Boiled Egg,,1.0
modifier,PANINI,PANINI,,Focaccia Crudo,,BURRATA 50 Gr,,1.0
menuItem,PANINI,PANINI,,Panino Ham,,,,26.0
modifier,PANINI,PANINI,,Panino Ham,,Sliced Tomatoes,,2.0
modifier,PANINI,PANINI,,Panino Ham,,Bacon,,1.0
menuItem,PANINI,PANINI,,Panino Egg & Bacon,,,,33.0
modifier,PANINI,PANINI,,Panino Egg & Bacon,,Sliced Tomatoes,,1.0
modifier,PANINI,PANINI,,Panino Egg & Bacon,,Arugula,,1.0
menuItem,PANINI,PANINI,,Panino Turkey & Egg,,,,48.0
modifier,PANINI,PANINI,,Panino Turkey & Egg,,Shaved Parmesan,,1.0
menuItem,PANINI,PANINI,,Portafoglio Caprese,,,,1.0
menuItem,PANINI,PANINI,,Portafoglio Ham,,,,5.0
menuItem,PANINI,PANINI,,Portafoglio Crudo,,,,17.0
modifier,PANINI,PANINI,,Portafoglio Crudo,,PESTO OIL,,1.0
menuItem,PANINI,PANINI,,Portafoglio Mortadella,,,,7.0
"",BAKERY,,,,,,,497.0
"",BAKERY,BAKERY,,,,,,497.0
menuItem,BAKERY,BAKERY,,Croissant Plain,,,,115.0
menuItem,BAKERY,BAKERY,,Nutella Croissant,,,,70.0
specialRequest,BAKERY,BAKERY,,Nutella Croissant,,77,,1.0
menuItem,BAKERY,BAKERY,,Cream Croissant,,,,14.0
menuItem,BAKERY,BAKERY,,Pistacchio Croissant,,,,39.0
menuItem,BAKERY,BAKERY,,Almond Croissant,,,,47.0
menuItem,BAKERY,BAKERY,,Fruit Croissant,,,,1.0
menuItem,BAKERY,BAKERY,,fruit Croissant,,,,7.0
menuItem,BAKERY,BAKERY,,Raspberry Croissant,,,,19.0
menuItem,BAKERY,BAKERY,,Salty Croissant Ham & Cheese,,,,54.0
modifier,BAKERY,BAKERY,,Salty Croissant Ham & Cheese,,Extra egg,,2.0
menuItem,BAKERY,BAKERY,,Salty Croissant Egg & Bacon,,,,26.0
menuItem,BAKERY,BAKERY,,Bombolone Nutella,,,,17.0
menuItem,BAKERY,BAKERY,,Bombolone Crema,,,,7.0
menuItem,BAKERY,BAKERY,,Bombolone Pistacchio,,,,11.0
menuItem,BAKERY,BAKERY,,Bombolone Raspberry,,,,9.0
menuItem,BAKERY,BAKERY,,Biscotti,,,,42.0
menuItem,BAKERY,BAKERY,,SFOGLIATELLA SMALL,,,,4.0
menuItem,BAKERY,BAKERY,,"small cannoli ",,,,12.0
menuItem,BAKERY,BAKERY,,CHOCOLATE CAKE,,,,3.0
"",DESSERT,,,,,,,608.0
"",DESSERT,DESSERT,,,,,,608.0
menuItem,DESSERT,DESSERT,,TIRAMIS? COFFEE,,,,140.0
menuItem,DESSERT,DESSERT,,TIRAMIS? NUTELLA,,,,62.0
menuItem,DESSERT,DESSERT,,CANNOLO PISTACCHIO,,,,96.0
menuItem,DESSERT,DESSERT,,CANNOLO CHOCOLATE,,,,94.0
menuItem,DESSERT,DESSERT,,CANNOLO ARANCIA,,,,35.0
menuItem,DESSERT,DESSERT,,CROSTATA SEASONAL FRUIT,,,,25.0
menuItem,DESSERT,DESSERT,,GELATO,,,,40.0
menuItem,DESSERT,DESSERT,,Fruit Cup,,,,23.0
menuItem,DESSERT,DESSERT,,TIRAMIS? PISTACCHIO,,,,93.0
"",BEVERAGE,,,,,,,7780.0
"",BEVERAGE,JUICE,,,,,,692.0
menuItem,BEVERAGE,JUICE,,ACE,,,JUICE,51.0
modifier,BEVERAGE,JUICE,,ACE,,16 OZ,,2.0
modifier,BEVERAGE,JUICE,,ACE,,EXTRA GINGER,,1.0
menuItem,BEVERAGE,JUICE,,ORANGE JUICE,,,JUICE,433.0
modifier,BEVERAGE,JUICE,,ORANGE JUICE,,16 OZ,,74.0
modifier,BEVERAGE,JUICE,,ORANGE JUICE,,EXTRA STRAWBERRY,,2.0
modifier,BEVERAGE,JUICE,,ORANGE JUICE,,EXTRA KALE,,1.0
modifier,BEVERAGE,JUICE,,ORANGE JUICE,,EXTRA AVOCADO,,1.0
modifier,BEVERAGE,JUICE,,ORANGE JUICE,,EXTRA PROTEIN,,0.0
specialRequest,BEVERAGE,JUICE,,ORANGE JUICE,,Carrot Ginger,,1.0
menuItem,BEVERAGE,JUICE,,PEACEFUL,,,JUICE,45.0
modifier,BEVERAGE,JUICE,,PEACEFUL,,16 OZ,,2.0
menuItem,BEVERAGE,JUICE,,LOVE,,,JUICE,30.0
menuItem,BEVERAGE,JUICE,,DETOX,,,JUICE,50.0
modifier,BEVERAGE,JUICE,,DETOX,,16 OZ,,1.0
menuItem,BEVERAGE,JUICE,,KISS,,,JUICE,21.0
menuItem,BEVERAGE,JUICE,,SUNSET,,,JUICE,52.0
modifier,BEVERAGE,JUICE,,SUNSET,,16 OZ,,9.0
menuItem,BEVERAGE,JUICE,,POWER PUNCH,,,JUICE,10.0
modifier,BEVERAGE,JUICE,,POWER PUNCH,,16 OZ,,1.0
"",BEVERAGE,COFFEE,,,,,,1704.0
menuItem,BEVERAGE,COFFEE,,SINGLE ESPRESSO,,,COFFEE,272.0
modifier,BEVERAGE,COFFEE,,SINGLE ESPRESSO,,To Go Iced,,1.0
modifier,BEVERAGE,COFFEE,,SINGLE ESPRESSO,,Whole Milk,,2.0
menuItem,BEVERAGE,COFFEE,,DOUBLE ESPRESSO,,,COFFEE,89.0
modifier,BEVERAGE,COFFEE,,DOUBLE ESPRESSO,,Almond Milk,,1.0
modifier,BEVERAGE,COFFEE,,DOUBLE ESPRESSO,,Oat Milk,,1.0
modifier,BEVERAGE,COFFEE,,DOUBLE ESPRESSO,,To Go Iced,,1.0
modifier,BEVERAGE,COFFEE,,DOUBLE ESPRESSO,,Whole Milk,,2.0
modifier,BEVERAGE,COFFEE,,DOUBLE ESPRESSO,,16 OZ,,1.0
menuItem,BEVERAGE,COFFEE,,MACCHIATO,,,COFFEE,64.0
modifier,BEVERAGE,COFFEE,,MACCHIATO,,Oat Milk,,3.0
modifier,BEVERAGE,COFFEE,,MACCHIATO,,To Go Iced,,2.0
modifier,BEVERAGE,COFFEE,,MACCHIATO,,Whole Milk,,4.0
modifier,BEVERAGE,COFFEE,,MACCHIATO,,16 OZ,,2.0
menuItem,BEVERAGE,COFFEE,,DOUBLE MACCHIATO,,,COFFEE,11.0
modifier,BEVERAGE,COFFEE,,DOUBLE MACCHIATO,,Oat Milk,,1.0
modifier,BEVERAGE,COFFEE,,DOUBLE MACCHIATO,,To Go Iced,,1.0
modifier,BEVERAGE,COFFEE,,DOUBLE MACCHIATO,,Whole Milk,,1.0
modifier,BEVERAGE,COFFEE,,DOUBLE MACCHIATO,,16 OZ,,1.0
menuItem,BEVERAGE,COFFEE,,CAFFE' LATTE,,,COFFEE,279.0
modifier,BEVERAGE,COFFEE,,CAFFE' LATTE,,Almond Milk,,18.0
modifier,BEVERAGE,COFFEE,,CAFFE' LATTE,,Oat Milk,,49.0
modifier,BEVERAGE,COFFEE,,CAFFE' LATTE,,To Go Iced,,52.0
modifier,BEVERAGE,COFFEE,,CAFFE' LATTE,,Whole Milk,,27.0
modifier,BEVERAGE,COFFEE,,CAFFE' LATTE,,16 OZ,,21.0
specialRequest,BEVERAGE,COFFEE,,CAFFE' LATTE,,O Go,,1.0
specialRequest,BEVERAGE,COFFEE,,CAFFE' LATTE,,Ice,,3.0
menuItem,BEVERAGE,COFFEE,,CAPPUCCINO,,,COFFEE,448.0
modifier,BEVERAGE,COFFEE,,CAPPUCCINO,,Almond Milk,,11.0
modifier,BEVERAGE,COFFEE,,CAPPUCCINO,,Oat Milk,,27.0
modifier,BEVERAGE,COFFEE,,CAPPUCCINO,,To Go Iced,,5.0
modifier,BEVERAGE,COFFEE,,CAPPUCCINO,,Whole Milk,,55.0
modifier,BEVERAGE,COFFEE,,CAPPUCCINO,,16 OZ,,24.0
specialRequest,BEVERAGE,COFFEE,,CAPPUCCINO,,To Go,,1.0
menuItem,BEVERAGE,COFFEE,,AMERICANO,,,COFFEE,150.0
modifier,BEVERAGE,COFFEE,,AMERICANO,,Almond Milk,,4.0
modifier,BEVERAGE,COFFEE,,AMERICANO,,Oat Milk,,3.0
modifier,BEVERAGE,COFFEE,,AMERICANO,,To Go Iced,,17.0
modifier,BEVERAGE,COFFEE,,AMERICANO,,Whole Milk,,17.0
modifier,BEVERAGE,COFFEE,,AMERICANO,,16 OZ,,5.0
specialRequest,BEVERAGE,COFFEE,,AMERICANO,,Ice,,1.0
menuItem,BEVERAGE,COFFEE,,AMERICANO PROMO,,,COFFEE,246.0
modifier,BEVERAGE,COFFEE,,AMERICANO PROMO,,Almond Milk,,4.0
modifier,BEVERAGE,COFFEE,,AMERICANO PROMO,,Oat Milk,,6.0
modifier,BEVERAGE,COFFEE,,AMERICANO PROMO,,To Go Iced,,15.0
modifier,BEVERAGE,COFFEE,,AMERICANO PROMO,,Whole Milk,,28.0
modifier,BEVERAGE,COFFEE,,AMERICANO PROMO,,16 OZ,,13.0
menuItem,BEVERAGE,COFFEE,,MATCHA LATTE,,,COFFEE,27.0
modifier,BEVERAGE,COFFEE,,MATCHA LATTE,,Almond Milk,,4.0
modifier,BEVERAGE,COFFEE,,MATCHA LATTE,,Oat Milk,,4.0
modifier,BEVERAGE,COFFEE,,MATCHA LATTE,,To Go Iced,,7.0
modifier,BEVERAGE,COFFEE,,MATCHA LATTE,,Whole Milk,,3.0
modifier,BEVERAGE,COFFEE,,MATCHA LATTE,,16 OZ,,1.0
menuItem,BEVERAGE,COFFEE,,HOT TEA,,,COFFEE,65.0
modifier,BEVERAGE,COFFEE,,HOT TEA,,Almond Milk,,1.0
modifier,BEVERAGE,COFFEE,,HOT TEA,,To Go Iced,,1.0
modifier,BEVERAGE,COFFEE,,HOT TEA,,Whole Milk,,6.0
modifier,BEVERAGE,COFFEE,,HOT TEA,,16 OZ,,7.0
menuItem,BEVERAGE,COFFEE,,HOT CHOCOLATE,,,COFFEE,22.0
modifier,BEVERAGE,COFFEE,,HOT CHOCOLATE,,Almond Milk,,2.0
modifier,BEVERAGE,COFFEE,,HOT CHOCOLATE,,Oat Milk,,1.0
modifier,BEVERAGE,COFFEE,,HOT CHOCOLATE,,Whole Milk,,3.0
menuItem,BEVERAGE,COFFEE,,MILK,,,COFFEE,8.0
modifier,BEVERAGE,COFFEE,,MILK,,To Go Iced,,1.0
modifier,BEVERAGE,COFFEE,,MILK,,Whole Milk,,1.0
menuItem,BEVERAGE,COFFEE,,EXTRA SHOT,,,COFFEE,23.0
modifier,BEVERAGE,COFFEE,,EXTRA SHOT,,Oat Milk,,1.0
"",BEVERAGE,WINE,,,,,,573.0
"",BEVERAGE,WINE,Wines by the Glass,,,,,543.0
menuItem,BEVERAGE,WINE,Wines by the Glass,GLS PROSECCO Valdo,,,WINE,36.0
menuItem,BEVERAGE,WINE,Wines by the Glass,GLS PROSECCO Superior Valdo,,,WINE,4.0
menuItem,BEVERAGE,WINE,Wines by the Glass,GLS PROSECCO ROSE La Gioiosa,,,WINE,31.0
menuItem,BEVERAGE,WINE,Wines by the Glass,GLS MOSCATO Pico Maccario,,,WINE,17.0
menuItem,BEVERAGE,WINE,Wines by the Glass,GLS PINOT GRIGIO Bennati,,,WINE,27.0
menuItem,BEVERAGE,WINE,Wines by the Glass,GLS PINOT GRIGIO Canaletto,,,WINE,43.0
menuItem,BEVERAGE,WINE,Wines by the Glass,GLS CHARDONNAY La Vis,,,WINE,51.0
menuItem,BEVERAGE,WINE,Wines by the Glass,GLS SAUVIGNON BLANC St Pauls,,,WINE,41.0
menuItem,BEVERAGE,WINE,Wines by the Glass,GLS GAVI DI GAVI Villa Sparina,,,WINE,3.0
menuItem,BEVERAGE,WINE,Wines by the Glass,GLS ROSE San Marzano,,,WINE,19.0
menuItem,BEVERAGE,WINE,Wines by the Glass,GLS CABERNET SAUVIGNON La Vis,,,WINE,45.0
menuItem,BEVERAGE,WINE,Wines by the Glass,"GLS PINOT NOIR, La Vis",,,WINE,48.0
menuItem,BEVERAGE,WINE,Wines by the Glass,GLS CHIANTI Cafaggio,,,WINE,35.0
menuItem,BEVERAGE,WINE,Wines by the Glass,GLS BARBERA del Monferrato,,,WINE,10.0
menuItem,BEVERAGE,WINE,Wines by the Glass,$5 HH GL Wine,,,WINE,132.0
specialRequest,BEVERAGE,WINE,Wines by the Glass,$5 HH GL Wine,,Chardonnay,,1.0
specialRequest,BEVERAGE,WINE,Wines by the Glass,$5 HH GL Wine,,Moscato,,1.0
specialRequest,BEVERAGE,WINE,Wines by the Glass,$5 HH GL Wine,,Pg,,2.0
specialRequest,BEVERAGE,WINE,Wines by the Glass,$5 HH GL Wine,,Pinit Grigio,,1.0
specialRequest,BEVERAGE,WINE,Wines by the Glass,$5 HH GL Wine,,Pinot,,1.0
specialRequest,BEVERAGE,WINE,Wines by the Glass,$5 HH GL Wine,,Rose,,1.0
menuItem,BEVERAGE,WINE,Wines by the Glass,$6 Promo GL Wine,,,WINE,1.0
"",BEVERAGE,WINE,Wines by the Bottle,,,,,30.0
menuItem,BEVERAGE,WINE,Wines by the Bottle,BTL PROSECCO Valdo,,,WINE,3.0
menuItem,BEVERAGE,WINE,Wines by the Bottle,BTL PROSECCO Superior Valdo,,,WINE,2.0
menuItem,BEVERAGE,WINE,Wines by the Bottle,BTL PROSECCO ROSE La Gioiosa,,,WINE,3.0
menuItem,BEVERAGE,WINE,Wines by the Bottle,BTL MOSCATO Pico Maccario,,,WINE,1.0
menuItem,BEVERAGE,WINE,Wines by the Bottle,BTL PINOT GRIGIO Canaletto,,,WINE,7.0
menuItem,BEVERAGE,WINE,Wines by the Bottle,BTL CHARDONNAY La Vis,,,WINE,1.0
menuItem,BEVERAGE,WINE,Wines by the Bottle,BTL SAUVIGNON BLANC St Pauls,,,WINE,4.0
menuItem,BEVERAGE,WINE,Wines by the Bottle,BTL GAVI DI GAVI Villa Sparina,,,WINE,1.0
menuItem,BEVERAGE,WINE,Wines by the Bottle,BTL ROSE San Marzano,,,WINE,2.0
menuItem,BEVERAGE,WINE,Wines by the Bottle,BTL CABERNET SAUVIGNON La Vis,,,WINE,1.0
menuItem,BEVERAGE,WINE,Wines by the Bottle,BTL PINOT NOIR La Vis,,,WINE,1.0
menuItem,BEVERAGE,WINE,Wines by the Bottle,BTL CHIANTI Cafaggio,,,WINE,4.0
"",BEVERAGE,BEER,,,,,,617.0
menuItem,BEVERAGE,BEER,,HH Beer,,,BEER,49.0
specialRequest,BEVERAGE,BEER,,HH Beer,,Peroni,,1.0
menuItem,BEVERAGE,BEER,,Beer Bucket,,,BEER,2.0
menuItem,BEVERAGE,BEER,,Peroni,,,BEER,442.0
menuItem,BEVERAGE,BEER,,Moretti,,,BEER,124.0
"",BEVERAGE,DRINKS - COCKTAILS,,,,,,521.0
menuItem,BEVERAGE,DRINKS - COCKTAILS,,$5 Promo Spritz,,,DRINKS - COCKTAILS,110.0
specialRequest,BEVERAGE,DRINKS - COCKTAILS,,$5 Promo Spritz,,Campari,,3.0
specialRequest,BEVERAGE,DRINKS - COCKTAILS,,$5 Promo Spritz,,H,,1.0
specialRequest,BEVERAGE,DRINKS - COCKTAILS,,$5 Promo Spritz,,Hugospri,,1.0
specialRequest,BEVERAGE,DRINKS - COCKTAILS,,$5 Promo Spritz,,A,,1.0
specialRequest,BEVERAGE,DRINKS - COCKTAILS,,$5 Promo Spritz,,Amalfi,,2.0
specialRequest,BEVERAGE,DRINKS - COCKTAILS,,$5 Promo Spritz,,Ap,,2.0
specialRequest,BEVERAGE,DRINKS - COCKTAILS,,$5 Promo Spritz,,Aperol,,6.0
specialRequest,BEVERAGE,DRINKS - COCKTAILS,,$5 Promo Spritz,,Hugo,,2.0
menuItem,BEVERAGE,DRINKS - COCKTAILS,,$10 HH Cocktail,,,DRINKS - COCKTAILS,7.0
menuItem,BEVERAGE,DRINKS - COCKTAILS,,Aperol Spritz,,,DRINKS - COCKTAILS,191.0
menuItem,BEVERAGE,DRINKS - COCKTAILS,,Campari Spritz,,,DRINKS - COCKTAILS,36.0
menuItem,BEVERAGE,DRINKS - COCKTAILS,,Amalfi Spritz,,,DRINKS - COCKTAILS,51.0
menuItem,BEVERAGE,DRINKS - COCKTAILS,,Hugo Spritz,,,DRINKS - COCKTAILS,93.0
menuItem,BEVERAGE,DRINKS - COCKTAILS,,IT Spritz,,,DRINKS - COCKTAILS,10.0
menuItem,BEVERAGE,DRINKS - COCKTAILS,,Limoncello Shot,,,DRINKS - COCKTAILS,7.0
menuItem,BEVERAGE,DRINKS - COCKTAILS,,Mimosa,,,DRINKS - COCKTAILS,16.0
"",BEVERAGE,DRINK,,,,,,3673.0
menuItem,BEVERAGE,DRINK,,MOLECOLA,,,DRINK,628.0
menuItem,BEVERAGE,DRINK,,MOLECOLA SUGAR FREE,,,DRINK,414.0
menuItem,BEVERAGE,DRINK,,LIMONATA,,,DRINK,343.0
menuItem,BEVERAGE,DRINK,,ARANCIATA,,,DRINK,105.0
menuItem,BEVERAGE,DRINK,,ARANCIATA ROSSA,,,DRINK,139.0
menuItem,BEVERAGE,DRINK,,THE LIMONE,,,DRINK,70.0
menuItem,BEVERAGE,DRINK,,THE PESCA,,,DRINK,116.0
menuItem,BEVERAGE,DRINK,,STILL WATER SMALL,,,DRINK,1334.0
specialRequest,BEVERAGE,DRINK,,STILL WATER SMALL,,Olivier,,1.0
menuItem,BEVERAGE,DRINK,,SPARKLING WATER SMALL,,,DRINK,524.0
"",BACI,,,,,,,279.0
"",BACI,BACI,,,,,,279.0
menuItem,BACI,BACI,,BACI SPICY CLUB,,,,10.0
menuItem,BACI,BACI,,SPICY CLUB,,,,25.0
menuItem,BACI,BACI,,CESAR CLUB,,,,40.0
specialRequest,BACI,BACI,,CESAR CLUB,,64,,1.0
menuItem,BACI,BACI,,PROSCIUTTO CLUB,,,,49.0
menuItem,BACI,BACI,,DELLA MAMMA,,,,7.0
menuItem,BACI,BACI,,CAPRI CLUB,,,,33.0
menuItem,BACI,BACI,,MORTADELLA CLUB,,,,66.0
menuItem,BACI,BACI,,TURKEY CLUB,,,,3.0
menuItem,BACI,BACI,,BACI COTTO CLUB,,,,13.0
menuItem,BACI,BACI,,COTTO CLUB,,,,33.0
"",,,,,,,,68.0
"",,,,,,,,68.0
menuItem,,,,BISCOTTI,,,,13.0
menuItem,,,,MINI CANNOLI PISTACCHIO,,,,2.0
menuItem,,,,ARAGOSTINE LIMONE,,,,3.0
menuItem,,,,ARAGOSTINE GIANDUJA,,,,6.0
menuItem,,,,BOCCONCINI LIMONE,,,,7.0
menuItem,,,,BOCCONCINI AMARETTO,,,,4.0
menuItem,,,,BOCCONCINI CACAO,,,,9.0
menuItem,,,,MINI CANNOLI LIMONE,,,,7.0
menuItem,,,,MINI CANNOLI GIANDUJA,,,,4.0
menuItem,,,,BOCCONCINI PISTACCHIO,,,,8.0
menuItem,,,,ARAGOSTINE PISTACCHIO,,,,5.0
"",Open items,,,,,,,0.0
"",Open items,CATERING,,,,,,0.0
openItem,Open items,CATERING,,Fee Delivery,,,,1.0
